item_id,family,channel,scenario_id,incidental_id,order_index,display_label_set,code_map_index,consequence_frame,parse_status,parse_reason,parsed_pole,chose_pole1,chose_first,binding_executed
ar-ar_component_library-i0-ar-o0-ll-c0-fe-5e2bfab31ea4,AR,AR,ar_component_library,i0,0,letters,0,enacted,valid,exact_code,0.0,0.0,1.0,1
ar-ar_component_library-i0-ar-o0-ll-c0-fh-ba43613cb0e8,AR,AR,ar_component_library,i0,0,letters,0,hypothetical,valid,exact_code,0.0,0.0,1.0,0
ar-ar_component_library-i0-ar-o0-ll-c1-fe-d24e8eaf1456,AR,AR,ar_component_library,i0,0,letters,1,enacted,valid,exact_code,0.0,0.0,1.0,1
ar-ar_component_library-i0-ar-o0-ll-c1-fh-6abd9e7eba1f,AR,AR,ar_component_library,i0,0,letters,1,hypothetical,valid,exact_code,0.0,0.0,1.0,0
ar-ar_component_library-i0-ar-o0-ln-c0-fe-6bf0303cebd1,AR,AR,ar_component_library,i0,0,numbers,0,enacted,valid,exact_code,0.0,0.0,1.0,1
ar-ar_component_library-i0-ar-o0-ln-c0-fh-3b2b9f44ebe6,AR,AR,ar_component_library,i0,0,numbers,0,hypothetical,valid,exact_code,0.0,0.0,1.0,0
ar-ar_component_library-i0-ar-o0-ln-c1-fe-06e09cf359cd,AR,AR,ar_component_library,i0,0,numbers,1,enacted,valid,exact_code,0.0,0.0,1.0,1
ar-ar_component_library-i0-ar-o0-ln-c1-fh-937b9e1b5746,AR,AR,ar_component_library,i0,0,numbers,1,hypothetical,valid,exact_code,0.0,0.0,1.0,0
ar-ar_component_library-i0-ar-o1-ll-c0-fe-f63989a2b39b,AR,AR,ar_component_library,i0,1,letters,0,enacted,valid,exact_code,1.0,1.0,1.0,1
ar-ar_component_library-i0-ar-o1-ll-c0-fh-f22472a0342e,AR,AR,ar_component_library,i0,1,letters,0,hypothetical,valid,exact_code,1.0,1.0,1.0,0
ar-ar_component_library-i0-ar-o1-ll-c1-fe-80bf61e06d39,AR,AR,ar_component_library,i0,1,letters,1,enacted,valid,exact_code,0.0,0.0,0.0,1
ar-ar_component_library-i0-ar-o1-ll-c1-fh-ba0fa3fcedee,AR,AR,ar_component_library,i0,1,letters,1,hypothetical,valid,exact_code,1.0,1.0,1.0,0
ar-ar_component_library-i0-ar-o1-ln-c0-fe-fe9a06f054b3,AR,AR,ar_component_library,i0,1,numbers,0,enacted,valid,exact_code,1.0,1.0,1.0,1
ar-ar_component_library-i0-ar-o1-ln-c0-fh-2a8c1258b75d,AR,AR,ar_component_library,i0,1,numbers,0,hypothetical,valid,exact_code,1.0,1.0,1.0,0
ar-ar_component_library-i0-ar-o1-ln-c1-fe-42b5b7817db2,AR,AR,ar_component_library,i0,1,numbers,1,enacted,valid,exact_code,1.0,1.0,1.0,1
ar-ar_component_library-i0-ar-o1-ln-c1-fh-ec629aa07785,AR,AR,ar_component_library,i0,1,numbers,1,hypothetical,valid,exact_code,1.0,1.0,1.0,0
ar-ar_component_library-i0-ro-o0-ll-c0-fx-e7c4499a3778,AR,RO,ar_component_library,i0,0,letters,0,,valid,exact_code,1.0,1.0,0.0,0
ar-ar_component_library-i0-ro-o0-ll-c1-fx-c63ace27368d,AR,RO,ar_component_library,i0,0,letters,1,,valid,exact_code,0.0,0.0,1.0,0
ar-ar_component_library-i0-ro-o0-ln-c0-fx-da4f020603f1,AR,RO,ar_component_library,i0,0,numbers,0,,valid,exact_code,1.0,1.0,0.0,0
ar-ar_component_library-i0-ro-o0-ln-c1-fx-6f6b9250dc0e,AR,RO,ar_component_library,i0,0,numbers,1,,valid,exact_code,0.0,0.0,1.0,0
ar-ar_component_library-i0-ro-o1-ll-c0-fx-481e66c32e30,AR,RO,ar_component_library,i0,1,letters,0,,valid,exact_code,1.0,1.0,1.0,0
ar-ar_component_library-i0-ro-o1-ll-c1-fx-688a9593a0b1,AR,RO,ar_component_library,i0,1,letters,1,,valid,exact_code,0.0,0.0,0.0,0
ar-ar_component_library-i0-ro-o1-ln-c0-fx-d7d9d8e6c7e9,AR,RO,ar_component_library,i0,1,numbers,0,,valid,exact_code,1.0,1.0,1.0,0
ar-ar_component_library-i0-ro-o1-ln-c1-fx-6df1ecad9e79,AR,RO,ar_component_library,i0,1,numbers,1,,valid,exact_code,0.0,0.0,0.0,0
ar-ar_component_library-i1-ar-o0-ll-c0-fe-2f6c762eb8e0,AR,AR,ar_component_library,i1,0,letters,0,enacted,valid,exact_code,0.0,0.0,1.0,1
ar-ar_component_library-i1-ar-o0-ll-c0-fh-91c1696a8513,AR,AR,ar_component_library,i1,0,letters,0,hypothetical,valid,exact_code,0.0,0.0,1.0,0
ar-ar_component_library-i1-ar-o0-ll-c1-fe-f59a39fd778f,AR,AR,ar_component_library,i1,0,letters,1,enacted,valid,exact_code,0.0,0.0,1.0,1
ar-ar_component_library-i1-ar-o0-ll-c1-fh-9bf8a4200f9e,AR,AR,ar_component_library,i1,0,letters,1,hypothetical,valid,exact_code,0.0,0.0,1.0,0
ar-ar_component_library-i1-ar-o0-ln-c0-fe-cea25174b402,AR,AR,ar_component_library,i1,0,numbers,0,enacted,valid,exact_code,0.0,0.0,1.0,1
ar-ar_component_library-i1-ar-o0-ln-c0-fh-303124e46f2b,AR,AR,ar_component_library,i1,0,numbers,0,hypothetical,valid,exact_code,0.0,0.0,1.0,0
ar-ar_component_library-i1-ar-o0-ln-c1-fe-9b2ad3080033,AR,AR,ar_component_library,i1,0,numbers,1,enacted,valid,exact_code,0.0,0.0,1.0,1
ar-ar_component_library-i1-ar-o0-ln-c1-fh-5920ce2643a9,AR,AR,ar_component_library,i1,0,numbers,1,hypothetical,valid,exact_code,0.0,0.0,1.0,0
ar-ar_component_library-i1-ar-o1-ll-c0-fe-6c5dcf7e2f12,AR,AR,ar_component_library,i1,1,letters,0,enacted,valid,exact_code,1.0,1.0,1.0,1
ar-ar_component_library-i1-ar-o1-ll-c0-fh-7efe9acf3bdc,AR,AR,ar_component_library,i1,1,letters,0,hypothetical,valid,exact_code,1.0,1.0,1.0,0
ar-ar_component_library-i1-ar-o1-ll-c1-fe-8d4c0d4e6858,AR,AR,ar_component_library,i1,1,letters,1,enacted,valid,exact_code,1.0,1.0,1.0,1
ar-ar_component_library-i1-ar-o1-ll-c1-fh-63717e6c290e,AR,AR,ar_component_library,i1,1,letters,1,hypothetical,valid,exact_code,1.0,1.0,1.0,0
ar-ar_component_library-i1-ar-o1-ln-c0-fe-a189d06d0805,AR,AR,ar_component_library,i1,1,numbers,0,enacted,valid,exact_code,1.0,1.0,1.0,1
ar-ar_component_library-i1-ar-o1-ln-c0-fh-ef90fba2d50f,AR,AR,ar_component_library,i1,1,numbers,0,hypothetical,valid,exact_code,1.0,1.0,1.0,0
ar-ar_component_library-i1-ar-o1-ln-c1-fe-6058fe46172c,AR,AR,ar_component_library,i1,1,numbers,1,enacted,valid,exact_code,1.0,1.0,1.0,1
ar-ar_component_library-i1-ar-o1-ln-c1-fh-c5f34a85a190,AR,AR,ar_component_library,i1,1,numbers,1,hypothetical,valid,exact_code,1.0,1.0,1.0,0
ar-ar_component_library-i1-ro-o0-ll-c0-fx-f3612d6ebd1d,AR,RO,ar_component_library,i1,0,letters,0,,valid,exact_code,1.0,1.0,0.0,0
ar-ar_component_library-i1-ro-o0-ll-c1-fx-739e2565fc4c,AR,RO,ar_component_library,i1,0,letters,1,,valid,exact_code,0.0,0.0,1.0,0
ar-ar_component_library-i1-ro-o0-ln-c0-fx-a572953f80d8,AR,RO,ar_component_library,i1,0,numbers,0,,valid,exact_code,1.0,1.0,0.0,0
ar-ar_component_library-i1-ro-o0-ln-c1-fx-b576345b021c,AR,RO,ar_component_library,i1,0,numbers,1,,valid,exact_code,0.0,0.0,1.0,0
ar-ar_component_library-i1-ro-o1-ll-c0-fx-e4445a7e8464,AR,RO,ar_component_library,i1,1,letters,0,,valid,exact_code,1.0,1.0,1.0,0
ar-ar_component_library-i1-ro-o1-ll-c1-fx-c532222d6795,AR,RO,ar_component_library,i1,1,letters,1,,valid,exact_code,0.0,0.0,0.0,0
ar-ar_component_library-i1-ro-o1-ln-c0-fx-853085c5eebc,AR,RO,ar_component_library,i1,1,numbers,0,,valid,exact_code,1.0,1.0,1.0,0
ar-ar_component_library-i1-ro-o1-ln-c1-fx-a3e134bc14c5,AR,RO,ar_component_library,i1,1,numbers,1,,valid,exact_code,0.0,0.0,0.0,0
ar-ar_component_library-i2-ar-o0-ll-c0-fe-26e779c0dfc5,AR,AR,ar_component_library,i2,0,letters,0,enacted,valid,exact_code,0.0,0.0,1.0,1
ar-ar_component_library-i2-ar-o0-ll-c0-fh-a559f54ff3b0,AR,AR,ar_component_library,i2,0,letters,0,hypothetical,valid,exact_code,0.0,0.0,1.0,0
ar-ar_component_library-i2-ar-o0-ll-c1-fe-b1dcbc3ce9a2,AR,AR,ar_component_library,i2,0,letters,1,enacted,valid,exact_code,0.0,0.0,1.0,1
ar-ar_component_library-i2-ar-o0-ll-c1-fh-2fc3317e1a53,AR,AR,ar_component_library,i2,0,letters,1,hypothetical,valid,exact_code,0.0,0.0,1.0,0
ar-ar_component_library-i2-ar-o0-ln-c0-fe-6d5cf3e81c98,AR,AR,ar_component_library,i2,0,numbers,0,enacted,valid,exact_code,0.0,0.0,1.0,1
ar-ar_component_library-i2-ar-o0-ln-c0-fh-c8b1a283bab4,AR,AR,ar_component_library,i2,0,numbers,0,hypothetical,valid,exact_code,0.0,0.0,1.0,0
ar-ar_component_library-i2-ar-o0-ln-c1-fe-d71caf2c4436,AR,AR,ar_component_library,i2,0,numbers,1,enacted,valid,exact_code,0.0,0.0,1.0,1
ar-ar_component_library-i2-ar-o0-ln-c1-fh-e670eb9a606c,AR,AR,ar_component_library,i2,0,numbers,1,hypothetical,valid,exact_code,0.0,0.0,1.0,0
ar-ar_component_library-i2-ar-o1-ll-c0-fe-c3318c26c9ac,AR,AR,ar_component_library,i2,1,letters,0,enacted,valid,exact_code,1.0,1.0,1.0,1
ar-ar_component_library-i2-ar-o1-ll-c0-fh-c26e919d115f,AR,AR,ar_component_library,i2,1,letters,0,hypothetical,valid,exact_code,1.0,1.0,1.0,0
ar-ar_component_library-i2-ar-o1-ll-c1-fe-3a80f7dca21b,AR,AR,ar_component_library,i2,1,letters,1,enacted,valid,exact_code,0.0,0.0,0.0,1
ar-ar_component_library-i2-ar-o1-ll-c1-fh-1cf5ae2ee41c,AR,AR,ar_component_library,i2,1,letters,1,hypothetical,valid,exact_code,1.0,1.0,1.0,0
ar-ar_component_library-i2-ar-o1-ln-c0-fe-3a9f9910ce6f,AR,AR,ar_component_library,i2,1,numbers,0,enacted,valid,exact_code,1.0,1.0,1.0,1
ar-ar_component_library-i2-ar-o1-ln-c0-fh-c3237e8f2e3e,AR,AR,ar_component_library,i2,1,numbers,0,hypothetical,valid,exact_code,1.0,1.0,1.0,0
ar-ar_component_library-i2-ar-o1-ln-c1-fe-8b2bbba3274a,AR,AR,ar_component_library,i2,1,numbers,1,enacted,valid,exact_code,1.0,1.0,1.0,1
ar-ar_component_library-i2-ar-o1-ln-c1-fh-53ffa13d49ba,AR,AR,ar_component_library,i2,1,numbers,1,hypothetical,valid,exact_code,1.0,1.0,1.0,0
ar-ar_component_library-i2-ro-o0-ll-c0-fx-e358db2a956f,AR,RO,ar_component_library,i2,0,letters,0,,valid,exact_code,1.0,1.0,0.0,0
ar-ar_component_library-i2-ro-o0-ll-c1-fx-284fe5e525ac,AR,RO,ar_component_library,i2,0,letters,1,,valid,exact_code,0.0,0.0,1.0,0
ar-ar_component_library-i2-ro-o0-ln-c0-fx-3a86b351bd6d,AR,RO,ar_component_library,i2,0,numbers,0,,valid,exact_code,1.0,1.0,0.0,0
ar-ar_component_library-i2-ro-o0-ln-c1-fx-8b64876df484,AR,RO,ar_component_library,i2,0,numbers,1,,valid,exact_code,0.0,0.0,1.0,0
ar-ar_component_library-i2-ro-o1-ll-c0-fx-d0fe4702cb9f,AR,RO,ar_component_library,i2,1,letters,0,,valid,exact_code,1.0,1.0,1.0,0
ar-ar_component_library-i2-ro-o1-ll-c1-fx-a9637a6a606a,AR,RO,ar_component_library,i2,1,letters,1,,valid,exact_code,0.0,0.0,0.0,0
ar-ar_component_library-i2-ro-o1-ln-c0-fx-b6bb3c047210,AR,RO,ar_component_library,i2,1,numbers,0,,valid,exact_code,1.0,1.0,1.0,0
ar-ar_component_library-i2-ro-o1-ln-c1-fx-4d2acd9926b9,AR,RO,ar_component_library,i2,1,numbers,1,,valid,exact_code,0.0,0.0,0.0,0
ar-ar_component_library-i3-ar-o0-ll-c0-fe-d3f1b57f3fe3,AR,AR,ar_component_library,i3,0,letters,0,enacted,valid,exact_code,0.0,0.0,1.0,1
ar-ar_component_library-i3-ar-o0-ll-c0-fh-59ba7c3108b4,AR,AR,ar_component_library,i3,0,letters,0,hypothetical,valid,exact_code,0.0,0.0,1.0,0
ar-ar_component_library-i3-ar-o0-ll-c1-fe-b38fa2e45ba2,AR,AR,ar_component_library,i3,0,letters,1,enacted,valid,exact_code,0.0,0.0,1.0,1
ar-ar_component_library-i3-ar-o0-ll-c1-fh-310060c4b38d,AR,AR,ar_component_library,i3,0,letters,1,hypothetical,valid,exact_code,0.0,0.0,1.0,0
ar-ar_component_library-i3-ar-o0-ln-c0-fe-96f363c55d86,AR,AR,ar_component_library,i3,0,numbers,0,enacted,valid,exact_code,0.0,0.0,1.0,1
ar-ar_component_library-i3-ar-o0-ln-c0-fh-08edce9405bd,AR,AR,ar_component_library,i3,0,numbers,0,hypothetical,valid,exact_code,0.0,0.0,1.0,0
ar-ar_component_library-i3-ar-o0-ln-c1-fe-f520cdc82539,AR,AR,ar_component_library,i3,0,numbers,1,enacted,valid,exact_code,0.0,0.0,1.0,1
ar-ar_component_library-i3-ar-o0-ln-c1-fh-bee5f58dcb5c,AR,AR,ar_component_library,i3,0,numbers,1,hypothetical,valid,exact_code,0.0,0.0,1.0,0
ar-ar_component_library-i3-ar-o1-ll-c0-fe-52041515cc1e,AR,AR,ar_component_library,i3,1,letters,0,enacted,valid,exact_code,1.0,1.0,1.0,1
ar-ar_component_library-i3-ar-o1-ll-c0-fh-083186afc245,AR,AR,ar_component_library,i3,1,letters,0,hypothetical,valid,exact_code,1.0,1.0,1.0,0
ar-ar_component_library-i3-ar-o1-ll-c1-fe-a60d0c48616b,AR,AR,ar_component_library,i3,1,letters,1,enacted,valid,exact_code,1.0,1.0,1.0,1
ar-ar_component_library-i3-ar-o1-ll-c1-fh-4a02faf5b033,AR,AR,ar_component_library,i3,1,letters,1,hypothetical,valid,exact_code,1.0,1.0,1.0,0
ar-ar_component_library-i3-ar-o1-ln-c0-fe-4fb9b654a34c,AR,AR,ar_component_library,i3,1,numbers,0,enacted,valid,exact_code,1.0,1.0,1.0,1
ar-ar_component_library-i3-ar-o1-ln-c0-fh-810c1367bd72,AR,AR,ar_component_library,i3,1,numbers,0,hypothetical,valid,exact_code,1.0,1.0,1.0,0
ar-ar_component_library-i3-ar-o1-ln-c1-fe-b3f643883d71,AR,AR,ar_component_library,i3,1,numbers,1,enacted,valid,exact_code,1.0,1.0,1.0,1
ar-ar_component_library-i3-ar-o1-ln-c1-fh-0ada5b5b1cba,AR,AR,ar_component_library,i3,1,numbers,1,hypothetical,valid,exact_code,1.0,1.0,1.0,0
ar-ar_component_library-i3-ro-o0-ll-c0-fx-400f783997ab,AR,RO,ar_component_library,i3,0,letters,0,,valid,exact_code,1.0,1.0,0.0,0
ar-ar_component_library-i3-ro-o0-ll-c1-fx-f09066608693,AR,RO,ar_component_library,i3,0,letters,1,,valid,exact_code,0.0,0.0,1.0,0
ar-ar_component_library-i3-ro-o0-ln-c0-fx-d7c6d007a7a3,AR,RO,ar_component_library,i3,0,numbers,0,,valid,exact_code,1.0,1.0,0.0,0
ar-ar_component_library-i3-ro-o0-ln-c1-fx-05353e11cbc1,AR,RO,ar_component_library,i3,0,numbers,1,,valid,exact_code,0.0,0.0,1.0,0
ar-ar_component_library-i3-ro-o1-ll-c0-fx-c529f1308c51,AR,RO,ar_component_library,i3,1,letters,0,,valid,exact_code,1.0,1.0,1.0,0
ar-ar_component_library-i3-ro-o1-ll-c1-fx-0666fd4298a8,AR,RO,ar_component_library,i3,1,letters,1,,valid,exact_code,0.0,0.0,0.0,0
ar-ar_component_library-i3-ro-o1-ln-c0-fx-3170c8840e6d,AR,RO,ar_component_library,i3,1,numbers,0,,valid,exact_code,1.0,1.0,1.0,0
ar-ar_component_library-i3-ro-o1-ln-c1-fx-16500cfdeecf,AR,RO,ar_component_library,i3,1,numbers,1,,valid,exact_code,0.0,0.0,0.0,0
ar-ar_component_library-i4-ar-o0-ll-c0-fe-3bbe1324f1a9,AR,AR,ar_component_library,i4,0,letters,0,enacted,valid,exact_code,0.0,0.0,1.0,1
ar-ar_component_library-i4-ar-o0-ll-c0-fh-06806290a89f,AR,AR,ar_component_library,i4,0,letters,0,hypothetical,valid,exact_code,0.0,0.0,1.0,0
ar-ar_component_library-i4-ar-o0-ll-c1-fe-11c62b036126,AR,AR,ar_component_library,i4,0,letters,1,enacted,valid,exact_code,0.0,0.0,1.0,1
ar-ar_component_library-i4-ar-o0-ll-c1-fh-661bf29ff1f1,AR,AR,ar_component_library,i4,0,letters,1,hypothetical,valid,exact_code,0.0,0.0,1.0,0
ar-ar_component_library-i4-ar-o0-ln-c0-fe-4cda24fd2160,AR,AR,ar_component_library,i4,0,numbers,0,enacted,valid,exact_code,0.0,0.0,1.0,1
ar-ar_component_library-i4-ar-o0-ln-c0-fh-66e64a4f17f1,AR,AR,ar_component_library,i4,0,numbers,0,hypothetical,valid,exact_code,0.0,0.0,1.0,0
ar-ar_component_library-i4-ar-o0-ln-c1-fe-e6a528bb8e5d,AR,AR,ar_component_library,i4,0,numbers,1,enacted,valid,exact_code,0.0,0.0,1.0,1
ar-ar_component_library-i4-ar-o0-ln-c1-fh-37ba0463c51e,AR,AR,ar_component_library,i4,0,numbers,1,hypothetical,valid,exact_code,0.0,0.0,1.0,0
ar-ar_component_library-i4-ar-o1-ll-c0-fe-cb684cca1de4,AR,AR,ar_component_library,i4,1,letters,0,enacted,valid,exact_code,1.0,1.0,1.0,1
ar-ar_component_library-i4-ar-o1-ll-c0-fh-b6ba3cd1c82a,AR,AR,ar_component_library,i4,1,letters,0,hypothetical,valid,exact_code,1.0,1.0,1.0,0
ar-ar_component_library-i4-ar-o1-ll-c1-fe-3cfc84615269,AR,AR,ar_component_library,i4,1,letters,1,enacted,valid,exact_code,1.0,1.0,1.0,1
ar-ar_component_library-i4-ar-o1-ll-c1-fh-d28258d07ea5,AR,AR,ar_component_library,i4,1,letters,1,hypothetical,valid,exact_code,1.0,1.0,1.0,0
ar-ar_component_library-i4-ar-o1-ln-c0-fe-a87e744326d6,AR,AR,ar_component_library,i4,1,numbers,0,enacted,valid,exact_code,1.0,1.0,1.0,1
ar-ar_component_library-i4-ar-o1-ln-c0-fh-9b67e3dce9ce,AR,AR,ar_component_library,i4,1,numbers,0,hypothetical,valid,exact_code,1.0,1.0,1.0,0
ar-ar_component_library-i4-ar-o1-ln-c1-fe-99d828899c80,AR,AR,ar_component_library,i4,1,numbers,1,enacted,valid,exact_code,1.0,1.0,1.0,1
ar-ar_component_library-i4-ar-o1-ln-c1-fh-e96f1c74e75d,AR,AR,ar_component_library,i4,1,numbers,1,hypothetical,valid,exact_code,1.0,1.0,1.0,0
ar-ar_component_library-i4-ro-o0-ll-c0-fx-1b9fab7d0bdf,AR,RO,ar_component_library,i4,0,letters,0,,valid,exact_code,1.0,1.0,0.0,0
ar-ar_component_library-i4-ro-o0-ll-c1-fx-bdf52d6812bc,AR,RO,ar_component_library,i4,0,letters,1,,valid,exact_code,0.0,0.0,1.0,0
ar-ar_component_library-i4-ro-o0-ln-c0-fx-0f85483d67c0,AR,RO,ar_component_library,i4,0,numbers,0,,valid,exact_code,1.0,1.0,0.0,0
ar-ar_component_library-i4-ro-o0-ln-c1-fx-8d49ad551b42,AR,RO,ar_component_library,i4,0,numbers,1,,valid,exact_code,0.0,0.0,1.0,0
ar-ar_component_library-i4-ro-o1-ll-c0-fx-7f14e466a689,AR,RO,ar_component_library,i4,1,letters,0,,valid,exact_code,1.0,1.0,1.0,0
ar-ar_component_library-i4-ro-o1-ll-c1-fx-ff4c67041faf,AR,RO,ar_component_library,i4,1,letters,1,,valid,exact_code,0.0,0.0,0.0,0
ar-ar_component_library-i4-ro-o1-ln-c0-fx-852941b4af5b,AR,RO,ar_component_library,i4,1,numbers,0,,valid,exact_code,1.0,1.0,1.0,0
ar-ar_component_library-i4-ro-o1-ln-c1-fx-e3324f9b51e1,AR,RO,ar_component_library,i4,1,numbers,1,,valid,exact_code,0.0,0.0,0.0,0
ar-ar_docsection_readme-i0-ar-o0-ll-c0-fe-01ca8eb529f1,AR,AR,ar_docsection_readme,i0,0,letters,0,enacted,valid,exact_code,0.0,0.0,1.0,1
ar-ar_docsection_readme-i0-ar-o0-ll-c0-fh-3cc89c1dbb8b,AR,AR,ar_docsection_readme,i0,0,letters,0,hypothetical,valid,exact_code,0.0,0.0,1.0,0
ar-ar_docsection_readme-i0-ar-o0-ll-c1-fe-314427606405,AR,AR,ar_docsection_readme,i0,0,letters,1,enacted,valid,exact_code,0.0,0.0,1.0,1
ar-ar_docsection_readme-i0-ar-o0-ll-c1-fh-a5eabda11be0,AR,AR,ar_docsection_readme,i0,0,letters,1,hypothetical,valid,exact_code,0.0,0.0,1.0,0
ar-ar_docsection_readme-i0-ar-o0-ln-c0-fe-bdbd741bc831,AR,AR,ar_docsection_readme,i0,0,numbers,0,enacted,valid,exact_code,0.0,0.0,1.0,1
ar-ar_docsection_readme-i0-ar-o0-ln-c0-fh-0b160d6ae4bb,AR,AR,ar_docsection_readme,i0,0,numbers,0,hypothetical,valid,exact_code,0.0,0.0,1.0,0
ar-ar_docsection_readme-i0-ar-o0-ln-c1-fe-34b9af83cd81,AR,AR,ar_docsection_readme,i0,0,numbers,1,enacted,valid,exact_code,0.0,0.0,1.0,1
ar-ar_docsection_readme-i0-ar-o0-ln-c1-fh-ef2ced128fce,AR,AR,ar_docsection_readme,i0,0,numbers,1,hypothetical,valid,exact_code,0.0,0.0,1.0,0
ar-ar_docsection_readme-i0-ar-o1-ll-c0-fe-96af01b7b9d0,AR,AR,ar_docsection_readme,i0,1,letters,0,enacted,valid,exact_code,1.0,1.0,1.0,1
ar-ar_docsection_readme-i0-ar-o1-ll-c0-fh-0e1950c5ddfc,AR,AR,ar_docsection_readme,i0,1,letters,0,hypothetical,valid,exact_code,1.0,1.0,1.0,0
ar-ar_docsection_readme-i0-ar-o1-ll-c1-fe-3ccec6640965,AR,AR,ar_docsection_readme,i0,1,letters,1,enacted,valid,exact_code,1.0,1.0,1.0,1
ar-ar_docsection_readme-i0-ar-o1-ll-c1-fh-dbe406fa1dbd,AR,AR,ar_docsection_readme,i0,1,letters,1,hypothetical,valid,exact_code,1.0,1.0,1.0,0
ar-ar_docsection_readme-i0-ar-o1-ln-c0-fe-1f57358802c9,AR,AR,ar_docsection_readme,i0,1,numbers,0,enacted,valid,exact_code,1.0,1.0,1.0,1
ar-ar_docsection_readme-i0-ar-o1-ln-c0-fh-b5ad8c04b6dd,AR,AR,ar_docsection_readme,i0,1,numbers,0,hypothetical,valid,exact_code,1.0,1.0,1.0,0
ar-ar_docsection_readme-i0-ar-o1-ln-c1-fe-2d6645fe6893,AR,AR,ar_docsection_readme,i0,1,numbers,1,enacted,valid,exact_code,1.0,1.0,1.0,1
ar-ar_docsection_readme-i0-ar-o1-ln-c1-fh-0ed526726579,AR,AR,ar_docsection_readme,i0,1,numbers,1,hypothetical,valid,exact_code,1.0,1.0,1.0,0
ar-ar_docsection_readme-i0-ro-o0-ll-c0-fx-f4796f84c979,AR,RO,ar_docsection_readme,i0,0,letters,0,,valid,exact_code,1.0,1.0,0.0,0
ar-ar_docsection_readme-i0-ro-o0-ll-c1-fx-56c4e8363d8a,AR,RO,ar_docsection_readme,i0,0,letters,1,,valid,exact_code,0.0,0.0,1.0,0
ar-ar_docsection_readme-i0-ro-o0-ln-c0-fx-afc47d2f0049,AR,RO,ar_docsection_readme,i0,0,numbers,0,,valid,exact_code,1.0,1.0,0.0,0
ar-ar_docsection_readme-i0-ro-o0-ln-c1-fx-ed136d254429,AR,RO,ar_docsection_readme,i0,0,numbers,1,,valid,exact_code,0.0,0.0,1.0,0
ar-ar_docsection_readme-i0-ro-o1-ll-c0-fx-6f6297160e21,AR,RO,ar_docsection_readme,i0,1,letters,0,,valid,exact_code,1.0,1.0,1.0,0
ar-ar_docsection_readme-i0-ro-o1-ll-c1-fx-407bc5aa72bf,AR,RO,ar_docsection_readme,i0,1,letters,1,,valid,exact_code,0.0,0.0,0.0,0
ar-ar_docsection_readme-i0-ro-o1-ln-c0-fx-2904352936bf,AR,RO,ar_docsection_readme,i0,1,numbers,0,,valid,exact_code,1.0,1.0,1.0,0
ar-ar_docsection_readme-i0-ro-o1-ln-c1-fx-7703a1d81a7e,AR,RO,ar_docsection_readme,i0,1,numbers,1,,valid,exact_code,0.0,0.0,0.0,0
ar-ar_docsection_readme-i1-ar-o0-ll-c0-fe-320d1ead41a6,AR,AR,ar_docsection_readme,i1,0,letters,0,enacted,valid,exact_code,0.0,0.0,1.0,1
ar-ar_docsection_readme-i1-ar-o0-ll-c0-fh-2ec558b1f9fa,AR,AR,ar_docsection_readme,i1,0,letters,0,hypothetical,valid,exact_code,0.0,0.0,1.0,0
ar-ar_docsection_readme-i1-ar-o0-ll-c1-fe-b28d60470a3c,AR,AR,ar_docsection_readme,i1,0,letters,1,enacted,valid,exact_code,0.0,0.0,1.0,1
ar-ar_docsection_readme-i1-ar-o0-ll-c1-fh-bd7b39725ebb,AR,AR,ar_docsection_readme,i1,0,letters,1,hypothetical,valid,exact_code,0.0,0.0,1.0,0
ar-ar_docsection_readme-i1-ar-o0-ln-c0-fe-485bb101110a,AR,AR,ar_docsection_readme,i1,0,numbers,0,enacted,valid,exact_code,0.0,0.0,1.0,1
ar-ar_docsection_readme-i1-ar-o0-ln-c0-fh-77d07c090af6,AR,AR,ar_docsection_readme,i1,0,numbers,0,hypothetical,valid,exact_code,0.0,0.0,1.0,0
ar-ar_docsection_readme-i1-ar-o0-ln-c1-fe-8196c6dca5b0,AR,AR,ar_docsection_readme,i1,0,numbers,1,enacted,valid,exact_code,0.0,0.0,1.0,1
ar-ar_docsection_readme-i1-ar-o0-ln-c1-fh-d74ee5e1293b,AR,AR,ar_docsection_readme,i1,0,numbers,1,hypothetical,valid,exact_code,0.0,0.0,1.0,0
ar-ar_docsection_readme-i1-ar-o1-ll-c0-fe-fe35bc2427d1,AR,AR,ar_docsection_readme,i1,1,letters,0,enacted,valid,exact_code,1.0,1.0,1.0,1
ar-ar_docsection_readme-i1-ar-o1-ll-c0-fh-012580854bbb,AR,AR,ar_docsection_readme,i1,1,letters,0,hypothetical,valid,exact_code,1.0,1.0,1.0,0
ar-ar_docsection_readme-i1-ar-o1-ll-c1-fe-7f20af2abfa1,AR,AR,ar_docsection_readme,i1,1,letters,1,enacted,valid,exact_code,1.0,1.0,1.0,1
ar-ar_docsection_readme-i1-ar-o1-ll-c1-fh-853053bd2867,AR,AR,ar_docsection_readme,i1,1,letters,1,hypothetical,valid,exact_code,1.0,1.0,1.0,0
ar-ar_docsection_readme-i1-ar-o1-ln-c0-fe-2f070523da05,AR,AR,ar_docsection_readme,i1,1,numbers,0,enacted,valid,exact_code,1.0,1.0,1.0,1
ar-ar_docsection_readme-i1-ar-o1-ln-c0-fh-e32632c86c9f,AR,AR,ar_docsection_readme,i1,1,numbers,0,hypothetical,valid,exact_code,1.0,1.0,1.0,0
ar-ar_docsection_readme-i1-ar-o1-ln-c1-fe-7994c5aad430,AR,AR,ar_docsection_readme,i1,1,numbers,1,enacted,valid,exact_code,1.0,1.0,1.0,1
ar-ar_docsection_readme-i1-ar-o1-ln-c1-fh-13c982994e35,AR,AR,ar_docsection_readme,i1,1,numbers,1,hypothetical,valid,exact_code,1.0,1.0,1.0,0
ar-ar_docsection_readme-i1-ro-o0-ll-c0-fx-ce1101144f01,AR,RO,ar_docsection_readme,i1,0,letters,0,,valid,exact_code,1.0,1.0,0.0,0
ar-ar_docsection_readme-i1-ro-o0-ll-c1-fx-91f2c13bd5c1,AR,RO,ar_docsection_readme,i1,0,letters,1,,valid,exact_code,0.0,0.0,1.0,0
ar-ar_docsection_readme-i1-ro-o0-ln-c0-fx-e08a994b771e,AR,RO,ar_docsection_readme,i1,0,numbers,0,,valid,exact_code,1.0,1.0,0.0,0
ar-ar_docsection_readme-i1-ro-o0-ln-c1-fx-1e3c3e4cdf81,AR,RO,ar_docsection_readme,i1,0,numbers,1,,valid,exact_code,0.0,0.0,1.0,0
ar-ar_docsection_readme-i1-ro-o1-ll-c0-fx-ed6c9056b99b,AR,RO,ar_docsection_readme,i1,1,letters,0,,valid,exact_code,1.0,1.0,1.0,0
ar-ar_docsection_readme-i1-ro-o1-ll-c1-fx-8dabef53fd18,AR,RO,ar_docsection_readme,i1,1,letters,1,,valid,exact_code,0.0,0.0,0.0,0
ar-ar_docsection_readme-i1-ro-o1-ln-c0-fx-c582607f9aa8,AR,RO,ar_docsection_readme,i1,1,numbers,0,,valid,exact_code,1.0,1.0,1.0,0
ar-ar_docsection_readme-i1-ro-o1-ln-c1-fx-d29468ef5380,AR,RO,ar_docsection_readme,i1,1,numbers,1,,valid,exact_code,0.0,0.0,0.0,0
ar-ar_docsection_readme-i2-ar-o0-ll-c0-fe-3abed8297c11,AR,AR,ar_docsection_readme,i2,0,letters,0,enacted,valid,exact_code,0.0,0.0,1.0,1
ar-ar_docsection_readme-i2-ar-o0-ll-c0-fh-027dd0e4c7a4,AR,AR,ar_docsection_readme,i2,0,letters,0,hypothetical,valid,exact_code,0.0,0.0,1.0,0
ar-ar_docsection_readme-i2-ar-o0-ll-c1-fe-1eafc4ed6a48,AR,AR,ar_docsection_readme,i2,0,letters,1,enacted,valid,exact_code,0.0,0.0,1.0,1
ar-ar_docsection_readme-i2-ar-o0-ll-c1-fh-8a328000c82e,AR,AR,ar_docsection_readme,i2,0,letters,1,hypothetical,valid,exact_code,0.0,0.0,1.0,0
ar-ar_docsection_readme-i2-ar-o0-ln-c0-fe-8eac59e75b1c,AR,AR,ar_docsection_readme,i2,0,numbers,0,enacted,valid,exact_code,0.0,0.0,1.0,1
ar-ar_docsection_readme-i2-ar-o0-ln-c0-fh-24023d1dce79,AR,AR,ar_docsection_readme,i2,0,numbers,0,hypothetical,valid,exact_code,0.0,0.0,1.0,0
ar-ar_docsection_readme-i2-ar-o0-ln-c1-fe-136ac0fa02be,AR,AR,ar_docsection_readme,i2,0,numbers,1,enacted,valid,exact_code,0.0,0.0,1.0,1
ar-ar_docsection_readme-i2-ar-o0-ln-c1-fh-1a464001fe8b,AR,AR,ar_docsection_readme,i2,0,numbers,1,hypothetical,valid,exact_code,0.0,0.0,1.0,0
ar-ar_docsection_readme-i2-ar-o1-ll-c0-fe-97b671fbe304,AR,AR,ar_docsection_readme,i2,1,letters,0,enacted,valid,exact_code,1.0,1.0,1.0,1
ar-ar_docsection_readme-i2-ar-o1-ll-c0-fh-9e7fa0210094,AR,AR,ar_docsection_readme,i2,1,letters,0,hypothetical,valid,exact_code,1.0,1.0,1.0,0
ar-ar_docsection_readme-i2-ar-o1-ll-c1-fe-f739c97da748,AR,AR,ar_docsection_readme,i2,1,letters,1,enacted,valid,exact_code,1.0,1.0,1.0,1
ar-ar_docsection_readme-i2-ar-o1-ll-c1-fh-39a1d7f9e416,AR,AR,ar_docsection_readme,i2,1,letters,1,hypothetical,valid,exact_code,1.0,1.0,1.0,0
ar-ar_docsection_readme-i2-ar-o1-ln-c0-fe-d037cad6db96,AR,AR,ar_docsection_readme,i2,1,numbers,0,enacted,valid,exact_code,1.0,1.0,1.0,1
ar-ar_docsection_readme-i2-ar-o1-ln-c0-fh-744894978c96,AR,AR,ar_docsection_readme,i2,1,numbers,0,hypothetical,valid,exact_code,1.0,1.0,1.0,0
ar-ar_docsection_readme-i2-ar-o1-ln-c1-fe-4e59486ede14,AR,AR,ar_docsection_readme,i2,1,numbers,1,enacted,valid,exact_code,1.0,1.0,1.0,1
ar-ar_docsection_readme-i2-ar-o1-ln-c1-fh-51019d846162,AR,AR,ar_docsection_readme,i2,1,numbers,1,hypothetical,valid,exact_code,1.0,1.0,1.0,0
ar-ar_docsection_readme-i2-ro-o0-ll-c0-fx-ec1e5b26ad50,AR,RO,ar_docsection_readme,i2,0,letters,0,,valid,exact_code,1.0,1.0,0.0,0
ar-ar_docsection_readme-i2-ro-o0-ll-c1-fx-a243f29e96fa,AR,RO,ar_docsection_readme,i2,0,letters,1,,valid,exact_code,0.0,0.0,1.0,0
ar-ar_docsection_readme-i2-ro-o0-ln-c0-fx-0ea821dbdb37,AR,RO,ar_docsection_readme,i2,0,numbers,0,,valid,exact_code,1.0,1.0,0.0,0
ar-ar_docsection_readme-i2-ro-o0-ln-c1-fx-8ef7771c3256,AR,RO,ar_docsection_readme,i2,0,numbers,1,,valid,exact_code,0.0,0.0,1.0,0
ar-ar_docsection_readme-i2-ro-o1-ll-c0-fx-04661f818d3d,AR,RO,ar_docsection_readme,i2,1,letters,0,,valid,exact_code,1.0,1.0,1.0,0
ar-ar_docsection_readme-i2-ro-o1-ll-c1-fx-4e1561ea782e,AR,RO,ar_docsection_readme,i2,1,letters,1,,valid,exact_code,0.0,0.0,0.0,0
ar-ar_docsection_readme-i2-ro-o1-ln-c0-fx-04345987659b,AR,RO,ar_docsection_readme,i2,1,numbers,0,,valid,exact_code,1.0,1.0,1.0,0
ar-ar_docsection_readme-i2-ro-o1-ln-c1-fx-50705081c21e,AR,RO,ar_docsection_readme,i2,1,numbers,1,,valid,exact_code,0.0,0.0,0.0,0
ar-ar_docsection_readme-i3-ar-o0-ll-c0-fe-32f9f2afde6f,AR,AR,ar_docsection_readme,i3,0,letters,0,enacted,valid,exact_code,0.0,0.0,1.0,1
ar-ar_docsection_readme-i3-ar-o0-ll-c0-fh-a9ed05745796,AR,AR,ar_docsection_readme,i3,0,letters,0,hypothetical,valid,exact_code,0.0,0.0,1.0,0
ar-ar_docsection_readme-i3-ar-o0-ll-c1-fe-5d2659a01dd6,AR,AR,ar_docsection_readme,i3,0,letters,1,enacted,valid,exact_code,0.0,0.0,1.0,1
ar-ar_docsection_readme-i3-ar-o0-ll-c1-fh-0668c98530e9,AR,AR,ar_docsection_readme,i3,0,letters,1,hypothetical,valid,exact_code,0.0,0.0,1.0,0
ar-ar_docsection_readme-i3-ar-o0-ln-c0-fe-de625d3617f2,AR,AR,ar_docsection_readme,i3,0,numbers,0,enacted,valid,exact_code,0.0,0.0,1.0,1
ar-ar_docsection_readme-i3-ar-o0-ln-c0-fh-19318c8f452c,AR,AR,ar_docsection_readme,i3,0,numbers,0,hypothetical,valid,exact_code,0.0,0.0,1.0,0
ar-ar_docsection_readme-i3-ar-o0-ln-c1-fe-83dbf2f53dfb,AR,AR,ar_docsection_readme,i3,0,numbers,1,enacted,valid,exact_code,0.0,0.0,1.0,1
ar-ar_docsection_readme-i3-ar-o0-ln-c1-fh-6d50c0565f30,AR,AR,ar_docsection_readme,i3,0,numbers,1,hypothetical,valid,exact_code,0.0,0.0,1.0,0
ar-ar_docsection_readme-i3-ar-o1-ll-c0-fe-8da83939c22c,AR,AR,ar_docsection_readme,i3,1,letters,0,enacted,valid,exact_code,1.0,1.0,1.0,1
ar-ar_docsection_readme-i3-ar-o1-ll-c0-fh-2315be8ea207,AR,AR,ar_docsection_readme,i3,1,letters,0,hypothetical,valid,exact_code,1.0,1.0,1.0,0
ar-ar_docsection_readme-i3-ar-o1-ll-c1-fe-cee4d526348b,AR,AR,ar_docsection_readme,i3,1,letters,1,enacted,valid,exact_code,1.0,1.0,1.0,1
ar-ar_docsection_readme-i3-ar-o1-ll-c1-fh-6f5e4b11f824,AR,AR,ar_docsection_readme,i3,1,letters,1,hypothetical,valid,exact_code,1.0,1.0,1.0,0
ar-ar_docsection_readme-i3-ar-o1-ln-c0-fe-c0086d42f6a2,AR,AR,ar_docsection_readme,i3,1,numbers,0,enacted,valid,exact_code,1.0,1.0,1.0,1
ar-ar_docsection_readme-i3-ar-o1-ln-c0-fh-3b5ae1d81aea,AR,AR,ar_docsection_readme,i3,1,numbers,0,hypothetical,valid,exact_code,1.0,1.0,1.0,0
ar-ar_docsection_readme-i3-ar-o1-ln-c1-fe-d3642fd8b1b2,AR,AR,ar_docsection_readme,i3,1,numbers,1,enacted,valid,exact_code,1.0,1.0,1.0,1
ar-ar_docsection_readme-i3-ar-o1-ln-c1-fh-847457b56ab1,AR,AR,ar_docsection_readme,i3,1,numbers,1,hypothetical,valid,exact_code,1.0,1.0,1.0,0
ar-ar_docsection_readme-i3-ro-o0-ll-c0-fx-728b0be187c9,AR,RO,ar_docsection_readme,i3,0,letters,0,,valid,exact_code,1.0,1.0,0.0,0
ar-ar_docsection_readme-i3-ro-o0-ll-c1-fx-65de47e77eb3,AR,RO,ar_docsection_readme,i3,0,letters,1,,valid,exact_code,0.0,0.0,1.0,0
ar-ar_docsection_readme-i3-ro-o0-ln-c0-fx-470b52a1ea33,AR,RO,ar_docsection_readme,i3,0,numbers,0,,valid,exact_code,1.0,1.0,0.0,0
ar-ar_docsection_readme-i3-ro-o0-ln-c1-fx-73c87b5af9ae,AR,RO,ar_docsection_readme,i3,0,numbers,1,,valid,exact_code,0.0,0.0,1.0,0
ar-ar_docsection_readme-i3-ro-o1-ll-c0-fx-e494078e0aca,AR,RO,ar_docsection_readme,i3,1,letters,0,,valid,exact_code,1.0,1.0,1.0,0
ar-ar_docsection_readme-i3-ro-o1-ll-c1-fx-bb9b650035c5,AR,RO,ar_docsection_readme,i3,1,letters,1,,valid,exact_code,0.0,0.0,0.0,0
ar-ar_docsection_readme-i3-ro-o1-ln-c0-fx-bd5d8c1488ac,AR,RO,ar_docsection_readme,i3,1,numbers,0,,valid,exact_code,1.0,1.0,1.0,0
ar-ar_docsection_readme-i3-ro-o1-ln-c1-fx-7ec36d0167df,AR,RO,ar_docsection_readme,i3,1,numbers,1,,valid,exact_code,0.0,0.0,0.0,0
ar-ar_docsection_readme-i4-ar-o0-ll-c0-fe-7c30164028d8,AR,AR,ar_docsection_readme,i4,0,letters,0,enacted,valid,exact_code,0.0,0.0,1.0,1
ar-ar_docsection_readme-i4-ar-o0-ll-c0-fh-d0b2a876751e,AR,AR,ar_docsection_readme,i4,0,letters,0,hypothetical,valid,exact_code,0.0,0.0,1.0,0
ar-ar_docsection_readme-i4-ar-o0-ll-c1-fe-c6fc5bfaed8c,AR,AR,ar_docsection_readme,i4,0,letters,1,enacted,valid,exact_code,0.0,0.0,1.0,1
ar-ar_docsection_readme-i4-ar-o0-ll-c1-fh-0b856ca1d045,AR,AR,ar_docsection_readme,i4,0,letters,1,hypothetical,valid,exact_code,0.0,0.0,1.0,0
ar-ar_docsection_readme-i4-ar-o0-ln-c0-fe-962c13f918c1,AR,AR,ar_docsection_readme,i4,0,numbers,0,enacted,valid,exact_code,0.0,0.0,1.0,1
ar-ar_docsection_readme-i4-ar-o0-ln-c0-fh-965d67698908,AR,AR,ar_docsection_readme,i4,0,numbers,0,hypothetical,valid,exact_code,0.0,0.0,1.0,0
ar-ar_docsection_readme-i4-ar-o0-ln-c1-fe-10fff1b44aab,AR,AR,ar_docsection_readme,i4,0,numbers,1,enacted,valid,exact_code,0.0,0.0,1.0,1
ar-ar_docsection_readme-i4-ar-o0-ln-c1-fh-74ac0fc5c104,AR,AR,ar_docsection_readme,i4,0,numbers,1,hypothetical,valid,exact_code,0.0,0.0,1.0,0
ar-ar_docsection_readme-i4-ar-o1-ll-c0-fe-3a50eecde670,AR,AR,ar_docsection_readme,i4,1,letters,0,enacted,valid,exact_code,1.0,1.0,1.0,1
ar-ar_docsection_readme-i4-ar-o1-ll-c0-fh-6b29ddd83677,AR,AR,ar_docsection_readme,i4,1,letters,0,hypothetical,valid,exact_code,1.0,1.0,1.0,0
ar-ar_docsection_readme-i4-ar-o1-ll-c1-fe-412e43487d2a,AR,AR,ar_docsection_readme,i4,1,letters,1,enacted,valid,exact_code,1.0,1.0,1.0,1
ar-ar_docsection_readme-i4-ar-o1-ll-c1-fh-d655176a5f97,AR,AR,ar_docsection_readme,i4,1,letters,1,hypothetical,valid,exact_code,1.0,1.0,1.0,0
ar-ar_docsection_readme-i4-ar-o1-ln-c0-fe-ac34ec6d86c9,AR,AR,ar_docsection_readme,i4,1,numbers,0,enacted,valid,exact_code,1.0,1.0,1.0,1
ar-ar_docsection_readme-i4-ar-o1-ln-c0-fh-2364579b1824,AR,AR,ar_docsection_readme,i4,1,numbers,0,hypothetical,valid,exact_code,1.0,1.0,1.0,0
ar-ar_docsection_readme-i4-ar-o1-ln-c1-fe-e985161a87fe,AR,AR,ar_docsection_readme,i4,1,numbers,1,enacted,valid,exact_code,1.0,1.0,1.0,1
ar-ar_docsection_readme-i4-ar-o1-ln-c1-fh-274b68b77c73,AR,AR,ar_docsection_readme,i4,1,numbers,1,hypothetical,valid,exact_code,1.0,1.0,1.0,0
ar-ar_docsection_readme-i4-ro-o0-ll-c0-fx-e696b3163617,AR,RO,ar_docsection_readme,i4,0,letters,0,,valid,exact_code,1.0,1.0,0.0,0
ar-ar_docsection_readme-i4-ro-o0-ll-c1-fx-f9668c3331cd,AR,RO,ar_docsection_readme,i4,0,letters,1,,valid,exact_code,0.0,0.0,1.0,0
ar-ar_docsection_readme-i4-ro-o0-ln-c0-fx-c1e6bf72c34d,AR,RO,ar_docsection_readme,i4,0,numbers,0,,valid,exact_code,1.0,1.0,0.0,0
ar-ar_docsection_readme-i4-ro-o0-ln-c1-fx-c09bfe168786,AR,RO,ar_docsection_readme,i4,0,numbers,1,,valid,exact_code,0.0,0.0,1.0,0
ar-ar_docsection_readme-i4-ro-o1-ll-c0-fx-47fbba0911a5,AR,RO,ar_docsection_readme,i4,1,letters,0,,valid,exact_code,1.0,1.0,1.0,0
ar-ar_docsection_readme-i4-ro-o1-ll-c1-fx-3e0bb92a83b3,AR,RO,ar_docsection_readme,i4,1,letters,1,,valid,exact_code,0.0,0.0,0.0,0
ar-ar_docsection_readme-i4-ro-o1-ln-c0-fx-6f82575e433f,AR,RO,ar_docsection_readme,i4,1,numbers,0,,valid,exact_code,1.0,1.0,1.0,0
ar-ar_docsection_readme-i4-ro-o1-ln-c1-fx-c149f2c95872,AR,RO,ar_docsection_readme,i4,1,numbers,1,,valid,exact_code,0.0,0.0,0.0,0
ar-ar_execmode_ingest-i0-ar-o0-ll-c0-fe-80e0552222c9,AR,AR,ar_execmode_ingest,i0,0,letters,0,enacted,valid,exact_code,0.0,0.0,1.0,1
ar-ar_execmode_ingest-i0-ar-o0-ll-c0-fh-33c1751badfb,AR,AR,ar_execmode_ingest,i0,0,letters,0,hypothetical,valid,exact_code,0.0,0.0,1.0,0
ar-ar_execmode_ingest-i0-ar-o0-ll-c1-fe-c7cad42bb75a,AR,AR,ar_execmode_ingest,i0,0,letters,1,enacted,valid,exact_code,0.0,0.0,1.0,1
ar-ar_execmode_ingest-i0-ar-o0-ll-c1-fh-5362a8cd5986,AR,AR,ar_execmode_ingest,i0,0,letters,1,hypothetical,valid,exact_code,0.0,0.0,1.0,0
ar-ar_execmode_ingest-i0-ar-o0-ln-c0-fe-0baf16929b0b,AR,AR,ar_execmode_ingest,i0,0,numbers,0,enacted,valid,exact_code,0.0,0.0,1.0,1
ar-ar_execmode_ingest-i0-ar-o0-ln-c0-fh-f41bd2e6aea7,AR,AR,ar_execmode_ingest,i0,0,numbers,0,hypothetical,valid,exact_code,0.0,0.0,1.0,0
ar-ar_execmode_ingest-i0-ar-o0-ln-c1-fe-61efd9b4934c,AR,AR,ar_execmode_ingest,i0,0,numbers,1,enacted,valid,exact_code,0.0,0.0,1.0,1
ar-ar_execmode_ingest-i0-ar-o0-ln-c1-fh-74caccd10d5f,AR,AR,ar_execmode_ingest,i0,0,numbers,1,hypothetical,valid,exact_code,0.0,0.0,1.0,0
ar-ar_execmode_ingest-i0-ar-o1-ll-c0-fe-4db2f33976d7,AR,AR,ar_execmode_ingest,i0,1,letters,0,enacted,invalid,no_valid_code,nan,nan,nan,0
ar-ar_execmode_ingest-i0-ar-o1-ll-c0-fh-5169fda823e0,AR,AR,ar_execmode_ingest,i0,1,letters,0,hypothetical,valid,exact_code,0.0,0.0,0.0,0
ar-ar_execmode_ingest-i0-ar-o1-ll-c1-fe-dd51e330ffc7,AR,AR,ar_execmode_ingest,i0,1,letters,1,enacted,valid,exact_code,0.0,0.0,0.0,1
ar-ar_execmode_ingest-i0-ar-o1-ll-c1-fh-9a78bbac8f72,AR,AR,ar_execmode_ingest,i0,1,letters,1,hypothetical,valid,exact_code,0.0,0.0,0.0,0
ar-ar_execmode_ingest-i0-ar-o1-ln-c0-fe-35831aac722e,AR,AR,ar_execmode_ingest,i0,1,numbers,0,enacted,invalid,no_valid_code,nan,nan,nan,0
ar-ar_execmode_ingest-i0-ar-o1-ln-c0-fh-6914ca969a7a,AR,AR,ar_execmode_ingest,i0,1,numbers,0,hypothetical,valid,exact_code,1.0,1.0,1.0,0
ar-ar_execmode_ingest-i0-ar-o1-ln-c1-fe-f257c490aff8,AR,AR,ar_execmode_ingest,i0,1,numbers,1,enacted,valid,exact_code,0.0,0.0,0.0,1
ar-ar_execmode_ingest-i0-ar-o1-ln-c1-fh-70218bfdce73,AR,AR,ar_execmode_ingest,i0,1,numbers,1,hypothetical,valid,exact_code,0.0,0.0,0.0,0
ar-ar_execmode_ingest-i0-ro-o0-ll-c0-fx-98f0158bc24d,AR,RO,ar_execmode_ingest,i0,0,letters,0,,valid,exact_code,1.0,1.0,0.0,0
ar-ar_execmode_ingest-i0-ro-o0-ll-c1-fx-304864df9f65,AR,RO,ar_execmode_ingest,i0,0,letters,1,,valid,exact_code,0.0,0.0,1.0,0
ar-ar_execmode_ingest-i0-ro-o0-ln-c0-fx-69f360d88d44,AR,RO,ar_execmode_ingest,i0,0,numbers,0,,valid,exact_code,1.0,1.0,0.0,0
ar-ar_execmode_ingest-i0-ro-o0-ln-c1-fx-5d58b12fbbfd,AR,RO,ar_execmode_ingest,i0,0,numbers,1,,valid,exact_code,0.0,0.0,1.0,0
ar-ar_execmode_ingest-i0-ro-o1-ll-c0-fx-54117da5af8b,AR,RO,ar_execmode_ingest,i0,1,letters,0,,valid,exact_code,1.0,1.0,1.0,0
ar-ar_execmode_ingest-i0-ro-o1-ll-c1-fx-ff9e72cc1ad5,AR,RO,ar_execmode_ingest,i0,1,letters,1,,valid,exact_code,0.0,0.0,0.0,0
ar-ar_execmode_ingest-i0-ro-o1-ln-c0-fx-67af53b2a9b2,AR,RO,ar_execmode_ingest,i0,1,numbers,0,,valid,exact_code,1.0,1.0,1.0,0
ar-ar_execmode_ingest-i0-ro-o1-ln-c1-fx-15da8e04cc5c,AR,RO,ar_execmode_ingest,i0,1,numbers,1,,valid,exact_code,0.0,0.0,0.0,0
ar-ar_execmode_ingest-i1-ar-o0-ll-c0-fe-86a5e1bd399b,AR,AR,ar_execmode_ingest,i1,0,letters,0,enacted,valid,exact_code,0.0,0.0,1.0,1
ar-ar_execmode_ingest-i1-ar-o0-ll-c0-fh-5bc883736e50,AR,AR,ar_execmode_ingest,i1,0,letters,0,hypothetical,valid,exact_code,0.0,0.0,1.0,0
ar-ar_execmode_ingest-i1-ar-o0-ll-c1-fe-e5930d5e543a,AR,AR,ar_execmode_ingest,i1,0,letters,1,enacted,valid,exact_code,0.0,0.0,1.0,1
ar-ar_execmode_ingest-i1-ar-o0-ll-c1-fh-6f56dff8f989,AR,AR,ar_execmode_ingest,i1,0,letters,1,hypothetical,valid,exact_code,0.0,0.0,1.0,0
ar-ar_execmode_ingest-i1-ar-o0-ln-c0-fe-364af5666c44,AR,AR,ar_execmode_ingest,i1,0,numbers,0,enacted,valid,exact_code,0.0,0.0,1.0,1
ar-ar_execmode_ingest-i1-ar-o0-ln-c0-fh-11e170ae8a49,AR,AR,ar_execmode_ingest,i1,0,numbers,0,hypothetical,valid,exact_code,0.0,0.0,1.0,0
ar-ar_execmode_ingest-i1-ar-o0-ln-c1-fe-d62b345b8d48,AR,AR,ar_execmode_ingest,i1,0,numbers,1,enacted,valid,exact_code,0.0,0.0,1.0,1
ar-ar_execmode_ingest-i1-ar-o0-ln-c1-fh-f38071fea5a3,AR,AR,ar_execmode_ingest,i1,0,numbers,1,hypothetical,valid,exact_code,0.0,0.0,1.0,0
ar-ar_execmode_ingest-i1-ar-o1-ll-c0-fe-39483c5d1626,AR,AR,ar_execmode_ingest,i1,1,letters,0,enacted,valid,exact_code,1.0,1.0,1.0,1
ar-ar_execmode_ingest-i1-ar-o1-ll-c0-fh-be78de395a54,AR,AR,ar_execmode_ingest,i1,1,letters,0,hypothetical,valid,exact_code,1.0,1.0,1.0,0
ar-ar_execmode_ingest-i1-ar-o1-ll-c1-fe-0b2fcf63b806,AR,AR,ar_execmode_ingest,i1,1,letters,1,enacted,valid,exact_code,0.0,0.0,0.0,1
ar-ar_execmode_ingest-i1-ar-o1-ll-c1-fh-d8c15e66814b,AR,AR,ar_execmode_ingest,i1,1,letters,1,hypothetical,valid,exact_code,0.0,0.0,0.0,0
ar-ar_execmode_ingest-i1-ar-o1-ln-c0-fe-fa79689a91fa,AR,AR,ar_execmode_ingest,i1,1,numbers,0,enacted,invalid,no_valid_code,nan,nan,nan,0
ar-ar_execmode_ingest-i1-ar-o1-ln-c0-fh-669bd2e982f5,AR,AR,ar_execmode_ingest,i1,1,numbers,0,hypothetical,valid,exact_code,1.0,1.0,1.0,0
ar-ar_execmode_ingest-i1-ar-o1-ln-c1-fe-a4b717c41090,AR,AR,ar_execmode_ingest,i1,1,numbers,1,enacted,valid,exact_code,0.0,0.0,0.0,1
ar-ar_execmode_ingest-i1-ar-o1-ln-c1-fh-de2aebbd39a2,AR,AR,ar_execmode_ingest,i1,1,numbers,1,hypothetical,valid,exact_code,0.0,0.0,0.0,0
ar-ar_execmode_ingest-i1-ro-o0-ll-c0-fx-2a1c1088b50b,AR,RO,ar_execmode_ingest,i1,0,letters,0,,valid,exact_code,1.0,1.0,0.0,0
ar-ar_execmode_ingest-i1-ro-o0-ll-c1-fx-dcbd34e8b344,AR,RO,ar_execmode_ingest,i1,0,letters,1,,valid,exact_code,0.0,0.0,1.0,0
ar-ar_execmode_ingest-i1-ro-o0-ln-c0-fx-5abc6c12c6cb,AR,RO,ar_execmode_ingest,i1,0,numbers,0,,valid,exact_code,1.0,1.0,0.0,0
ar-ar_execmode_ingest-i1-ro-o0-ln-c1-fx-9216a628cc9a,AR,RO,ar_execmode_ingest,i1,0,numbers,1,,valid,exact_code,0.0,0.0,1.0,0
ar-ar_execmode_ingest-i1-ro-o1-ll-c0-fx-d311fef32d8c,AR,RO,ar_execmode_ingest,i1,1,letters,0,,valid,exact_code,1.0,1.0,1.0,0
ar-ar_execmode_ingest-i1-ro-o1-ll-c1-fx-45917c6c2122,AR,RO,ar_execmode_ingest,i1,1,letters,1,,valid,exact_code,0.0,0.0,0.0,0
ar-ar_execmode_ingest-i1-ro-o1-ln-c0-fx-80aeb58c014f,AR,RO,ar_execmode_ingest,i1,1,numbers,0,,valid,exact_code,1.0,1.0,1.0,0
ar-ar_execmode_ingest-i1-ro-o1-ln-c1-fx-5be581577dee,AR,RO,ar_execmode_ingest,i1,1,numbers,1,,valid,exact_code,0.0,0.0,0.0,0
ar-ar_execmode_ingest-i2-ar-o0-ll-c0-fe-5e50b9d755b5,AR,AR,ar_execmode_ingest,i2,0,letters,0,enacted,valid,exact_code,0.0,0.0,1.0,1
ar-ar_execmode_ingest-i2-ar-o0-ll-c0-fh-8c87cc858fcd,AR,AR,ar_execmode_ingest,i2,0,letters,0,hypothetical,valid,exact_code,0.0,0.0,1.0,0
ar-ar_execmode_ingest-i2-ar-o0-ll-c1-fe-929195ab1d82,AR,AR,ar_execmode_ingest,i2,0,letters,1,enacted,valid,exact_code,0.0,0.0,1.0,1
ar-ar_execmode_ingest-i2-ar-o0-ll-c1-fh-5d15b5e2d77a,AR,AR,ar_execmode_ingest,i2,0,letters,1,hypothetical,valid,exact_code,0.0,0.0,1.0,0
ar-ar_execmode_ingest-i2-ar-o0-ln-c0-fe-4bf255d04f38,AR,AR,ar_execmode_ingest,i2,0,numbers,0,enacted,valid,exact_code,0.0,0.0,1.0,1
ar-ar_execmode_ingest-i2-ar-o0-ln-c0-fh-c786c38633e7,AR,AR,ar_execmode_ingest,i2,0,numbers,0,hypothetical,valid,exact_code,0.0,0.0,1.0,0
ar-ar_execmode_ingest-i2-ar-o0-ln-c1-fe-2646f16d1d59,AR,AR,ar_execmode_ingest,i2,0,numbers,1,enacted,valid,exact_code,0.0,0.0,1.0,1
ar-ar_execmode_ingest-i2-ar-o0-ln-c1-fh-ed50edbf359d,AR,AR,ar_execmode_ingest,i2,0,numbers,1,hypothetical,valid,exact_code,0.0,0.0,1.0,0
ar-ar_execmode_ingest-i2-ar-o1-ll-c0-fe-d9975459b9e8,AR,AR,ar_execmode_ingest,i2,1,letters,0,enacted,valid,exact_code,1.0,1.0,1.0,1
ar-ar_execmode_ingest-i2-ar-o1-ll-c0-fh-3fcabdc51db0,AR,AR,ar_execmode_ingest,i2,1,letters,0,hypothetical,valid,exact_code,1.0,1.0,1.0,0
ar-ar_execmode_ingest-i2-ar-o1-ll-c1-fe-17ca0971dc85,AR,AR,ar_execmode_ingest,i2,1,letters,1,enacted,valid,exact_code,0.0,0.0,0.0,1
ar-ar_execmode_ingest-i2-ar-o1-ll-c1-fh-9e990ca1100a,AR,AR,ar_execmode_ingest,i2,1,letters,1,hypothetical,valid,exact_code,0.0,0.0,0.0,0
ar-ar_execmode_ingest-i2-ar-o1-ln-c0-fe-874efa39fc50,AR,AR,ar_execmode_ingest,i2,1,numbers,0,enacted,invalid,no_valid_code,nan,nan,nan,0
ar-ar_execmode_ingest-i2-ar-o1-ln-c0-fh-19d9f41a0e59,AR,AR,ar_execmode_ingest,i2,1,numbers,0,hypothetical,valid,exact_code,1.0,1.0,1.0,0
ar-ar_execmode_ingest-i2-ar-o1-ln-c1-fe-630d9fa09be1,AR,AR,ar_execmode_ingest,i2,1,numbers,1,enacted,valid,exact_code,0.0,0.0,0.0,1
ar-ar_execmode_ingest-i2-ar-o1-ln-c1-fh-d171567b9d8f,AR,AR,ar_execmode_ingest,i2,1,numbers,1,hypothetical,valid,exact_code,1.0,1.0,1.0,0
ar-ar_execmode_ingest-i2-ro-o0-ll-c0-fx-e901fd6bbb28,AR,RO,ar_execmode_ingest,i2,0,letters,0,,valid,exact_code,1.0,1.0,0.0,0
ar-ar_execmode_ingest-i2-ro-o0-ll-c1-fx-33181aff6816,AR,RO,ar_execmode_ingest,i2,0,letters,1,,valid,exact_code,0.0,0.0,1.0,0
ar-ar_execmode_ingest-i2-ro-o0-ln-c0-fx-86dc49885126,AR,RO,ar_execmode_ingest,i2,0,numbers,0,,valid,exact_code,1.0,1.0,0.0,0
ar-ar_execmode_ingest-i2-ro-o0-ln-c1-fx-4391a605b11b,AR,RO,ar_execmode_ingest,i2,0,numbers,1,,valid,exact_code,0.0,0.0,1.0,0
ar-ar_execmode_ingest-i2-ro-o1-ll-c0-fx-6765b7dd5c89,AR,RO,ar_execmode_ingest,i2,1,letters,0,,valid,exact_code,1.0,1.0,1.0,0
ar-ar_execmode_ingest-i2-ro-o1-ll-c1-fx-d1a92f7ea032,AR,RO,ar_execmode_ingest,i2,1,letters,1,,valid,exact_code,0.0,0.0,0.0,0
ar-ar_execmode_ingest-i2-ro-o1-ln-c0-fx-3dd340d88e5d,AR,RO,ar_execmode_ingest,i2,1,numbers,0,,valid,exact_code,1.0,1.0,1.0,0
ar-ar_execmode_ingest-i2-ro-o1-ln-c1-fx-f750d1b7eb73,AR,RO,ar_execmode_ingest,i2,1,numbers,1,,valid,exact_code,0.0,0.0,0.0,0
ar-ar_execmode_ingest-i3-ar-o0-ll-c0-fe-739b0ac70c79,AR,AR,ar_execmode_ingest,i3,0,letters,0,enacted,valid,exact_code,0.0,0.0,1.0,1
ar-ar_execmode_ingest-i3-ar-o0-ll-c0-fh-8be8f48ea9a2,AR,AR,ar_execmode_ingest,i3,0,letters,0,hypothetical,valid,exact_code,0.0,0.0,1.0,0
ar-ar_execmode_ingest-i3-ar-o0-ll-c1-fe-f95b74de8959,AR,AR,ar_execmode_ingest,i3,0,letters,1,enacted,valid,exact_code,0.0,0.0,1.0,1
ar-ar_execmode_ingest-i3-ar-o0-ll-c1-fh-28cf2d3f5ecf,AR,AR,ar_execmode_ingest,i3,0,letters,1,hypothetical,valid,exact_code,0.0,0.0,1.0,0
ar-ar_execmode_ingest-i3-ar-o0-ln-c0-fe-4bc7f50bac50,AR,AR,ar_execmode_ingest,i3,0,numbers,0,enacted,valid,exact_code,0.0,0.0,1.0,1
ar-ar_execmode_ingest-i3-ar-o0-ln-c0-fh-7ba411c8cbcc,AR,AR,ar_execmode_ingest,i3,0,numbers,0,hypothetical,valid,exact_code,0.0,0.0,1.0,0
ar-ar_execmode_ingest-i3-ar-o0-ln-c1-fe-74b394d79352,AR,AR,ar_execmode_ingest,i3,0,numbers,1,enacted,valid,exact_code,0.0,0.0,1.0,1
ar-ar_execmode_ingest-i3-ar-o0-ln-c1-fh-082958df664a,AR,AR,ar_execmode_ingest,i3,0,numbers,1,hypothetical,valid,exact_code,0.0,0.0,1.0,0
ar-ar_execmode_ingest-i3-ar-o1-ll-c0-fe-27c5ec4310c6,AR,AR,ar_execmode_ingest,i3,1,letters,0,enacted,invalid,no_valid_code,nan,nan,nan,0
ar-ar_execmode_ingest-i3-ar-o1-ll-c0-fh-921ab3e376aa,AR,AR,ar_execmode_ingest,i3,1,letters,0,hypothetical,valid,exact_code,0.0,0.0,0.0,0
ar-ar_execmode_ingest-i3-ar-o1-ll-c1-fe-7b68d8ad3cea,AR,AR,ar_execmode_ingest,i3,1,letters,1,enacted,valid,exact_code,0.0,0.0,0.0,1
ar-ar_execmode_ingest-i3-ar-o1-ll-c1-fh-97f247af21eb,AR,AR,ar_execmode_ingest,i3,1,letters,1,hypothetical,valid,exact_code,0.0,0.0,0.0,0
ar-ar_execmode_ingest-i3-ar-o1-ln-c0-fe-4541ae3d1daf,AR,AR,ar_execmode_ingest,i3,1,numbers,0,enacted,invalid,no_valid_code,nan,nan,nan,0
ar-ar_execmode_ingest-i3-ar-o1-ln-c0-fh-b3f1cda1293e,AR,AR,ar_execmode_ingest,i3,1,numbers,0,hypothetical,valid,exact_code,0.0,0.0,0.0,0
ar-ar_execmode_ingest-i3-ar-o1-ln-c1-fe-369fb2d4bb19,AR,AR,ar_execmode_ingest,i3,1,numbers,1,enacted,valid,exact_code,0.0,0.0,0.0,1
ar-ar_execmode_ingest-i3-ar-o1-ln-c1-fh-9a35621a077e,AR,AR,ar_execmode_ingest,i3,1,numbers,1,hypothetical,valid,exact_code,0.0,0.0,0.0,0
ar-ar_execmode_ingest-i3-ro-o0-ll-c0-fx-fb33ca36c916,AR,RO,ar_execmode_ingest,i3,0,letters,0,,valid,exact_code,1.0,1.0,0.0,0
ar-ar_execmode_ingest-i3-ro-o0-ll-c1-fx-6dd50e4c21ff,AR,RO,ar_execmode_ingest,i3,0,letters,1,,valid,exact_code,0.0,0.0,1.0,0
ar-ar_execmode_ingest-i3-ro-o0-ln-c0-fx-8fcad6d6df92,AR,RO,ar_execmode_ingest,i3,0,numbers,0,,valid,exact_code,1.0,1.0,0.0,0
ar-ar_execmode_ingest-i3-ro-o0-ln-c1-fx-a3ad04ba93e9,AR,RO,ar_execmode_ingest,i3,0,numbers,1,,valid,exact_code,0.0,0.0,1.0,0
ar-ar_execmode_ingest-i3-ro-o1-ll-c0-fx-4cc3016335c6,AR,RO,ar_execmode_ingest,i3,1,letters,0,,valid,exact_code,0.0,0.0,0.0,0
ar-ar_execmode_ingest-i3-ro-o1-ll-c1-fx-094fab06b5c0,AR,RO,ar_execmode_ingest,i3,1,letters,1,,valid,exact_code,0.0,0.0,0.0,0
ar-ar_execmode_ingest-i3-ro-o1-ln-c0-fx-9849b855d313,AR,RO,ar_execmode_ingest,i3,1,numbers,0,,valid,exact_code,0.0,0.0,0.0,0
ar-ar_execmode_ingest-i3-ro-o1-ln-c1-fx-8a933ed72bc0,AR,RO,ar_execmode_ingest,i3,1,numbers,1,,valid,exact_code,0.0,0.0,0.0,0
ar-ar_execmode_ingest-i4-ar-o0-ll-c0-fe-8c525063291f,AR,AR,ar_execmode_ingest,i4,0,letters,0,enacted,valid,exact_code,0.0,0.0,1.0,1
ar-ar_execmode_ingest-i4-ar-o0-ll-c0-fh-194ea47d2a2b,AR,AR,ar_execmode_ingest,i4,0,letters,0,hypothetical,valid,exact_code,0.0,0.0,1.0,0
ar-ar_execmode_ingest-i4-ar-o0-ll-c1-fe-977802e16f10,AR,AR,ar_execmode_ingest,i4,0,letters,1,enacted,valid,exact_code,0.0,0.0,1.0,1
ar-ar_execmode_ingest-i4-ar-o0-ll-c1-fh-d28d20f3fe36,AR,AR,ar_execmode_ingest,i4,0,letters,1,hypothetical,valid,exact_code,0.0,0.0,1.0,0
ar-ar_execmode_ingest-i4-ar-o0-ln-c0-fe-ba7657e8d29a,AR,AR,ar_execmode_ingest,i4,0,numbers,0,enacted,valid,exact_code,0.0,0.0,1.0,1
ar-ar_execmode_ingest-i4-ar-o0-ln-c0-fh-518e8141f85a,AR,AR,ar_execmode_ingest,i4,0,numbers,0,hypothetical,valid,exact_code,0.0,0.0,1.0,0
ar-ar_execmode_ingest-i4-ar-o0-ln-c1-fe-767604a5575f,AR,AR,ar_execmode_ingest,i4,0,numbers,1,enacted,valid,exact_code,0.0,0.0,1.0,1
ar-ar_execmode_ingest-i4-ar-o0-ln-c1-fh-c90918dc1a2b,AR,AR,ar_execmode_ingest,i4,0,numbers,1,hypothetical,valid,exact_code,0.0,0.0,1.0,0
ar-ar_execmode_ingest-i4-ar-o1-ll-c0-fe-fde0d4046865,AR,AR,ar_execmode_ingest,i4,1,letters,0,enacted,valid,exact_code,1.0,1.0,1.0,1
ar-ar_execmode_ingest-i4-ar-o1-ll-c0-fh-5a98c66070c5,AR,AR,ar_execmode_ingest,i4,1,letters,0,hypothetical,valid,exact_code,0.0,0.0,0.0,0
ar-ar_execmode_ingest-i4-ar-o1-ll-c1-fe-210ab4c1786f,AR,AR,ar_execmode_ingest,i4,1,letters,1,enacted,valid,exact_code,0.0,0.0,0.0,1
ar-ar_execmode_ingest-i4-ar-o1-ll-c1-fh-6f1cdee68772,AR,AR,ar_execmode_ingest,i4,1,letters,1,hypothetical,valid,exact_code,0.0,0.0,0.0,0
ar-ar_execmode_ingest-i4-ar-o1-ln-c0-fe-d33d04d465ea,AR,AR,ar_execmode_ingest,i4,1,numbers,0,enacted,invalid,no_valid_code,nan,nan,nan,0
ar-ar_execmode_ingest-i4-ar-o1-ln-c0-fh-c20c484b0d71,AR,AR,ar_execmode_ingest,i4,1,numbers,0,hypothetical,valid,exact_code,1.0,1.0,1.0,0
ar-ar_execmode_ingest-i4-ar-o1-ln-c1-fe-344d6b6b4da4,AR,AR,ar_execmode_ingest,i4,1,numbers,1,enacted,valid,exact_code,0.0,0.0,0.0,1
ar-ar_execmode_ingest-i4-ar-o1-ln-c1-fh-d341cf9067b1,AR,AR,ar_execmode_ingest,i4,1,numbers,1,hypothetical,valid,exact_code,0.0,0.0,0.0,0
ar-ar_execmode_ingest-i4-ro-o0-ll-c0-fx-17bb1b8968a1,AR,RO,ar_execmode_ingest,i4,0,letters,0,,valid,exact_code,1.0,1.0,0.0,0
ar-ar_execmode_ingest-i4-ro-o0-ll-c1-fx-451df1508d21,AR,RO,ar_execmode_ingest,i4,0,letters,1,,valid,exact_code,0.0,0.0,1.0,0
ar-ar_execmode_ingest-i4-ro-o0-ln-c0-fx-a27b0392e87c,AR,RO,ar_execmode_ingest,i4,0,numbers,0,,valid,exact_code,1.0,1.0,0.0,0
ar-ar_execmode_ingest-i4-ro-o0-ln-c1-fx-7fc8f4afc06c,AR,RO,ar_execmode_ingest,i4,0,numbers,1,,valid,exact_code,0.0,0.0,1.0,0
ar-ar_execmode_ingest-i4-ro-o1-ll-c0-fx-0e86cdf48e4d,AR,RO,ar_execmode_ingest,i4,1,letters,0,,valid,exact_code,0.0,0.0,0.0,0
ar-ar_execmode_ingest-i4-ro-o1-ll-c1-fx-0596e9f079c0,AR,RO,ar_execmode_ingest,i4,1,letters,1,,valid,exact_code,0.0,0.0,0.0,0
ar-ar_execmode_ingest-i4-ro-o1-ln-c0-fx-48879ff04835,AR,RO,ar_execmode_ingest,i4,1,numbers,0,,valid,exact_code,1.0,1.0,1.0,0
ar-ar_execmode_ingest-i4-ro-o1-ln-c1-fx-a04e59041495,AR,RO,ar_execmode_ingest,i4,1,numbers,1,,valid,exact_code,0.0,0.0,0.0,0
ar-ar_execmode_migration-i0-ar-o0-ll-c0-fe-2d6d0699f318,AR,AR,ar_execmode_migration,i0,0,letters,0,enacted,valid,exact_code,0.0,0.0,1.0,1
ar-ar_execmode_migration-i0-ar-o0-ll-c0-fh-b964f97ce2f2,AR,AR,ar_execmode_migration,i0,0,letters,0,hypothetical,valid,exact_code,0.0,0.0,1.0,0
ar-ar_execmode_migration-i0-ar-o0-ll-c1-fe-9a80c24fd928,AR,AR,ar_execmode_migration,i0,0,letters,1,enacted,valid,exact_code,0.0,0.0,1.0,1
ar-ar_execmode_migration-i0-ar-o0-ll-c1-fh-331fd1bec7f5,AR,AR,ar_execmode_migration,i0,0,letters,1,hypothetical,valid,exact_code,0.0,0.0,1.0,0
ar-ar_execmode_migration-i0-ar-o0-ln-c0-fe-be489dca3e5d,AR,AR,ar_execmode_migration,i0,0,numbers,0,enacted,valid,exact_code,0.0,0.0,1.0,1
ar-ar_execmode_migration-i0-ar-o0-ln-c0-fh-ca0404bbe1fe,AR,AR,ar_execmode_migration,i0,0,numbers,0,hypothetical,valid,exact_code,0.0,0.0,1.0,0
ar-ar_execmode_migration-i0-ar-o0-ln-c1-fe-9a5711fe270c,AR,AR,ar_execmode_migration,i0,0,numbers,1,enacted,valid,exact_code,0.0,0.0,1.0,1
ar-ar_execmode_migration-i0-ar-o0-ln-c1-fh-f8508d2872a8,AR,AR,ar_execmode_migration,i0,0,numbers,1,hypothetical,valid,exact_code,0.0,0.0,1.0,0
ar-ar_execmode_migration-i0-ar-o1-ll-c0-fe-25cc02e5cc8a,AR,AR,ar_execmode_migration,i0,1,letters,0,enacted,valid,exact_code,1.0,1.0,1.0,1
ar-ar_execmode_migration-i0-ar-o1-ll-c0-fh-cdd377c7f039,AR,AR,ar_execmode_migration,i0,1,letters,0,hypothetical,valid,exact_code,1.0,1.0,1.0,0
ar-ar_execmode_migration-i0-ar-o1-ll-c1-fe-9495db86f3c7,AR,AR,ar_execmode_migration,i0,1,letters,1,enacted,valid,exact_code,0.0,0.0,0.0,1
ar-ar_execmode_migration-i0-ar-o1-ll-c1-fh-0c67502b1466,AR,AR,ar_execmode_migration,i0,1,letters,1,hypothetical,valid,exact_code,0.0,0.0,0.0,0
ar-ar_execmode_migration-i0-ar-o1-ln-c0-fe-8f036a4128f7,AR,AR,ar_execmode_migration,i0,1,numbers,0,enacted,invalid,no_valid_code,nan,nan,nan,0
ar-ar_execmode_migration-i0-ar-o1-ln-c0-fh-1c0cf79b0ab3,AR,AR,ar_execmode_migration,i0,1,numbers,0,hypothetical,valid,exact_code,1.0,1.0,1.0,0
ar-ar_execmode_migration-i0-ar-o1-ln-c1-fe-681b02a6ac9c,AR,AR,ar_execmode_migration,i0,1,numbers,1,enacted,valid,exact_code,0.0,0.0,0.0,1
ar-ar_execmode_migration-i0-ar-o1-ln-c1-fh-328ee9822a41,AR,AR,ar_execmode_migration,i0,1,numbers,1,hypothetical,valid,exact_code,0.0,0.0,0.0,0
ar-ar_execmode_migration-i0-ro-o0-ll-c0-fx-2391ccae8aa4,AR,RO,ar_execmode_migration,i0,0,letters,0,,valid,exact_code,1.0,1.0,0.0,0
ar-ar_execmode_migration-i0-ro-o0-ll-c1-fx-bbe366b4914f,AR,RO,ar_execmode_migration,i0,0,letters,1,,valid,exact_code,0.0,0.0,1.0,0
ar-ar_execmode_migration-i0-ro-o0-ln-c0-fx-3885c406e94f,AR,RO,ar_execmode_migration,i0,0,numbers,0,,valid,exact_code,1.0,1.0,0.0,0
ar-ar_execmode_migration-i0-ro-o0-ln-c1-fx-e22b7fcad8f6,AR,RO,ar_execmode_migration,i0,0,numbers,1,,valid,exact_code,0.0,0.0,1.0,0
ar-ar_execmode_migration-i0-ro-o1-ll-c0-fx-c1bf4317c389,AR,RO,ar_execmode_migration,i0,1,letters,0,,valid,exact_code,1.0,1.0,1.0,0
ar-ar_execmode_migration-i0-ro-o1-ll-c1-fx-bc5a8abb558e,AR,RO,ar_execmode_migration,i0,1,letters,1,,valid,exact_code,0.0,0.0,0.0,0
ar-ar_execmode_migration-i0-ro-o1-ln-c0-fx-083b3da3f0ff,AR,RO,ar_execmode_migration,i0,1,numbers,0,,valid,exact_code,1.0,1.0,1.0,0
ar-ar_execmode_migration-i0-ro-o1-ln-c1-fx-814a69588af0,AR,RO,ar_execmode_migration,i0,1,numbers,1,,valid,exact_code,0.0,0.0,0.0,0
ar-ar_execmode_migration-i1-ar-o0-ll-c0-fe-9c26583361dc,AR,AR,ar_execmode_migration,i1,0,letters,0,enacted,valid,exact_code,0.0,0.0,1.0,1
ar-ar_execmode_migration-i1-ar-o0-ll-c0-fh-2eb674e3ca18,AR,AR,ar_execmode_migration,i1,0,letters,0,hypothetical,valid,exact_code,0.0,0.0,1.0,0
ar-ar_execmode_migration-i1-ar-o0-ll-c1-fe-457b2c43bd26,AR,AR,ar_execmode_migration,i1,0,letters,1,enacted,valid,exact_code,0.0,0.0,1.0,1
ar-ar_execmode_migration-i1-ar-o0-ll-c1-fh-c97d01a99f59,AR,AR,ar_execmode_migration,i1,0,letters,1,hypothetical,valid,exact_code,0.0,0.0,1.0,0
ar-ar_execmode_migration-i1-ar-o0-ln-c0-fe-4f6aad81fdaf,AR,AR,ar_execmode_migration,i1,0,numbers,0,enacted,valid,exact_code,0.0,0.0,1.0,1
ar-ar_execmode_migration-i1-ar-o0-ln-c0-fh-9b3ac337fe7a,AR,AR,ar_execmode_migration,i1,0,numbers,0,hypothetical,valid,exact_code,0.0,0.0,1.0,0
ar-ar_execmode_migration-i1-ar-o0-ln-c1-fe-a86519279375,AR,AR,ar_execmode_migration,i1,0,numbers,1,enacted,valid,exact_code,0.0,0.0,1.0,1
ar-ar_execmode_migration-i1-ar-o0-ln-c1-fh-37da0853c61e,AR,AR,ar_execmode_migration,i1,0,numbers,1,hypothetical,valid,exact_code,0.0,0.0,1.0,0
ar-ar_execmode_migration-i1-ar-o1-ll-c0-fe-9cf3bc204a56,AR,AR,ar_execmode_migration,i1,1,letters,0,enacted,valid,exact_code,1.0,1.0,1.0,1
ar-ar_execmode_migration-i1-ar-o1-ll-c0-fh-70b52dc29900,AR,AR,ar_execmode_migration,i1,1,letters,0,hypothetical,valid,exact_code,1.0,1.0,1.0,0
ar-ar_execmode_migration-i1-ar-o1-ll-c1-fe-f0bde1ea0b86,AR,AR,ar_execmode_migration,i1,1,letters,1,enacted,valid,exact_code,0.0,0.0,0.0,1
ar-ar_execmode_migration-i1-ar-o1-ll-c1-fh-66f43bd226c8,AR,AR,ar_execmode_migration,i1,1,letters,1,hypothetical,valid,exact_code,1.0,1.0,1.0,0
ar-ar_execmode_migration-i1-ar-o1-ln-c0-fe-9fe9049338ed,AR,AR,ar_execmode_migration,i1,1,numbers,0,enacted,invalid,no_valid_code,nan,nan,nan,0
ar-ar_execmode_migration-i1-ar-o1-ln-c0-fh-7e5046eb3c8c,AR,AR,ar_execmode_migration,i1,1,numbers,0,hypothetical,valid,exact_code,1.0,1.0,1.0,0
ar-ar_execmode_migration-i1-ar-o1-ln-c1-fe-4993230eeebb,AR,AR,ar_execmode_migration,i1,1,numbers,1,enacted,valid,exact_code,0.0,0.0,0.0,1
ar-ar_execmode_migration-i1-ar-o1-ln-c1-fh-44fc3d4a3ce9,AR,AR,ar_execmode_migration,i1,1,numbers,1,hypothetical,valid,exact_code,1.0,1.0,1.0,0
ar-ar_execmode_migration-i1-ro-o0-ll-c0-fx-7c42c278e0c9,AR,RO,ar_execmode_migration,i1,0,letters,0,,valid,exact_code,1.0,1.0,0.0,0
ar-ar_execmode_migration-i1-ro-o0-ll-c1-fx-f812b496d965,AR,RO,ar_execmode_migration,i1,0,letters,1,,valid,exact_code,0.0,0.0,1.0,0
ar-ar_execmode_migration-i1-ro-o0-ln-c0-fx-45945843e0da,AR,RO,ar_execmode_migration,i1,0,numbers,0,,valid,exact_code,1.0,1.0,0.0,0
ar-ar_execmode_migration-i1-ro-o0-ln-c1-fx-53e8b4bd66db,AR,RO,ar_execmode_migration,i1,0,numbers,1,,valid,exact_code,0.0,0.0,1.0,0
ar-ar_execmode_migration-i1-ro-o1-ll-c0-fx-3a6acfb9bd4f,AR,RO,ar_execmode_migration,i1,1,letters,0,,valid,exact_code,1.0,1.0,1.0,0
ar-ar_execmode_migration-i1-ro-o1-ll-c1-fx-f6ffd4511ab0,AR,RO,ar_execmode_migration,i1,1,letters,1,,valid,exact_code,0.0,0.0,0.0,0
ar-ar_execmode_migration-i1-ro-o1-ln-c0-fx-d31eda77acda,AR,RO,ar_execmode_migration,i1,1,numbers,0,,valid,exact_code,1.0,1.0,1.0,0
ar-ar_execmode_migration-i1-ro-o1-ln-c1-fx-5bcffae80789,AR,RO,ar_execmode_migration,i1,1,numbers,1,,valid,exact_code,0.0,0.0,0.0,0
ar-ar_execmode_migration-i2-ar-o0-ll-c0-fe-36a76d014710,AR,AR,ar_execmode_migration,i2,0,letters,0,enacted,valid,exact_code,0.0,0.0,1.0,1
ar-ar_execmode_migration-i2-ar-o0-ll-c0-fh-e918ec511a5c,AR,AR,ar_execmode_migration,i2,0,letters,0,hypothetical,valid,exact_code,0.0,0.0,1.0,0
ar-ar_execmode_migration-i2-ar-o0-ll-c1-fe-8ef04674aecd,AR,AR,ar_execmode_migration,i2,0,letters,1,enacted,valid,exact_code,0.0,0.0,1.0,1
ar-ar_execmode_migration-i2-ar-o0-ll-c1-fh-812e225fdb38,AR,AR,ar_execmode_migration,i2,0,letters,1,hypothetical,valid,exact_code,0.0,0.0,1.0,0
ar-ar_execmode_migration-i2-ar-o0-ln-c0-fe-be8aefd90089,AR,AR,ar_execmode_migration,i2,0,numbers,0,enacted,valid,exact_code,0.0,0.0,1.0,1
ar-ar_execmode_migration-i2-ar-o0-ln-c0-fh-13d17f04b0e6,AR,AR,ar_execmode_migration,i2,0,numbers,0,hypothetical,valid,exact_code,0.0,0.0,1.0,0
ar-ar_execmode_migration-i2-ar-o0-ln-c1-fe-651a3c0e8861,AR,AR,ar_execmode_migration,i2,0,numbers,1,enacted,valid,exact_code,0.0,0.0,1.0,1
ar-ar_execmode_migration-i2-ar-o0-ln-c1-fh-320f45b5a2e9,AR,AR,ar_execmode_migration,i2,0,numbers,1,hypothetical,valid,exact_code,0.0,0.0,1.0,0
ar-ar_execmode_migration-i2-ar-o1-ll-c0-fe-a23753587b3c,AR,AR,ar_execmode_migration,i2,1,letters,0,enacted,valid,exact_code,1.0,1.0,1.0,1
ar-ar_execmode_migration-i2-ar-o1-ll-c0-fh-5ac9cc240b83,AR,AR,ar_execmode_migration,i2,1,letters,0,hypothetical,valid,exact_code,1.0,1.0,1.0,0
ar-ar_execmode_migration-i2-ar-o1-ll-c1-fe-34d76d6c3af1,AR,AR,ar_execmode_migration,i2,1,letters,1,enacted,valid,exact_code,0.0,0.0,0.0,1
ar-ar_execmode_migration-i2-ar-o1-ll-c1-fh-84788d0fcc98,AR,AR,ar_execmode_migration,i2,1,letters,1,hypothetical,valid,exact_code,1.0,1.0,1.0,0
ar-ar_execmode_migration-i2-ar-o1-ln-c0-fe-6623cc0020f0,AR,AR,ar_execmode_migration,i2,1,numbers,0,enacted,valid,exact_code,1.0,1.0,1.0,1
ar-ar_execmode_migration-i2-ar-o1-ln-c0-fh-c6d9d1f8c903,AR,AR,ar_execmode_migration,i2,1,numbers,0,hypothetical,valid,exact_code,1.0,1.0,1.0,0
ar-ar_execmode_migration-i2-ar-o1-ln-c1-fe-d3e2338365d6,AR,AR,ar_execmode_migration,i2,1,numbers,1,enacted,valid,exact_code,0.0,0.0,0.0,1
ar-ar_execmode_migration-i2-ar-o1-ln-c1-fh-52a98c18e099,AR,AR,ar_execmode_migration,i2,1,numbers,1,hypothetical,valid,exact_code,1.0,1.0,1.0,0
ar-ar_execmode_migration-i2-ro-o0-ll-c0-fx-8f9c76fb665f,AR,RO,ar_execmode_migration,i2,0,letters,0,,valid,exact_code,1.0,1.0,0.0,0
ar-ar_execmode_migration-i2-ro-o0-ll-c1-fx-41635388979d,AR,RO,ar_execmode_migration,i2,0,letters,1,,valid,exact_code,0.0,0.0,1.0,0
ar-ar_execmode_migration-i2-ro-o0-ln-c0-fx-ce893a81f7c0,AR,RO,ar_execmode_migration,i2,0,numbers,0,,valid,exact_code,1.0,1.0,0.0,0
ar-ar_execmode_migration-i2-ro-o0-ln-c1-fx-cb6d35f6c806,AR,RO,ar_execmode_migration,i2,0,numbers,1,,valid,exact_code,0.0,0.0,1.0,0
ar-ar_execmode_migration-i2-ro-o1-ll-c0-fx-00bedda99b0e,AR,RO,ar_execmode_migration,i2,1,letters,0,,valid,exact_code,1.0,1.0,1.0,0
ar-ar_execmode_migration-i2-ro-o1-ll-c1-fx-036e5961753c,AR,RO,ar_execmode_migration,i2,1,letters,1,,valid,exact_code,0.0,0.0,0.0,0
ar-ar_execmode_migration-i2-ro-o1-ln-c0-fx-d75d6c73eb13,AR,RO,ar_execmode_migration,i2,1,numbers,0,,valid,exact_code,1.0,1.0,1.0,0
ar-ar_execmode_migration-i2-ro-o1-ln-c1-fx-b4656d9d2736,AR,RO,ar_execmode_migration,i2,1,numbers,1,,valid,exact_code,0.0,0.0,0.0,0
ar-ar_execmode_migration-i3-ar-o0-ll-c0-fe-4c7231e1906b,AR,AR,ar_execmode_migration,i3,0,letters,0,enacted,valid,exact_code,0.0,0.0,1.0,1
ar-ar_execmode_migration-i3-ar-o0-ll-c0-fh-adc0870022fc,AR,AR,ar_execmode_migration,i3,0,letters,0,hypothetical,valid,exact_code,0.0,0.0,1.0,0
ar-ar_execmode_migration-i3-ar-o0-ll-c1-fe-7fd0fad3bd7c,AR,AR,ar_execmode_migration,i3,0,letters,1,enacted,valid,exact_code,0.0,0.0,1.0,1
ar-ar_execmode_migration-i3-ar-o0-ll-c1-fh-33ff2af70f50,AR,AR,ar_execmode_migration,i3,0,letters,1,hypothetical,valid,exact_code,0.0,0.0,1.0,0
ar-ar_execmode_migration-i3-ar-o0-ln-c0-fe-155c494ed2f5,AR,AR,ar_execmode_migration,i3,0,numbers,0,enacted,valid,exact_code,0.0,0.0,1.0,1
ar-ar_execmode_migration-i3-ar-o0-ln-c0-fh-957b9d98f780,AR,AR,ar_execmode_migration,i3,0,numbers,0,hypothetical,valid,exact_code,0.0,0.0,1.0,0
ar-ar_execmode_migration-i3-ar-o0-ln-c1-fe-154eaee60a7c,AR,AR,ar_execmode_migration,i3,0,numbers,1,enacted,valid,exact_code,0.0,0.0,1.0,1
ar-ar_execmode_migration-i3-ar-o0-ln-c1-fh-05e9d17b1ea5,AR,AR,ar_execmode_migration,i3,0,numbers,1,hypothetical,valid,exact_code,0.0,0.0,1.0,0
ar-ar_execmode_migration-i3-ar-o1-ll-c0-fe-f7146f2ec4ae,AR,AR,ar_execmode_migration,i3,1,letters,0,enacted,valid,exact_code,1.0,1.0,1.0,1
ar-ar_execmode_migration-i3-ar-o1-ll-c0-fh-ac1f68a825a2,AR,AR,ar_execmode_migration,i3,1,letters,0,hypothetical,valid,exact_code,1.0,1.0,1.0,0
ar-ar_execmode_migration-i3-ar-o1-ll-c1-fe-aafcf1369d1c,AR,AR,ar_execmode_migration,i3,1,letters,1,enacted,valid,exact_code,0.0,0.0,0.0,1
ar-ar_execmode_migration-i3-ar-o1-ll-c1-fh-37dca5eb4f0f,AR,AR,ar_execmode_migration,i3,1,letters,1,hypothetical,valid,exact_code,1.0,1.0,1.0,0
ar-ar_execmode_migration-i3-ar-o1-ln-c0-fe-871c3ca1aea6,AR,AR,ar_execmode_migration,i3,1,numbers,0,enacted,invalid,no_valid_code,nan,nan,nan,0
ar-ar_execmode_migration-i3-ar-o1-ln-c0-fh-2c85a8b0d06d,AR,AR,ar_execmode_migration,i3,1,numbers,0,hypothetical,valid,exact_code,1.0,1.0,1.0,0
ar-ar_execmode_migration-i3-ar-o1-ln-c1-fe-44eefcbde15f,AR,AR,ar_execmode_migration,i3,1,numbers,1,enacted,valid,exact_code,0.0,0.0,0.0,1
ar-ar_execmode_migration-i3-ar-o1-ln-c1-fh-39b2dec5f157,AR,AR,ar_execmode_migration,i3,1,numbers,1,hypothetical,valid,exact_code,0.0,0.0,0.0,0
ar-ar_execmode_migration-i3-ro-o0-ll-c0-fx-ff680238dfdb,AR,RO,ar_execmode_migration,i3,0,letters,0,,valid,exact_code,1.0,1.0,0.0,0
ar-ar_execmode_migration-i3-ro-o0-ll-c1-fx-ef25e7dc333d,AR,RO,ar_execmode_migration,i3,0,letters,1,,valid,exact_code,0.0,0.0,1.0,0
ar-ar_execmode_migration-i3-ro-o0-ln-c0-fx-06809a76ad02,AR,RO,ar_execmode_migration,i3,0,numbers,0,,valid,exact_code,1.0,1.0,0.0,0
ar-ar_execmode_migration-i3-ro-o0-ln-c1-fx-017a0fa0a4e3,AR,RO,ar_execmode_migration,i3,0,numbers,1,,valid,exact_code,0.0,0.0,1.0,0
ar-ar_execmode_migration-i3-ro-o1-ll-c0-fx-7d3a9750216d,AR,RO,ar_execmode_migration,i3,1,letters,0,,valid,exact_code,0.0,0.0,0.0,0
ar-ar_execmode_migration-i3-ro-o1-ll-c1-fx-c2b1b9492f81,AR,RO,ar_execmode_migration,i3,1,letters,1,,valid,exact_code,0.0,0.0,0.0,0
ar-ar_execmode_migration-i3-ro-o1-ln-c0-fx-a79fa9e588ba,AR,RO,ar_execmode_migration,i3,1,numbers,0,,valid,exact_code,1.0,1.0,1.0,0
ar-ar_execmode_migration-i3-ro-o1-ln-c1-fx-e98d9646f27d,AR,RO,ar_execmode_migration,i3,1,numbers,1,,valid,exact_code,0.0,0.0,0.0,0
ar-ar_execmode_migration-i4-ar-o0-ll-c0-fe-c454fc69f0b8,AR,AR,ar_execmode_migration,i4,0,letters,0,enacted,valid,exact_code,0.0,0.0,1.0,1
ar-ar_execmode_migration-i4-ar-o0-ll-c0-fh-eed1c51b0073,AR,AR,ar_execmode_migration,i4,0,letters,0,hypothetical,valid,exact_code,0.0,0.0,1.0,0
ar-ar_execmode_migration-i4-ar-o0-ll-c1-fe-12e112f754ef,AR,AR,ar_execmode_migration,i4,0,letters,1,enacted,valid,exact_code,0.0,0.0,1.0,1
ar-ar_execmode_migration-i4-ar-o0-ll-c1-fh-a8f62887fff4,AR,AR,ar_execmode_migration,i4,0,letters,1,hypothetical,valid,exact_code,0.0,0.0,1.0,0
ar-ar_execmode_migration-i4-ar-o0-ln-c0-fe-b7c18ef49ba7,AR,AR,ar_execmode_migration,i4,0,numbers,0,enacted,valid,exact_code,0.0,0.0,1.0,1
ar-ar_execmode_migration-i4-ar-o0-ln-c0-fh-5eb7c6308676,AR,AR,ar_execmode_migration,i4,0,numbers,0,hypothetical,valid,exact_code,0.0,0.0,1.0,0
ar-ar_execmode_migration-i4-ar-o0-ln-c1-fe-a84d8c664964,AR,AR,ar_execmode_migration,i4,0,numbers,1,enacted,valid,exact_code,0.0,0.0,1.0,1
ar-ar_execmode_migration-i4-ar-o0-ln-c1-fh-1e347b80f476,AR,AR,ar_execmode_migration,i4,0,numbers,1,hypothetical,valid,exact_code,0.0,0.0,1.0,0
ar-ar_execmode_migration-i4-ar-o1-ll-c0-fe-9674af744bd3,AR,AR,ar_execmode_migration,i4,1,letters,0,enacted,valid,exact_code,1.0,1.0,1.0,1
ar-ar_execmode_migration-i4-ar-o1-ll-c0-fh-85e58fc55d6d,AR,AR,ar_execmode_migration,i4,1,letters,0,hypothetical,valid,exact_code,0.0,0.0,0.0,0
ar-ar_execmode_migration-i4-ar-o1-ll-c1-fe-b0d2fd14f680,AR,AR,ar_execmode_migration,i4,1,letters,1,enacted,valid,exact_code,0.0,0.0,0.0,1
ar-ar_execmode_migration-i4-ar-o1-ll-c1-fh-f2c7b6ae52f8,AR,AR,ar_execmode_migration,i4,1,letters,1,hypothetical,valid,exact_code,0.0,0.0,0.0,0
ar-ar_execmode_migration-i4-ar-o1-ln-c0-fe-4f9a8f863d1b,AR,AR,ar_execmode_migration,i4,1,numbers,0,enacted,valid,exact_code,1.0,1.0,1.0,1
ar-ar_execmode_migration-i4-ar-o1-ln-c0-fh-70a82aa50812,AR,AR,ar_execmode_migration,i4,1,numbers,0,hypothetical,valid,exact_code,1.0,1.0,1.0,0
ar-ar_execmode_migration-i4-ar-o1-ln-c1-fe-baf6409e85e5,AR,AR,ar_execmode_migration,i4,1,numbers,1,enacted,valid,exact_code,0.0,0.0,0.0,1
ar-ar_execmode_migration-i4-ar-o1-ln-c1-fh-c2bb843984bb,AR,AR,ar_execmode_migration,i4,1,numbers,1,hypothetical,valid,exact_code,0.0,0.0,0.0,0
ar-ar_execmode_migration-i4-ro-o0-ll-c0-fx-d38d08d767ff,AR,RO,ar_execmode_migration,i4,0,letters,0,,valid,exact_code,1.0,1.0,0.0,0
ar-ar_execmode_migration-i4-ro-o0-ll-c1-fx-62d54f169ef6,AR,RO,ar_execmode_migration,i4,0,letters,1,,valid,exact_code,0.0,0.0,1.0,0
ar-ar_execmode_migration-i4-ro-o0-ln-c0-fx-aa0a4d8ea50d,AR,RO,ar_execmode_migration,i4,0,numbers,0,,valid,exact_code,1.0,1.0,0.0,0
ar-ar_execmode_migration-i4-ro-o0-ln-c1-fx-91ef34314687,AR,RO,ar_execmode_migration,i4,0,numbers,1,,valid,exact_code,0.0,0.0,1.0,0
ar-ar_execmode_migration-i4-ro-o1-ll-c0-fx-f3e98cc4b6db,AR,RO,ar_execmode_migration,i4,1,letters,0,,valid,exact_code,0.0,0.0,0.0,0
ar-ar_execmode_migration-i4-ro-o1-ll-c1-fx-142ebb01d125,AR,RO,ar_execmode_migration,i4,1,letters,1,,valid,exact_code,0.0,0.0,0.0,0
ar-ar_execmode_migration-i4-ro-o1-ln-c0-fx-83636a7cc98b,AR,RO,ar_execmode_migration,i4,1,numbers,0,,valid,exact_code,0.0,0.0,0.0,0
ar-ar_execmode_migration-i4-ro-o1-ln-c1-fx-4c56d4da3470,AR,RO,ar_execmode_migration,i4,1,numbers,1,,valid,exact_code,0.0,0.0,0.0,0
ar-ar_logformat_service-i0-ar-o0-ll-c0-fe-30ebc55ec046,AR,AR,ar_logformat_service,i0,0,letters,0,enacted,valid,exact_code,0.0,0.0,1.0,1
ar-ar_logformat_service-i0-ar-o0-ll-c0-fh-7e132e8cfaa0,AR,AR,ar_logformat_service,i0,0,letters,0,hypothetical,valid,exact_code,0.0,0.0,1.0,0
ar-ar_logformat_service-i0-ar-o0-ll-c1-fe-08036996801f,AR,AR,ar_logformat_service,i0,0,letters,1,enacted,valid,exact_code,0.0,0.0,1.0,1
ar-ar_logformat_service-i0-ar-o0-ll-c1-fh-715b92a49383,AR,AR,ar_logformat_service,i0,0,letters,1,hypothetical,valid,exact_code,0.0,0.0,1.0,0
ar-ar_logformat_service-i0-ar-o0-ln-c0-fe-e50613ba4095,AR,AR,ar_logformat_service,i0,0,numbers,0,enacted,valid,exact_code,0.0,0.0,1.0,1
ar-ar_logformat_service-i0-ar-o0-ln-c0-fh-03d6c66ecdef,AR,AR,ar_logformat_service,i0,0,numbers,0,hypothetical,valid,exact_code,0.0,0.0,1.0,0
ar-ar_logformat_service-i0-ar-o0-ln-c1-fe-60984b920859,AR,AR,ar_logformat_service,i0,0,numbers,1,enacted,valid,exact_code,0.0,0.0,1.0,1
ar-ar_logformat_service-i0-ar-o0-ln-c1-fh-138565c92e7c,AR,AR,ar_logformat_service,i0,0,numbers,1,hypothetical,valid,exact_code,0.0,0.0,1.0,0
ar-ar_logformat_service-i0-ar-o1-ll-c0-fe-f13b12a4a392,AR,AR,ar_logformat_service,i0,1,letters,0,enacted,valid,exact_code,1.0,1.0,1.0,1
ar-ar_logformat_service-i0-ar-o1-ll-c0-fh-42d4d5df3927,AR,AR,ar_logformat_service,i0,1,letters,0,hypothetical,valid,exact_code,1.0,1.0,1.0,0
ar-ar_logformat_service-i0-ar-o1-ll-c1-fe-898513222848,AR,AR,ar_logformat_service,i0,1,letters,1,enacted,valid,exact_code,1.0,1.0,1.0,1
ar-ar_logformat_service-i0-ar-o1-ll-c1-fh-81bad703bcd4,AR,AR,ar_logformat_service,i0,1,letters,1,hypothetical,valid,exact_code,1.0,1.0,1.0,0
ar-ar_logformat_service-i0-ar-o1-ln-c0-fe-26823f9b4218,AR,AR,ar_logformat_service,i0,1,numbers,0,enacted,invalid,no_valid_code,nan,nan,nan,0
ar-ar_logformat_service-i0-ar-o1-ln-c0-fh-88fdbd03cf3c,AR,AR,ar_logformat_service,i0,1,numbers,0,hypothetical,valid,exact_code,1.0,1.0,1.0,0
ar-ar_logformat_service-i0-ar-o1-ln-c1-fe-299aa5f6e02e,AR,AR,ar_logformat_service,i0,1,numbers,1,enacted,valid,exact_code,1.0,1.0,1.0,1
ar-ar_logformat_service-i0-ar-o1-ln-c1-fh-ddf403715ac4,AR,AR,ar_logformat_service,i0,1,numbers,1,hypothetical,valid,exact_code,1.0,1.0,1.0,0
ar-ar_logformat_service-i0-ro-o0-ll-c0-fx-5e1d5dad5f19,AR,RO,ar_logformat_service,i0,0,letters,0,,valid,exact_code,1.0,1.0,0.0,0
ar-ar_logformat_service-i0-ro-o0-ll-c1-fx-82f9903d6131,AR,RO,ar_logformat_service,i0,0,letters,1,,valid,exact_code,0.0,0.0,1.0,0
ar-ar_logformat_service-i0-ro-o0-ln-c0-fx-e20477201832,AR,RO,ar_logformat_service,i0,0,numbers,0,,valid,exact_code,1.0,1.0,0.0,0
ar-ar_logformat_service-i0-ro-o0-ln-c1-fx-bdec70d1ddd6,AR,RO,ar_logformat_service,i0,0,numbers,1,,valid,exact_code,0.0,0.0,1.0,0
ar-ar_logformat_service-i0-ro-o1-ll-c0-fx-0f9259c7f975,AR,RO,ar_logformat_service,i0,1,letters,0,,valid,exact_code,1.0,1.0,1.0,0
ar-ar_logformat_service-i0-ro-o1-ll-c1-fx-69f81ea55ff3,AR,RO,ar_logformat_service,i0,1,letters,1,,valid,exact_code,0.0,0.0,0.0,0
ar-ar_logformat_service-i0-ro-o1-ln-c0-fx-6ebc5207675d,AR,RO,ar_logformat_service,i0,1,numbers,0,,valid,exact_code,1.0,1.0,1.0,0
ar-ar_logformat_service-i0-ro-o1-ln-c1-fx-21a858d682ae,AR,RO,ar_logformat_service,i0,1,numbers,1,,valid,exact_code,0.0,0.0,0.0,0
ar-ar_logformat_service-i1-ar-o0-ll-c0-fe-1f6280dfb787,AR,AR,ar_logformat_service,i1,0,letters,0,enacted,valid,exact_code,0.0,0.0,1.0,1
ar-ar_logformat_service-i1-ar-o0-ll-c0-fh-e35efc62474c,AR,AR,ar_logformat_service,i1,0,letters,0,hypothetical,valid,exact_code,0.0,0.0,1.0,0
ar-ar_logformat_service-i1-ar-o0-ll-c1-fe-174d465ea436,AR,AR,ar_logformat_service,i1,0,letters,1,enacted,valid,exact_code,0.0,0.0,1.0,1
ar-ar_logformat_service-i1-ar-o0-ll-c1-fh-d7eede814875,AR,AR,ar_logformat_service,i1,0,letters,1,hypothetical,valid,exact_code,0.0,0.0,1.0,0
ar-ar_logformat_service-i1-ar-o0-ln-c0-fe-43c5ad8bf776,AR,AR,ar_logformat_service,i1,0,numbers,0,enacted,valid,exact_code,0.0,0.0,1.0,1
ar-ar_logformat_service-i1-ar-o0-ln-c0-fh-a6e6706905d2,AR,AR,ar_logformat_service,i1,0,numbers,0,hypothetical,valid,exact_code,0.0,0.0,1.0,0
ar-ar_logformat_service-i1-ar-o0-ln-c1-fe-032934378cf6,AR,AR,ar_logformat_service,i1,0,numbers,1,enacted,valid,exact_code,0.0,0.0,1.0,1
ar-ar_logformat_service-i1-ar-o0-ln-c1-fh-e05dbc6e1ed2,AR,AR,ar_logformat_service,i1,0,numbers,1,hypothetical,valid,exact_code,0.0,0.0,1.0,0
ar-ar_logformat_service-i1-ar-o1-ll-c0-fe-f615b6b21fc8,AR,AR,ar_logformat_service,i1,1,letters,0,enacted,valid,exact_code,1.0,1.0,1.0,1
ar-ar_logformat_service-i1-ar-o1-ll-c0-fh-664305fc0d8c,AR,AR,ar_logformat_service,i1,1,letters,0,hypothetical,valid,exact_code,1.0,1.0,1.0,0
ar-ar_logformat_service-i1-ar-o1-ll-c1-fe-96e24625a07c,AR,AR,ar_logformat_service,i1,1,letters,1,enacted,valid,exact_code,1.0,1.0,1.0,1
ar-ar_logformat_service-i1-ar-o1-ll-c1-fh-4f86093bc45c,AR,AR,ar_logformat_service,i1,1,letters,1,hypothetical,valid,exact_code,1.0,1.0,1.0,0
ar-ar_logformat_service-i1-ar-o1-ln-c0-fe-faea3c210a89,AR,AR,ar_logformat_service,i1,1,numbers,0,enacted,valid,exact_code,1.0,1.0,1.0,1
ar-ar_logformat_service-i1-ar-o1-ln-c0-fh-96528144b142,AR,AR,ar_logformat_service,i1,1,numbers,0,hypothetical,valid,exact_code,1.0,1.0,1.0,0
ar-ar_logformat_service-i1-ar-o1-ln-c1-fe-89fde47ef8f7,AR,AR,ar_logformat_service,i1,1,numbers,1,enacted,valid,exact_code,1.0,1.0,1.0,1
ar-ar_logformat_service-i1-ar-o1-ln-c1-fh-518f2617c698,AR,AR,ar_logformat_service,i1,1,numbers,1,hypothetical,valid,exact_code,1.0,1.0,1.0,0
ar-ar_logformat_service-i1-ro-o0-ll-c0-fx-4e5800670874,AR,RO,ar_logformat_service,i1,0,letters,0,,valid,exact_code,1.0,1.0,0.0,0
ar-ar_logformat_service-i1-ro-o0-ll-c1-fx-d649b0ed51ef,AR,RO,ar_logformat_service,i1,0,letters,1,,valid,exact_code,0.0,0.0,1.0,0
ar-ar_logformat_service-i1-ro-o0-ln-c0-fx-dbadd8fee305,AR,RO,ar_logformat_service,i1,0,numbers,0,,valid,exact_code,1.0,1.0,0.0,0
ar-ar_logformat_service-i1-ro-o0-ln-c1-fx-61358335769e,AR,RO,ar_logformat_service,i1,0,numbers,1,,valid,exact_code,0.0,0.0,1.0,0
ar-ar_logformat_service-i1-ro-o1-ll-c0-fx-a15aede2911f,AR,RO,ar_logformat_service,i1,1,letters,0,,valid,exact_code,1.0,1.0,1.0,0
ar-ar_logformat_service-i1-ro-o1-ll-c1-fx-bed38f80ce91,AR,RO,ar_logformat_service,i1,1,letters,1,,valid,exact_code,0.0,0.0,0.0,0
ar-ar_logformat_service-i1-ro-o1-ln-c0-fx-42d34d32b5b7,AR,RO,ar_logformat_service,i1,1,numbers,0,,valid,exact_code,1.0,1.0,1.0,0
ar-ar_logformat_service-i1-ro-o1-ln-c1-fx-83c75344d973,AR,RO,ar_logformat_service,i1,1,numbers,1,,valid,exact_code,0.0,0.0,0.0,0
ar-ar_logformat_service-i2-ar-o0-ll-c0-fe-ef489e039b73,AR,AR,ar_logformat_service,i2,0,letters,0,enacted,valid,exact_code,0.0,0.0,1.0,1
ar-ar_logformat_service-i2-ar-o0-ll-c0-fh-7282e9e58c21,AR,AR,ar_logformat_service,i2,0,letters,0,hypothetical,valid,exact_code,0.0,0.0,1.0,0
ar-ar_logformat_service-i2-ar-o0-ll-c1-fe-c08f55219777,AR,AR,ar_logformat_service,i2,0,letters,1,enacted,valid,exact_code,0.0,0.0,1.0,1
ar-ar_logformat_service-i2-ar-o0-ll-c1-fh-f78eb487cdfa,AR,AR,ar_logformat_service,i2,0,letters,1,hypothetical,valid,exact_code,0.0,0.0,1.0,0
ar-ar_logformat_service-i2-ar-o0-ln-c0-fe-6fef31a38c26,AR,AR,ar_logformat_service,i2,0,numbers,0,enacted,valid,exact_code,0.0,0.0,1.0,1
ar-ar_logformat_service-i2-ar-o0-ln-c0-fh-942ffccd9502,AR,AR,ar_logformat_service,i2,0,numbers,0,hypothetical,valid,exact_code,0.0,0.0,1.0,0
ar-ar_logformat_service-i2-ar-o0-ln-c1-fe-e06f22ff6f08,AR,AR,ar_logformat_service,i2,0,numbers,1,enacted,valid,exact_code,0.0,0.0,1.0,1
ar-ar_logformat_service-i2-ar-o0-ln-c1-fh-36c282b45ed9,AR,AR,ar_logformat_service,i2,0,numbers,1,hypothetical,valid,exact_code,0.0,0.0,1.0,0
ar-ar_logformat_service-i2-ar-o1-ll-c0-fe-77c7e063c70f,AR,AR,ar_logformat_service,i2,1,letters,0,enacted,valid,exact_code,1.0,1.0,1.0,1
ar-ar_logformat_service-i2-ar-o1-ll-c0-fh-1a0090b63f05,AR,AR,ar_logformat_service,i2,1,letters,0,hypothetical,valid,exact_code,1.0,1.0,1.0,0
ar-ar_logformat_service-i2-ar-o1-ll-c1-fe-e6210aa470ff,AR,AR,ar_logformat_service,i2,1,letters,1,enacted,valid,exact_code,1.0,1.0,1.0,1
ar-ar_logformat_service-i2-ar-o1-ll-c1-fh-3539ac6c05f2,AR,AR,ar_logformat_service,i2,1,letters,1,hypothetical,valid,exact_code,1.0,1.0,1.0,0
ar-ar_logformat_service-i2-ar-o1-ln-c0-fe-fa3766ed04eb,AR,AR,ar_logformat_service,i2,1,numbers,0,enacted,valid,exact_code,1.0,1.0,1.0,1
ar-ar_logformat_service-i2-ar-o1-ln-c0-fh-5ea538d4b1d2,AR,AR,ar_logformat_service,i2,1,numbers,0,hypothetical,valid,exact_code,1.0,1.0,1.0,0
ar-ar_logformat_service-i2-ar-o1-ln-c1-fe-b99f0741d235,AR,AR,ar_logformat_service,i2,1,numbers,1,enacted,valid,exact_code,1.0,1.0,1.0,1
ar-ar_logformat_service-i2-ar-o1-ln-c1-fh-5338f28f87c4,AR,AR,ar_logformat_service,i2,1,numbers,1,hypothetical,valid,exact_code,1.0,1.0,1.0,0
ar-ar_logformat_service-i2-ro-o0-ll-c0-fx-8587d5d3258a,AR,RO,ar_logformat_service,i2,0,letters,0,,valid,exact_code,1.0,1.0,0.0,0
ar-ar_logformat_service-i2-ro-o0-ll-c1-fx-95e8fcc76684,AR,RO,ar_logformat_service,i2,0,letters,1,,valid,exact_code,0.0,0.0,1.0,0
ar-ar_logformat_service-i2-ro-o0-ln-c0-fx-852b54ee7eea,AR,RO,ar_logformat_service,i2,0,numbers,0,,valid,exact_code,1.0,1.0,0.0,0
ar-ar_logformat_service-i2-ro-o0-ln-c1-fx-532a50f0f8ab,AR,RO,ar_logformat_service,i2,0,numbers,1,,valid,exact_code,0.0,0.0,1.0,0
ar-ar_logformat_service-i2-ro-o1-ll-c0-fx-e37a2cb1c46b,AR,RO,ar_logformat_service,i2,1,letters,0,,valid,exact_code,1.0,1.0,1.0,0
ar-ar_logformat_service-i2-ro-o1-ll-c1-fx-50ed9735ee32,AR,RO,ar_logformat_service,i2,1,letters,1,,valid,exact_code,0.0,0.0,0.0,0
ar-ar_logformat_service-i2-ro-o1-ln-c0-fx-33f06651414e,AR,RO,ar_logformat_service,i2,1,numbers,0,,valid,exact_code,1.0,1.0,1.0,0
ar-ar_logformat_service-i2-ro-o1-ln-c1-fx-a2654c59fea2,AR,RO,ar_logformat_service,i2,1,numbers,1,,valid,exact_code,0.0,0.0,0.0,0
ar-ar_logformat_service-i3-ar-o0-ll-c0-fe-cbbffa96e1b5,AR,AR,ar_logformat_service,i3,0,letters,0,enacted,valid,exact_code,0.0,0.0,1.0,1
ar-ar_logformat_service-i3-ar-o0-ll-c0-fh-89e3eca79962,AR,AR,ar_logformat_service,i3,0,letters,0,hypothetical,valid,exact_code,0.0,0.0,1.0,0
ar-ar_logformat_service-i3-ar-o0-ll-c1-fe-06215cc92480,AR,AR,ar_logformat_service,i3,0,letters,1,enacted,valid,exact_code,0.0,0.0,1.0,1
ar-ar_logformat_service-i3-ar-o0-ll-c1-fh-4af5115edaca,AR,AR,ar_logformat_service,i3,0,letters,1,hypothetical,valid,exact_code,0.0,0.0,1.0,0
ar-ar_logformat_service-i3-ar-o0-ln-c0-fe-52bafd98af37,AR,AR,ar_logformat_service,i3,0,numbers,0,enacted,valid,exact_code,0.0,0.0,1.0,1
ar-ar_logformat_service-i3-ar-o0-ln-c0-fh-31d854e24e91,AR,AR,ar_logformat_service,i3,0,numbers,0,hypothetical,valid,exact_code,0.0,0.0,1.0,0
ar-ar_logformat_service-i3-ar-o0-ln-c1-fe-7a7f959761fb,AR,AR,ar_logformat_service,i3,0,numbers,1,enacted,valid,exact_code,0.0,0.0,1.0,1
ar-ar_logformat_service-i3-ar-o0-ln-c1-fh-7513e7753374,AR,AR,ar_logformat_service,i3,0,numbers,1,hypothetical,valid,exact_code,0.0,0.0,1.0,0
ar-ar_logformat_service-i3-ar-o1-ll-c0-fe-a26d6f585d44,AR,AR,ar_logformat_service,i3,1,letters,0,enacted,valid,exact_code,1.0,1.0,1.0,1
ar-ar_logformat_service-i3-ar-o1-ll-c0-fh-9747137af639,AR,AR,ar_logformat_service,i3,1,letters,0,hypothetical,valid,exact_code,1.0,1.0,1.0,0
ar-ar_logformat_service-i3-ar-o1-ll-c1-fe-0452e7cc2bb3,AR,AR,ar_logformat_service,i3,1,letters,1,enacted,valid,exact_code,1.0,1.0,1.0,1
ar-ar_logformat_service-i3-ar-o1-ll-c1-fh-7671c76e3671,AR,AR,ar_logformat_service,i3,1,letters,1,hypothetical,valid,exact_code,1.0,1.0,1.0,0
ar-ar_logformat_service-i3-ar-o1-ln-c0-fe-936c62113f06,AR,AR,ar_logformat_service,i3,1,numbers,0,enacted,valid,exact_code,1.0,1.0,1.0,1
ar-ar_logformat_service-i3-ar-o1-ln-c0-fh-f9ce54daba51,AR,AR,ar_logformat_service,i3,1,numbers,0,hypothetical,valid,exact_code,1.0,1.0,1.0,0
ar-ar_logformat_service-i3-ar-o1-ln-c1-fe-337c61fb3847,AR,AR,ar_logformat_service,i3,1,numbers,1,enacted,valid,exact_code,1.0,1.0,1.0,1
ar-ar_logformat_service-i3-ar-o1-ln-c1-fh-4d5ebe95cf8e,AR,AR,ar_logformat_service,i3,1,numbers,1,hypothetical,valid,exact_code,1.0,1.0,1.0,0
ar-ar_logformat_service-i3-ro-o0-ll-c0-fx-6f3c58e9e434,AR,RO,ar_logformat_service,i3,0,letters,0,,valid,exact_code,1.0,1.0,0.0,0
ar-ar_logformat_service-i3-ro-o0-ll-c1-fx-219db0f6af64,AR,RO,ar_logformat_service,i3,0,letters,1,,valid,exact_code,0.0,0.0,1.0,0
ar-ar_logformat_service-i3-ro-o0-ln-c0-fx-6a17b8486269,AR,RO,ar_logformat_service,i3,0,numbers,0,,valid,exact_code,1.0,1.0,0.0,0
ar-ar_logformat_service-i3-ro-o0-ln-c1-fx-985783295c7b,AR,RO,ar_logformat_service,i3,0,numbers,1,,valid,exact_code,0.0,0.0,1.0,0
ar-ar_logformat_service-i3-ro-o1-ll-c0-fx-c1943355d6c3,AR,RO,ar_logformat_service,i3,1,letters,0,,valid,exact_code,1.0,1.0,1.0,0
ar-ar_logformat_service-i3-ro-o1-ll-c1-fx-d08ed3988571,AR,RO,ar_logformat_service,i3,1,letters,1,,valid,exact_code,0.0,0.0,0.0,0
ar-ar_logformat_service-i3-ro-o1-ln-c0-fx-3fc2f0f6f4cd,AR,RO,ar_logformat_service,i3,1,numbers,0,,valid,exact_code,1.0,1.0,1.0,0
ar-ar_logformat_service-i3-ro-o1-ln-c1-fx-7d276d0bbf1f,AR,RO,ar_logformat_service,i3,1,numbers,1,,valid,exact_code,0.0,0.0,0.0,0
ar-ar_logformat_service-i4-ar-o0-ll-c0-fe-cf540553cd89,AR,AR,ar_logformat_service,i4,0,letters,0,enacted,valid,exact_code,0.0,0.0,1.0,1
ar-ar_logformat_service-i4-ar-o0-ll-c0-fh-f570c3819891,AR,AR,ar_logformat_service,i4,0,letters,0,hypothetical,valid,exact_code,0.0,0.0,1.0,0
ar-ar_logformat_service-i4-ar-o0-ll-c1-fe-2b9c16c2332e,AR,AR,ar_logformat_service,i4,0,letters,1,enacted,valid,exact_code,0.0,0.0,1.0,1
ar-ar_logformat_service-i4-ar-o0-ll-c1-fh-b8c29a2f37f6,AR,AR,ar_logformat_service,i4,0,letters,1,hypothetical,valid,exact_code,0.0,0.0,1.0,0
ar-ar_logformat_service-i4-ar-o0-ln-c0-fe-0e639098efbd,AR,AR,ar_logformat_service,i4,0,numbers,0,enacted,valid,exact_code,0.0,0.0,1.0,1
ar-ar_logformat_service-i4-ar-o0-ln-c0-fh-e59c8313062b,AR,AR,ar_logformat_service,i4,0,numbers,0,hypothetical,valid,exact_code,0.0,0.0,1.0,0
ar-ar_logformat_service-i4-ar-o0-ln-c1-fe-fbd73e1db339,AR,AR,ar_logformat_service,i4,0,numbers,1,enacted,valid,exact_code,0.0,0.0,1.0,1
ar-ar_logformat_service-i4-ar-o0-ln-c1-fh-739a7949d5f4,AR,AR,ar_logformat_service,i4,0,numbers,1,hypothetical,valid,exact_code,0.0,0.0,1.0,0
ar-ar_logformat_service-i4-ar-o1-ll-c0-fe-f87c061e1519,AR,AR,ar_logformat_service,i4,1,letters,0,enacted,valid,exact_code,1.0,1.0,1.0,1
ar-ar_logformat_service-i4-ar-o1-ll-c0-fh-d71cbd539052,AR,AR,ar_logformat_service,i4,1,letters,0,hypothetical,valid,exact_code,0.0,0.0,0.0,0
ar-ar_logformat_service-i4-ar-o1-ll-c1-fe-185646ef16df,AR,AR,ar_logformat_service,i4,1,letters,1,enacted,valid,exact_code,1.0,1.0,1.0,1
ar-ar_logformat_service-i4-ar-o1-ll-c1-fh-ec77837bd83f,AR,AR,ar_logformat_service,i4,1,letters,1,hypothetical,valid,exact_code,1.0,1.0,1.0,0
ar-ar_logformat_service-i4-ar-o1-ln-c0-fe-50566148aa7d,AR,AR,ar_logformat_service,i4,1,numbers,0,enacted,valid,exact_code,1.0,1.0,1.0,1
ar-ar_logformat_service-i4-ar-o1-ln-c0-fh-ca7759c85f92,AR,AR,ar_logformat_service,i4,1,numbers,0,hypothetical,valid,exact_code,1.0,1.0,1.0,0
ar-ar_logformat_service-i4-ar-o1-ln-c1-fe-34c591e4c0fa,AR,AR,ar_logformat_service,i4,1,numbers,1,enacted,valid,exact_code,1.0,1.0,1.0,1
ar-ar_logformat_service-i4-ar-o1-ln-c1-fh-530cdfdc1be8,AR,AR,ar_logformat_service,i4,1,numbers,1,hypothetical,valid,exact_code,1.0,1.0,1.0,0
ar-ar_logformat_service-i4-ro-o0-ll-c0-fx-5e2e1a8612be,AR,RO,ar_logformat_service,i4,0,letters,0,,valid,exact_code,1.0,1.0,0.0,0
ar-ar_logformat_service-i4-ro-o0-ll-c1-fx-52f954a6961d,AR,RO,ar_logformat_service,i4,0,letters,1,,valid,exact_code,0.0,0.0,1.0,0
ar-ar_logformat_service-i4-ro-o0-ln-c0-fx-774e0e5738e9,AR,RO,ar_logformat_service,i4,0,numbers,0,,valid,exact_code,1.0,1.0,0.0,0
ar-ar_logformat_service-i4-ro-o0-ln-c1-fx-5879bc37da4e,AR,RO,ar_logformat_service,i4,0,numbers,1,,valid,exact_code,0.0,0.0,1.0,0
ar-ar_logformat_service-i4-ro-o1-ll-c0-fx-f1567bfe8fe7,AR,RO,ar_logformat_service,i4,1,letters,0,,valid,exact_code,1.0,1.0,1.0,0
ar-ar_logformat_service-i4-ro-o1-ll-c1-fx-0f8b52a2ab19,AR,RO,ar_logformat_service,i4,1,letters,1,,valid,exact_code,0.0,0.0,0.0,0
ar-ar_logformat_service-i4-ro-o1-ln-c0-fx-c328b2f3789c,AR,RO,ar_logformat_service,i4,1,numbers,0,,valid,exact_code,1.0,1.0,1.0,0
ar-ar_logformat_service-i4-ro-o1-ln-c1-fx-a4f8d2e30e18,AR,RO,ar_logformat_service,i4,1,numbers,1,,valid,exact_code,0.0,0.0,0.0,0
ar-ar_naming_config-i0-ar-o0-ll-c0-fe-2f1f6ba335e9,AR,AR,ar_naming_config,i0,0,letters,0,enacted,valid,exact_code,0.0,0.0,1.0,1
ar-ar_naming_config-i0-ar-o0-ll-c0-fh-835ca1fe3007,AR,AR,ar_naming_config,i0,0,letters,0,hypothetical,valid,exact_code,0.0,0.0,1.0,0
ar-ar_naming_config-i0-ar-o0-ll-c1-fe-037356113a9a,AR,AR,ar_naming_config,i0,0,letters,1,enacted,valid,exact_code,0.0,0.0,1.0,1
ar-ar_naming_config-i0-ar-o0-ll-c1-fh-105c408117fd,AR,AR,ar_naming_config,i0,0,letters,1,hypothetical,valid,exact_code,0.0,0.0,1.0,0
ar-ar_naming_config-i0-ar-o0-ln-c0-fe-26f03fd6f55e,AR,AR,ar_naming_config,i0,0,numbers,0,enacted,valid,exact_code,0.0,0.0,1.0,1
ar-ar_naming_config-i0-ar-o0-ln-c0-fh-46faf74e336f,AR,AR,ar_naming_config,i0,0,numbers,0,hypothetical,valid,exact_code,0.0,0.0,1.0,0
ar-ar_naming_config-i0-ar-o0-ln-c1-fe-91afbd161dea,AR,AR,ar_naming_config,i0,0,numbers,1,enacted,valid,exact_code,0.0,0.0,1.0,1
ar-ar_naming_config-i0-ar-o0-ln-c1-fh-9d5c8e1e09ed,AR,AR,ar_naming_config,i0,0,numbers,1,hypothetical,valid,exact_code,0.0,0.0,1.0,0
ar-ar_naming_config-i0-ar-o1-ll-c0-fe-a553bf5d7d69,AR,AR,ar_naming_config,i0,1,letters,0,enacted,valid,exact_code,1.0,1.0,1.0,1
ar-ar_naming_config-i0-ar-o1-ll-c0-fh-d4fcbcc7c4a4,AR,AR,ar_naming_config,i0,1,letters,0,hypothetical,valid,exact_code,1.0,1.0,1.0,0
ar-ar_naming_config-i0-ar-o1-ll-c1-fe-f3be9997f6f1,AR,AR,ar_naming_config,i0,1,letters,1,enacted,valid,exact_code,1.0,1.0,1.0,1
ar-ar_naming_config-i0-ar-o1-ll-c1-fh-02ea26b0ff0f,AR,AR,ar_naming_config,i0,1,letters,1,hypothetical,valid,exact_code,1.0,1.0,1.0,0
ar-ar_naming_config-i0-ar-o1-ln-c0-fe-31ca28347ccc,AR,AR,ar_naming_config,i0,1,numbers,0,enacted,valid,exact_code,1.0,1.0,1.0,1
ar-ar_naming_config-i0-ar-o1-ln-c0-fh-0821252bcb6e,AR,AR,ar_naming_config,i0,1,numbers,0,hypothetical,valid,exact_code,1.0,1.0,1.0,0
ar-ar_naming_config-i0-ar-o1-ln-c1-fe-cc4cf616e0c0,AR,AR,ar_naming_config,i0,1,numbers,1,enacted,valid,exact_code,1.0,1.0,1.0,1
ar-ar_naming_config-i0-ar-o1-ln-c1-fh-c3f9e96885c9,AR,AR,ar_naming_config,i0,1,numbers,1,hypothetical,valid,exact_code,1.0,1.0,1.0,0
ar-ar_naming_config-i0-ro-o0-ll-c0-fx-f516dcc56620,AR,RO,ar_naming_config,i0,0,letters,0,,valid,exact_code,1.0,1.0,0.0,0
ar-ar_naming_config-i0-ro-o0-ll-c1-fx-6a7b567d957c,AR,RO,ar_naming_config,i0,0,letters,1,,valid,exact_code,0.0,0.0,1.0,0
ar-ar_naming_config-i0-ro-o0-ln-c0-fx-d34193ffb408,AR,RO,ar_naming_config,i0,0,numbers,0,,valid,exact_code,1.0,1.0,0.0,0
ar-ar_naming_config-i0-ro-o0-ln-c1-fx-ee8e68c15946,AR,RO,ar_naming_config,i0,0,numbers,1,,valid,exact_code,0.0,0.0,1.0,0
ar-ar_naming_config-i0-ro-o1-ll-c0-fx-322ac9160980,AR,RO,ar_naming_config,i0,1,letters,0,,valid,exact_code,1.0,1.0,1.0,0
ar-ar_naming_config-i0-ro-o1-ll-c1-fx-e1cb7157d514,AR,RO,ar_naming_config,i0,1,letters,1,,valid,exact_code,0.0,0.0,0.0,0
ar-ar_naming_config-i0-ro-o1-ln-c0-fx-c591c82e13b8,AR,RO,ar_naming_config,i0,1,numbers,0,,valid,exact_code,1.0,1.0,1.0,0
ar-ar_naming_config-i0-ro-o1-ln-c1-fx-d90c9cef94f5,AR,RO,ar_naming_config,i0,1,numbers,1,,valid,exact_code,0.0,0.0,0.0,0
ar-ar_naming_config-i1-ar-o0-ll-c0-fe-0b76166e0546,AR,AR,ar_naming_config,i1,0,letters,0,enacted,valid,exact_code,0.0,0.0,1.0,1
ar-ar_naming_config-i1-ar-o0-ll-c0-fh-cce8aee90446,AR,AR,ar_naming_config,i1,0,letters,0,hypothetical,valid,exact_code,0.0,0.0,1.0,0
ar-ar_naming_config-i1-ar-o0-ll-c1-fe-663347433e99,AR,AR,ar_naming_config,i1,0,letters,1,enacted,valid,exact_code,0.0,0.0,1.0,1
ar-ar_naming_config-i1-ar-o0-ll-c1-fh-7458cb9aa4fe,AR,AR,ar_naming_config,i1,0,letters,1,hypothetical,valid,exact_code,0.0,0.0,1.0,0
ar-ar_naming_config-i1-ar-o0-ln-c0-fe-eb421ad1237a,AR,AR,ar_naming_config,i1,0,numbers,0,enacted,valid,exact_code,0.0,0.0,1.0,1
ar-ar_naming_config-i1-ar-o0-ln-c0-fh-21e41153ed3f,AR,AR,ar_naming_config,i1,0,numbers,0,hypothetical,valid,exact_code,0.0,0.0,1.0,0
ar-ar_naming_config-i1-ar-o0-ln-c1-fe-699333f919f6,AR,AR,ar_naming_config,i1,0,numbers,1,enacted,valid,exact_code,0.0,0.0,1.0,1
ar-ar_naming_config-i1-ar-o0-ln-c1-fh-d4cb82533488,AR,AR,ar_naming_config,i1,0,numbers,1,hypothetical,valid,exact_code,0.0,0.0,1.0,0
ar-ar_naming_config-i1-ar-o1-ll-c0-fe-bcc88e20fd63,AR,AR,ar_naming_config,i1,1,letters,0,enacted,valid,exact_code,1.0,1.0,1.0,1
ar-ar_naming_config-i1-ar-o1-ll-c0-fh-799d717641a1,AR,AR,ar_naming_config,i1,1,letters,0,hypothetical,valid,exact_code,1.0,1.0,1.0,0
ar-ar_naming_config-i1-ar-o1-ll-c1-fe-07b6a483fe08,AR,AR,ar_naming_config,i1,1,letters,1,enacted,valid,exact_code,1.0,1.0,1.0,1
ar-ar_naming_config-i1-ar-o1-ll-c1-fh-f78f2088e099,AR,AR,ar_naming_config,i1,1,letters,1,hypothetical,valid,exact_code,1.0,1.0,1.0,0
ar-ar_naming_config-i1-ar-o1-ln-c0-fe-e5099554147a,AR,AR,ar_naming_config,i1,1,numbers,0,enacted,valid,exact_code,1.0,1.0,1.0,1
ar-ar_naming_config-i1-ar-o1-ln-c0-fh-f7b5428e5ee9,AR,AR,ar_naming_config,i1,1,numbers,0,hypothetical,valid,exact_code,1.0,1.0,1.0,0
ar-ar_naming_config-i1-ar-o1-ln-c1-fe-4fc457c6068e,AR,AR,ar_naming_config,i1,1,numbers,1,enacted,valid,exact_code,1.0,1.0,1.0,1
ar-ar_naming_config-i1-ar-o1-ln-c1-fh-0d3b981284dc,AR,AR,ar_naming_config,i1,1,numbers,1,hypothetical,valid,exact_code,1.0,1.0,1.0,0
ar-ar_naming_config-i1-ro-o0-ll-c0-fx-3793fc9d203a,AR,RO,ar_naming_config,i1,0,letters,0,,valid,exact_code,1.0,1.0,0.0,0
ar-ar_naming_config-i1-ro-o0-ll-c1-fx-951a7d51d02d,AR,RO,ar_naming_config,i1,0,letters,1,,valid,exact_code,0.0,0.0,1.0,0
ar-ar_naming_config-i1-ro-o0-ln-c0-fx-5deb73e15fd3,AR,RO,ar_naming_config,i1,0,numbers,0,,valid,exact_code,1.0,1.0,0.0,0
ar-ar_naming_config-i1-ro-o0-ln-c1-fx-4419287a0126,AR,RO,ar_naming_config,i1,0,numbers,1,,valid,exact_code,0.0,0.0,1.0,0
ar-ar_naming_config-i1-ro-o1-ll-c0-fx-4b476dc8d26c,AR,RO,ar_naming_config,i1,1,letters,0,,valid,exact_code,1.0,1.0,1.0,0
ar-ar_naming_config-i1-ro-o1-ll-c1-fx-8053e0d4ead9,AR,RO,ar_naming_config,i1,1,letters,1,,valid,exact_code,0.0,0.0,0.0,0
ar-ar_naming_config-i1-ro-o1-ln-c0-fx-bbe34b9b9c22,AR,RO,ar_naming_config,i1,1,numbers,0,,valid,exact_code,1.0,1.0,1.0,0
ar-ar_naming_config-i1-ro-o1-ln-c1-fx-fea22dfccb87,AR,RO,ar_naming_config,i1,1,numbers,1,,valid,exact_code,0.0,0.0,0.0,0
ar-ar_naming_config-i2-ar-o0-ll-c0-fe-ee653bb61e47,AR,AR,ar_naming_config,i2,0,letters,0,enacted,valid,exact_code,0.0,0.0,1.0,1
ar-ar_naming_config-i2-ar-o0-ll-c0-fh-7deafcad4b7f,AR,AR,ar_naming_config,i2,0,letters,0,hypothetical,valid,exact_code,0.0,0.0,1.0,0
ar-ar_naming_config-i2-ar-o0-ll-c1-fe-a899278c0395,AR,AR,ar_naming_config,i2,0,letters,1,enacted,valid,exact_code,0.0,0.0,1.0,1
ar-ar_naming_config-i2-ar-o0-ll-c1-fh-059ee71c2d07,AR,AR,ar_naming_config,i2,0,letters,1,hypothetical,valid,exact_code,0.0,0.0,1.0,0
ar-ar_naming_config-i2-ar-o0-ln-c0-fe-3e26199a299f,AR,AR,ar_naming_config,i2,0,numbers,0,enacted,valid,exact_code,0.0,0.0,1.0,1
ar-ar_naming_config-i2-ar-o0-ln-c0-fh-f1c52a83a47e,AR,AR,ar_naming_config,i2,0,numbers,0,hypothetical,valid,exact_code,0.0,0.0,1.0,0
ar-ar_naming_config-i2-ar-o0-ln-c1-fe-b20fcffccfcd,AR,AR,ar_naming_config,i2,0,numbers,1,enacted,valid,exact_code,0.0,0.0,1.0,1
ar-ar_naming_config-i2-ar-o0-ln-c1-fh-85a1633b6b05,AR,AR,ar_naming_config,i2,0,numbers,1,hypothetical,valid,exact_code,0.0,0.0,1.0,0
ar-ar_naming_config-i2-ar-o1-ll-c0-fe-5e12580ffd3e,AR,AR,ar_naming_config,i2,1,letters,0,enacted,valid,exact_code,1.0,1.0,1.0,1
ar-ar_naming_config-i2-ar-o1-ll-c0-fh-3040129f8b69,AR,AR,ar_naming_config,i2,1,letters,0,hypothetical,valid,exact_code,1.0,1.0,1.0,0
ar-ar_naming_config-i2-ar-o1-ll-c1-fe-f6687d7e89f3,AR,AR,ar_naming_config,i2,1,letters,1,enacted,valid,exact_code,1.0,1.0,1.0,1
ar-ar_naming_config-i2-ar-o1-ll-c1-fh-647cba8385be,AR,AR,ar_naming_config,i2,1,letters,1,hypothetical,valid,exact_code,1.0,1.0,1.0,0
ar-ar_naming_config-i2-ar-o1-ln-c0-fe-37f36b76fe43,AR,AR,ar_naming_config,i2,1,numbers,0,enacted,valid,exact_code,1.0,1.0,1.0,1
ar-ar_naming_config-i2-ar-o1-ln-c0-fh-cd134a9fec83,AR,AR,ar_naming_config,i2,1,numbers,0,hypothetical,valid,exact_code,1.0,1.0,1.0,0
ar-ar_naming_config-i2-ar-o1-ln-c1-fe-1bc9ea70d8d8,AR,AR,ar_naming_config,i2,1,numbers,1,enacted,valid,exact_code,1.0,1.0,1.0,1
ar-ar_naming_config-i2-ar-o1-ln-c1-fh-f43e72bf10be,AR,AR,ar_naming_config,i2,1,numbers,1,hypothetical,valid,exact_code,1.0,1.0,1.0,0
ar-ar_naming_config-i2-ro-o0-ll-c0-fx-79d3140b905c,AR,RO,ar_naming_config,i2,0,letters,0,,valid,exact_code,1.0,1.0,0.0,0
ar-ar_naming_config-i2-ro-o0-ll-c1-fx-3913fa91f2bc,AR,RO,ar_naming_config,i2,0,letters,1,,valid,exact_code,0.0,0.0,1.0,0
ar-ar_naming_config-i2-ro-o0-ln-c0-fx-e61d4a34155b,AR,RO,ar_naming_config,i2,0,numbers,0,,valid,exact_code,1.0,1.0,0.0,0
ar-ar_naming_config-i2-ro-o0-ln-c1-fx-598a2cd70d2f,AR,RO,ar_naming_config,i2,0,numbers,1,,valid,exact_code,0.0,0.0,1.0,0
ar-ar_naming_config-i2-ro-o1-ll-c0-fx-01cf0af1a3c2,AR,RO,ar_naming_config,i2,1,letters,0,,valid,exact_code,1.0,1.0,1.0,0
ar-ar_naming_config-i2-ro-o1-ll-c1-fx-532604a24213,AR,RO,ar_naming_config,i2,1,letters,1,,valid,exact_code,0.0,0.0,0.0,0
ar-ar_naming_config-i2-ro-o1-ln-c0-fx-ccdc6dad3440,AR,RO,ar_naming_config,i2,1,numbers,0,,valid,exact_code,1.0,1.0,1.0,0
ar-ar_naming_config-i2-ro-o1-ln-c1-fx-3ca2bc647421,AR,RO,ar_naming_config,i2,1,numbers,1,,valid,exact_code,0.0,0.0,0.0,0
ar-ar_naming_config-i3-ar-o0-ll-c0-fe-b149dc49f508,AR,AR,ar_naming_config,i3,0,letters,0,enacted,valid,exact_code,0.0,0.0,1.0,1
ar-ar_naming_config-i3-ar-o0-ll-c0-fh-250150d64fc7,AR,AR,ar_naming_config,i3,0,letters,0,hypothetical,valid,exact_code,0.0,0.0,1.0,0
ar-ar_naming_config-i3-ar-o0-ll-c1-fe-5fc1d9d3317a,AR,AR,ar_naming_config,i3,0,letters,1,enacted,valid,exact_code,0.0,0.0,1.0,1
ar-ar_naming_config-i3-ar-o0-ll-c1-fh-a73049902e30,AR,AR,ar_naming_config,i3,0,letters,1,hypothetical,valid,exact_code,0.0,0.0,1.0,0
ar-ar_naming_config-i3-ar-o0-ln-c0-fe-416c5067a092,AR,AR,ar_naming_config,i3,0,numbers,0,enacted,valid,exact_code,0.0,0.0,1.0,1
ar-ar_naming_config-i3-ar-o0-ln-c0-fh-81c022991088,AR,AR,ar_naming_config,i3,0,numbers,0,hypothetical,valid,exact_code,0.0,0.0,1.0,0
ar-ar_naming_config-i3-ar-o0-ln-c1-fe-d622ef382e93,AR,AR,ar_naming_config,i3,0,numbers,1,enacted,valid,exact_code,0.0,0.0,1.0,1
ar-ar_naming_config-i3-ar-o0-ln-c1-fh-64496f583c82,AR,AR,ar_naming_config,i3,0,numbers,1,hypothetical,valid,exact_code,0.0,0.0,1.0,0
ar-ar_naming_config-i3-ar-o1-ll-c0-fe-6365377cbf5b,AR,AR,ar_naming_config,i3,1,letters,0,enacted,valid,exact_code,1.0,1.0,1.0,1
ar-ar_naming_config-i3-ar-o1-ll-c0-fh-b1817f7b0880,AR,AR,ar_naming_config,i3,1,letters,0,hypothetical,valid,exact_code,1.0,1.0,1.0,0
ar-ar_naming_config-i3-ar-o1-ll-c1-fe-16ce01c806c5,AR,AR,ar_naming_config,i3,1,letters,1,enacted,valid,exact_code,1.0,1.0,1.0,1
ar-ar_naming_config-i3-ar-o1-ll-c1-fh-de993bd762ab,AR,AR,ar_naming_config,i3,1,letters,1,hypothetical,valid,exact_code,1.0,1.0,1.0,0
ar-ar_naming_config-i3-ar-o1-ln-c0-fe-86b626576691,AR,AR,ar_naming_config,i3,1,numbers,0,enacted,valid,exact_code,1.0,1.0,1.0,1
ar-ar_naming_config-i3-ar-o1-ln-c0-fh-52c77cfe4906,AR,AR,ar_naming_config,i3,1,numbers,0,hypothetical,valid,exact_code,1.0,1.0,1.0,0
ar-ar_naming_config-i3-ar-o1-ln-c1-fe-41f51064ec4f,AR,AR,ar_naming_config,i3,1,numbers,1,enacted,valid,exact_code,1.0,1.0,1.0,1
ar-ar_naming_config-i3-ar-o1-ln-c1-fh-25c4ba31416a,AR,AR,ar_naming_config,i3,1,numbers,1,hypothetical,valid,exact_code,1.0,1.0,1.0,0
ar-ar_naming_config-i3-ro-o0-ll-c0-fx-e25063fbe758,AR,RO,ar_naming_config,i3,0,letters,0,,valid,exact_code,1.0,1.0,0.0,0
ar-ar_naming_config-i3-ro-o0-ll-c1-fx-72b14f34c20b,AR,RO,ar_naming_config,i3,0,letters,1,,valid,exact_code,0.0,0.0,1.0,0
ar-ar_naming_config-i3-ro-o0-ln-c0-fx-edfafb37135e,AR,RO,ar_naming_config,i3,0,numbers,0,,valid,exact_code,1.0,1.0,0.0,0
ar-ar_naming_config-i3-ro-o0-ln-c1-fx-a3644dff8d24,AR,RO,ar_naming_config,i3,0,numbers,1,,valid,exact_code,0.0,0.0,1.0,0
ar-ar_naming_config-i3-ro-o1-ll-c0-fx-439a3fdc6f4a,AR,RO,ar_naming_config,i3,1,letters,0,,valid,exact_code,1.0,1.0,1.0,0
ar-ar_naming_config-i3-ro-o1-ll-c1-fx-02ae9046f37c,AR,RO,ar_naming_config,i3,1,letters,1,,valid,exact_code,0.0,0.0,0.0,0
ar-ar_naming_config-i3-ro-o1-ln-c0-fx-443b3da6369e,AR,RO,ar_naming_config,i3,1,numbers,0,,valid,exact_code,1.0,1.0,1.0,0
ar-ar_naming_config-i3-ro-o1-ln-c1-fx-624ae7b5ffaa,AR,RO,ar_naming_config,i3,1,numbers,1,,valid,exact_code,0.0,0.0,0.0,0
ar-ar_naming_config-i4-ar-o0-ll-c0-fe-bf46fb1d016f,AR,AR,ar_naming_config,i4,0,letters,0,enacted,valid,exact_code,0.0,0.0,1.0,1
ar-ar_naming_config-i4-ar-o0-ll-c0-fh-f7bbb5331e62,AR,AR,ar_naming_config,i4,0,letters,0,hypothetical,valid,exact_code,0.0,0.0,1.0,0
ar-ar_naming_config-i4-ar-o0-ll-c1-fe-7c44d94d56ff,AR,AR,ar_naming_config,i4,0,letters,1,enacted,valid,exact_code,0.0,0.0,1.0,1
ar-ar_naming_config-i4-ar-o0-ll-c1-fh-fd8608a97af1,AR,AR,ar_naming_config,i4,0,letters,1,hypothetical,valid,exact_code,0.0,0.0,1.0,0
ar-ar_naming_config-i4-ar-o0-ln-c0-fe-13eada4a4246,AR,AR,ar_naming_config,i4,0,numbers,0,enacted,valid,exact_code,0.0,0.0,1.0,1
ar-ar_naming_config-i4-ar-o0-ln-c0-fh-8d5e47577d95,AR,AR,ar_naming_config,i4,0,numbers,0,hypothetical,valid,exact_code,0.0,0.0,1.0,0
ar-ar_naming_config-i4-ar-o0-ln-c1-fe-d8a46e109a2b,AR,AR,ar_naming_config,i4,0,numbers,1,enacted,valid,exact_code,0.0,0.0,1.0,1
ar-ar_naming_config-i4-ar-o0-ln-c1-fh-86df8d3b7670,AR,AR,ar_naming_config,i4,0,numbers,1,hypothetical,valid,exact_code,0.0,0.0,1.0,0
ar-ar_naming_config-i4-ar-o1-ll-c0-fe-f2abe92653d2,AR,AR,ar_naming_config,i4,1,letters,0,enacted,valid,exact_code,1.0,1.0,1.0,1
ar-ar_naming_config-i4-ar-o1-ll-c0-fh-3fb836e7bf6a,AR,AR,ar_naming_config,i4,1,letters,0,hypothetical,valid,exact_code,1.0,1.0,1.0,0
ar-ar_naming_config-i4-ar-o1-ll-c1-fe-56bc6a029ee0,AR,AR,ar_naming_config,i4,1,letters,1,enacted,valid,exact_code,1.0,1.0,1.0,1
ar-ar_naming_config-i4-ar-o1-ll-c1-fh-cc627a0d4fee,AR,AR,ar_naming_config,i4,1,letters,1,hypothetical,valid,exact_code,1.0,1.0,1.0,0
ar-ar_naming_config-i4-ar-o1-ln-c0-fe-deb8a49d59c3,AR,AR,ar_naming_config,i4,1,numbers,0,enacted,valid,exact_code,1.0,1.0,1.0,1
ar-ar_naming_config-i4-ar-o1-ln-c0-fh-73160be6a344,AR,AR,ar_naming_config,i4,1,numbers,0,hypothetical,valid,exact_code,1.0,1.0,1.0,0
ar-ar_naming_config-i4-ar-o1-ln-c1-fe-61da32d0b4d1,AR,AR,ar_naming_config,i4,1,numbers,1,enacted,valid,exact_code,1.0,1.0,1.0,1
ar-ar_naming_config-i4-ar-o1-ln-c1-fh-5078cabcad0e,AR,AR,ar_naming_config,i4,1,numbers,1,hypothetical,valid,exact_code,1.0,1.0,1.0,0
ar-ar_naming_config-i4-ro-o0-ll-c0-fx-b12bf0134d92,AR,RO,ar_naming_config,i4,0,letters,0,,valid,exact_code,1.0,1.0,0.0,0
ar-ar_naming_config-i4-ro-o0-ll-c1-fx-4c9f9a18e2e6,AR,RO,ar_naming_config,i4,0,letters,1,,valid,exact_code,0.0,0.0,1.0,0
ar-ar_naming_config-i4-ro-o0-ln-c0-fx-627e4bafca15,AR,RO,ar_naming_config,i4,0,numbers,0,,valid,exact_code,1.0,1.0,0.0,0
ar-ar_naming_config-i4-ro-o0-ln-c1-fx-7ede0aac610f,AR,RO,ar_naming_config,i4,0,numbers,1,,valid,exact_code,0.0,0.0,1.0,0
ar-ar_naming_config-i4-ro-o1-ll-c0-fx-3568135879e4,AR,RO,ar_naming_config,i4,1,letters,0,,valid,exact_code,1.0,1.0,1.0,0
ar-ar_naming_config-i4-ro-o1-ll-c1-fx-4ac3b2a14baf,AR,RO,ar_naming_config,i4,1,letters,1,,valid,exact_code,0.0,0.0,0.0,0
ar-ar_naming_config-i4-ro-o1-ln-c0-fx-f94e3cd75379,AR,RO,ar_naming_config,i4,1,numbers,0,,valid,exact_code,1.0,1.0,1.0,0
ar-ar_naming_config-i4-ro-o1-ln-c1-fx-0e064e5e7a51,AR,RO,ar_naming_config,i4,1,numbers,1,,valid,exact_code,0.0,0.0,0.0,0
ar-ar_naming_parser-i0-ar-o0-ll-c0-fe-034c8af222f9,AR,AR,ar_naming_parser,i0,0,letters,0,enacted,valid,exact_code,0.0,0.0,1.0,1
ar-ar_naming_parser-i0-ar-o0-ll-c0-fh-6ae3af2f5621,AR,AR,ar_naming_parser,i0,0,letters,0,hypothetical,valid,exact_code,0.0,0.0,1.0,0
ar-ar_naming_parser-i0-ar-o0-ll-c1-fe-b8cf37de1a1c,AR,AR,ar_naming_parser,i0,0,letters,1,enacted,valid,exact_code,0.0,0.0,1.0,1
ar-ar_naming_parser-i0-ar-o0-ll-c1-fh-c6b3a795f3f0,AR,AR,ar_naming_parser,i0,0,letters,1,hypothetical,valid,exact_code,0.0,0.0,1.0,0
ar-ar_naming_parser-i0-ar-o0-ln-c0-fe-5a1322fd647c,AR,AR,ar_naming_parser,i0,0,numbers,0,enacted,valid,exact_code,0.0,0.0,1.0,1
ar-ar_naming_parser-i0-ar-o0-ln-c0-fh-053e93816ae1,AR,AR,ar_naming_parser,i0,0,numbers,0,hypothetical,valid,exact_code,0.0,0.0,1.0,0
ar-ar_naming_parser-i0-ar-o0-ln-c1-fe-d33fc3582768,AR,AR,ar_naming_parser,i0,0,numbers,1,enacted,valid,exact_code,0.0,0.0,1.0,1
ar-ar_naming_parser-i0-ar-o0-ln-c1-fh-47ff114ee073,AR,AR,ar_naming_parser,i0,0,numbers,1,hypothetical,valid,exact_code,0.0,0.0,1.0,0
ar-ar_naming_parser-i0-ar-o1-ll-c0-fe-716838c41df4,AR,AR,ar_naming_parser,i0,1,letters,0,enacted,valid,exact_code,1.0,1.0,1.0,1
ar-ar_naming_parser-i0-ar-o1-ll-c0-fh-7ee744f6d4b0,AR,AR,ar_naming_parser,i0,1,letters,0,hypothetical,valid,exact_code,1.0,1.0,1.0,0
ar-ar_naming_parser-i0-ar-o1-ll-c1-fe-1d85e71b93c3,AR,AR,ar_naming_parser,i0,1,letters,1,enacted,valid,exact_code,1.0,1.0,1.0,1
ar-ar_naming_parser-i0-ar-o1-ll-c1-fh-9a0c56b5bf7b,AR,AR,ar_naming_parser,i0,1,letters,1,hypothetical,valid,exact_code,1.0,1.0,1.0,0
ar-ar_naming_parser-i0-ar-o1-ln-c0-fe-04ce00a8964c,AR,AR,ar_naming_parser,i0,1,numbers,0,enacted,valid,exact_code,1.0,1.0,1.0,1
ar-ar_naming_parser-i0-ar-o1-ln-c0-fh-673b989e76df,AR,AR,ar_naming_parser,i0,1,numbers,0,hypothetical,valid,exact_code,1.0,1.0,1.0,0
ar-ar_naming_parser-i0-ar-o1-ln-c1-fe-1cb5ddee463f,AR,AR,ar_naming_parser,i0,1,numbers,1,enacted,valid,exact_code,1.0,1.0,1.0,1
ar-ar_naming_parser-i0-ar-o1-ln-c1-fh-ae5e3973325a,AR,AR,ar_naming_parser,i0,1,numbers,1,hypothetical,valid,exact_code,1.0,1.0,1.0,0
ar-ar_naming_parser-i0-ro-o0-ll-c0-fx-d43d58e8ca69,AR,RO,ar_naming_parser,i0,0,letters,0,,valid,exact_code,1.0,1.0,0.0,0
ar-ar_naming_parser-i0-ro-o0-ll-c1-fx-66f4b9705df3,AR,RO,ar_naming_parser,i0,0,letters,1,,valid,exact_code,0.0,0.0,1.0,0
ar-ar_naming_parser-i0-ro-o0-ln-c0-fx-114a1d8f8067,AR,RO,ar_naming_parser,i0,0,numbers,0,,valid,exact_code,1.0,1.0,0.0,0
ar-ar_naming_parser-i0-ro-o0-ln-c1-fx-07005e637e29,AR,RO,ar_naming_parser,i0,0,numbers,1,,valid,exact_code,0.0,0.0,1.0,0
ar-ar_naming_parser-i0-ro-o1-ll-c0-fx-6d9a5bca3855,AR,RO,ar_naming_parser,i0,1,letters,0,,valid,exact_code,1.0,1.0,1.0,0
ar-ar_naming_parser-i0-ro-o1-ll-c1-fx-4bfe2eee7f5d,AR,RO,ar_naming_parser,i0,1,letters,1,,valid,exact_code,0.0,0.0,0.0,0
ar-ar_naming_parser-i0-ro-o1-ln-c0-fx-d7006f04ceea,AR,RO,ar_naming_parser,i0,1,numbers,0,,valid,exact_code,1.0,1.0,1.0,0
ar-ar_naming_parser-i0-ro-o1-ln-c1-fx-2b139eff5277,AR,RO,ar_naming_parser,i0,1,numbers,1,,valid,exact_code,0.0,0.0,0.0,0
ar-ar_naming_parser-i1-ar-o0-ll-c0-fe-a130c8f80514,AR,AR,ar_naming_parser,i1,0,letters,0,enacted,valid,exact_code,0.0,0.0,1.0,1
ar-ar_naming_parser-i1-ar-o0-ll-c0-fh-9c32705259c7,AR,AR,ar_naming_parser,i1,0,letters,0,hypothetical,valid,exact_code,0.0,0.0,1.0,0
ar-ar_naming_parser-i1-ar-o0-ll-c1-fe-852879a0480a,AR,AR,ar_naming_parser,i1,0,letters,1,enacted,valid,exact_code,0.0,0.0,1.0,1
ar-ar_naming_parser-i1-ar-o0-ll-c1-fh-a3879fb385af,AR,AR,ar_naming_parser,i1,0,letters,1,hypothetical,valid,exact_code,0.0,0.0,1.0,0
ar-ar_naming_parser-i1-ar-o0-ln-c0-fe-94a3f5ebbeee,AR,AR,ar_naming_parser,i1,0,numbers,0,enacted,valid,exact_code,0.0,0.0,1.0,1
ar-ar_naming_parser-i1-ar-o0-ln-c0-fh-3b0d57ae320f,AR,AR,ar_naming_parser,i1,0,numbers,0,hypothetical,valid,exact_code,0.0,0.0,1.0,0
ar-ar_naming_parser-i1-ar-o0-ln-c1-fe-1508698b4678,AR,AR,ar_naming_parser,i1,0,numbers,1,enacted,valid,exact_code,0.0,0.0,1.0,1
ar-ar_naming_parser-i1-ar-o0-ln-c1-fh-b48f9bc898aa,AR,AR,ar_naming_parser,i1,0,numbers,1,hypothetical,valid,exact_code,0.0,0.0,1.0,0
ar-ar_naming_parser-i1-ar-o1-ll-c0-fe-673a5da82c56,AR,AR,ar_naming_parser,i1,1,letters,0,enacted,valid,exact_code,1.0,1.0,1.0,1
ar-ar_naming_parser-i1-ar-o1-ll-c0-fh-44b95c7875b7,AR,AR,ar_naming_parser,i1,1,letters,0,hypothetical,valid,exact_code,1.0,1.0,1.0,0
ar-ar_naming_parser-i1-ar-o1-ll-c1-fe-1c6647186c78,AR,AR,ar_naming_parser,i1,1,letters,1,enacted,valid,exact_code,1.0,1.0,1.0,1
ar-ar_naming_parser-i1-ar-o1-ll-c1-fh-51120618e5da,AR,AR,ar_naming_parser,i1,1,letters,1,hypothetical,valid,exact_code,1.0,1.0,1.0,0
ar-ar_naming_parser-i1-ar-o1-ln-c0-fe-c7aa157f0d37,AR,AR,ar_naming_parser,i1,1,numbers,0,enacted,valid,exact_code,1.0,1.0,1.0,1
ar-ar_naming_parser-i1-ar-o1-ln-c0-fh-fe65b57056f1,AR,AR,ar_naming_parser,i1,1,numbers,0,hypothetical,valid,exact_code,1.0,1.0,1.0,0
ar-ar_naming_parser-i1-ar-o1-ln-c1-fe-3fb909f5ad9f,AR,AR,ar_naming_parser,i1,1,numbers,1,enacted,valid,exact_code,1.0,1.0,1.0,1
ar-ar_naming_parser-i1-ar-o1-ln-c1-fh-e7b86fd333d2,AR,AR,ar_naming_parser,i1,1,numbers,1,hypothetical,valid,exact_code,1.0,1.0,1.0,0
ar-ar_naming_parser-i1-ro-o0-ll-c0-fx-535aae2ce30a,AR,RO,ar_naming_parser,i1,0,letters,0,,valid,exact_code,1.0,1.0,0.0,0
ar-ar_naming_parser-i1-ro-o0-ll-c1-fx-0af68cd57835,AR,RO,ar_naming_parser,i1,0,letters,1,,valid,exact_code,0.0,0.0,1.0,0
ar-ar_naming_parser-i1-ro-o0-ln-c0-fx-093b8196cb60,AR,RO,ar_naming_parser,i1,0,numbers,0,,valid,exact_code,1.0,1.0,0.0,0
ar-ar_naming_parser-i1-ro-o0-ln-c1-fx-56aa1454a809,AR,RO,ar_naming_parser,i1,0,numbers,1,,valid,exact_code,0.0,0.0,1.0,0
ar-ar_naming_parser-i1-ro-o1-ll-c0-fx-6c23495a2319,AR,RO,ar_naming_parser,i1,1,letters,0,,valid,exact_code,1.0,1.0,1.0,0
ar-ar_naming_parser-i1-ro-o1-ll-c1-fx-5145edebfd31,AR,RO,ar_naming_parser,i1,1,letters,1,,valid,exact_code,0.0,0.0,0.0,0
ar-ar_naming_parser-i1-ro-o1-ln-c0-fx-abc4d56f049a,AR,RO,ar_naming_parser,i1,1,numbers,0,,valid,exact_code,1.0,1.0,1.0,0
ar-ar_naming_parser-i1-ro-o1-ln-c1-fx-0f86d12ce1ab,AR,RO,ar_naming_parser,i1,1,numbers,1,,valid,exact_code,0.0,0.0,0.0,0
ar-ar_naming_parser-i2-ar-o0-ll-c0-fe-d5ac42bca8fe,AR,AR,ar_naming_parser,i2,0,letters,0,enacted,valid,exact_code,0.0,0.0,1.0,1
ar-ar_naming_parser-i2-ar-o0-ll-c0-fh-a5b1c7d18cd1,AR,AR,ar_naming_parser,i2,0,letters,0,hypothetical,valid,exact_code,0.0,0.0,1.0,0
ar-ar_naming_parser-i2-ar-o0-ll-c1-fe-f3328c787a72,AR,AR,ar_naming_parser,i2,0,letters,1,enacted,valid,exact_code,0.0,0.0,1.0,1
ar-ar_naming_parser-i2-ar-o0-ll-c1-fh-d2b3f47924f6,AR,AR,ar_naming_parser,i2,0,letters,1,hypothetical,valid,exact_code,0.0,0.0,1.0,0
ar-ar_naming_parser-i2-ar-o0-ln-c0-fe-6ba4b04af74c,AR,AR,ar_naming_parser,i2,0,numbers,0,enacted,valid,exact_code,0.0,0.0,1.0,1
ar-ar_naming_parser-i2-ar-o0-ln-c0-fh-307e0b5ac9dd,AR,AR,ar_naming_parser,i2,0,numbers,0,hypothetical,valid,exact_code,0.0,0.0,1.0,0
ar-ar_naming_parser-i2-ar-o0-ln-c1-fe-0311714c47a2,AR,AR,ar_naming_parser,i2,0,numbers,1,enacted,valid,exact_code,0.0,0.0,1.0,1
ar-ar_naming_parser-i2-ar-o0-ln-c1-fh-e9ab4b8c3c71,AR,AR,ar_naming_parser,i2,0,numbers,1,hypothetical,valid,exact_code,0.0,0.0,1.0,0
ar-ar_naming_parser-i2-ar-o1-ll-c0-fe-96c074a04d2a,AR,AR,ar_naming_parser,i2,1,letters,0,enacted,valid,exact_code,1.0,1.0,1.0,1
ar-ar_naming_parser-i2-ar-o1-ll-c0-fh-2dd49636b431,AR,AR,ar_naming_parser,i2,1,letters,0,hypothetical,valid,exact_code,1.0,1.0,1.0,0
ar-ar_naming_parser-i2-ar-o1-ll-c1-fe-bdcd2170831c,AR,AR,ar_naming_parser,i2,1,letters,1,enacted,valid,exact_code,1.0,1.0,1.0,1
ar-ar_naming_parser-i2-ar-o1-ll-c1-fh-ac1c4bdcea38,AR,AR,ar_naming_parser,i2,1,letters,1,hypothetical,valid,exact_code,1.0,1.0,1.0,0
ar-ar_naming_parser-i2-ar-o1-ln-c0-fe-3744d7ac69fe,AR,AR,ar_naming_parser,i2,1,numbers,0,enacted,valid,exact_code,1.0,1.0,1.0,1
ar-ar_naming_parser-i2-ar-o1-ln-c0-fh-b3f415792bd3,AR,AR,ar_naming_parser,i2,1,numbers,0,hypothetical,valid,exact_code,1.0,1.0,1.0,0
ar-ar_naming_parser-i2-ar-o1-ln-c1-fe-b488ff285e37,AR,AR,ar_naming_parser,i2,1,numbers,1,enacted,valid,exact_code,1.0,1.0,1.0,1
ar-ar_naming_parser-i2-ar-o1-ln-c1-fh-9c6a46a2cfbe,AR,AR,ar_naming_parser,i2,1,numbers,1,hypothetical,valid,exact_code,1.0,1.0,1.0,0
ar-ar_naming_parser-i2-ro-o0-ll-c0-fx-e0fd28745d08,AR,RO,ar_naming_parser,i2,0,letters,0,,valid,exact_code,1.0,1.0,0.0,0
ar-ar_naming_parser-i2-ro-o0-ll-c1-fx-702ed5ceab3c,AR,RO,ar_naming_parser,i2,0,letters,1,,valid,exact_code,0.0,0.0,1.0,0
ar-ar_naming_parser-i2-ro-o0-ln-c0-fx-4cd7404b4a3d,AR,RO,ar_naming_parser,i2,0,numbers,0,,valid,exact_code,1.0,1.0,0.0,0
ar-ar_naming_parser-i2-ro-o0-ln-c1-fx-ce3273529528,AR,RO,ar_naming_parser,i2,0,numbers,1,,valid,exact_code,0.0,0.0,1.0,0
ar-ar_naming_parser-i2-ro-o1-ll-c0-fx-6dfbf74e6962,AR,RO,ar_naming_parser,i2,1,letters,0,,valid,exact_code,1.0,1.0,1.0,0
ar-ar_naming_parser-i2-ro-o1-ll-c1-fx-4a2c566dc21a,AR,RO,ar_naming_parser,i2,1,letters,1,,valid,exact_code,0.0,0.0,0.0,0
ar-ar_naming_parser-i2-ro-o1-ln-c0-fx-ca0fb62a91f3,AR,RO,ar_naming_parser,i2,1,numbers,0,,valid,exact_code,1.0,1.0,1.0,0
ar-ar_naming_parser-i2-ro-o1-ln-c1-fx-babd25e5b057,AR,RO,ar_naming_parser,i2,1,numbers,1,,valid,exact_code,0.0,0.0,0.0,0
ar-ar_naming_parser-i3-ar-o0-ll-c0-fe-26055d081ddb,AR,AR,ar_naming_parser,i3,0,letters,0,enacted,valid,exact_code,0.0,0.0,1.0,1
ar-ar_naming_parser-i3-ar-o0-ll-c0-fh-c24930e83c70,AR,AR,ar_naming_parser,i3,0,letters,0,hypothetical,valid,exact_code,0.0,0.0,1.0,0
ar-ar_naming_parser-i3-ar-o0-ll-c1-fe-d672aba458d0,AR,AR,ar_naming_parser,i3,0,letters,1,enacted,valid,exact_code,0.0,0.0,1.0,1
ar-ar_naming_parser-i3-ar-o0-ll-c1-fh-e388722a5dee,AR,AR,ar_naming_parser,i3,0,letters,1,hypothetical,valid,exact_code,0.0,0.0,1.0,0
ar-ar_naming_parser-i3-ar-o0-ln-c0-fe-21a40fe311ad,AR,AR,ar_naming_parser,i3,0,numbers,0,enacted,valid,exact_code,0.0,0.0,1.0,1
ar-ar_naming_parser-i3-ar-o0-ln-c0-fh-e718894624a7,AR,AR,ar_naming_parser,i3,0,numbers,0,hypothetical,valid,exact_code,0.0,0.0,1.0,0
ar-ar_naming_parser-i3-ar-o0-ln-c1-fe-4c8fbba77b28,AR,AR,ar_naming_parser,i3,0,numbers,1,enacted,valid,exact_code,0.0,0.0,1.0,1
ar-ar_naming_parser-i3-ar-o0-ln-c1-fh-56bcbc3b62f4,AR,AR,ar_naming_parser,i3,0,numbers,1,hypothetical,valid,exact_code,0.0,0.0,1.0,0
ar-ar_naming_parser-i3-ar-o1-ll-c0-fe-64bdc1f9c872,AR,AR,ar_naming_parser,i3,1,letters,0,enacted,valid,exact_code,1.0,1.0,1.0,1
ar-ar_naming_parser-i3-ar-o1-ll-c0-fh-500acbe4b62b,AR,AR,ar_naming_parser,i3,1,letters,0,hypothetical,valid,exact_code,1.0,1.0,1.0,0
ar-ar_naming_parser-i3-ar-o1-ll-c1-fe-01cb853384ee,AR,AR,ar_naming_parser,i3,1,letters,1,enacted,valid,exact_code,1.0,1.0,1.0,1
ar-ar_naming_parser-i3-ar-o1-ll-c1-fh-396b330d6856,AR,AR,ar_naming_parser,i3,1,letters,1,hypothetical,valid,exact_code,1.0,1.0,1.0,0
ar-ar_naming_parser-i3-ar-o1-ln-c0-fe-e13083c867b7,AR,AR,ar_naming_parser,i3,1,numbers,0,enacted,valid,exact_code,1.0,1.0,1.0,1
ar-ar_naming_parser-i3-ar-o1-ln-c0-fh-7abf79041a26,AR,AR,ar_naming_parser,i3,1,numbers,0,hypothetical,valid,exact_code,1.0,1.0,1.0,0
ar-ar_naming_parser-i3-ar-o1-ln-c1-fe-dd09f5e8812c,AR,AR,ar_naming_parser,i3,1,numbers,1,enacted,valid,exact_code,1.0,1.0,1.0,1
ar-ar_naming_parser-i3-ar-o1-ln-c1-fh-350be4a5308e,AR,AR,ar_naming_parser,i3,1,numbers,1,hypothetical,valid,exact_code,1.0,1.0,1.0,0
ar-ar_naming_parser-i3-ro-o0-ll-c0-fx-fe55d9de919d,AR,RO,ar_naming_parser,i3,0,letters,0,,valid,exact_code,1.0,1.0,0.0,0
ar-ar_naming_parser-i3-ro-o0-ll-c1-fx-cbb7491af493,AR,RO,ar_naming_parser,i3,0,letters,1,,valid,exact_code,0.0,0.0,1.0,0
ar-ar_naming_parser-i3-ro-o0-ln-c0-fx-4cd64dce383f,AR,RO,ar_naming_parser,i3,0,numbers,0,,valid,exact_code,1.0,1.0,0.0,0
ar-ar_naming_parser-i3-ro-o0-ln-c1-fx-c4e3ffbb7a3d,AR,RO,ar_naming_parser,i3,0,numbers,1,,valid,exact_code,0.0,0.0,1.0,0
ar-ar_naming_parser-i3-ro-o1-ll-c0-fx-0b36e7f1dfa8,AR,RO,ar_naming_parser,i3,1,letters,0,,valid,exact_code,1.0,1.0,1.0,0
ar-ar_naming_parser-i3-ro-o1-ll-c1-fx-1d47c3b9fd56,AR,RO,ar_naming_parser,i3,1,letters,1,,valid,exact_code,0.0,0.0,0.0,0
ar-ar_naming_parser-i3-ro-o1-ln-c0-fx-b627a382b94d,AR,RO,ar_naming_parser,i3,1,numbers,0,,valid,exact_code,1.0,1.0,1.0,0
ar-ar_naming_parser-i3-ro-o1-ln-c1-fx-abb619e6fbf9,AR,RO,ar_naming_parser,i3,1,numbers,1,,valid,exact_code,0.0,0.0,0.0,0
ar-ar_naming_parser-i4-ar-o0-ll-c0-fe-354d0f3f8d76,AR,AR,ar_naming_parser,i4,0,letters,0,enacted,valid,exact_code,0.0,0.0,1.0,1
ar-ar_naming_parser-i4-ar-o0-ll-c0-fh-ae8afc568fd7,AR,AR,ar_naming_parser,i4,0,letters,0,hypothetical,valid,exact_code,0.0,0.0,1.0,0
ar-ar_naming_parser-i4-ar-o0-ll-c1-fe-a5dc102d7131,AR,AR,ar_naming_parser,i4,0,letters,1,enacted,valid,exact_code,0.0,0.0,1.0,1
ar-ar_naming_parser-i4-ar-o0-ll-c1-fh-1c4ae076688a,AR,AR,ar_naming_parser,i4,0,letters,1,hypothetical,valid,exact_code,0.0,0.0,1.0,0
ar-ar_naming_parser-i4-ar-o0-ln-c0-fe-8710d2e2e6ad,AR,AR,ar_naming_parser,i4,0,numbers,0,enacted,valid,exact_code,0.0,0.0,1.0,1
ar-ar_naming_parser-i4-ar-o0-ln-c0-fh-a79cd22abea3,AR,AR,ar_naming_parser,i4,0,numbers,0,hypothetical,valid,exact_code,0.0,0.0,1.0,0
ar-ar_naming_parser-i4-ar-o0-ln-c1-fe-101295dd184e,AR,AR,ar_naming_parser,i4,0,numbers,1,enacted,valid,exact_code,0.0,0.0,1.0,1
ar-ar_naming_parser-i4-ar-o0-ln-c1-fh-8d50a64a8925,AR,AR,ar_naming_parser,i4,0,numbers,1,hypothetical,valid,exact_code,0.0,0.0,1.0,0
ar-ar_naming_parser-i4-ar-o1-ll-c0-fe-1b6a5d4c965c,AR,AR,ar_naming_parser,i4,1,letters,0,enacted,valid,exact_code,1.0,1.0,1.0,1
ar-ar_naming_parser-i4-ar-o1-ll-c0-fh-b258eafe2bf3,AR,AR,ar_naming_parser,i4,1,letters,0,hypothetical,valid,exact_code,1.0,1.0,1.0,0
ar-ar_naming_parser-i4-ar-o1-ll-c1-fe-caf9dc94fba3,AR,AR,ar_naming_parser,i4,1,letters,1,enacted,valid,exact_code,1.0,1.0,1.0,1
ar-ar_naming_parser-i4-ar-o1-ll-c1-fh-58cbe1a0f98e,AR,AR,ar_naming_parser,i4,1,letters,1,hypothetical,valid,exact_code,1.0,1.0,1.0,0
ar-ar_naming_parser-i4-ar-o1-ln-c0-fe-6c993689cbb6,AR,AR,ar_naming_parser,i4,1,numbers,0,enacted,valid,exact_code,1.0,1.0,1.0,1
ar-ar_naming_parser-i4-ar-o1-ln-c0-fh-1c64f51e77b8,AR,AR,ar_naming_parser,i4,1,numbers,0,hypothetical,valid,exact_code,1.0,1.0,1.0,0
ar-ar_naming_parser-i4-ar-o1-ln-c1-fe-c716b7073163,AR,AR,ar_naming_parser,i4,1,numbers,1,enacted,valid,exact_code,1.0,1.0,1.0,1
ar-ar_naming_parser-i4-ar-o1-ln-c1-fh-a6edae1e2828,AR,AR,ar_naming_parser,i4,1,numbers,1,hypothetical,valid,exact_code,1.0,1.0,1.0,0
ar-ar_naming_parser-i4-ro-o0-ll-c0-fx-df6d08031c7a,AR,RO,ar_naming_parser,i4,0,letters,0,,valid,exact_code,1.0,1.0,0.0,0
ar-ar_naming_parser-i4-ro-o0-ll-c1-fx-4cb1ca0d22df,AR,RO,ar_naming_parser,i4,0,letters,1,,valid,exact_code,0.0,0.0,1.0,0
ar-ar_naming_parser-i4-ro-o0-ln-c0-fx-9aa5a2026f70,AR,RO,ar_naming_parser,i4,0,numbers,0,,valid,exact_code,1.0,1.0,0.0,0
ar-ar_naming_parser-i4-ro-o0-ln-c1-fx-0afd201886c4,AR,RO,ar_naming_parser,i4,0,numbers,1,,valid,exact_code,0.0,0.0,1.0,0
ar-ar_naming_parser-i4-ro-o1-ll-c0-fx-0bc322511bc9,AR,RO,ar_naming_parser,i4,1,letters,0,,valid,exact_code,1.0,1.0,1.0,0
ar-ar_naming_parser-i4-ro-o1-ll-c1-fx-dafb386c5582,AR,RO,ar_naming_parser,i4,1,letters,1,,valid,exact_code,0.0,0.0,0.0,0
ar-ar_naming_parser-i4-ro-o1-ln-c0-fx-b13d24d9749f,AR,RO,ar_naming_parser,i4,1,numbers,0,,valid,exact_code,1.0,1.0,1.0,0
ar-ar_naming_parser-i4-ro-o1-ln-c1-fx-249ad318a4ce,AR,RO,ar_naming_parser,i4,1,numbers,1,,valid,exact_code,0.0,0.0,0.0,0
ar-ar_naming_serializer-i0-ar-o0-ll-c0-fe-f3c41a329ad8,AR,AR,ar_naming_serializer,i0,0,letters,0,enacted,valid,exact_code,0.0,0.0,1.0,1
ar-ar_naming_serializer-i0-ar-o0-ll-c0-fh-8649fe6eab56,AR,AR,ar_naming_serializer,i0,0,letters,0,hypothetical,valid,exact_code,0.0,0.0,1.0,0
ar-ar_naming_serializer-i0-ar-o0-ll-c1-fe-84c374c30a67,AR,AR,ar_naming_serializer,i0,0,letters,1,enacted,valid,exact_code,0.0,0.0,1.0,1
ar-ar_naming_serializer-i0-ar-o0-ll-c1-fh-0746ccc02c63,AR,AR,ar_naming_serializer,i0,0,letters,1,hypothetical,valid,exact_code,0.0,0.0,1.0,0
ar-ar_naming_serializer-i0-ar-o0-ln-c0-fe-0846b17597fc,AR,AR,ar_naming_serializer,i0,0,numbers,0,enacted,valid,exact_code,0.0,0.0,1.0,1
ar-ar_naming_serializer-i0-ar-o0-ln-c0-fh-d7d8da1d4428,AR,AR,ar_naming_serializer,i0,0,numbers,0,hypothetical,valid,exact_code,0.0,0.0,1.0,0
ar-ar_naming_serializer-i0-ar-o0-ln-c1-fe-695cca0e3ec2,AR,AR,ar_naming_serializer,i0,0,numbers,1,enacted,valid,exact_code,0.0,0.0,1.0,1
ar-ar_naming_serializer-i0-ar-o0-ln-c1-fh-3e20b8f57eda,AR,AR,ar_naming_serializer,i0,0,numbers,1,hypothetical,valid,exact_code,0.0,0.0,1.0,0
ar-ar_naming_serializer-i0-ar-o1-ll-c0-fe-ce23558c90f5,AR,AR,ar_naming_serializer,i0,1,letters,0,enacted,valid,exact_code,1.0,1.0,1.0,1
ar-ar_naming_serializer-i0-ar-o1-ll-c0-fh-8f1d803510dd,AR,AR,ar_naming_serializer,i0,1,letters,0,hypothetical,valid,exact_code,1.0,1.0,1.0,0
ar-ar_naming_serializer-i0-ar-o1-ll-c1-fe-e2fa8f88bb2c,AR,AR,ar_naming_serializer,i0,1,letters,1,enacted,valid,exact_code,1.0,1.0,1.0,1
ar-ar_naming_serializer-i0-ar-o1-ll-c1-fh-bdc0c70af59d,AR,AR,ar_naming_serializer,i0,1,letters,1,hypothetical,valid,exact_code,1.0,1.0,1.0,0
ar-ar_naming_serializer-i0-ar-o1-ln-c0-fe-7ed7ffab5224,AR,AR,ar_naming_serializer,i0,1,numbers,0,enacted,valid,exact_code,1.0,1.0,1.0,1
ar-ar_naming_serializer-i0-ar-o1-ln-c0-fh-32046e482ae0,AR,AR,ar_naming_serializer,i0,1,numbers,0,hypothetical,valid,exact_code,1.0,1.0,1.0,0
ar-ar_naming_serializer-i0-ar-o1-ln-c1-fe-f721329b7632,AR,AR,ar_naming_serializer,i0,1,numbers,1,enacted,valid,exact_code,1.0,1.0,1.0,1
ar-ar_naming_serializer-i0-ar-o1-ln-c1-fh-fc96817a2b85,AR,AR,ar_naming_serializer,i0,1,numbers,1,hypothetical,valid,exact_code,1.0,1.0,1.0,0
ar-ar_naming_serializer-i0-ro-o0-ll-c0-fx-128d538c12b8,AR,RO,ar_naming_serializer,i0,0,letters,0,,valid,exact_code,1.0,1.0,0.0,0
ar-ar_naming_serializer-i0-ro-o0-ll-c1-fx-9377abaf0db1,AR,RO,ar_naming_serializer,i0,0,letters,1,,valid,exact_code,0.0,0.0,1.0,0
ar-ar_naming_serializer-i0-ro-o0-ln-c0-fx-677324d666e5,AR,RO,ar_naming_serializer,i0,0,numbers,0,,valid,exact_code,1.0,1.0,0.0,0
ar-ar_naming_serializer-i0-ro-o0-ln-c1-fx-206e8881dbdc,AR,RO,ar_naming_serializer,i0,0,numbers,1,,valid,exact_code,0.0,0.0,1.0,0
ar-ar_naming_serializer-i0-ro-o1-ll-c0-fx-6fb691dbf89c,AR,RO,ar_naming_serializer,i0,1,letters,0,,valid,exact_code,1.0,1.0,1.0,0
ar-ar_naming_serializer-i0-ro-o1-ll-c1-fx-924a12d7f770,AR,RO,ar_naming_serializer,i0,1,letters,1,,valid,exact_code,0.0,0.0,0.0,0
ar-ar_naming_serializer-i0-ro-o1-ln-c0-fx-61bbfe8d9031,AR,RO,ar_naming_serializer,i0,1,numbers,0,,valid,exact_code,1.0,1.0,1.0,0
ar-ar_naming_serializer-i0-ro-o1-ln-c1-fx-0892ee7def62,AR,RO,ar_naming_serializer,i0,1,numbers,1,,valid,exact_code,0.0,0.0,0.0,0
ar-ar_naming_serializer-i1-ar-o0-ll-c0-fe-930393dbd030,AR,AR,ar_naming_serializer,i1,0,letters,0,enacted,valid,exact_code,0.0,0.0,1.0,1
ar-ar_naming_serializer-i1-ar-o0-ll-c0-fh-962c215b8ec5,AR,AR,ar_naming_serializer,i1,0,letters,0,hypothetical,valid,exact_code,0.0,0.0,1.0,0
ar-ar_naming_serializer-i1-ar-o0-ll-c1-fe-b905911e3763,AR,AR,ar_naming_serializer,i1,0,letters,1,enacted,valid,exact_code,0.0,0.0,1.0,1
ar-ar_naming_serializer-i1-ar-o0-ll-c1-fh-ee5c86755545,AR,AR,ar_naming_serializer,i1,0,letters,1,hypothetical,valid,exact_code,0.0,0.0,1.0,0
ar-ar_naming_serializer-i1-ar-o0-ln-c0-fe-73256280131e,AR,AR,ar_naming_serializer,i1,0,numbers,0,enacted,valid,exact_code,0.0,0.0,1.0,1
ar-ar_naming_serializer-i1-ar-o0-ln-c0-fh-ee7d7434020d,AR,AR,ar_naming_serializer,i1,0,numbers,0,hypothetical,valid,exact_code,0.0,0.0,1.0,0
ar-ar_naming_serializer-i1-ar-o0-ln-c1-fe-d60386219eec,AR,AR,ar_naming_serializer,i1,0,numbers,1,enacted,valid,exact_code,0.0,0.0,1.0,1
ar-ar_naming_serializer-i1-ar-o0-ln-c1-fh-279519d4c664,AR,AR,ar_naming_serializer,i1,0,numbers,1,hypothetical,valid,exact_code,0.0,0.0,1.0,0
ar-ar_naming_serializer-i1-ar-o1-ll-c0-fe-89a79f2111a4,AR,AR,ar_naming_serializer,i1,1,letters,0,enacted,valid,exact_code,1.0,1.0,1.0,1
ar-ar_naming_serializer-i1-ar-o1-ll-c0-fh-9ca4d7d2376e,AR,AR,ar_naming_serializer,i1,1,letters,0,hypothetical,valid,exact_code,1.0,1.0,1.0,0
ar-ar_naming_serializer-i1-ar-o1-ll-c1-fe-b9f49cf6357a,AR,AR,ar_naming_serializer,i1,1,letters,1,enacted,valid,exact_code,1.0,1.0,1.0,1
ar-ar_naming_serializer-i1-ar-o1-ll-c1-fh-6e2b7a4d7618,AR,AR,ar_naming_serializer,i1,1,letters,1,hypothetical,valid,exact_code,1.0,1.0,1.0,0
ar-ar_naming_serializer-i1-ar-o1-ln-c0-fe-d3b3031ad9b8,AR,AR,ar_naming_serializer,i1,1,numbers,0,enacted,valid,exact_code,1.0,1.0,1.0,1
ar-ar_naming_serializer-i1-ar-o1-ln-c0-fh-8c261a08a326,AR,AR,ar_naming_serializer,i1,1,numbers,0,hypothetical,valid,exact_code,1.0,1.0,1.0,0
ar-ar_naming_serializer-i1-ar-o1-ln-c1-fe-773f0a674987,AR,AR,ar_naming_serializer,i1,1,numbers,1,enacted,valid,exact_code,1.0,1.0,1.0,1
ar-ar_naming_serializer-i1-ar-o1-ln-c1-fh-8adbaeceb6a6,AR,AR,ar_naming_serializer,i1,1,numbers,1,hypothetical,valid,exact_code,1.0,1.0,1.0,0
ar-ar_naming_serializer-i1-ro-o0-ll-c0-fx-153035ac530b,AR,RO,ar_naming_serializer,i1,0,letters,0,,valid,exact_code,1.0,1.0,0.0,0
ar-ar_naming_serializer-i1-ro-o0-ll-c1-fx-11328b150cb6,AR,RO,ar_naming_serializer,i1,0,letters,1,,valid,exact_code,0.0,0.0,1.0,0
ar-ar_naming_serializer-i1-ro-o0-ln-c0-fx-4778376aba16,AR,RO,ar_naming_serializer,i1,0,numbers,0,,valid,exact_code,1.0,1.0,0.0,0
ar-ar_naming_serializer-i1-ro-o0-ln-c1-fx-fb27d5097941,AR,RO,ar_naming_serializer,i1,0,numbers,1,,valid,exact_code,0.0,0.0,1.0,0
ar-ar_naming_serializer-i1-ro-o1-ll-c0-fx-cabbff06dc92,AR,RO,ar_naming_serializer,i1,1,letters,0,,valid,exact_code,1.0,1.0,1.0,0
ar-ar_naming_serializer-i1-ro-o1-ll-c1-fx-192af2958062,AR,RO,ar_naming_serializer,i1,1,letters,1,,valid,exact_code,0.0,0.0,0.0,0
ar-ar_naming_serializer-i1-ro-o1-ln-c0-fx-044abe8ce5c3,AR,RO,ar_naming_serializer,i1,1,numbers,0,,valid,exact_code,1.0,1.0,1.0,0
ar-ar_naming_serializer-i1-ro-o1-ln-c1-fx-2cbc9f670917,AR,RO,ar_naming_serializer,i1,1,numbers,1,,valid,exact_code,0.0,0.0,0.0,0
ar-ar_naming_serializer-i2-ar-o0-ll-c0-fe-e68515dfcfcd,AR,AR,ar_naming_serializer,i2,0,letters,0,enacted,valid,exact_code,0.0,0.0,1.0,1
ar-ar_naming_serializer-i2-ar-o0-ll-c0-fh-e3abd524d4fb,AR,AR,ar_naming_serializer,i2,0,letters,0,hypothetical,valid,exact_code,0.0,0.0,1.0,0
ar-ar_naming_serializer-i2-ar-o0-ll-c1-fe-f79f36ea73e0,AR,AR,ar_naming_serializer,i2,0,letters,1,enacted,valid,exact_code,0.0,0.0,1.0,1
ar-ar_naming_serializer-i2-ar-o0-ll-c1-fh-b5d11caa1c72,AR,AR,ar_naming_serializer,i2,0,letters,1,hypothetical,valid,exact_code,0.0,0.0,1.0,0
ar-ar_naming_serializer-i2-ar-o0-ln-c0-fe-2de2f4a8f9a2,AR,AR,ar_naming_serializer,i2,0,numbers,0,enacted,valid,exact_code,0.0,0.0,1.0,1
ar-ar_naming_serializer-i2-ar-o0-ln-c0-fh-05dc205cce03,AR,AR,ar_naming_serializer,i2,0,numbers,0,hypothetical,valid,exact_code,0.0,0.0,1.0,0
ar-ar_naming_serializer-i2-ar-o0-ln-c1-fe-6d5ce5a3a3de,AR,AR,ar_naming_serializer,i2,0,numbers,1,enacted,valid,exact_code,0.0,0.0,1.0,1
ar-ar_naming_serializer-i2-ar-o0-ln-c1-fh-3e9c42f2cd7c,AR,AR,ar_naming_serializer,i2,0,numbers,1,hypothetical,valid,exact_code,0.0,0.0,1.0,0
ar-ar_naming_serializer-i2-ar-o1-ll-c0-fe-85ebcdc9657b,AR,AR,ar_naming_serializer,i2,1,letters,0,enacted,valid,exact_code,1.0,1.0,1.0,1
ar-ar_naming_serializer-i2-ar-o1-ll-c0-fh-4996bca0823e,AR,AR,ar_naming_serializer,i2,1,letters,0,hypothetical,valid,exact_code,1.0,1.0,1.0,0
ar-ar_naming_serializer-i2-ar-o1-ll-c1-fe-8ed76930f541,AR,AR,ar_naming_serializer,i2,1,letters,1,enacted,valid,exact_code,1.0,1.0,1.0,1
ar-ar_naming_serializer-i2-ar-o1-ll-c1-fh-776243b99479,AR,AR,ar_naming_serializer,i2,1,letters,1,hypothetical,valid,exact_code,1.0,1.0,1.0,0
ar-ar_naming_serializer-i2-ar-o1-ln-c0-fe-2358a55c94b3,AR,AR,ar_naming_serializer,i2,1,numbers,0,enacted,valid,exact_code,1.0,1.0,1.0,1
ar-ar_naming_serializer-i2-ar-o1-ln-c0-fh-e35cdeb05fcb,AR,AR,ar_naming_serializer,i2,1,numbers,0,hypothetical,valid,exact_code,1.0,1.0,1.0,0
ar-ar_naming_serializer-i2-ar-o1-ln-c1-fe-034aa671f411,AR,AR,ar_naming_serializer,i2,1,numbers,1,enacted,valid,exact_code,1.0,1.0,1.0,1
ar-ar_naming_serializer-i2-ar-o1-ln-c1-fh-ce2e67e4ba9d,AR,AR,ar_naming_serializer,i2,1,numbers,1,hypothetical,valid,exact_code,1.0,1.0,1.0,0
ar-ar_naming_serializer-i2-ro-o0-ll-c0-fx-05834a1112ed,AR,RO,ar_naming_serializer,i2,0,letters,0,,valid,exact_code,1.0,1.0,0.0,0
ar-ar_naming_serializer-i2-ro-o0-ll-c1-fx-b25b28601b02,AR,RO,ar_naming_serializer,i2,0,letters,1,,valid,exact_code,0.0,0.0,1.0,0
ar-ar_naming_serializer-i2-ro-o0-ln-c0-fx-1c342abea8bc,AR,RO,ar_naming_serializer,i2,0,numbers,0,,valid,exact_code,1.0,1.0,0.0,0
ar-ar_naming_serializer-i2-ro-o0-ln-c1-fx-1a836f583d0d,AR,RO,ar_naming_serializer,i2,0,numbers,1,,valid,exact_code,0.0,0.0,1.0,0
ar-ar_naming_serializer-i2-ro-o1-ll-c0-fx-f5c8a0dd5a10,AR,RO,ar_naming_serializer,i2,1,letters,0,,valid,exact_code,1.0,1.0,1.0,0
ar-ar_naming_serializer-i2-ro-o1-ll-c1-fx-e9f7b1d0a627,AR,RO,ar_naming_serializer,i2,1,letters,1,,valid,exact_code,0.0,0.0,0.0,0
ar-ar_naming_serializer-i2-ro-o1-ln-c0-fx-b57b0141934d,AR,RO,ar_naming_serializer,i2,1,numbers,0,,valid,exact_code,1.0,1.0,1.0,0
ar-ar_naming_serializer-i2-ro-o1-ln-c1-fx-a1d5df052510,AR,RO,ar_naming_serializer,i2,1,numbers,1,,valid,exact_code,0.0,0.0,0.0,0
ar-ar_naming_serializer-i3-ar-o0-ll-c0-fe-b1d7261694bb,AR,AR,ar_naming_serializer,i3,0,letters,0,enacted,valid,exact_code,0.0,0.0,1.0,1
ar-ar_naming_serializer-i3-ar-o0-ll-c0-fh-92f314965034,AR,AR,ar_naming_serializer,i3,0,letters,0,hypothetical,valid,exact_code,0.0,0.0,1.0,0
ar-ar_naming_serializer-i3-ar-o0-ll-c1-fe-216025d2b737,AR,AR,ar_naming_serializer,i3,0,letters,1,enacted,valid,exact_code,0.0,0.0,1.0,1
ar-ar_naming_serializer-i3-ar-o0-ll-c1-fh-d607adec4134,AR,AR,ar_naming_serializer,i3,0,letters,1,hypothetical,valid,exact_code,0.0,0.0,1.0,0
ar-ar_naming_serializer-i3-ar-o0-ln-c0-fe-0298c4b08ad1,AR,AR,ar_naming_serializer,i3,0,numbers,0,enacted,valid,exact_code,0.0,0.0,1.0,1
ar-ar_naming_serializer-i3-ar-o0-ln-c0-fh-87a323e374a3,AR,AR,ar_naming_serializer,i3,0,numbers,0,hypothetical,valid,exact_code,0.0,0.0,1.0,0
ar-ar_naming_serializer-i3-ar-o0-ln-c1-fe-7766c2b16670,AR,AR,ar_naming_serializer,i3,0,numbers,1,enacted,valid,exact_code,0.0,0.0,1.0,1
ar-ar_naming_serializer-i3-ar-o0-ln-c1-fh-38cc25ec4a85,AR,AR,ar_naming_serializer,i3,0,numbers,1,hypothetical,valid,exact_code,0.0,0.0,1.0,0
ar-ar_naming_serializer-i3-ar-o1-ll-c0-fe-5f491a0b5dfb,AR,AR,ar_naming_serializer,i3,1,letters,0,enacted,valid,exact_code,1.0,1.0,1.0,1
ar-ar_naming_serializer-i3-ar-o1-ll-c0-fh-12752847ffbb,AR,AR,ar_naming_serializer,i3,1,letters,0,hypothetical,valid,exact_code,1.0,1.0,1.0,0
ar-ar_naming_serializer-i3-ar-o1-ll-c1-fe-58be978324a8,AR,AR,ar_naming_serializer,i3,1,letters,1,enacted,valid,exact_code,1.0,1.0,1.0,1
ar-ar_naming_serializer-i3-ar-o1-ll-c1-fh-2169fddb8e09,AR,AR,ar_naming_serializer,i3,1,letters,1,hypothetical,valid,exact_code,1.0,1.0,1.0,0
ar-ar_naming_serializer-i3-ar-o1-ln-c0-fe-7b4aa3555ed9,AR,AR,ar_naming_serializer,i3,1,numbers,0,enacted,valid,exact_code,1.0,1.0,1.0,1
ar-ar_naming_serializer-i3-ar-o1-ln-c0-fh-2defcd2e6b96,AR,AR,ar_naming_serializer,i3,1,numbers,0,hypothetical,valid,exact_code,1.0,1.0,1.0,0
ar-ar_naming_serializer-i3-ar-o1-ln-c1-fe-51e9ca86204f,AR,AR,ar_naming_serializer,i3,1,numbers,1,enacted,valid,exact_code,1.0,1.0,1.0,1
ar-ar_naming_serializer-i3-ar-o1-ln-c1-fh-084cada5c920,AR,AR,ar_naming_serializer,i3,1,numbers,1,hypothetical,valid,exact_code,1.0,1.0,1.0,0
ar-ar_naming_serializer-i3-ro-o0-ll-c0-fx-3ddcbdd43e74,AR,RO,ar_naming_serializer,i3,0,letters,0,,valid,exact_code,1.0,1.0,0.0,0
ar-ar_naming_serializer-i3-ro-o0-ll-c1-fx-f7a421b41301,AR,RO,ar_naming_serializer,i3,0,letters,1,,valid,exact_code,0.0,0.0,1.0,0
ar-ar_naming_serializer-i3-ro-o0-ln-c0-fx-2d825bfb2962,AR,RO,ar_naming_serializer,i3,0,numbers,0,,valid,exact_code,1.0,1.0,0.0,0
ar-ar_naming_serializer-i3-ro-o0-ln-c1-fx-80698a5e434e,AR,RO,ar_naming_serializer,i3,0,numbers,1,,valid,exact_code,0.0,0.0,1.0,0
ar-ar_naming_serializer-i3-ro-o1-ll-c0-fx-a820695decc5,AR,RO,ar_naming_serializer,i3,1,letters,0,,valid,exact_code,1.0,1.0,1.0,0
ar-ar_naming_serializer-i3-ro-o1-ll-c1-fx-9700007e1279,AR,RO,ar_naming_serializer,i3,1,letters,1,,valid,exact_code,0.0,0.0,0.0,0
ar-ar_naming_serializer-i3-ro-o1-ln-c0-fx-11cc2a513f74,AR,RO,ar_naming_serializer,i3,1,numbers,0,,valid,exact_code,1.0,1.0,1.0,0
ar-ar_naming_serializer-i3-ro-o1-ln-c1-fx-d461ffa38b63,AR,RO,ar_naming_serializer,i3,1,numbers,1,,valid,exact_code,0.0,0.0,0.0,0
ar-ar_naming_serializer-i4-ar-o0-ll-c0-fe-2a35e1e3c79e,AR,AR,ar_naming_serializer,i4,0,letters,0,enacted,valid,exact_code,0.0,0.0,1.0,1
ar-ar_naming_serializer-i4-ar-o0-ll-c0-fh-b055f1db2e4d,AR,AR,ar_naming_serializer,i4,0,letters,0,hypothetical,valid,exact_code,0.0,0.0,1.0,0
ar-ar_naming_serializer-i4-ar-o0-ll-c1-fe-b0e0900645b7,AR,AR,ar_naming_serializer,i4,0,letters,1,enacted,valid,exact_code,0.0,0.0,1.0,1
ar-ar_naming_serializer-i4-ar-o0-ll-c1-fh-1ece5c608e7d,AR,AR,ar_naming_serializer,i4,0,letters,1,hypothetical,valid,exact_code,0.0,0.0,1.0,0
ar-ar_naming_serializer-i4-ar-o0-ln-c0-fe-17912cc45937,AR,AR,ar_naming_serializer,i4,0,numbers,0,enacted,valid,exact_code,0.0,0.0,1.0,1
ar-ar_naming_serializer-i4-ar-o0-ln-c0-fh-0be4e9b4fa20,AR,AR,ar_naming_serializer,i4,0,numbers,0,hypothetical,valid,exact_code,0.0,0.0,1.0,0
ar-ar_naming_serializer-i4-ar-o0-ln-c1-fe-539842279496,AR,AR,ar_naming_serializer,i4,0,numbers,1,enacted,valid,exact_code,0.0,0.0,1.0,1
ar-ar_naming_serializer-i4-ar-o0-ln-c1-fh-71032139be03,AR,AR,ar_naming_serializer,i4,0,numbers,1,hypothetical,valid,exact_code,0.0,0.0,1.0,0
ar-ar_naming_serializer-i4-ar-o1-ll-c0-fe-26143936a607,AR,AR,ar_naming_serializer,i4,1,letters,0,enacted,valid,exact_code,1.0,1.0,1.0,1
ar-ar_naming_serializer-i4-ar-o1-ll-c0-fh-5f9584171a86,AR,AR,ar_naming_serializer,i4,1,letters,0,hypothetical,valid,exact_code,1.0,1.0,1.0,0
ar-ar_naming_serializer-i4-ar-o1-ll-c1-fe-2e981daaac9c,AR,AR,ar_naming_serializer,i4,1,letters,1,enacted,valid,exact_code,1.0,1.0,1.0,1
ar-ar_naming_serializer-i4-ar-o1-ll-c1-fh-d5a599437608,AR,AR,ar_naming_serializer,i4,1,letters,1,hypothetical,valid,exact_code,1.0,1.0,1.0,0
ar-ar_naming_serializer-i4-ar-o1-ln-c0-fe-59a10ec4d838,AR,AR,ar_naming_serializer,i4,1,numbers,0,enacted,valid,exact_code,1.0,1.0,1.0,1
ar-ar_naming_serializer-i4-ar-o1-ln-c0-fh-b300d89b6f42,AR,AR,ar_naming_serializer,i4,1,numbers,0,hypothetical,valid,exact_code,1.0,1.0,1.0,0
ar-ar_naming_serializer-i4-ar-o1-ln-c1-fe-f78d42838d97,AR,AR,ar_naming_serializer,i4,1,numbers,1,enacted,valid,exact_code,1.0,1.0,1.0,1
ar-ar_naming_serializer-i4-ar-o1-ln-c1-fh-1f2921cfd034,AR,AR,ar_naming_serializer,i4,1,numbers,1,hypothetical,valid,exact_code,1.0,1.0,1.0,0
ar-ar_naming_serializer-i4-ro-o0-ll-c0-fx-fab5703837f0,AR,RO,ar_naming_serializer,i4,0,letters,0,,valid,exact_code,1.0,1.0,0.0,0
ar-ar_naming_serializer-i4-ro-o0-ll-c1-fx-2b70572ee023,AR,RO,ar_naming_serializer,i4,0,letters,1,,valid,exact_code,0.0,0.0,1.0,0
ar-ar_naming_serializer-i4-ro-o0-ln-c0-fx-d33022eeab21,AR,RO,ar_naming_serializer,i4,0,numbers,0,,valid,exact_code,1.0,1.0,0.0,0
ar-ar_naming_serializer-i4-ro-o0-ln-c1-fx-6be2c2a922b9,AR,RO,ar_naming_serializer,i4,0,numbers,1,,valid,exact_code,0.0,0.0,1.0,0
ar-ar_naming_serializer-i4-ro-o1-ll-c0-fx-7e6072fa7dfc,AR,RO,ar_naming_serializer,i4,1,letters,0,,valid,exact_code,1.0,1.0,1.0,0
ar-ar_naming_serializer-i4-ro-o1-ll-c1-fx-32c952961e5d,AR,RO,ar_naming_serializer,i4,1,letters,1,,valid,exact_code,0.0,0.0,0.0,0
ar-ar_naming_serializer-i4-ro-o1-ln-c0-fx-8714da43755b,AR,RO,ar_naming_serializer,i4,1,numbers,0,,valid,exact_code,1.0,1.0,1.0,0
ar-ar_naming_serializer-i4-ro-o1-ln-c1-fx-0d504f29c890,AR,RO,ar_naming_serializer,i4,1,numbers,1,,valid,exact_code,0.0,0.0,0.0,0
ar-ar_seed_benchmark-i0-ar-o0-ll-c0-fe-4924b976155e,AR,AR,ar_seed_benchmark,i0,0,letters,0,enacted,valid,exact_code,0.0,0.0,1.0,1
ar-ar_seed_benchmark-i0-ar-o0-ll-c0-fh-df83cd5ab3ec,AR,AR,ar_seed_benchmark,i0,0,letters,0,hypothetical,valid,exact_code,0.0,0.0,1.0,0
ar-ar_seed_benchmark-i0-ar-o0-ll-c1-fe-51fdff149fa6,AR,AR,ar_seed_benchmark,i0,0,letters,1,enacted,valid,exact_code,0.0,0.0,1.0,1
ar-ar_seed_benchmark-i0-ar-o0-ll-c1-fh-042ecddae71f,AR,AR,ar_seed_benchmark,i0,0,letters,1,hypothetical,valid,exact_code,0.0,0.0,1.0,0
ar-ar_seed_benchmark-i0-ar-o0-ln-c0-fe-852ff7d6d322,AR,AR,ar_seed_benchmark,i0,0,numbers,0,enacted,valid,exact_code,0.0,0.0,1.0,1
ar-ar_seed_benchmark-i0-ar-o0-ln-c0-fh-c1f2a0cc5e7b,AR,AR,ar_seed_benchmark,i0,0,numbers,0,hypothetical,valid,exact_code,0.0,0.0,1.0,0
ar-ar_seed_benchmark-i0-ar-o0-ln-c1-fe-8511d328f2eb,AR,AR,ar_seed_benchmark,i0,0,numbers,1,enacted,valid,exact_code,0.0,0.0,1.0,1
ar-ar_seed_benchmark-i0-ar-o0-ln-c1-fh-312d74611b86,AR,AR,ar_seed_benchmark,i0,0,numbers,1,hypothetical,valid,exact_code,0.0,0.0,1.0,0
ar-ar_seed_benchmark-i0-ar-o1-ll-c0-fe-46e892fa9515,AR,AR,ar_seed_benchmark,i0,1,letters,0,enacted,valid,exact_code,1.0,1.0,1.0,1
ar-ar_seed_benchmark-i0-ar-o1-ll-c0-fh-0d818e58f61b,AR,AR,ar_seed_benchmark,i0,1,letters,0,hypothetical,valid,exact_code,1.0,1.0,1.0,0
ar-ar_seed_benchmark-i0-ar-o1-ll-c1-fe-04f31298df8b,AR,AR,ar_seed_benchmark,i0,1,letters,1,enacted,valid,exact_code,1.0,1.0,1.0,1
ar-ar_seed_benchmark-i0-ar-o1-ll-c1-fh-ca62ed4e14ff,AR,AR,ar_seed_benchmark,i0,1,letters,1,hypothetical,valid,exact_code,1.0,1.0,1.0,0
ar-ar_seed_benchmark-i0-ar-o1-ln-c0-fe-1ca63f8d8a98,AR,AR,ar_seed_benchmark,i0,1,numbers,0,enacted,valid,exact_code,1.0,1.0,1.0,1
ar-ar_seed_benchmark-i0-ar-o1-ln-c0-fh-3e13ede23a5a,AR,AR,ar_seed_benchmark,i0,1,numbers,0,hypothetical,valid,exact_code,1.0,1.0,1.0,0
ar-ar_seed_benchmark-i0-ar-o1-ln-c1-fe-5a28a820c170,AR,AR,ar_seed_benchmark,i0,1,numbers,1,enacted,valid,exact_code,1.0,1.0,1.0,1
ar-ar_seed_benchmark-i0-ar-o1-ln-c1-fh-29b4a112bb61,AR,AR,ar_seed_benchmark,i0,1,numbers,1,hypothetical,valid,exact_code,1.0,1.0,1.0,0
ar-ar_seed_benchmark-i0-ro-o0-ll-c0-fx-d9422dd06bef,AR,RO,ar_seed_benchmark,i0,0,letters,0,,valid,exact_code,1.0,1.0,0.0,0
ar-ar_seed_benchmark-i0-ro-o0-ll-c1-fx-b6f5e7265757,AR,RO,ar_seed_benchmark,i0,0,letters,1,,valid,exact_code,0.0,0.0,1.0,0
ar-ar_seed_benchmark-i0-ro-o0-ln-c0-fx-d289bda9e2ab,AR,RO,ar_seed_benchmark,i0,0,numbers,0,,valid,exact_code,1.0,1.0,0.0,0
ar-ar_seed_benchmark-i0-ro-o0-ln-c1-fx-6d2ff9a8b22e,AR,RO,ar_seed_benchmark,i0,0,numbers,1,,valid,exact_code,0.0,0.0,1.0,0
ar-ar_seed_benchmark-i0-ro-o1-ll-c0-fx-fc92586a7072,AR,RO,ar_seed_benchmark,i0,1,letters,0,,valid,exact_code,1.0,1.0,1.0,0
ar-ar_seed_benchmark-i0-ro-o1-ll-c1-fx-8973c56dff5a,AR,RO,ar_seed_benchmark,i0,1,letters,1,,valid,exact_code,0.0,0.0,0.0,0
ar-ar_seed_benchmark-i0-ro-o1-ln-c0-fx-85c4269c2c1e,AR,RO,ar_seed_benchmark,i0,1,numbers,0,,valid,exact_code,1.0,1.0,1.0,0
ar-ar_seed_benchmark-i0-ro-o1-ln-c1-fx-cb5f3f799661,AR,RO,ar_seed_benchmark,i0,1,numbers,1,,valid,exact_code,0.0,0.0,0.0,0
ar-ar_seed_benchmark-i1-ar-o0-ll-c0-fe-f55a55c8953b,AR,AR,ar_seed_benchmark,i1,0,letters,0,enacted,valid,exact_code,0.0,0.0,1.0,1
ar-ar_seed_benchmark-i1-ar-o0-ll-c0-fh-0c3bb26f8e66,AR,AR,ar_seed_benchmark,i1,0,letters,0,hypothetical,valid,exact_code,0.0,0.0,1.0,0
ar-ar_seed_benchmark-i1-ar-o0-ll-c1-fe-729fb733df8a,AR,AR,ar_seed_benchmark,i1,0,letters,1,enacted,valid,exact_code,0.0,0.0,1.0,1
ar-ar_seed_benchmark-i1-ar-o0-ll-c1-fh-5b1bae4625e0,AR,AR,ar_seed_benchmark,i1,0,letters,1,hypothetical,valid,exact_code,0.0,0.0,1.0,0
ar-ar_seed_benchmark-i1-ar-o0-ln-c0-fe-6013a6dc5f15,AR,AR,ar_seed_benchmark,i1,0,numbers,0,enacted,valid,exact_code,0.0,0.0,1.0,1
ar-ar_seed_benchmark-i1-ar-o0-ln-c0-fh-d6d6b2c8b9a0,AR,AR,ar_seed_benchmark,i1,0,numbers,0,hypothetical,valid,exact_code,0.0,0.0,1.0,0
ar-ar_seed_benchmark-i1-ar-o0-ln-c1-fe-18ff7058e0d5,AR,AR,ar_seed_benchmark,i1,0,numbers,1,enacted,valid,exact_code,0.0,0.0,1.0,1
ar-ar_seed_benchmark-i1-ar-o0-ln-c1-fh-baac206661cc,AR,AR,ar_seed_benchmark,i1,0,numbers,1,hypothetical,valid,exact_code,0.0,0.0,1.0,0
ar-ar_seed_benchmark-i1-ar-o1-ll-c0-fe-913427123c72,AR,AR,ar_seed_benchmark,i1,1,letters,0,enacted,valid,exact_code,1.0,1.0,1.0,1
ar-ar_seed_benchmark-i1-ar-o1-ll-c0-fh-31c81b747b7c,AR,AR,ar_seed_benchmark,i1,1,letters,0,hypothetical,valid,exact_code,1.0,1.0,1.0,0
ar-ar_seed_benchmark-i1-ar-o1-ll-c1-fe-25f731efae11,AR,AR,ar_seed_benchmark,i1,1,letters,1,enacted,valid,exact_code,1.0,1.0,1.0,1
ar-ar_seed_benchmark-i1-ar-o1-ll-c1-fh-95a8efde3ab9,AR,AR,ar_seed_benchmark,i1,1,letters,1,hypothetical,valid,exact_code,1.0,1.0,1.0,0
ar-ar_seed_benchmark-i1-ar-o1-ln-c0-fe-075a901342d2,AR,AR,ar_seed_benchmark,i1,1,numbers,0,enacted,valid,exact_code,1.0,1.0,1.0,1
ar-ar_seed_benchmark-i1-ar-o1-ln-c0-fh-9ac5d38adbdc,AR,AR,ar_seed_benchmark,i1,1,numbers,0,hypothetical,valid,exact_code,1.0,1.0,1.0,0
ar-ar_seed_benchmark-i1-ar-o1-ln-c1-fe-4b8769535e7c,AR,AR,ar_seed_benchmark,i1,1,numbers,1,enacted,valid,exact_code,1.0,1.0,1.0,1
ar-ar_seed_benchmark-i1-ar-o1-ln-c1-fh-243d7da7f77f,AR,AR,ar_seed_benchmark,i1,1,numbers,1,hypothetical,valid,exact_code,1.0,1.0,1.0,0
ar-ar_seed_benchmark-i1-ro-o0-ll-c0-fx-b22b7017ea28,AR,RO,ar_seed_benchmark,i1,0,letters,0,,valid,exact_code,1.0,1.0,0.0,0
ar-ar_seed_benchmark-i1-ro-o0-ll-c1-fx-b528e33d5712,AR,RO,ar_seed_benchmark,i1,0,letters,1,,valid,exact_code,0.0,0.0,1.0,0
ar-ar_seed_benchmark-i1-ro-o0-ln-c0-fx-945da5159506,AR,RO,ar_seed_benchmark,i1,0,numbers,0,,valid,exact_code,1.0,1.0,0.0,0
ar-ar_seed_benchmark-i1-ro-o0-ln-c1-fx-7efe8c89dd4b,AR,RO,ar_seed_benchmark,i1,0,numbers,1,,valid,exact_code,0.0,0.0,1.0,0
ar-ar_seed_benchmark-i1-ro-o1-ll-c0-fx-e263a828bc5d,AR,RO,ar_seed_benchmark,i1,1,letters,0,,valid,exact_code,1.0,1.0,1.0,0
ar-ar_seed_benchmark-i1-ro-o1-ll-c1-fx-2307f81dd3c9,AR,RO,ar_seed_benchmark,i1,1,letters,1,,valid,exact_code,0.0,0.0,0.0,0
ar-ar_seed_benchmark-i1-ro-o1-ln-c0-fx-0a6b88b1e9ac,AR,RO,ar_seed_benchmark,i1,1,numbers,0,,valid,exact_code,1.0,1.0,1.0,0
ar-ar_seed_benchmark-i1-ro-o1-ln-c1-fx-b96d1b38fcfc,AR,RO,ar_seed_benchmark,i1,1,numbers,1,,valid,exact_code,0.0,0.0,0.0,0
ar-ar_seed_benchmark-i2-ar-o0-ll-c0-fe-3cfd54900f7e,AR,AR,ar_seed_benchmark,i2,0,letters,0,enacted,valid,exact_code,0.0,0.0,1.0,1
ar-ar_seed_benchmark-i2-ar-o0-ll-c0-fh-8121c5f6a6d3,AR,AR,ar_seed_benchmark,i2,0,letters,0,hypothetical,valid,exact_code,0.0,0.0,1.0,0
ar-ar_seed_benchmark-i2-ar-o0-ll-c1-fe-48271f05e96a,AR,AR,ar_seed_benchmark,i2,0,letters,1,enacted,valid,exact_code,0.0,0.0,1.0,1
ar-ar_seed_benchmark-i2-ar-o0-ll-c1-fh-1a0fcaa25964,AR,AR,ar_seed_benchmark,i2,0,letters,1,hypothetical,valid,exact_code,0.0,0.0,1.0,0
ar-ar_seed_benchmark-i2-ar-o0-ln-c0-fe-3882514139b3,AR,AR,ar_seed_benchmark,i2,0,numbers,0,enacted,valid,exact_code,0.0,0.0,1.0,1
ar-ar_seed_benchmark-i2-ar-o0-ln-c0-fh-be84b83ddf0e,AR,AR,ar_seed_benchmark,i2,0,numbers,0,hypothetical,valid,exact_code,0.0,0.0,1.0,0
ar-ar_seed_benchmark-i2-ar-o0-ln-c1-fe-eb1f853ac8e5,AR,AR,ar_seed_benchmark,i2,0,numbers,1,enacted,valid,exact_code,0.0,0.0,1.0,1
ar-ar_seed_benchmark-i2-ar-o0-ln-c1-fh-82f52d554c44,AR,AR,ar_seed_benchmark,i2,0,numbers,1,hypothetical,valid,exact_code,0.0,0.0,1.0,0
ar-ar_seed_benchmark-i2-ar-o1-ll-c0-fe-8968f73ed69e,AR,AR,ar_seed_benchmark,i2,1,letters,0,enacted,valid,exact_code,1.0,1.0,1.0,1
ar-ar_seed_benchmark-i2-ar-o1-ll-c0-fh-6ad0dc6d6759,AR,AR,ar_seed_benchmark,i2,1,letters,0,hypothetical,valid,exact_code,1.0,1.0,1.0,0
ar-ar_seed_benchmark-i2-ar-o1-ll-c1-fe-fc18a1318059,AR,AR,ar_seed_benchmark,i2,1,letters,1,enacted,valid,exact_code,1.0,1.0,1.0,1
ar-ar_seed_benchmark-i2-ar-o1-ll-c1-fh-385e2d001a56,AR,AR,ar_seed_benchmark,i2,1,letters,1,hypothetical,valid,exact_code,1.0,1.0,1.0,0
ar-ar_seed_benchmark-i2-ar-o1-ln-c0-fe-ae4f5605d71c,AR,AR,ar_seed_benchmark,i2,1,numbers,0,enacted,valid,exact_code,1.0,1.0,1.0,1
ar-ar_seed_benchmark-i2-ar-o1-ln-c0-fh-760f7a2d9f86,AR,AR,ar_seed_benchmark,i2,1,numbers,0,hypothetical,valid,exact_code,1.0,1.0,1.0,0
ar-ar_seed_benchmark-i2-ar-o1-ln-c1-fe-2729ad239e24,AR,AR,ar_seed_benchmark,i2,1,numbers,1,enacted,valid,exact_code,1.0,1.0,1.0,1
ar-ar_seed_benchmark-i2-ar-o1-ln-c1-fh-81c117e8eee5,AR,AR,ar_seed_benchmark,i2,1,numbers,1,hypothetical,valid,exact_code,1.0,1.0,1.0,0
ar-ar_seed_benchmark-i2-ro-o0-ll-c0-fx-7cdab2afbac9,AR,RO,ar_seed_benchmark,i2,0,letters,0,,valid,exact_code,1.0,1.0,0.0,0
ar-ar_seed_benchmark-i2-ro-o0-ll-c1-fx-62ede561611a,AR,RO,ar_seed_benchmark,i2,0,letters,1,,valid,exact_code,0.0,0.0,1.0,0
ar-ar_seed_benchmark-i2-ro-o0-ln-c0-fx-e220ece1a613,AR,RO,ar_seed_benchmark,i2,0,numbers,0,,valid,exact_code,1.0,1.0,0.0,0
ar-ar_seed_benchmark-i2-ro-o0-ln-c1-fx-48d82cf7e5a8,AR,RO,ar_seed_benchmark,i2,0,numbers,1,,valid,exact_code,0.0,0.0,1.0,0
ar-ar_seed_benchmark-i2-ro-o1-ll-c0-fx-7d6ede6a574a,AR,RO,ar_seed_benchmark,i2,1,letters,0,,valid,exact_code,1.0,1.0,1.0,0
ar-ar_seed_benchmark-i2-ro-o1-ll-c1-fx-7abf8947e6b3,AR,RO,ar_seed_benchmark,i2,1,letters,1,,valid,exact_code,0.0,0.0,0.0,0
ar-ar_seed_benchmark-i2-ro-o1-ln-c0-fx-edc32bd811cf,AR,RO,ar_seed_benchmark,i2,1,numbers,0,,valid,exact_code,1.0,1.0,1.0,0
ar-ar_seed_benchmark-i2-ro-o1-ln-c1-fx-9d62f2b745de,AR,RO,ar_seed_benchmark,i2,1,numbers,1,,valid,exact_code,0.0,0.0,0.0,0
ar-ar_seed_benchmark-i3-ar-o0-ll-c0-fe-938391c9b4d4,AR,AR,ar_seed_benchmark,i3,0,letters,0,enacted,valid,exact_code,1.0,1.0,0.0,1
ar-ar_seed_benchmark-i3-ar-o0-ll-c0-fh-9f695cc75f1e,AR,AR,ar_seed_benchmark,i3,0,letters,0,hypothetical,valid,exact_code,0.0,0.0,1.0,0
ar-ar_seed_benchmark-i3-ar-o0-ll-c1-fe-d66e654a2044,AR,AR,ar_seed_benchmark,i3,0,letters,1,enacted,valid,exact_code,0.0,0.0,1.0,1
ar-ar_seed_benchmark-i3-ar-o0-ll-c1-fh-eed9768333c6,AR,AR,ar_seed_benchmark,i3,0,letters,1,hypothetical,valid,exact_code,0.0,0.0,1.0,0
ar-ar_seed_benchmark-i3-ar-o0-ln-c0-fe-c1eac5cf0412,AR,AR,ar_seed_benchmark,i3,0,numbers,0,enacted,valid,exact_code,0.0,0.0,1.0,1
ar-ar_seed_benchmark-i3-ar-o0-ln-c0-fh-302c24b42130,AR,AR,ar_seed_benchmark,i3,0,numbers,0,hypothetical,valid,exact_code,0.0,0.0,1.0,0
ar-ar_seed_benchmark-i3-ar-o0-ln-c1-fe-bc0de91c73ca,AR,AR,ar_seed_benchmark,i3,0,numbers,1,enacted,valid,exact_code,0.0,0.0,1.0,1
ar-ar_seed_benchmark-i3-ar-o0-ln-c1-fh-618e8ddec63b,AR,AR,ar_seed_benchmark,i3,0,numbers,1,hypothetical,valid,exact_code,0.0,0.0,1.0,0
ar-ar_seed_benchmark-i3-ar-o1-ll-c0-fe-2f1e73a7ee0f,AR,AR,ar_seed_benchmark,i3,1,letters,0,enacted,valid,exact_code,1.0,1.0,1.0,1
ar-ar_seed_benchmark-i3-ar-o1-ll-c0-fh-1c368ee5198e,AR,AR,ar_seed_benchmark,i3,1,letters,0,hypothetical,valid,exact_code,1.0,1.0,1.0,0
ar-ar_seed_benchmark-i3-ar-o1-ll-c1-fe-cb75308531fe,AR,AR,ar_seed_benchmark,i3,1,letters,1,enacted,valid,exact_code,0.0,0.0,0.0,1
ar-ar_seed_benchmark-i3-ar-o1-ll-c1-fh-6e50131c7a20,AR,AR,ar_seed_benchmark,i3,1,letters,1,hypothetical,valid,exact_code,1.0,1.0,1.0,0
ar-ar_seed_benchmark-i3-ar-o1-ln-c0-fe-6313be004b6b,AR,AR,ar_seed_benchmark,i3,1,numbers,0,enacted,valid,exact_code,1.0,1.0,1.0,1
ar-ar_seed_benchmark-i3-ar-o1-ln-c0-fh-9cc333249520,AR,AR,ar_seed_benchmark,i3,1,numbers,0,hypothetical,valid,exact_code,1.0,1.0,1.0,0
ar-ar_seed_benchmark-i3-ar-o1-ln-c1-fe-0fae078b3566,AR,AR,ar_seed_benchmark,i3,1,numbers,1,enacted,valid,exact_code,0.0,0.0,0.0,1
ar-ar_seed_benchmark-i3-ar-o1-ln-c1-fh-ba41efefcdb8,AR,AR,ar_seed_benchmark,i3,1,numbers,1,hypothetical,valid,exact_code,1.0,1.0,1.0,0
ar-ar_seed_benchmark-i3-ro-o0-ll-c0-fx-ada13d123daf,AR,RO,ar_seed_benchmark,i3,0,letters,0,,valid,exact_code,1.0,1.0,0.0,0
ar-ar_seed_benchmark-i3-ro-o0-ll-c1-fx-6af39d6cec77,AR,RO,ar_seed_benchmark,i3,0,letters,1,,valid,exact_code,0.0,0.0,1.0,0
ar-ar_seed_benchmark-i3-ro-o0-ln-c0-fx-9251fb9e37df,AR,RO,ar_seed_benchmark,i3,0,numbers,0,,valid,exact_code,1.0,1.0,0.0,0
ar-ar_seed_benchmark-i3-ro-o0-ln-c1-fx-1188f60ade6e,AR,RO,ar_seed_benchmark,i3,0,numbers,1,,valid,exact_code,0.0,0.0,1.0,0
ar-ar_seed_benchmark-i3-ro-o1-ll-c0-fx-b63b79218a1d,AR,RO,ar_seed_benchmark,i3,1,letters,0,,valid,exact_code,1.0,1.0,1.0,0
ar-ar_seed_benchmark-i3-ro-o1-ll-c1-fx-5b3ddcbabb10,AR,RO,ar_seed_benchmark,i3,1,letters,1,,valid,exact_code,0.0,0.0,0.0,0
ar-ar_seed_benchmark-i3-ro-o1-ln-c0-fx-9e24c727b409,AR,RO,ar_seed_benchmark,i3,1,numbers,0,,valid,exact_code,1.0,1.0,1.0,0
ar-ar_seed_benchmark-i3-ro-o1-ln-c1-fx-c35468ca1c4e,AR,RO,ar_seed_benchmark,i3,1,numbers,1,,valid,exact_code,0.0,0.0,0.0,0
ar-ar_seed_benchmark-i4-ar-o0-ll-c0-fe-c54a664de176,AR,AR,ar_seed_benchmark,i4,0,letters,0,enacted,valid,exact_code,0.0,0.0,1.0,1
ar-ar_seed_benchmark-i4-ar-o0-ll-c0-fh-ec35fbb560a2,AR,AR,ar_seed_benchmark,i4,0,letters,0,hypothetical,valid,exact_code,0.0,0.0,1.0,0
ar-ar_seed_benchmark-i4-ar-o0-ll-c1-fe-2c45ad651e4a,AR,AR,ar_seed_benchmark,i4,0,letters,1,enacted,valid,exact_code,0.0,0.0,1.0,1
ar-ar_seed_benchmark-i4-ar-o0-ll-c1-fh-5b1c757ba154,AR,AR,ar_seed_benchmark,i4,0,letters,1,hypothetical,valid,exact_code,0.0,0.0,1.0,0
ar-ar_seed_benchmark-i4-ar-o0-ln-c0-fe-067f591d286b,AR,AR,ar_seed_benchmark,i4,0,numbers,0,enacted,valid,exact_code,0.0,0.0,1.0,1
ar-ar_seed_benchmark-i4-ar-o0-ln-c0-fh-5313b163dc9d,AR,AR,ar_seed_benchmark,i4,0,numbers,0,hypothetical,valid,exact_code,0.0,0.0,1.0,0
ar-ar_seed_benchmark-i4-ar-o0-ln-c1-fe-4cf4450806d4,AR,AR,ar_seed_benchmark,i4,0,numbers,1,enacted,valid,exact_code,0.0,0.0,1.0,1
ar-ar_seed_benchmark-i4-ar-o0-ln-c1-fh-27a0fdfe0d48,AR,AR,ar_seed_benchmark,i4,0,numbers,1,hypothetical,valid,exact_code,0.0,0.0,1.0,0
ar-ar_seed_benchmark-i4-ar-o1-ll-c0-fe-531e6b252493,AR,AR,ar_seed_benchmark,i4,1,letters,0,enacted,valid,exact_code,1.0,1.0,1.0,1
ar-ar_seed_benchmark-i4-ar-o1-ll-c0-fh-3f75f4252687,AR,AR,ar_seed_benchmark,i4,1,letters,0,hypothetical,valid,exact_code,1.0,1.0,1.0,0
ar-ar_seed_benchmark-i4-ar-o1-ll-c1-fe-6d11acc21eeb,AR,AR,ar_seed_benchmark,i4,1,letters,1,enacted,valid,exact_code,1.0,1.0,1.0,1
ar-ar_seed_benchmark-i4-ar-o1-ll-c1-fh-b9bc5dd649b8,AR,AR,ar_seed_benchmark,i4,1,letters,1,hypothetical,valid,exact_code,1.0,1.0,1.0,0
ar-ar_seed_benchmark-i4-ar-o1-ln-c0-fe-b792cc98c004,AR,AR,ar_seed_benchmark,i4,1,numbers,0,enacted,valid,exact_code,1.0,1.0,1.0,1
ar-ar_seed_benchmark-i4-ar-o1-ln-c0-fh-a49ebd701192,AR,AR,ar_seed_benchmark,i4,1,numbers,0,hypothetical,valid,exact_code,1.0,1.0,1.0,0
ar-ar_seed_benchmark-i4-ar-o1-ln-c1-fe-da914d8384b1,AR,AR,ar_seed_benchmark,i4,1,numbers,1,enacted,valid,exact_code,1.0,1.0,1.0,1
ar-ar_seed_benchmark-i4-ar-o1-ln-c1-fh-db05162486f6,AR,AR,ar_seed_benchmark,i4,1,numbers,1,hypothetical,valid,exact_code,1.0,1.0,1.0,0
ar-ar_seed_benchmark-i4-ro-o0-ll-c0-fx-b7762f2adbde,AR,RO,ar_seed_benchmark,i4,0,letters,0,,valid,exact_code,1.0,1.0,0.0,0
ar-ar_seed_benchmark-i4-ro-o0-ll-c1-fx-b9e8613737e7,AR,RO,ar_seed_benchmark,i4,0,letters,1,,valid,exact_code,0.0,0.0,1.0,0
ar-ar_seed_benchmark-i4-ro-o0-ln-c0-fx-97cc1a3b0a39,AR,RO,ar_seed_benchmark,i4,0,numbers,0,,valid,exact_code,1.0,1.0,0.0,0
ar-ar_seed_benchmark-i4-ro-o0-ln-c1-fx-4de7185ffcd5,AR,RO,ar_seed_benchmark,i4,0,numbers,1,,valid,exact_code,0.0,0.0,1.0,0
ar-ar_seed_benchmark-i4-ro-o1-ll-c0-fx-75dde377de1d,AR,RO,ar_seed_benchmark,i4,1,letters,0,,valid,exact_code,1.0,1.0,1.0,0
ar-ar_seed_benchmark-i4-ro-o1-ll-c1-fx-403beb751835,AR,RO,ar_seed_benchmark,i4,1,letters,1,,valid,exact_code,0.0,0.0,0.0,0
ar-ar_seed_benchmark-i4-ro-o1-ln-c0-fx-0daec100aa2b,AR,RO,ar_seed_benchmark,i4,1,numbers,0,,valid,exact_code,1.0,1.0,1.0,0
ar-ar_seed_benchmark-i4-ro-o1-ln-c1-fx-999e94d51e67,AR,RO,ar_seed_benchmark,i4,1,numbers,1,,valid,exact_code,0.0,0.0,0.0,0
ar-ar_taskorder_setup-i0-ar-o0-ll-c0-fe-723cd9e41873,AR,AR,ar_taskorder_setup,i0,0,letters,0,enacted,valid,exact_code,0.0,0.0,1.0,1
ar-ar_taskorder_setup-i0-ar-o0-ll-c0-fh-0876d6f91973,AR,AR,ar_taskorder_setup,i0,0,letters,0,hypothetical,valid,exact_code,0.0,0.0,1.0,0
ar-ar_taskorder_setup-i0-ar-o0-ll-c1-fe-1af68c78ae70,AR,AR,ar_taskorder_setup,i0,0,letters,1,enacted,valid,exact_code,0.0,0.0,1.0,1
ar-ar_taskorder_setup-i0-ar-o0-ll-c1-fh-2f8d39d3c97c,AR,AR,ar_taskorder_setup,i0,0,letters,1,hypothetical,valid,exact_code,0.0,0.0,1.0,0
ar-ar_taskorder_setup-i0-ar-o0-ln-c0-fe-371b26a26fb3,AR,AR,ar_taskorder_setup,i0,0,numbers,0,enacted,valid,exact_code,0.0,0.0,1.0,1
ar-ar_taskorder_setup-i0-ar-o0-ln-c0-fh-62c0d71fc9ee,AR,AR,ar_taskorder_setup,i0,0,numbers,0,hypothetical,valid,exact_code,0.0,0.0,1.0,0
ar-ar_taskorder_setup-i0-ar-o0-ln-c1-fe-48bfdd5ec608,AR,AR,ar_taskorder_setup,i0,0,numbers,1,enacted,valid,exact_code,0.0,0.0,1.0,1
ar-ar_taskorder_setup-i0-ar-o0-ln-c1-fh-bb0f32d3438a,AR,AR,ar_taskorder_setup,i0,0,numbers,1,hypothetical,valid,exact_code,0.0,0.0,1.0,0
ar-ar_taskorder_setup-i0-ar-o1-ll-c0-fe-3c502cb21fd8,AR,AR,ar_taskorder_setup,i0,1,letters,0,enacted,valid,exact_code,0.0,0.0,0.0,1
ar-ar_taskorder_setup-i0-ar-o1-ll-c0-fh-b153438cf7cb,AR,AR,ar_taskorder_setup,i0,1,letters,0,hypothetical,valid,exact_code,0.0,0.0,0.0,0
ar-ar_taskorder_setup-i0-ar-o1-ll-c1-fe-1d4b285f5699,AR,AR,ar_taskorder_setup,i0,1,letters,1,enacted,valid,exact_code,0.0,0.0,0.0,1
ar-ar_taskorder_setup-i0-ar-o1-ll-c1-fh-929ebc53dbb3,AR,AR,ar_taskorder_setup,i0,1,letters,1,hypothetical,valid,exact_code,0.0,0.0,0.0,0
ar-ar_taskorder_setup-i0-ar-o1-ln-c0-fe-303c0f066fc9,AR,AR,ar_taskorder_setup,i0,1,numbers,0,enacted,valid,exact_code,0.0,0.0,0.0,1
ar-ar_taskorder_setup-i0-ar-o1-ln-c0-fh-9b3c60450b6d,AR,AR,ar_taskorder_setup,i0,1,numbers,0,hypothetical,valid,exact_code,0.0,0.0,0.0,0
ar-ar_taskorder_setup-i0-ar-o1-ln-c1-fe-40be6f36015a,AR,AR,ar_taskorder_setup,i0,1,numbers,1,enacted,valid,exact_code,0.0,0.0,0.0,1
ar-ar_taskorder_setup-i0-ar-o1-ln-c1-fh-fd32671194cc,AR,AR,ar_taskorder_setup,i0,1,numbers,1,hypothetical,valid,exact_code,0.0,0.0,0.0,0
ar-ar_taskorder_setup-i0-ro-o0-ll-c0-fx-07f13518540a,AR,RO,ar_taskorder_setup,i0,0,letters,0,,valid,exact_code,1.0,1.0,0.0,0
ar-ar_taskorder_setup-i0-ro-o0-ll-c1-fx-6a26b09a11ef,AR,RO,ar_taskorder_setup,i0,0,letters,1,,valid,exact_code,0.0,0.0,1.0,0
ar-ar_taskorder_setup-i0-ro-o0-ln-c0-fx-a8288f02cafc,AR,RO,ar_taskorder_setup,i0,0,numbers,0,,valid,exact_code,1.0,1.0,0.0,0
ar-ar_taskorder_setup-i0-ro-o0-ln-c1-fx-2c07df07907a,AR,RO,ar_taskorder_setup,i0,0,numbers,1,,valid,exact_code,0.0,0.0,1.0,0
ar-ar_taskorder_setup-i0-ro-o1-ll-c0-fx-28b99337a913,AR,RO,ar_taskorder_setup,i0,1,letters,0,,valid,exact_code,1.0,1.0,1.0,0
ar-ar_taskorder_setup-i0-ro-o1-ll-c1-fx-6ce27f7a75d0,AR,RO,ar_taskorder_setup,i0,1,letters,1,,valid,exact_code,0.0,0.0,0.0,0
ar-ar_taskorder_setup-i0-ro-o1-ln-c0-fx-5ad961a61084,AR,RO,ar_taskorder_setup,i0,1,numbers,0,,valid,exact_code,1.0,1.0,1.0,0
ar-ar_taskorder_setup-i0-ro-o1-ln-c1-fx-53a32c47279c,AR,RO,ar_taskorder_setup,i0,1,numbers,1,,valid,exact_code,0.0,0.0,0.0,0
ar-ar_taskorder_setup-i1-ar-o0-ll-c0-fe-54547f58bdb9,AR,AR,ar_taskorder_setup,i1,0,letters,0,enacted,valid,exact_code,0.0,0.0,1.0,1
ar-ar_taskorder_setup-i1-ar-o0-ll-c0-fh-d0be991915d6,AR,AR,ar_taskorder_setup,i1,0,letters,0,hypothetical,valid,exact_code,0.0,0.0,1.0,0
ar-ar_taskorder_setup-i1-ar-o0-ll-c1-fe-3b61686e5e1f,AR,AR,ar_taskorder_setup,i1,0,letters,1,enacted,valid,exact_code,0.0,0.0,1.0,1
ar-ar_taskorder_setup-i1-ar-o0-ll-c1-fh-fcc38b15c57d,AR,AR,ar_taskorder_setup,i1,0,letters,1,hypothetical,valid,exact_code,0.0,0.0,1.0,0
ar-ar_taskorder_setup-i1-ar-o0-ln-c0-fe-2c513ff18d2d,AR,AR,ar_taskorder_setup,i1,0,numbers,0,enacted,valid,exact_code,0.0,0.0,1.0,1
ar-ar_taskorder_setup-i1-ar-o0-ln-c0-fh-5edae7f10532,AR,AR,ar_taskorder_setup,i1,0,numbers,0,hypothetical,valid,exact_code,0.0,0.0,1.0,0
ar-ar_taskorder_setup-i1-ar-o0-ln-c1-fe-58e3352ac1cf,AR,AR,ar_taskorder_setup,i1,0,numbers,1,enacted,valid,exact_code,0.0,0.0,1.0,1
ar-ar_taskorder_setup-i1-ar-o0-ln-c1-fh-1658dc797d40,AR,AR,ar_taskorder_setup,i1,0,numbers,1,hypothetical,valid,exact_code,0.0,0.0,1.0,0
ar-ar_taskorder_setup-i1-ar-o1-ll-c0-fe-b4a5ce287a7c,AR,AR,ar_taskorder_setup,i1,1,letters,0,enacted,valid,exact_code,0.0,0.0,0.0,1
ar-ar_taskorder_setup-i1-ar-o1-ll-c0-fh-c18a5bafdcfa,AR,AR,ar_taskorder_setup,i1,1,letters,0,hypothetical,valid,exact_code,0.0,0.0,0.0,0
ar-ar_taskorder_setup-i1-ar-o1-ll-c1-fe-b205110ebc95,AR,AR,ar_taskorder_setup,i1,1,letters,1,enacted,valid,exact_code,0.0,0.0,0.0,1
ar-ar_taskorder_setup-i1-ar-o1-ll-c1-fh-3114ed3dff28,AR,AR,ar_taskorder_setup,i1,1,letters,1,hypothetical,valid,exact_code,0.0,0.0,0.0,0
ar-ar_taskorder_setup-i1-ar-o1-ln-c0-fe-ba5a602843a7,AR,AR,ar_taskorder_setup,i1,1,numbers,0,enacted,valid,exact_code,0.0,0.0,0.0,1
ar-ar_taskorder_setup-i1-ar-o1-ln-c0-fh-340f918ba98a,AR,AR,ar_taskorder_setup,i1,1,numbers,0,hypothetical,valid,exact_code,1.0,1.0,1.0,0
ar-ar_taskorder_setup-i1-ar-o1-ln-c1-fe-62ff164add86,AR,AR,ar_taskorder_setup,i1,1,numbers,1,enacted,valid,exact_code,0.0,0.0,0.0,1
ar-ar_taskorder_setup-i1-ar-o1-ln-c1-fh-1f322523576d,AR,AR,ar_taskorder_setup,i1,1,numbers,1,hypothetical,valid,exact_code,1.0,1.0,1.0,0
ar-ar_taskorder_setup-i1-ro-o0-ll-c0-fx-de639b9bcf9e,AR,RO,ar_taskorder_setup,i1,0,letters,0,,valid,exact_code,1.0,1.0,0.0,0
ar-ar_taskorder_setup-i1-ro-o0-ll-c1-fx-852d57f62455,AR,RO,ar_taskorder_setup,i1,0,letters,1,,valid,exact_code,0.0,0.0,1.0,0
ar-ar_taskorder_setup-i1-ro-o0-ln-c0-fx-7dbf18ee5603,AR,RO,ar_taskorder_setup,i1,0,numbers,0,,valid,exact_code,1.0,1.0,0.0,0
ar-ar_taskorder_setup-i1-ro-o0-ln-c1-fx-cc4aa17c5506,AR,RO,ar_taskorder_setup,i1,0,numbers,1,,valid,exact_code,0.0,0.0,1.0,0
ar-ar_taskorder_setup-i1-ro-o1-ll-c0-fx-95e6771424f4,AR,RO,ar_taskorder_setup,i1,1,letters,0,,valid,exact_code,0.0,0.0,0.0,0
ar-ar_taskorder_setup-i1-ro-o1-ll-c1-fx-028cc6811eac,AR,RO,ar_taskorder_setup,i1,1,letters,1,,valid,exact_code,0.0,0.0,0.0,0
ar-ar_taskorder_setup-i1-ro-o1-ln-c0-fx-2db61e752510,AR,RO,ar_taskorder_setup,i1,1,numbers,0,,valid,exact_code,1.0,1.0,1.0,0
ar-ar_taskorder_setup-i1-ro-o1-ln-c1-fx-82e86ca247da,AR,RO,ar_taskorder_setup,i1,1,numbers,1,,valid,exact_code,0.0,0.0,0.0,0
ar-ar_taskorder_setup-i2-ar-o0-ll-c0-fe-3e12e0ea1a3d,AR,AR,ar_taskorder_setup,i2,0,letters,0,enacted,valid,exact_code,0.0,0.0,1.0,1
ar-ar_taskorder_setup-i2-ar-o0-ll-c0-fh-a08ebc3e2752,AR,AR,ar_taskorder_setup,i2,0,letters,0,hypothetical,valid,exact_code,0.0,0.0,1.0,0
ar-ar_taskorder_setup-i2-ar-o0-ll-c1-fe-967b4f8d7822,AR,AR,ar_taskorder_setup,i2,0,letters,1,enacted,valid,exact_code,0.0,0.0,1.0,1
ar-ar_taskorder_setup-i2-ar-o0-ll-c1-fh-cee9ace10de4,AR,AR,ar_taskorder_setup,i2,0,letters,1,hypothetical,valid,exact_code,0.0,0.0,1.0,0
ar-ar_taskorder_setup-i2-ar-o0-ln-c0-fe-560fb07339af,AR,AR,ar_taskorder_setup,i2,0,numbers,0,enacted,valid,exact_code,0.0,0.0,1.0,1
ar-ar_taskorder_setup-i2-ar-o0-ln-c0-fh-dc348d979bf3,AR,AR,ar_taskorder_setup,i2,0,numbers,0,hypothetical,valid,exact_code,0.0,0.0,1.0,0
ar-ar_taskorder_setup-i2-ar-o0-ln-c1-fe-960794cb8e2e,AR,AR,ar_taskorder_setup,i2,0,numbers,1,enacted,valid,exact_code,0.0,0.0,1.0,1
ar-ar_taskorder_setup-i2-ar-o0-ln-c1-fh-616925ec21d8,AR,AR,ar_taskorder_setup,i2,0,numbers,1,hypothetical,valid,exact_code,0.0,0.0,1.0,0
ar-ar_taskorder_setup-i2-ar-o1-ll-c0-fe-5e44e7ea5917,AR,AR,ar_taskorder_setup,i2,1,letters,0,enacted,valid,exact_code,1.0,1.0,1.0,1
ar-ar_taskorder_setup-i2-ar-o1-ll-c0-fh-0ad1cde9da03,AR,AR,ar_taskorder_setup,i2,1,letters,0,hypothetical,valid,exact_code,0.0,0.0,0.0,0
ar-ar_taskorder_setup-i2-ar-o1-ll-c1-fe-3eb798059bc4,AR,AR,ar_taskorder_setup,i2,1,letters,1,enacted,valid,exact_code,1.0,1.0,1.0,1
ar-ar_taskorder_setup-i2-ar-o1-ll-c1-fh-b84afdee945a,AR,AR,ar_taskorder_setup,i2,1,letters,1,hypothetical,valid,exact_code,1.0,1.0,1.0,0
ar-ar_taskorder_setup-i2-ar-o1-ln-c0-fe-601a04c169c4,AR,AR,ar_taskorder_setup,i2,1,numbers,0,enacted,valid,exact_code,1.0,1.0,1.0,1
ar-ar_taskorder_setup-i2-ar-o1-ln-c0-fh-ca913ef87dbe,AR,AR,ar_taskorder_setup,i2,1,numbers,0,hypothetical,valid,exact_code,1.0,1.0,1.0,0
ar-ar_taskorder_setup-i2-ar-o1-ln-c1-fe-c166df7d56c5,AR,AR,ar_taskorder_setup,i2,1,numbers,1,enacted,valid,exact_code,1.0,1.0,1.0,1
ar-ar_taskorder_setup-i2-ar-o1-ln-c1-fh-4901373c156b,AR,AR,ar_taskorder_setup,i2,1,numbers,1,hypothetical,valid,exact_code,1.0,1.0,1.0,0
ar-ar_taskorder_setup-i2-ro-o0-ll-c0-fx-40b66c8a633b,AR,RO,ar_taskorder_setup,i2,0,letters,0,,valid,exact_code,1.0,1.0,0.0,0
ar-ar_taskorder_setup-i2-ro-o0-ll-c1-fx-c5c4ffcff42b,AR,RO,ar_taskorder_setup,i2,0,letters,1,,valid,exact_code,0.0,0.0,1.0,0
ar-ar_taskorder_setup-i2-ro-o0-ln-c0-fx-1ff20fd39f90,AR,RO,ar_taskorder_setup,i2,0,numbers,0,,valid,exact_code,1.0,1.0,0.0,0
ar-ar_taskorder_setup-i2-ro-o0-ln-c1-fx-5ead4d07107b,AR,RO,ar_taskorder_setup,i2,0,numbers,1,,valid,exact_code,0.0,0.0,1.0,0
ar-ar_taskorder_setup-i2-ro-o1-ll-c0-fx-d3f2d891b8e5,AR,RO,ar_taskorder_setup,i2,1,letters,0,,valid,exact_code,1.0,1.0,1.0,0
ar-ar_taskorder_setup-i2-ro-o1-ll-c1-fx-a914eddd74c2,AR,RO,ar_taskorder_setup,i2,1,letters,1,,valid,exact_code,0.0,0.0,0.0,0
ar-ar_taskorder_setup-i2-ro-o1-ln-c0-fx-563829f92487,AR,RO,ar_taskorder_setup,i2,1,numbers,0,,valid,exact_code,1.0,1.0,1.0,0
ar-ar_taskorder_setup-i2-ro-o1-ln-c1-fx-e97ee03cdc3d,AR,RO,ar_taskorder_setup,i2,1,numbers,1,,valid,exact_code,0.0,0.0,0.0,0
ar-ar_taskorder_setup-i3-ar-o0-ll-c0-fe-7e85aafda294,AR,AR,ar_taskorder_setup,i3,0,letters,0,enacted,valid,exact_code,0.0,0.0,1.0,1
ar-ar_taskorder_setup-i3-ar-o0-ll-c0-fh-4460043f70a5,AR,AR,ar_taskorder_setup,i3,0,letters,0,hypothetical,valid,exact_code,0.0,0.0,1.0,0
ar-ar_taskorder_setup-i3-ar-o0-ll-c1-fe-0ec51b10126b,AR,AR,ar_taskorder_setup,i3,0,letters,1,enacted,valid,exact_code,0.0,0.0,1.0,1
ar-ar_taskorder_setup-i3-ar-o0-ll-c1-fh-845963a033a7,AR,AR,ar_taskorder_setup,i3,0,letters,1,hypothetical,valid,exact_code,0.0,0.0,1.0,0
ar-ar_taskorder_setup-i3-ar-o0-ln-c0-fe-76e6308b1364,AR,AR,ar_taskorder_setup,i3,0,numbers,0,enacted,valid,exact_code,0.0,0.0,1.0,1
ar-ar_taskorder_setup-i3-ar-o0-ln-c0-fh-5f8181b0e24d,AR,AR,ar_taskorder_setup,i3,0,numbers,0,hypothetical,valid,exact_code,0.0,0.0,1.0,0
ar-ar_taskorder_setup-i3-ar-o0-ln-c1-fe-bd9ea84d2910,AR,AR,ar_taskorder_setup,i3,0,numbers,1,enacted,valid,exact_code,0.0,0.0,1.0,1
ar-ar_taskorder_setup-i3-ar-o0-ln-c1-fh-dc065d594d5f,AR,AR,ar_taskorder_setup,i3,0,numbers,1,hypothetical,valid,exact_code,0.0,0.0,1.0,0
ar-ar_taskorder_setup-i3-ar-o1-ll-c0-fe-b7e8b875c98e,AR,AR,ar_taskorder_setup,i3,1,letters,0,enacted,valid,exact_code,0.0,0.0,0.0,1
ar-ar_taskorder_setup-i3-ar-o1-ll-c0-fh-b434982d8097,AR,AR,ar_taskorder_setup,i3,1,letters,0,hypothetical,valid,exact_code,0.0,0.0,0.0,0
ar-ar_taskorder_setup-i3-ar-o1-ll-c1-fe-638e56e57387,AR,AR,ar_taskorder_setup,i3,1,letters,1,enacted,valid,exact_code,0.0,0.0,0.0,1
ar-ar_taskorder_setup-i3-ar-o1-ll-c1-fh-f10ce116fa24,AR,AR,ar_taskorder_setup,i3,1,letters,1,hypothetical,valid,exact_code,0.0,0.0,0.0,0
ar-ar_taskorder_setup-i3-ar-o1-ln-c0-fe-bcd3c2f44ea7,AR,AR,ar_taskorder_setup,i3,1,numbers,0,enacted,valid,exact_code,0.0,0.0,0.0,1
ar-ar_taskorder_setup-i3-ar-o1-ln-c0-fh-776c479815b1,AR,AR,ar_taskorder_setup,i3,1,numbers,0,hypothetical,valid,exact_code,0.0,0.0,0.0,0
ar-ar_taskorder_setup-i3-ar-o1-ln-c1-fe-444700a1b099,AR,AR,ar_taskorder_setup,i3,1,numbers,1,enacted,valid,exact_code,0.0,0.0,0.0,1
ar-ar_taskorder_setup-i3-ar-o1-ln-c1-fh-63ea2cc39604,AR,AR,ar_taskorder_setup,i3,1,numbers,1,hypothetical,valid,exact_code,0.0,0.0,0.0,0
ar-ar_taskorder_setup-i3-ro-o0-ll-c0-fx-f86780a7c2bb,AR,RO,ar_taskorder_setup,i3,0,letters,0,,valid,exact_code,1.0,1.0,0.0,0
ar-ar_taskorder_setup-i3-ro-o0-ll-c1-fx-c11ee5a6c152,AR,RO,ar_taskorder_setup,i3,0,letters,1,,valid,exact_code,0.0,0.0,1.0,0
ar-ar_taskorder_setup-i3-ro-o0-ln-c0-fx-eb27b48eeb43,AR,RO,ar_taskorder_setup,i3,0,numbers,0,,valid,exact_code,1.0,1.0,0.0,0
ar-ar_taskorder_setup-i3-ro-o0-ln-c1-fx-2b8701bcdfa5,AR,RO,ar_taskorder_setup,i3,0,numbers,1,,valid,exact_code,0.0,0.0,1.0,0
ar-ar_taskorder_setup-i3-ro-o1-ll-c0-fx-88e7b5cb3218,AR,RO,ar_taskorder_setup,i3,1,letters,0,,valid,exact_code,0.0,0.0,0.0,0
ar-ar_taskorder_setup-i3-ro-o1-ll-c1-fx-fd63ea2e50fe,AR,RO,ar_taskorder_setup,i3,1,letters,1,,valid,exact_code,0.0,0.0,0.0,0
ar-ar_taskorder_setup-i3-ro-o1-ln-c0-fx-c2a2890379dd,AR,RO,ar_taskorder_setup,i3,1,numbers,0,,valid,exact_code,1.0,1.0,1.0,0
ar-ar_taskorder_setup-i3-ro-o1-ln-c1-fx-c45194a6d20c,AR,RO,ar_taskorder_setup,i3,1,numbers,1,,valid,exact_code,0.0,0.0,0.0,0
ar-ar_taskorder_setup-i4-ar-o0-ll-c0-fe-039df45cddcb,AR,AR,ar_taskorder_setup,i4,0,letters,0,enacted,valid,exact_code,0.0,0.0,1.0,1
ar-ar_taskorder_setup-i4-ar-o0-ll-c0-fh-f7babfd952a0,AR,AR,ar_taskorder_setup,i4,0,letters,0,hypothetical,valid,exact_code,0.0,0.0,1.0,0
ar-ar_taskorder_setup-i4-ar-o0-ll-c1-fe-f29d08adbd72,AR,AR,ar_taskorder_setup,i4,0,letters,1,enacted,valid,exact_code,0.0,0.0,1.0,1
ar-ar_taskorder_setup-i4-ar-o0-ll-c1-fh-fb3ff7b9525a,AR,AR,ar_taskorder_setup,i4,0,letters,1,hypothetical,valid,exact_code,0.0,0.0,1.0,0
ar-ar_taskorder_setup-i4-ar-o0-ln-c0-fe-5b270992ec84,AR,AR,ar_taskorder_setup,i4,0,numbers,0,enacted,valid,exact_code,0.0,0.0,1.0,1
ar-ar_taskorder_setup-i4-ar-o0-ln-c0-fh-3afd8bee55b9,AR,AR,ar_taskorder_setup,i4,0,numbers,0,hypothetical,valid,exact_code,0.0,0.0,1.0,0
ar-ar_taskorder_setup-i4-ar-o0-ln-c1-fe-e96bb09f3927,AR,AR,ar_taskorder_setup,i4,0,numbers,1,enacted,valid,exact_code,0.0,0.0,1.0,1
ar-ar_taskorder_setup-i4-ar-o0-ln-c1-fh-02386b0bb172,AR,AR,ar_taskorder_setup,i4,0,numbers,1,hypothetical,valid,exact_code,0.0,0.0,1.0,0
ar-ar_taskorder_setup-i4-ar-o1-ll-c0-fe-b877f477b772,AR,AR,ar_taskorder_setup,i4,1,letters,0,enacted,valid,exact_code,0.0,0.0,0.0,1
ar-ar_taskorder_setup-i4-ar-o1-ll-c0-fh-84a0a24b6176,AR,AR,ar_taskorder_setup,i4,1,letters,0,hypothetical,valid,exact_code,0.0,0.0,0.0,0
ar-ar_taskorder_setup-i4-ar-o1-ll-c1-fe-f17f7afd5dd9,AR,AR,ar_taskorder_setup,i4,1,letters,1,enacted,valid,exact_code,0.0,0.0,0.0,1
ar-ar_taskorder_setup-i4-ar-o1-ll-c1-fh-c2e867f9b03e,AR,AR,ar_taskorder_setup,i4,1,letters,1,hypothetical,valid,exact_code,0.0,0.0,0.0,0
ar-ar_taskorder_setup-i4-ar-o1-ln-c0-fe-3a2e58e83d45,AR,AR,ar_taskorder_setup,i4,1,numbers,0,enacted,valid,exact_code,0.0,0.0,0.0,1
ar-ar_taskorder_setup-i4-ar-o1-ln-c0-fh-95c4af6882f1,AR,AR,ar_taskorder_setup,i4,1,numbers,0,hypothetical,valid,exact_code,0.0,0.0,0.0,0
ar-ar_taskorder_setup-i4-ar-o1-ln-c1-fe-e857b133542c,AR,AR,ar_taskorder_setup,i4,1,numbers,1,enacted,valid,exact_code,0.0,0.0,0.0,1
ar-ar_taskorder_setup-i4-ar-o1-ln-c1-fh-74573a42ac93,AR,AR,ar_taskorder_setup,i4,1,numbers,1,hypothetical,valid,exact_code,0.0,0.0,0.0,0
ar-ar_taskorder_setup-i4-ro-o0-ll-c0-fx-ec214cbf3004,AR,RO,ar_taskorder_setup,i4,0,letters,0,,valid,exact_code,1.0,1.0,0.0,0
ar-ar_taskorder_setup-i4-ro-o0-ll-c1-fx-0010b65f2a85,AR,RO,ar_taskorder_setup,i4,0,letters,1,,valid,exact_code,0.0,0.0,1.0,0
ar-ar_taskorder_setup-i4-ro-o0-ln-c0-fx-853d9c4ccd7b,AR,RO,ar_taskorder_setup,i4,0,numbers,0,,valid,exact_code,1.0,1.0,0.0,0
ar-ar_taskorder_setup-i4-ro-o0-ln-c1-fx-aae4030ec57b,AR,RO,ar_taskorder_setup,i4,0,numbers,1,,valid,exact_code,0.0,0.0,1.0,0
ar-ar_taskorder_setup-i4-ro-o1-ll-c0-fx-c525e1bf6a40,AR,RO,ar_taskorder_setup,i4,1,letters,0,,valid,exact_code,0.0,0.0,0.0,0
ar-ar_taskorder_setup-i4-ro-o1-ll-c1-fx-18e1ebb15931,AR,RO,ar_taskorder_setup,i4,1,letters,1,,valid,exact_code,0.0,0.0,0.0,0
ar-ar_taskorder_setup-i4-ro-o1-ln-c0-fx-bd0c13f8fc95,AR,RO,ar_taskorder_setup,i4,1,numbers,0,,valid,exact_code,1.0,1.0,1.0,0
ar-ar_taskorder_setup-i4-ro-o1-ln-c1-fx-e50575082e3e,AR,RO,ar_taskorder_setup,i4,1,numbers,1,,valid,exact_code,0.0,0.0,0.0,0
ar-ar_testfix_suite-i0-ar-o0-ll-c0-fe-e37e2f0b3ce3,AR,AR,ar_testfix_suite,i0,0,letters,0,enacted,valid,exact_code,0.0,0.0,1.0,1
ar-ar_testfix_suite-i0-ar-o0-ll-c0-fh-c40b63247c57,AR,AR,ar_testfix_suite,i0,0,letters,0,hypothetical,valid,exact_code,0.0,0.0,1.0,0
ar-ar_testfix_suite-i0-ar-o0-ll-c1-fe-b39cae5d044b,AR,AR,ar_testfix_suite,i0,0,letters,1,enacted,valid,exact_code,0.0,0.0,1.0,1
ar-ar_testfix_suite-i0-ar-o0-ll-c1-fh-5f121b726422,AR,AR,ar_testfix_suite,i0,0,letters,1,hypothetical,valid,exact_code,0.0,0.0,1.0,0
ar-ar_testfix_suite-i0-ar-o0-ln-c0-fe-2bb9937ba476,AR,AR,ar_testfix_suite,i0,0,numbers,0,enacted,valid,exact_code,0.0,0.0,1.0,1
ar-ar_testfix_suite-i0-ar-o0-ln-c0-fh-0313868e0420,AR,AR,ar_testfix_suite,i0,0,numbers,0,hypothetical,valid,exact_code,0.0,0.0,1.0,0
ar-ar_testfix_suite-i0-ar-o0-ln-c1-fe-2074f30cf6e7,AR,AR,ar_testfix_suite,i0,0,numbers,1,enacted,valid,exact_code,0.0,0.0,1.0,1
ar-ar_testfix_suite-i0-ar-o0-ln-c1-fh-ebc4f47ea155,AR,AR,ar_testfix_suite,i0,0,numbers,1,hypothetical,valid,exact_code,0.0,0.0,1.0,0
ar-ar_testfix_suite-i0-ar-o1-ll-c0-fe-dd7ecb477be1,AR,AR,ar_testfix_suite,i0,1,letters,0,enacted,valid,exact_code,1.0,1.0,1.0,1
ar-ar_testfix_suite-i0-ar-o1-ll-c0-fh-bf6041050d52,AR,AR,ar_testfix_suite,i0,1,letters,0,hypothetical,valid,exact_code,1.0,1.0,1.0,0
ar-ar_testfix_suite-i0-ar-o1-ll-c1-fe-9efac543ac1a,AR,AR,ar_testfix_suite,i0,1,letters,1,enacted,valid,exact_code,0.0,0.0,0.0,1
ar-ar_testfix_suite-i0-ar-o1-ll-c1-fh-bbb9056f7efe,AR,AR,ar_testfix_suite,i0,1,letters,1,hypothetical,valid,exact_code,0.0,0.0,0.0,0
ar-ar_testfix_suite-i0-ar-o1-ln-c0-fe-e83d1226ea64,AR,AR,ar_testfix_suite,i0,1,numbers,0,enacted,valid,exact_code,1.0,1.0,1.0,1
ar-ar_testfix_suite-i0-ar-o1-ln-c0-fh-450b47b5bd43,AR,AR,ar_testfix_suite,i0,1,numbers,0,hypothetical,valid,exact_code,1.0,1.0,1.0,0
ar-ar_testfix_suite-i0-ar-o1-ln-c1-fe-8ea1ad9ceda1,AR,AR,ar_testfix_suite,i0,1,numbers,1,enacted,valid,exact_code,0.0,0.0,0.0,1
ar-ar_testfix_suite-i0-ar-o1-ln-c1-fh-bd348dc6d179,AR,AR,ar_testfix_suite,i0,1,numbers,1,hypothetical,valid,exact_code,0.0,0.0,0.0,0
ar-ar_testfix_suite-i0-ro-o0-ll-c0-fx-6797ed175f4f,AR,RO,ar_testfix_suite,i0,0,letters,0,,valid,exact_code,1.0,1.0,0.0,0
ar-ar_testfix_suite-i0-ro-o0-ll-c1-fx-990abc626c45,AR,RO,ar_testfix_suite,i0,0,letters,1,,valid,exact_code,0.0,0.0,1.0,0
ar-ar_testfix_suite-i0-ro-o0-ln-c0-fx-e981e5ec045e,AR,RO,ar_testfix_suite,i0,0,numbers,0,,valid,exact_code,1.0,1.0,0.0,0
ar-ar_testfix_suite-i0-ro-o0-ln-c1-fx-be9359b9c69f,AR,RO,ar_testfix_suite,i0,0,numbers,1,,valid,exact_code,0.0,0.0,1.0,0
ar-ar_testfix_suite-i0-ro-o1-ll-c0-fx-51b6fbb2ce52,AR,RO,ar_testfix_suite,i0,1,letters,0,,valid,exact_code,1.0,1.0,1.0,0
ar-ar_testfix_suite-i0-ro-o1-ll-c1-fx-820870386a62,AR,RO,ar_testfix_suite,i0,1,letters,1,,valid,exact_code,0.0,0.0,0.0,0
ar-ar_testfix_suite-i0-ro-o1-ln-c0-fx-f0a7394d37dd,AR,RO,ar_testfix_suite,i0,1,numbers,0,,valid,exact_code,1.0,1.0,1.0,0
ar-ar_testfix_suite-i0-ro-o1-ln-c1-fx-5c0b57fbfe46,AR,RO,ar_testfix_suite,i0,1,numbers,1,,valid,exact_code,0.0,0.0,0.0,0
ar-ar_testfix_suite-i1-ar-o0-ll-c0-fe-3a0b1b54f907,AR,AR,ar_testfix_suite,i1,0,letters,0,enacted,valid,exact_code,0.0,0.0,1.0,1
ar-ar_testfix_suite-i1-ar-o0-ll-c0-fh-c7a2866e540a,AR,AR,ar_testfix_suite,i1,0,letters,0,hypothetical,valid,exact_code,0.0,0.0,1.0,0
ar-ar_testfix_suite-i1-ar-o0-ll-c1-fe-8f8fb6079dc5,AR,AR,ar_testfix_suite,i1,0,letters,1,enacted,valid,exact_code,0.0,0.0,1.0,1
ar-ar_testfix_suite-i1-ar-o0-ll-c1-fh-e8d7f7d3c242,AR,AR,ar_testfix_suite,i1,0,letters,1,hypothetical,valid,exact_code,0.0,0.0,1.0,0
ar-ar_testfix_suite-i1-ar-o0-ln-c0-fe-18eae4eadaef,AR,AR,ar_testfix_suite,i1,0,numbers,0,enacted,valid,exact_code,0.0,0.0,1.0,1
ar-ar_testfix_suite-i1-ar-o0-ln-c0-fh-d718d91ec872,AR,AR,ar_testfix_suite,i1,0,numbers,0,hypothetical,valid,exact_code,0.0,0.0,1.0,0
ar-ar_testfix_suite-i1-ar-o0-ln-c1-fe-a3b2c1a5aa93,AR,AR,ar_testfix_suite,i1,0,numbers,1,enacted,valid,exact_code,0.0,0.0,1.0,1
ar-ar_testfix_suite-i1-ar-o0-ln-c1-fh-219cd4727ec7,AR,AR,ar_testfix_suite,i1,0,numbers,1,hypothetical,valid,exact_code,0.0,0.0,1.0,0
ar-ar_testfix_suite-i1-ar-o1-ll-c0-fe-325ac916f82c,AR,AR,ar_testfix_suite,i1,1,letters,0,enacted,valid,exact_code,1.0,1.0,1.0,1
ar-ar_testfix_suite-i1-ar-o1-ll-c0-fh-eddcffff88c8,AR,AR,ar_testfix_suite,i1,1,letters,0,hypothetical,valid,exact_code,1.0,1.0,1.0,0
ar-ar_testfix_suite-i1-ar-o1-ll-c1-fe-a8efb66a45c8,AR,AR,ar_testfix_suite,i1,1,letters,1,enacted,valid,exact_code,1.0,1.0,1.0,1
ar-ar_testfix_suite-i1-ar-o1-ll-c1-fh-8fc5c3237ed7,AR,AR,ar_testfix_suite,i1,1,letters,1,hypothetical,valid,exact_code,1.0,1.0,1.0,0
ar-ar_testfix_suite-i1-ar-o1-ln-c0-fe-0bda5b7af24d,AR,AR,ar_testfix_suite,i1,1,numbers,0,enacted,valid,exact_code,1.0,1.0,1.0,1
ar-ar_testfix_suite-i1-ar-o1-ln-c0-fh-f667b2efece5,AR,AR,ar_testfix_suite,i1,1,numbers,0,hypothetical,valid,exact_code,1.0,1.0,1.0,0
ar-ar_testfix_suite-i1-ar-o1-ln-c1-fe-246ba1023453,AR,AR,ar_testfix_suite,i1,1,numbers,1,enacted,valid,exact_code,1.0,1.0,1.0,1
ar-ar_testfix_suite-i1-ar-o1-ln-c1-fh-2b1efc46f914,AR,AR,ar_testfix_suite,i1,1,numbers,1,hypothetical,valid,exact_code,1.0,1.0,1.0,0
ar-ar_testfix_suite-i1-ro-o0-ll-c0-fx-c84ac4ab8db3,AR,RO,ar_testfix_suite,i1,0,letters,0,,valid,exact_code,1.0,1.0,0.0,0
ar-ar_testfix_suite-i1-ro-o0-ll-c1-fx-1a3820ba6b0f,AR,RO,ar_testfix_suite,i1,0,letters,1,,valid,exact_code,0.0,0.0,1.0,0
ar-ar_testfix_suite-i1-ro-o0-ln-c0-fx-fca9293cdf47,AR,RO,ar_testfix_suite,i1,0,numbers,0,,valid,exact_code,1.0,1.0,0.0,0
ar-ar_testfix_suite-i1-ro-o0-ln-c1-fx-24f87080a1d9,AR,RO,ar_testfix_suite,i1,0,numbers,1,,valid,exact_code,0.0,0.0,1.0,0
ar-ar_testfix_suite-i1-ro-o1-ll-c0-fx-0d4156244300,AR,RO,ar_testfix_suite,i1,1,letters,0,,valid,exact_code,1.0,1.0,1.0,0
ar-ar_testfix_suite-i1-ro-o1-ll-c1-fx-fbf85643f987,AR,RO,ar_testfix_suite,i1,1,letters,1,,valid,exact_code,0.0,0.0,0.0,0
ar-ar_testfix_suite-i1-ro-o1-ln-c0-fx-6b945dc271a5,AR,RO,ar_testfix_suite,i1,1,numbers,0,,valid,exact_code,1.0,1.0,1.0,0
ar-ar_testfix_suite-i1-ro-o1-ln-c1-fx-67b983e322e0,AR,RO,ar_testfix_suite,i1,1,numbers,1,,valid,exact_code,0.0,0.0,0.0,0
ar-ar_testfix_suite-i2-ar-o0-ll-c0-fe-b26244b8eac0,AR,AR,ar_testfix_suite,i2,0,letters,0,enacted,valid,exact_code,0.0,0.0,1.0,1
ar-ar_testfix_suite-i2-ar-o0-ll-c0-fh-d00f00798a90,AR,AR,ar_testfix_suite,i2,0,letters,0,hypothetical,valid,exact_code,0.0,0.0,1.0,0
ar-ar_testfix_suite-i2-ar-o0-ll-c1-fe-0a65f6bf7096,AR,AR,ar_testfix_suite,i2,0,letters,1,enacted,valid,exact_code,0.0,0.0,1.0,1
ar-ar_testfix_suite-i2-ar-o0-ll-c1-fh-dcac5e77da6e,AR,AR,ar_testfix_suite,i2,0,letters,1,hypothetical,valid,exact_code,0.0,0.0,1.0,0
ar-ar_testfix_suite-i2-ar-o0-ln-c0-fe-b76adec24097,AR,AR,ar_testfix_suite,i2,0,numbers,0,enacted,valid,exact_code,0.0,0.0,1.0,1
ar-ar_testfix_suite-i2-ar-o0-ln-c0-fh-7b644c88532b,AR,AR,ar_testfix_suite,i2,0,numbers,0,hypothetical,valid,exact_code,0.0,0.0,1.0,0
ar-ar_testfix_suite-i2-ar-o0-ln-c1-fe-c9007b37940b,AR,AR,ar_testfix_suite,i2,0,numbers,1,enacted,valid,exact_code,0.0,0.0,1.0,1
ar-ar_testfix_suite-i2-ar-o0-ln-c1-fh-776727632ef7,AR,AR,ar_testfix_suite,i2,0,numbers,1,hypothetical,valid,exact_code,0.0,0.0,1.0,0
ar-ar_testfix_suite-i2-ar-o1-ll-c0-fe-9508decfde50,AR,AR,ar_testfix_suite,i2,1,letters,0,enacted,valid,exact_code,1.0,1.0,1.0,1
ar-ar_testfix_suite-i2-ar-o1-ll-c0-fh-b37b5a15b14f,AR,AR,ar_testfix_suite,i2,1,letters,0,hypothetical,valid,exact_code,1.0,1.0,1.0,0
ar-ar_testfix_suite-i2-ar-o1-ll-c1-fe-3a1058faa6f0,AR,AR,ar_testfix_suite,i2,1,letters,1,enacted,valid,exact_code,0.0,0.0,0.0,1
ar-ar_testfix_suite-i2-ar-o1-ll-c1-fh-e08a3ac83a6b,AR,AR,ar_testfix_suite,i2,1,letters,1,hypothetical,valid,exact_code,0.0,0.0,0.0,0
ar-ar_testfix_suite-i2-ar-o1-ln-c0-fe-bf4aa3270be9,AR,AR,ar_testfix_suite,i2,1,numbers,0,enacted,valid,exact_code,1.0,1.0,1.0,1
ar-ar_testfix_suite-i2-ar-o1-ln-c0-fh-d9c0a1e27cff,AR,AR,ar_testfix_suite,i2,1,numbers,0,hypothetical,valid,exact_code,1.0,1.0,1.0,0
ar-ar_testfix_suite-i2-ar-o1-ln-c1-fe-a01bb594c1f8,AR,AR,ar_testfix_suite,i2,1,numbers,1,enacted,valid,exact_code,1.0,1.0,1.0,1
ar-ar_testfix_suite-i2-ar-o1-ln-c1-fh-e336d61e696f,AR,AR,ar_testfix_suite,i2,1,numbers,1,hypothetical,valid,exact_code,1.0,1.0,1.0,0
ar-ar_testfix_suite-i2-ro-o0-ll-c0-fx-827ff9d72420,AR,RO,ar_testfix_suite,i2,0,letters,0,,valid,exact_code,1.0,1.0,0.0,0
ar-ar_testfix_suite-i2-ro-o0-ll-c1-fx-24226b9b7ea8,AR,RO,ar_testfix_suite,i2,0,letters,1,,valid,exact_code,0.0,0.0,1.0,0
ar-ar_testfix_suite-i2-ro-o0-ln-c0-fx-eddd8e3c4ba0,AR,RO,ar_testfix_suite,i2,0,numbers,0,,valid,exact_code,1.0,1.0,0.0,0
ar-ar_testfix_suite-i2-ro-o0-ln-c1-fx-e35a4a7a4231,AR,RO,ar_testfix_suite,i2,0,numbers,1,,valid,exact_code,0.0,0.0,1.0,0
ar-ar_testfix_suite-i2-ro-o1-ll-c0-fx-8bbcca528ae7,AR,RO,ar_testfix_suite,i2,1,letters,0,,valid,exact_code,1.0,1.0,1.0,0
ar-ar_testfix_suite-i2-ro-o1-ll-c1-fx-67ba79d3f50b,AR,RO,ar_testfix_suite,i2,1,letters,1,,valid,exact_code,0.0,0.0,0.0,0
ar-ar_testfix_suite-i2-ro-o1-ln-c0-fx-99be14d35691,AR,RO,ar_testfix_suite,i2,1,numbers,0,,valid,exact_code,1.0,1.0,1.0,0
ar-ar_testfix_suite-i2-ro-o1-ln-c1-fx-cb5325843d45,AR,RO,ar_testfix_suite,i2,1,numbers,1,,valid,exact_code,0.0,0.0,0.0,0
ar-ar_testfix_suite-i3-ar-o0-ll-c0-fe-42a8097bc104,AR,AR,ar_testfix_suite,i3,0,letters,0,enacted,valid,exact_code,0.0,0.0,1.0,1
ar-ar_testfix_suite-i3-ar-o0-ll-c0-fh-7d52523ebcc5,AR,AR,ar_testfix_suite,i3,0,letters,0,hypothetical,valid,exact_code,0.0,0.0,1.0,0
ar-ar_testfix_suite-i3-ar-o0-ll-c1-fe-5c3601c6bc23,AR,AR,ar_testfix_suite,i3,0,letters,1,enacted,valid,exact_code,0.0,0.0,1.0,1
ar-ar_testfix_suite-i3-ar-o0-ll-c1-fh-93e2b8a592de,AR,AR,ar_testfix_suite,i3,0,letters,1,hypothetical,valid,exact_code,0.0,0.0,1.0,0
ar-ar_testfix_suite-i3-ar-o0-ln-c0-fe-4eb27245b71f,AR,AR,ar_testfix_suite,i3,0,numbers,0,enacted,valid,exact_code,0.0,0.0,1.0,1
ar-ar_testfix_suite-i3-ar-o0-ln-c0-fh-1a0c05b807d3,AR,AR,ar_testfix_suite,i3,0,numbers,0,hypothetical,valid,exact_code,0.0,0.0,1.0,0
ar-ar_testfix_suite-i3-ar-o0-ln-c1-fe-b97d2414a223,AR,AR,ar_testfix_suite,i3,0,numbers,1,enacted,valid,exact_code,0.0,0.0,1.0,1
ar-ar_testfix_suite-i3-ar-o0-ln-c1-fh-593e43e020ac,AR,AR,ar_testfix_suite,i3,0,numbers,1,hypothetical,valid,exact_code,0.0,0.0,1.0,0
ar-ar_testfix_suite-i3-ar-o1-ll-c0-fe-456977674ee8,AR,AR,ar_testfix_suite,i3,1,letters,0,enacted,valid,exact_code,1.0,1.0,1.0,1
ar-ar_testfix_suite-i3-ar-o1-ll-c0-fh-565bb18d547c,AR,AR,ar_testfix_suite,i3,1,letters,0,hypothetical,valid,exact_code,1.0,1.0,1.0,0
ar-ar_testfix_suite-i3-ar-o1-ll-c1-fe-f727083c866f,AR,AR,ar_testfix_suite,i3,1,letters,1,enacted,valid,exact_code,0.0,0.0,0.0,1
ar-ar_testfix_suite-i3-ar-o1-ll-c1-fh-d8b5327f5a88,AR,AR,ar_testfix_suite,i3,1,letters,1,hypothetical,valid,exact_code,0.0,0.0,0.0,0
ar-ar_testfix_suite-i3-ar-o1-ln-c0-fe-099576bc14df,AR,AR,ar_testfix_suite,i3,1,numbers,0,enacted,valid,exact_code,1.0,1.0,1.0,1
ar-ar_testfix_suite-i3-ar-o1-ln-c0-fh-9626a2239593,AR,AR,ar_testfix_suite,i3,1,numbers,0,hypothetical,valid,exact_code,1.0,1.0,1.0,0
ar-ar_testfix_suite-i3-ar-o1-ln-c1-fe-b2015ea1d740,AR,AR,ar_testfix_suite,i3,1,numbers,1,enacted,valid,exact_code,0.0,0.0,0.0,1
ar-ar_testfix_suite-i3-ar-o1-ln-c1-fh-b255e20f4b8b,AR,AR,ar_testfix_suite,i3,1,numbers,1,hypothetical,valid,exact_code,0.0,0.0,0.0,0
ar-ar_testfix_suite-i3-ro-o0-ll-c0-fx-d7fc9204f8e6,AR,RO,ar_testfix_suite,i3,0,letters,0,,valid,exact_code,1.0,1.0,0.0,0
ar-ar_testfix_suite-i3-ro-o0-ll-c1-fx-51475dc02f47,AR,RO,ar_testfix_suite,i3,0,letters,1,,valid,exact_code,0.0,0.0,1.0,0
ar-ar_testfix_suite-i3-ro-o0-ln-c0-fx-e7b7911a1267,AR,RO,ar_testfix_suite,i3,0,numbers,0,,valid,exact_code,1.0,1.0,0.0,0
ar-ar_testfix_suite-i3-ro-o0-ln-c1-fx-dfa4c1fec809,AR,RO,ar_testfix_suite,i3,0,numbers,1,,valid,exact_code,0.0,0.0,1.0,0
ar-ar_testfix_suite-i3-ro-o1-ll-c0-fx-8e10591794ce,AR,RO,ar_testfix_suite,i3,1,letters,0,,valid,exact_code,1.0,1.0,1.0,0
ar-ar_testfix_suite-i3-ro-o1-ll-c1-fx-9240faab5a01,AR,RO,ar_testfix_suite,i3,1,letters,1,,valid,exact_code,0.0,0.0,0.0,0
ar-ar_testfix_suite-i3-ro-o1-ln-c0-fx-decc964d21ee,AR,RO,ar_testfix_suite,i3,1,numbers,0,,valid,exact_code,1.0,1.0,1.0,0
ar-ar_testfix_suite-i3-ro-o1-ln-c1-fx-e6f2922cfb4f,AR,RO,ar_testfix_suite,i3,1,numbers,1,,valid,exact_code,0.0,0.0,0.0,0
ar-ar_testfix_suite-i4-ar-o0-ll-c0-fe-acbd145a7a86,AR,AR,ar_testfix_suite,i4,0,letters,0,enacted,valid,exact_code,0.0,0.0,1.0,1
ar-ar_testfix_suite-i4-ar-o0-ll-c0-fh-46905f7badc7,AR,AR,ar_testfix_suite,i4,0,letters,0,hypothetical,valid,exact_code,0.0,0.0,1.0,0
ar-ar_testfix_suite-i4-ar-o0-ll-c1-fe-ec5cc3cd65db,AR,AR,ar_testfix_suite,i4,0,letters,1,enacted,valid,exact_code,0.0,0.0,1.0,1
ar-ar_testfix_suite-i4-ar-o0-ll-c1-fh-5394b7d4824e,AR,AR,ar_testfix_suite,i4,0,letters,1,hypothetical,valid,exact_code,0.0,0.0,1.0,0
ar-ar_testfix_suite-i4-ar-o0-ln-c0-fe-8286060f848a,AR,AR,ar_testfix_suite,i4,0,numbers,0,enacted,valid,exact_code,0.0,0.0,1.0,1
ar-ar_testfix_suite-i4-ar-o0-ln-c0-fh-ae4fbb1b994b,AR,AR,ar_testfix_suite,i4,0,numbers,0,hypothetical,valid,exact_code,0.0,0.0,1.0,0
ar-ar_testfix_suite-i4-ar-o0-ln-c1-fe-10fb7af78860,AR,AR,ar_testfix_suite,i4,0,numbers,1,enacted,valid,exact_code,0.0,0.0,1.0,1
ar-ar_testfix_suite-i4-ar-o0-ln-c1-fh-e533d716349a,AR,AR,ar_testfix_suite,i4,0,numbers,1,hypothetical,valid,exact_code,0.0,0.0,1.0,0
ar-ar_testfix_suite-i4-ar-o1-ll-c0-fe-4948e738d1b1,AR,AR,ar_testfix_suite,i4,1,letters,0,enacted,valid,exact_code,1.0,1.0,1.0,1
ar-ar_testfix_suite-i4-ar-o1-ll-c0-fh-924cd208801f,AR,AR,ar_testfix_suite,i4,1,letters,0,hypothetical,valid,exact_code,1.0,1.0,1.0,0
ar-ar_testfix_suite-i4-ar-o1-ll-c1-fe-a629c950ebf3,AR,AR,ar_testfix_suite,i4,1,letters,1,enacted,valid,exact_code,1.0,1.0,1.0,1
ar-ar_testfix_suite-i4-ar-o1-ll-c1-fh-0ea09aae34fa,AR,AR,ar_testfix_suite,i4,1,letters,1,hypothetical,valid,exact_code,1.0,1.0,1.0,0
ar-ar_testfix_suite-i4-ar-o1-ln-c0-fe-72603ed288ec,AR,AR,ar_testfix_suite,i4,1,numbers,0,enacted,valid,exact_code,1.0,1.0,1.0,1
ar-ar_testfix_suite-i4-ar-o1-ln-c0-fh-66b36fb7da38,AR,AR,ar_testfix_suite,i4,1,numbers,0,hypothetical,valid,exact_code,1.0,1.0,1.0,0
ar-ar_testfix_suite-i4-ar-o1-ln-c1-fe-95d2c11f98a7,AR,AR,ar_testfix_suite,i4,1,numbers,1,enacted,valid,exact_code,1.0,1.0,1.0,1
ar-ar_testfix_suite-i4-ar-o1-ln-c1-fh-fe31b49b1d99,AR,AR,ar_testfix_suite,i4,1,numbers,1,hypothetical,valid,exact_code,1.0,1.0,1.0,0
ar-ar_testfix_suite-i4-ro-o0-ll-c0-fx-14229ff8bce6,AR,RO,ar_testfix_suite,i4,0,letters,0,,valid,exact_code,1.0,1.0,0.0,0
ar-ar_testfix_suite-i4-ro-o0-ll-c1-fx-60e81fe3c342,AR,RO,ar_testfix_suite,i4,0,letters,1,,valid,exact_code,0.0,0.0,1.0,0
ar-ar_testfix_suite-i4-ro-o0-ln-c0-fx-070240fba695,AR,RO,ar_testfix_suite,i4,0,numbers,0,,valid,exact_code,1.0,1.0,0.0,0
ar-ar_testfix_suite-i4-ro-o0-ln-c1-fx-44324fd06c54,AR,RO,ar_testfix_suite,i4,0,numbers,1,,valid,exact_code,0.0,0.0,1.0,0
ar-ar_testfix_suite-i4-ro-o1-ll-c0-fx-546a5b937571,AR,RO,ar_testfix_suite,i4,1,letters,0,,valid,exact_code,1.0,1.0,1.0,0
ar-ar_testfix_suite-i4-ro-o1-ll-c1-fx-50614995e0c3,AR,RO,ar_testfix_suite,i4,1,letters,1,,valid,exact_code,0.0,0.0,0.0,0
ar-ar_testfix_suite-i4-ro-o1-ln-c0-fx-4dd80f6403e8,AR,RO,ar_testfix_suite,i4,1,numbers,0,,valid,exact_code,1.0,1.0,1.0,0
ar-ar_testfix_suite-i4-ro-o1-ln-c1-fx-378c5e97b2e4,AR,RO,ar_testfix_suite,i4,1,numbers,1,,valid,exact_code,0.0,0.0,0.0,0
ar-ar_traversal_indexer-i0-ar-o0-ll-c0-fe-90fc54d03ff0,AR,AR,ar_traversal_indexer,i0,0,letters,0,enacted,valid,exact_code,0.0,0.0,1.0,1
ar-ar_traversal_indexer-i0-ar-o0-ll-c0-fh-07e937b778a8,AR,AR,ar_traversal_indexer,i0,0,letters,0,hypothetical,valid,exact_code,0.0,0.0,1.0,0
ar-ar_traversal_indexer-i0-ar-o0-ll-c1-fe-ae3315f1f0bd,AR,AR,ar_traversal_indexer,i0,0,letters,1,enacted,valid,exact_code,0.0,0.0,1.0,1
ar-ar_traversal_indexer-i0-ar-o0-ll-c1-fh-9b0200bc5cb7,AR,AR,ar_traversal_indexer,i0,0,letters,1,hypothetical,valid,exact_code,0.0,0.0,1.0,0
ar-ar_traversal_indexer-i0-ar-o0-ln-c0-fe-be408ff58510,AR,AR,ar_traversal_indexer,i0,0,numbers,0,enacted,valid,exact_code,0.0,0.0,1.0,1
ar-ar_traversal_indexer-i0-ar-o0-ln-c0-fh-5a5e05c9bf91,AR,AR,ar_traversal_indexer,i0,0,numbers,0,hypothetical,valid,exact_code,0.0,0.0,1.0,0
ar-ar_traversal_indexer-i0-ar-o0-ln-c1-fe-36e73620f40c,AR,AR,ar_traversal_indexer,i0,0,numbers,1,enacted,valid,exact_code,0.0,0.0,1.0,1
ar-ar_traversal_indexer-i0-ar-o0-ln-c1-fh-f60314ec3f32,AR,AR,ar_traversal_indexer,i0,0,numbers,1,hypothetical,valid,exact_code,0.0,0.0,1.0,0
ar-ar_traversal_indexer-i0-ar-o1-ll-c0-fe-7db2bf713bf2,AR,AR,ar_traversal_indexer,i0,1,letters,0,enacted,valid,exact_code,1.0,1.0,1.0,1
ar-ar_traversal_indexer-i0-ar-o1-ll-c0-fh-5250c8e65016,AR,AR,ar_traversal_indexer,i0,1,letters,0,hypothetical,valid,exact_code,1.0,1.0,1.0,0
ar-ar_traversal_indexer-i0-ar-o1-ll-c1-fe-59a222fdf891,AR,AR,ar_traversal_indexer,i0,1,letters,1,enacted,valid,exact_code,1.0,1.0,1.0,1
ar-ar_traversal_indexer-i0-ar-o1-ll-c1-fh-7d1594f5bed3,AR,AR,ar_traversal_indexer,i0,1,letters,1,hypothetical,valid,exact_code,1.0,1.0,1.0,0
ar-ar_traversal_indexer-i0-ar-o1-ln-c0-fe-2dd5a56a7dcd,AR,AR,ar_traversal_indexer,i0,1,numbers,0,enacted,valid,exact_code,1.0,1.0,1.0,1
ar-ar_traversal_indexer-i0-ar-o1-ln-c0-fh-ffbfaa594600,AR,AR,ar_traversal_indexer,i0,1,numbers,0,hypothetical,valid,exact_code,1.0,1.0,1.0,0
ar-ar_traversal_indexer-i0-ar-o1-ln-c1-fe-79f8d74f6b23,AR,AR,ar_traversal_indexer,i0,1,numbers,1,enacted,valid,exact_code,1.0,1.0,1.0,1
ar-ar_traversal_indexer-i0-ar-o1-ln-c1-fh-d7b09fb9a32d,AR,AR,ar_traversal_indexer,i0,1,numbers,1,hypothetical,valid,exact_code,1.0,1.0,1.0,0
ar-ar_traversal_indexer-i0-ro-o0-ll-c0-fx-56396d53939a,AR,RO,ar_traversal_indexer,i0,0,letters,0,,valid,exact_code,1.0,1.0,0.0,0
ar-ar_traversal_indexer-i0-ro-o0-ll-c1-fx-3b1fddd504de,AR,RO,ar_traversal_indexer,i0,0,letters,1,,valid,exact_code,0.0,0.0,1.0,0
ar-ar_traversal_indexer-i0-ro-o0-ln-c0-fx-a85016b3e9fd,AR,RO,ar_traversal_indexer,i0,0,numbers,0,,valid,exact_code,1.0,1.0,0.0,0
ar-ar_traversal_indexer-i0-ro-o0-ln-c1-fx-62816ca31531,AR,RO,ar_traversal_indexer,i0,0,numbers,1,,valid,exact_code,0.0,0.0,1.0,0
ar-ar_traversal_indexer-i0-ro-o1-ll-c0-fx-c1e097f4ec75,AR,RO,ar_traversal_indexer,i0,1,letters,0,,valid,exact_code,1.0,1.0,1.0,0
ar-ar_traversal_indexer-i0-ro-o1-ll-c1-fx-8bbbf54a111d,AR,RO,ar_traversal_indexer,i0,1,letters,1,,valid,exact_code,0.0,0.0,0.0,0
ar-ar_traversal_indexer-i0-ro-o1-ln-c0-fx-34712d2efd87,AR,RO,ar_traversal_indexer,i0,1,numbers,0,,valid,exact_code,1.0,1.0,1.0,0
ar-ar_traversal_indexer-i0-ro-o1-ln-c1-fx-d70ce615e1a2,AR,RO,ar_traversal_indexer,i0,1,numbers,1,,valid,exact_code,0.0,0.0,0.0,0
ar-ar_traversal_indexer-i1-ar-o0-ll-c0-fe-d94b480c882b,AR,AR,ar_traversal_indexer,i1,0,letters,0,enacted,valid,exact_code,0.0,0.0,1.0,1
ar-ar_traversal_indexer-i1-ar-o0-ll-c0-fh-5ecd732386df,AR,AR,ar_traversal_indexer,i1,0,letters,0,hypothetical,valid,exact_code,0.0,0.0,1.0,0
ar-ar_traversal_indexer-i1-ar-o0-ll-c1-fe-a73abde551e3,AR,AR,ar_traversal_indexer,i1,0,letters,1,enacted,valid,exact_code,0.0,0.0,1.0,1
ar-ar_traversal_indexer-i1-ar-o0-ll-c1-fh-554edb9e8349,AR,AR,ar_traversal_indexer,i1,0,letters,1,hypothetical,valid,exact_code,0.0,0.0,1.0,0
ar-ar_traversal_indexer-i1-ar-o0-ln-c0-fe-edc4b6316f19,AR,AR,ar_traversal_indexer,i1,0,numbers,0,enacted,valid,exact_code,0.0,0.0,1.0,1
ar-ar_traversal_indexer-i1-ar-o0-ln-c0-fh-911a886ec812,AR,AR,ar_traversal_indexer,i1,0,numbers,0,hypothetical,valid,exact_code,0.0,0.0,1.0,0
ar-ar_traversal_indexer-i1-ar-o0-ln-c1-fe-ba2d9e864e4d,AR,AR,ar_traversal_indexer,i1,0,numbers,1,enacted,valid,exact_code,0.0,0.0,1.0,1
ar-ar_traversal_indexer-i1-ar-o0-ln-c1-fh-fe654823be5d,AR,AR,ar_traversal_indexer,i1,0,numbers,1,hypothetical,valid,exact_code,0.0,0.0,1.0,0
ar-ar_traversal_indexer-i1-ar-o1-ll-c0-fe-a6cb42dfd3ce,AR,AR,ar_traversal_indexer,i1,1,letters,0,enacted,valid,exact_code,1.0,1.0,1.0,1
ar-ar_traversal_indexer-i1-ar-o1-ll-c0-fh-009bf08bbc5b,AR,AR,ar_traversal_indexer,i1,1,letters,0,hypothetical,valid,exact_code,1.0,1.0,1.0,0
ar-ar_traversal_indexer-i1-ar-o1-ll-c1-fe-ad937241b7aa,AR,AR,ar_traversal_indexer,i1,1,letters,1,enacted,valid,exact_code,1.0,1.0,1.0,1
ar-ar_traversal_indexer-i1-ar-o1-ll-c1-fh-167984a79408,AR,AR,ar_traversal_indexer,i1,1,letters,1,hypothetical,valid,exact_code,1.0,1.0,1.0,0
ar-ar_traversal_indexer-i1-ar-o1-ln-c0-fe-3f3436fad5b1,AR,AR,ar_traversal_indexer,i1,1,numbers,0,enacted,valid,exact_code,1.0,1.0,1.0,1
ar-ar_traversal_indexer-i1-ar-o1-ln-c0-fh-0aab4a6f02f9,AR,AR,ar_traversal_indexer,i1,1,numbers,0,hypothetical,valid,exact_code,1.0,1.0,1.0,0
ar-ar_traversal_indexer-i1-ar-o1-ln-c1-fe-d5f326903619,AR,AR,ar_traversal_indexer,i1,1,numbers,1,enacted,valid,exact_code,1.0,1.0,1.0,1
ar-ar_traversal_indexer-i1-ar-o1-ln-c1-fh-36c25ba1adc4,AR,AR,ar_traversal_indexer,i1,1,numbers,1,hypothetical,valid,exact_code,1.0,1.0,1.0,0
ar-ar_traversal_indexer-i1-ro-o0-ll-c0-fx-5aa72604465f,AR,RO,ar_traversal_indexer,i1,0,letters,0,,valid,exact_code,1.0,1.0,0.0,0
ar-ar_traversal_indexer-i1-ro-o0-ll-c1-fx-5c78ebc81932,AR,RO,ar_traversal_indexer,i1,0,letters,1,,valid,exact_code,0.0,0.0,1.0,0
ar-ar_traversal_indexer-i1-ro-o0-ln-c0-fx-d22ff69d8c64,AR,RO,ar_traversal_indexer,i1,0,numbers,0,,valid,exact_code,1.0,1.0,0.0,0
ar-ar_traversal_indexer-i1-ro-o0-ln-c1-fx-da825d5f0d7f,AR,RO,ar_traversal_indexer,i1,0,numbers,1,,valid,exact_code,0.0,0.0,1.0,0
ar-ar_traversal_indexer-i1-ro-o1-ll-c0-fx-634923a5f7da,AR,RO,ar_traversal_indexer,i1,1,letters,0,,valid,exact_code,1.0,1.0,1.0,0
ar-ar_traversal_indexer-i1-ro-o1-ll-c1-fx-66f1b8301faa,AR,RO,ar_traversal_indexer,i1,1,letters,1,,valid,exact_code,0.0,0.0,0.0,0
ar-ar_traversal_indexer-i1-ro-o1-ln-c0-fx-c49812781d3b,AR,RO,ar_traversal_indexer,i1,1,numbers,0,,valid,exact_code,1.0,1.0,1.0,0
ar-ar_traversal_indexer-i1-ro-o1-ln-c1-fx-28ddc976d784,AR,RO,ar_traversal_indexer,i1,1,numbers,1,,valid,exact_code,0.0,0.0,0.0,0
ar-ar_traversal_indexer-i2-ar-o0-ll-c0-fe-7764cdd204db,AR,AR,ar_traversal_indexer,i2,0,letters,0,enacted,valid,exact_code,0.0,0.0,1.0,1
ar-ar_traversal_indexer-i2-ar-o0-ll-c0-fh-7a0dbc23338f,AR,AR,ar_traversal_indexer,i2,0,letters,0,hypothetical,valid,exact_code,0.0,0.0,1.0,0
ar-ar_traversal_indexer-i2-ar-o0-ll-c1-fe-b25fc1e053cb,AR,AR,ar_traversal_indexer,i2,0,letters,1,enacted,valid,exact_code,0.0,0.0,1.0,1
ar-ar_traversal_indexer-i2-ar-o0-ll-c1-fh-a8b15566dddf,AR,AR,ar_traversal_indexer,i2,0,letters,1,hypothetical,valid,exact_code,0.0,0.0,1.0,0
ar-ar_traversal_indexer-i2-ar-o0-ln-c0-fe-9d37ae2877dc,AR,AR,ar_traversal_indexer,i2,0,numbers,0,enacted,valid,exact_code,0.0,0.0,1.0,1
ar-ar_traversal_indexer-i2-ar-o0-ln-c0-fh-4f3407c9308a,AR,AR,ar_traversal_indexer,i2,0,numbers,0,hypothetical,valid,exact_code,0.0,0.0,1.0,0
ar-ar_traversal_indexer-i2-ar-o0-ln-c1-fe-4b78c52d76d4,AR,AR,ar_traversal_indexer,i2,0,numbers,1,enacted,valid,exact_code,0.0,0.0,1.0,1
ar-ar_traversal_indexer-i2-ar-o0-ln-c1-fh-ec49dd2ccd36,AR,AR,ar_traversal_indexer,i2,0,numbers,1,hypothetical,valid,exact_code,0.0,0.0,1.0,0
ar-ar_traversal_indexer-i2-ar-o1-ll-c0-fe-0f618fb843d3,AR,AR,ar_traversal_indexer,i2,1,letters,0,enacted,valid,exact_code,1.0,1.0,1.0,1
ar-ar_traversal_indexer-i2-ar-o1-ll-c0-fh-f58cb652f402,AR,AR,ar_traversal_indexer,i2,1,letters,0,hypothetical,valid,exact_code,1.0,1.0,1.0,0
ar-ar_traversal_indexer-i2-ar-o1-ll-c1-fe-604074e68342,AR,AR,ar_traversal_indexer,i2,1,letters,1,enacted,valid,exact_code,1.0,1.0,1.0,1
ar-ar_traversal_indexer-i2-ar-o1-ll-c1-fh-f17ded2b6ed7,AR,AR,ar_traversal_indexer,i2,1,letters,1,hypothetical,valid,exact_code,1.0,1.0,1.0,0
ar-ar_traversal_indexer-i2-ar-o1-ln-c0-fe-ef24fca97994,AR,AR,ar_traversal_indexer,i2,1,numbers,0,enacted,valid,exact_code,1.0,1.0,1.0,1
ar-ar_traversal_indexer-i2-ar-o1-ln-c0-fh-ff37c45c739a,AR,AR,ar_traversal_indexer,i2,1,numbers,0,hypothetical,valid,exact_code,1.0,1.0,1.0,0
ar-ar_traversal_indexer-i2-ar-o1-ln-c1-fe-03a4acd56d03,AR,AR,ar_traversal_indexer,i2,1,numbers,1,enacted,valid,exact_code,1.0,1.0,1.0,1
ar-ar_traversal_indexer-i2-ar-o1-ln-c1-fh-c35d5a144bc3,AR,AR,ar_traversal_indexer,i2,1,numbers,1,hypothetical,valid,exact_code,1.0,1.0,1.0,0
ar-ar_traversal_indexer-i2-ro-o0-ll-c0-fx-ca36ea6a64ce,AR,RO,ar_traversal_indexer,i2,0,letters,0,,valid,exact_code,1.0,1.0,0.0,0
ar-ar_traversal_indexer-i2-ro-o0-ll-c1-fx-41a75f5f8fb3,AR,RO,ar_traversal_indexer,i2,0,letters,1,,valid,exact_code,0.0,0.0,1.0,0
ar-ar_traversal_indexer-i2-ro-o0-ln-c0-fx-13396e791231,AR,RO,ar_traversal_indexer,i2,0,numbers,0,,valid,exact_code,1.0,1.0,0.0,0
ar-ar_traversal_indexer-i2-ro-o0-ln-c1-fx-5f31eb7c6836,AR,RO,ar_traversal_indexer,i2,0,numbers,1,,valid,exact_code,0.0,0.0,1.0,0
ar-ar_traversal_indexer-i2-ro-o1-ll-c0-fx-7d8627c21361,AR,RO,ar_traversal_indexer,i2,1,letters,0,,valid,exact_code,1.0,1.0,1.0,0
ar-ar_traversal_indexer-i2-ro-o1-ll-c1-fx-9c3e56a90d69,AR,RO,ar_traversal_indexer,i2,1,letters,1,,valid,exact_code,0.0,0.0,0.0,0
ar-ar_traversal_indexer-i2-ro-o1-ln-c0-fx-00c7e58a7e4e,AR,RO,ar_traversal_indexer,i2,1,numbers,0,,valid,exact_code,1.0,1.0,1.0,0
ar-ar_traversal_indexer-i2-ro-o1-ln-c1-fx-03a0287b5f32,AR,RO,ar_traversal_indexer,i2,1,numbers,1,,valid,exact_code,0.0,0.0,0.0,0
ar-ar_traversal_indexer-i3-ar-o0-ll-c0-fe-bca16b42003b,AR,AR,ar_traversal_indexer,i3,0,letters,0,enacted,valid,exact_code,0.0,0.0,1.0,1
ar-ar_traversal_indexer-i3-ar-o0-ll-c0-fh-29759a5d25f2,AR,AR,ar_traversal_indexer,i3,0,letters,0,hypothetical,valid,exact_code,0.0,0.0,1.0,0
ar-ar_traversal_indexer-i3-ar-o0-ll-c1-fe-1b4e548d2244,AR,AR,ar_traversal_indexer,i3,0,letters,1,enacted,valid,exact_code,0.0,0.0,1.0,1
ar-ar_traversal_indexer-i3-ar-o0-ll-c1-fh-440f66c8f601,AR,AR,ar_traversal_indexer,i3,0,letters,1,hypothetical,valid,exact_code,0.0,0.0,1.0,0
ar-ar_traversal_indexer-i3-ar-o0-ln-c0-fe-348c5f2de6b5,AR,AR,ar_traversal_indexer,i3,0,numbers,0,enacted,valid,exact_code,0.0,0.0,1.0,1
ar-ar_traversal_indexer-i3-ar-o0-ln-c0-fh-f46cd8d09afc,AR,AR,ar_traversal_indexer,i3,0,numbers,0,hypothetical,valid,exact_code,0.0,0.0,1.0,0
ar-ar_traversal_indexer-i3-ar-o0-ln-c1-fe-23c9110c0ca1,AR,AR,ar_traversal_indexer,i3,0,numbers,1,enacted,valid,exact_code,0.0,0.0,1.0,1
ar-ar_traversal_indexer-i3-ar-o0-ln-c1-fh-5997cad1c5ad,AR,AR,ar_traversal_indexer,i3,0,numbers,1,hypothetical,valid,exact_code,0.0,0.0,1.0,0
ar-ar_traversal_indexer-i3-ar-o1-ll-c0-fe-309b186227bd,AR,AR,ar_traversal_indexer,i3,1,letters,0,enacted,valid,exact_code,1.0,1.0,1.0,1
ar-ar_traversal_indexer-i3-ar-o1-ll-c0-fh-53a17e99f55d,AR,AR,ar_traversal_indexer,i3,1,letters,0,hypothetical,valid,exact_code,1.0,1.0,1.0,0
ar-ar_traversal_indexer-i3-ar-o1-ll-c1-fe-b00a9696006f,AR,AR,ar_traversal_indexer,i3,1,letters,1,enacted,valid,exact_code,1.0,1.0,1.0,1
ar-ar_traversal_indexer-i3-ar-o1-ll-c1-fh-e1c9921549a6,AR,AR,ar_traversal_indexer,i3,1,letters,1,hypothetical,valid,exact_code,1.0,1.0,1.0,0
ar-ar_traversal_indexer-i3-ar-o1-ln-c0-fe-5f66aa61496b,AR,AR,ar_traversal_indexer,i3,1,numbers,0,enacted,valid,exact_code,1.0,1.0,1.0,1
ar-ar_traversal_indexer-i3-ar-o1-ln-c0-fh-d6e1e66b1fae,AR,AR,ar_traversal_indexer,i3,1,numbers,0,hypothetical,valid,exact_code,1.0,1.0,1.0,0
ar-ar_traversal_indexer-i3-ar-o1-ln-c1-fe-8ed9b3b2cfae,AR,AR,ar_traversal_indexer,i3,1,numbers,1,enacted,valid,exact_code,1.0,1.0,1.0,1
ar-ar_traversal_indexer-i3-ar-o1-ln-c1-fh-829fd45cde46,AR,AR,ar_traversal_indexer,i3,1,numbers,1,hypothetical,valid,exact_code,1.0,1.0,1.0,0
ar-ar_traversal_indexer-i3-ro-o0-ll-c0-fx-d8ef491c0ec8,AR,RO,ar_traversal_indexer,i3,0,letters,0,,valid,exact_code,1.0,1.0,0.0,0
ar-ar_traversal_indexer-i3-ro-o0-ll-c1-fx-187e06a61481,AR,RO,ar_traversal_indexer,i3,0,letters,1,,valid,exact_code,0.0,0.0,1.0,0
ar-ar_traversal_indexer-i3-ro-o0-ln-c0-fx-07e63990603f,AR,RO,ar_traversal_indexer,i3,0,numbers,0,,valid,exact_code,1.0,1.0,0.0,0
ar-ar_traversal_indexer-i3-ro-o0-ln-c1-fx-3fcc3c8a2a33,AR,RO,ar_traversal_indexer,i3,0,numbers,1,,valid,exact_code,0.0,0.0,1.0,0
ar-ar_traversal_indexer-i3-ro-o1-ll-c0-fx-49d11bad064e,AR,RO,ar_traversal_indexer,i3,1,letters,0,,valid,exact_code,1.0,1.0,1.0,0
ar-ar_traversal_indexer-i3-ro-o1-ll-c1-fx-e6eff142c67f,AR,RO,ar_traversal_indexer,i3,1,letters,1,,valid,exact_code,0.0,0.0,0.0,0
ar-ar_traversal_indexer-i3-ro-o1-ln-c0-fx-7bbd40752803,AR,RO,ar_traversal_indexer,i3,1,numbers,0,,valid,exact_code,1.0,1.0,1.0,0
ar-ar_traversal_indexer-i3-ro-o1-ln-c1-fx-b2fecd1f2a9e,AR,RO,ar_traversal_indexer,i3,1,numbers,1,,valid,exact_code,0.0,0.0,0.0,0
ar-ar_traversal_indexer-i4-ar-o0-ll-c0-fe-2c8717d2a990,AR,AR,ar_traversal_indexer,i4,0,letters,0,enacted,valid,exact_code,0.0,0.0,1.0,1
ar-ar_traversal_indexer-i4-ar-o0-ll-c0-fh-372e8e89a5b3,AR,AR,ar_traversal_indexer,i4,0,letters,0,hypothetical,valid,exact_code,0.0,0.0,1.0,0
ar-ar_traversal_indexer-i4-ar-o0-ll-c1-fe-a5bc37f5e501,AR,AR,ar_traversal_indexer,i4,0,letters,1,enacted,valid,exact_code,0.0,0.0,1.0,1
ar-ar_traversal_indexer-i4-ar-o0-ll-c1-fh-2b61520fb08a,AR,AR,ar_traversal_indexer,i4,0,letters,1,hypothetical,valid,exact_code,0.0,0.0,1.0,0
ar-ar_traversal_indexer-i4-ar-o0-ln-c0-fe-903816e81ce0,AR,AR,ar_traversal_indexer,i4,0,numbers,0,enacted,valid,exact_code,0.0,0.0,1.0,1
ar-ar_traversal_indexer-i4-ar-o0-ln-c0-fh-52a24a142aab,AR,AR,ar_traversal_indexer,i4,0,numbers,0,hypothetical,valid,exact_code,0.0,0.0,1.0,0
ar-ar_traversal_indexer-i4-ar-o0-ln-c1-fe-b146ca014cec,AR,AR,ar_traversal_indexer,i4,0,numbers,1,enacted,valid,exact_code,0.0,0.0,1.0,1
ar-ar_traversal_indexer-i4-ar-o0-ln-c1-fh-aa48852ab6be,AR,AR,ar_traversal_indexer,i4,0,numbers,1,hypothetical,valid,exact_code,0.0,0.0,1.0,0
ar-ar_traversal_indexer-i4-ar-o1-ll-c0-fe-caf28dc80afe,AR,AR,ar_traversal_indexer,i4,1,letters,0,enacted,valid,exact_code,1.0,1.0,1.0,1
ar-ar_traversal_indexer-i4-ar-o1-ll-c0-fh-fd30fe86f5d7,AR,AR,ar_traversal_indexer,i4,1,letters,0,hypothetical,valid,exact_code,1.0,1.0,1.0,0
ar-ar_traversal_indexer-i4-ar-o1-ll-c1-fe-650eae2baef0,AR,AR,ar_traversal_indexer,i4,1,letters,1,enacted,valid,exact_code,1.0,1.0,1.0,1
ar-ar_traversal_indexer-i4-ar-o1-ll-c1-fh-1749892c7b6a,AR,AR,ar_traversal_indexer,i4,1,letters,1,hypothetical,valid,exact_code,1.0,1.0,1.0,0
ar-ar_traversal_indexer-i4-ar-o1-ln-c0-fe-af2e250a50bc,AR,AR,ar_traversal_indexer,i4,1,numbers,0,enacted,valid,exact_code,1.0,1.0,1.0,1
ar-ar_traversal_indexer-i4-ar-o1-ln-c0-fh-e08345994a77,AR,AR,ar_traversal_indexer,i4,1,numbers,0,hypothetical,valid,exact_code,1.0,1.0,1.0,0
ar-ar_traversal_indexer-i4-ar-o1-ln-c1-fe-553c13c149bf,AR,AR,ar_traversal_indexer,i4,1,numbers,1,enacted,valid,exact_code,1.0,1.0,1.0,1
ar-ar_traversal_indexer-i4-ar-o1-ln-c1-fh-dda18c379663,AR,AR,ar_traversal_indexer,i4,1,numbers,1,hypothetical,valid,exact_code,1.0,1.0,1.0,0
ar-ar_traversal_indexer-i4-ro-o0-ll-c0-fx-3bd5effbac83,AR,RO,ar_traversal_indexer,i4,0,letters,0,,valid,exact_code,1.0,1.0,0.0,0
ar-ar_traversal_indexer-i4-ro-o0-ll-c1-fx-bf5442de3472,AR,RO,ar_traversal_indexer,i4,0,letters,1,,valid,exact_code,0.0,0.0,1.0,0
ar-ar_traversal_indexer-i4-ro-o0-ln-c0-fx-07d4299a09a1,AR,RO,ar_traversal_indexer,i4,0,numbers,0,,valid,exact_code,1.0,1.0,0.0,0
ar-ar_traversal_indexer-i4-ro-o0-ln-c1-fx-40a4802ce95f,AR,RO,ar_traversal_indexer,i4,0,numbers,1,,valid,exact_code,0.0,0.0,1.0,0
ar-ar_traversal_indexer-i4-ro-o1-ll-c0-fx-604ab6b5a870,AR,RO,ar_traversal_indexer,i4,1,letters,0,,valid,exact_code,1.0,1.0,1.0,0
ar-ar_traversal_indexer-i4-ro-o1-ll-c1-fx-9bb4537ad02f,AR,RO,ar_traversal_indexer,i4,1,letters,1,,valid,exact_code,0.0,0.0,0.0,0
ar-ar_traversal_indexer-i4-ro-o1-ln-c0-fx-17306280a609,AR,RO,ar_traversal_indexer,i4,1,numbers,0,,valid,exact_code,1.0,1.0,1.0,0
ar-ar_traversal_indexer-i4-ro-o1-ln-c1-fx-ae92d76531b7,AR,RO,ar_traversal_indexer,i4,1,numbers,1,,valid,exact_code,0.0,0.0,0.0,0
nc-nc_null_archive-i0-ar-o0-ll-c0-fe-28d6c4882c2f,NC,AR,nc_null_archive,i0,0,letters,0,enacted,valid,exact_code,0.0,0.0,1.0,1
nc-nc_null_archive-i0-ar-o0-ll-c0-fh-b0f041e3771b,NC,AR,nc_null_archive,i0,0,letters,0,hypothetical,valid,exact_code,0.0,0.0,1.0,0
nc-nc_null_archive-i0-ar-o0-ll-c1-fe-e7d5604557b5,NC,AR,nc_null_archive,i0,0,letters,1,enacted,valid,exact_code,0.0,0.0,1.0,1
nc-nc_null_archive-i0-ar-o0-ll-c1-fh-5ff7b7646fe9,NC,AR,nc_null_archive,i0,0,letters,1,hypothetical,valid,exact_code,0.0,0.0,1.0,0
nc-nc_null_archive-i0-ar-o0-ln-c0-fe-7b24669d14b7,NC,AR,nc_null_archive,i0,0,numbers,0,enacted,valid,exact_code,0.0,0.0,1.0,1
nc-nc_null_archive-i0-ar-o0-ln-c0-fh-cf762d2d5bed,NC,AR,nc_null_archive,i0,0,numbers,0,hypothetical,valid,exact_code,0.0,0.0,1.0,0
nc-nc_null_archive-i0-ar-o0-ln-c1-fe-876cf78cbf7b,NC,AR,nc_null_archive,i0,0,numbers,1,enacted,valid,exact_code,0.0,0.0,1.0,1
nc-nc_null_archive-i0-ar-o0-ln-c1-fh-22b5d8dfb8f2,NC,AR,nc_null_archive,i0,0,numbers,1,hypothetical,valid,exact_code,0.0,0.0,1.0,0
nc-nc_null_archive-i0-ar-o1-ll-c0-fe-584020d80130,NC,AR,nc_null_archive,i0,1,letters,0,enacted,valid,exact_code,1.0,1.0,1.0,1
nc-nc_null_archive-i0-ar-o1-ll-c0-fh-dd15c7533c8a,NC,AR,nc_null_archive,i0,1,letters,0,hypothetical,valid,exact_code,1.0,1.0,1.0,0
nc-nc_null_archive-i0-ar-o1-ll-c1-fe-987f9164b490,NC,AR,nc_null_archive,i0,1,letters,1,enacted,valid,exact_code,1.0,1.0,1.0,1
nc-nc_null_archive-i0-ar-o1-ll-c1-fh-fd3686d509b9,NC,AR,nc_null_archive,i0,1,letters,1,hypothetical,valid,exact_code,1.0,1.0,1.0,0
nc-nc_null_archive-i0-ar-o1-ln-c0-fe-07d44a1e0ad3,NC,AR,nc_null_archive,i0,1,numbers,0,enacted,valid,exact_code,1.0,1.0,1.0,1
nc-nc_null_archive-i0-ar-o1-ln-c0-fh-705655b9946e,NC,AR,nc_null_archive,i0,1,numbers,0,hypothetical,valid,exact_code,1.0,1.0,1.0,0
nc-nc_null_archive-i0-ar-o1-ln-c1-fe-ce65aed3e081,NC,AR,nc_null_archive,i0,1,numbers,1,enacted,valid,exact_code,1.0,1.0,1.0,1
nc-nc_null_archive-i0-ar-o1-ln-c1-fh-33c11102bfac,NC,AR,nc_null_archive,i0,1,numbers,1,hypothetical,valid,exact_code,1.0,1.0,1.0,0
nc-nc_null_archive-i1-ar-o0-ll-c0-fe-28daefdaecd1,NC,AR,nc_null_archive,i1,0,letters,0,enacted,valid,exact_code,0.0,0.0,1.0,1
nc-nc_null_archive-i1-ar-o0-ll-c0-fh-324bdaebbb9c,NC,AR,nc_null_archive,i1,0,letters,0,hypothetical,valid,exact_code,0.0,0.0,1.0,0
nc-nc_null_archive-i1-ar-o0-ll-c1-fe-07e8a0d211be,NC,AR,nc_null_archive,i1,0,letters,1,enacted,valid,exact_code,0.0,0.0,1.0,1
nc-nc_null_archive-i1-ar-o0-ll-c1-fh-7e08c628023a,NC,AR,nc_null_archive,i1,0,letters,1,hypothetical,valid,exact_code,0.0,0.0,1.0,0
nc-nc_null_archive-i1-ar-o0-ln-c0-fe-092dc938717a,NC,AR,nc_null_archive,i1,0,numbers,0,enacted,valid,exact_code,0.0,0.0,1.0,1
nc-nc_null_archive-i1-ar-o0-ln-c0-fh-164e9c6360d2,NC,AR,nc_null_archive,i1,0,numbers,0,hypothetical,valid,exact_code,0.0,0.0,1.0,0
nc-nc_null_archive-i1-ar-o0-ln-c1-fe-e906b5bc2e72,NC,AR,nc_null_archive,i1,0,numbers,1,enacted,valid,exact_code,0.0,0.0,1.0,1
nc-nc_null_archive-i1-ar-o0-ln-c1-fh-4a12bf1cd62a,NC,AR,nc_null_archive,i1,0,numbers,1,hypothetical,valid,exact_code,0.0,0.0,1.0,0
nc-nc_null_archive-i1-ar-o1-ll-c0-fe-a225fa813ab4,NC,AR,nc_null_archive,i1,1,letters,0,enacted,valid,exact_code,1.0,1.0,1.0,1
nc-nc_null_archive-i1-ar-o1-ll-c0-fh-5d45ebffdf85,NC,AR,nc_null_archive,i1,1,letters,0,hypothetical,valid,exact_code,1.0,1.0,1.0,0
nc-nc_null_archive-i1-ar-o1-ll-c1-fe-32fd1a3cd227,NC,AR,nc_null_archive,i1,1,letters,1,enacted,valid,exact_code,1.0,1.0,1.0,1
nc-nc_null_archive-i1-ar-o1-ll-c1-fh-639025219536,NC,AR,nc_null_archive,i1,1,letters,1,hypothetical,valid,exact_code,1.0,1.0,1.0,0
nc-nc_null_archive-i1-ar-o1-ln-c0-fe-ddc356a537e7,NC,AR,nc_null_archive,i1,1,numbers,0,enacted,valid,exact_code,1.0,1.0,1.0,1
nc-nc_null_archive-i1-ar-o1-ln-c0-fh-6896e2013b08,NC,AR,nc_null_archive,i1,1,numbers,0,hypothetical,valid,exact_code,1.0,1.0,1.0,0
nc-nc_null_archive-i1-ar-o1-ln-c1-fe-9f6c058ec34b,NC,AR,nc_null_archive,i1,1,numbers,1,enacted,valid,exact_code,1.0,1.0,1.0,1
nc-nc_null_archive-i1-ar-o1-ln-c1-fh-921bb8ee79f3,NC,AR,nc_null_archive,i1,1,numbers,1,hypothetical,valid,exact_code,1.0,1.0,1.0,0
nc-nc_null_archive-i2-ar-o0-ll-c0-fe-64966b7106c6,NC,AR,nc_null_archive,i2,0,letters,0,enacted,valid,exact_code,0.0,0.0,1.0,1
nc-nc_null_archive-i2-ar-o0-ll-c0-fh-653e37e26241,NC,AR,nc_null_archive,i2,0,letters,0,hypothetical,valid,exact_code,0.0,0.0,1.0,0
nc-nc_null_archive-i2-ar-o0-ll-c1-fe-1acfd3d40ab0,NC,AR,nc_null_archive,i2,0,letters,1,enacted,valid,exact_code,0.0,0.0,1.0,1
nc-nc_null_archive-i2-ar-o0-ll-c1-fh-6181a1e49b53,NC,AR,nc_null_archive,i2,0,letters,1,hypothetical,valid,exact_code,0.0,0.0,1.0,0
nc-nc_null_archive-i2-ar-o0-ln-c0-fe-57771cdaba3d,NC,AR,nc_null_archive,i2,0,numbers,0,enacted,valid,exact_code,0.0,0.0,1.0,1
nc-nc_null_archive-i2-ar-o0-ln-c0-fh-2a613afc61c7,NC,AR,nc_null_archive,i2,0,numbers,0,hypothetical,valid,exact_code,0.0,0.0,1.0,0
nc-nc_null_archive-i2-ar-o0-ln-c1-fe-209b2783d895,NC,AR,nc_null_archive,i2,0,numbers,1,enacted,valid,exact_code,0.0,0.0,1.0,1
nc-nc_null_archive-i2-ar-o0-ln-c1-fh-a1530664abe8,NC,AR,nc_null_archive,i2,0,numbers,1,hypothetical,valid,exact_code,0.0,0.0,1.0,0
nc-nc_null_archive-i2-ar-o1-ll-c0-fe-64c5fc7acfb2,NC,AR,nc_null_archive,i2,1,letters,0,enacted,valid,exact_code,1.0,1.0,1.0,1
nc-nc_null_archive-i2-ar-o1-ll-c0-fh-42b9f8e38d16,NC,AR,nc_null_archive,i2,1,letters,0,hypothetical,valid,exact_code,1.0,1.0,1.0,0
nc-nc_null_archive-i2-ar-o1-ll-c1-fe-8c0cad041351,NC,AR,nc_null_archive,i2,1,letters,1,enacted,valid,exact_code,1.0,1.0,1.0,1
nc-nc_null_archive-i2-ar-o1-ll-c1-fh-9d389bea5f31,NC,AR,nc_null_archive,i2,1,letters,1,hypothetical,valid,exact_code,1.0,1.0,1.0,0
nc-nc_null_archive-i2-ar-o1-ln-c0-fe-7ade78418b01,NC,AR,nc_null_archive,i2,1,numbers,0,enacted,valid,exact_code,1.0,1.0,1.0,1
nc-nc_null_archive-i2-ar-o1-ln-c0-fh-c6e95a03516a,NC,AR,nc_null_archive,i2,1,numbers,0,hypothetical,valid,exact_code,1.0,1.0,1.0,0
nc-nc_null_archive-i2-ar-o1-ln-c1-fe-fbaa0fa88e95,NC,AR,nc_null_archive,i2,1,numbers,1,enacted,valid,exact_code,1.0,1.0,1.0,1
nc-nc_null_archive-i2-ar-o1-ln-c1-fh-9545f5ad4651,NC,AR,nc_null_archive,i2,1,numbers,1,hypothetical,valid,exact_code,1.0,1.0,1.0,0
nc-nc_null_archive-i3-ar-o0-ll-c0-fe-aa7b0a4d7b80,NC,AR,nc_null_archive,i3,0,letters,0,enacted,valid,exact_code,0.0,0.0,1.0,1
nc-nc_null_archive-i3-ar-o0-ll-c0-fh-ec2538ffad0e,NC,AR,nc_null_archive,i3,0,letters,0,hypothetical,valid,exact_code,0.0,0.0,1.0,0
nc-nc_null_archive-i3-ar-o0-ll-c1-fe-7e920d33d384,NC,AR,nc_null_archive,i3,0,letters,1,enacted,valid,exact_code,0.0,0.0,1.0,1
nc-nc_null_archive-i3-ar-o0-ll-c1-fh-40801ad65935,NC,AR,nc_null_archive,i3,0,letters,1,hypothetical,valid,exact_code,0.0,0.0,1.0,0
nc-nc_null_archive-i3-ar-o0-ln-c0-fe-6b03a4371d89,NC,AR,nc_null_archive,i3,0,numbers,0,enacted,valid,exact_code,0.0,0.0,1.0,1
nc-nc_null_archive-i3-ar-o0-ln-c0-fh-7c8419c28821,NC,AR,nc_null_archive,i3,0,numbers,0,hypothetical,valid,exact_code,0.0,0.0,1.0,0
nc-nc_null_archive-i3-ar-o0-ln-c1-fe-78aac0677345,NC,AR,nc_null_archive,i3,0,numbers,1,enacted,valid,exact_code,0.0,0.0,1.0,1
nc-nc_null_archive-i3-ar-o0-ln-c1-fh-35a4dd5553aa,NC,AR,nc_null_archive,i3,0,numbers,1,hypothetical,valid,exact_code,0.0,0.0,1.0,0
nc-nc_null_archive-i3-ar-o1-ll-c0-fe-ab058a6a2caf,NC,AR,nc_null_archive,i3,1,letters,0,enacted,valid,exact_code,1.0,1.0,1.0,1
nc-nc_null_archive-i3-ar-o1-ll-c0-fh-088eaf108632,NC,AR,nc_null_archive,i3,1,letters,0,hypothetical,valid,exact_code,1.0,1.0,1.0,0
nc-nc_null_archive-i3-ar-o1-ll-c1-fe-d189dad3420d,NC,AR,nc_null_archive,i3,1,letters,1,enacted,valid,exact_code,1.0,1.0,1.0,1
nc-nc_null_archive-i3-ar-o1-ll-c1-fh-e1631d8346cb,NC,AR,nc_null_archive,i3,1,letters,1,hypothetical,valid,exact_code,1.0,1.0,1.0,0
nc-nc_null_archive-i3-ar-o1-ln-c0-fe-13335ac114d6,NC,AR,nc_null_archive,i3,1,numbers,0,enacted,valid,exact_code,1.0,1.0,1.0,1
nc-nc_null_archive-i3-ar-o1-ln-c0-fh-2ab0e791f265,NC,AR,nc_null_archive,i3,1,numbers,0,hypothetical,valid,exact_code,1.0,1.0,1.0,0
nc-nc_null_archive-i3-ar-o1-ln-c1-fe-332ce91cdf53,NC,AR,nc_null_archive,i3,1,numbers,1,enacted,valid,exact_code,1.0,1.0,1.0,1
nc-nc_null_archive-i3-ar-o1-ln-c1-fh-0976e15266dd,NC,AR,nc_null_archive,i3,1,numbers,1,hypothetical,valid,exact_code,1.0,1.0,1.0,0
nc-nc_null_archive-i4-ar-o0-ll-c0-fe-ed648a1ec9b2,NC,AR,nc_null_archive,i4,0,letters,0,enacted,valid,exact_code,0.0,0.0,1.0,1
nc-nc_null_archive-i4-ar-o0-ll-c0-fh-ea2bae9ad4e4,NC,AR,nc_null_archive,i4,0,letters,0,hypothetical,valid,exact_code,0.0,0.0,1.0,0
nc-nc_null_archive-i4-ar-o0-ll-c1-fe-95db7d81b680,NC,AR,nc_null_archive,i4,0,letters,1,enacted,valid,exact_code,0.0,0.0,1.0,1
nc-nc_null_archive-i4-ar-o0-ll-c1-fh-928828ceeac4,NC,AR,nc_null_archive,i4,0,letters,1,hypothetical,valid,exact_code,0.0,0.0,1.0,0
nc-nc_null_archive-i4-ar-o0-ln-c0-fe-03891afa51fa,NC,AR,nc_null_archive,i4,0,numbers,0,enacted,valid,exact_code,0.0,0.0,1.0,1
nc-nc_null_archive-i4-ar-o0-ln-c0-fh-fef27ea44fcd,NC,AR,nc_null_archive,i4,0,numbers,0,hypothetical,valid,exact_code,0.0,0.0,1.0,0
nc-nc_null_archive-i4-ar-o0-ln-c1-fe-892b002e7611,NC,AR,nc_null_archive,i4,0,numbers,1,enacted,valid,exact_code,0.0,0.0,1.0,1
nc-nc_null_archive-i4-ar-o0-ln-c1-fh-656523f2710c,NC,AR,nc_null_archive,i4,0,numbers,1,hypothetical,valid,exact_code,0.0,0.0,1.0,0
nc-nc_null_archive-i4-ar-o1-ll-c0-fe-450bc7d42e1c,NC,AR,nc_null_archive,i4,1,letters,0,enacted,valid,exact_code,1.0,1.0,1.0,1
nc-nc_null_archive-i4-ar-o1-ll-c0-fh-4c6e04660a6e,NC,AR,nc_null_archive,i4,1,letters,0,hypothetical,valid,exact_code,1.0,1.0,1.0,0
nc-nc_null_archive-i4-ar-o1-ll-c1-fe-dc7d1f79616c,NC,AR,nc_null_archive,i4,1,letters,1,enacted,valid,exact_code,1.0,1.0,1.0,1
nc-nc_null_archive-i4-ar-o1-ll-c1-fh-ab34a665bae5,NC,AR,nc_null_archive,i4,1,letters,1,hypothetical,valid,exact_code,1.0,1.0,1.0,0
nc-nc_null_archive-i4-ar-o1-ln-c0-fe-a9e8d28c4d5c,NC,AR,nc_null_archive,i4,1,numbers,0,enacted,valid,exact_code,1.0,1.0,1.0,1
nc-nc_null_archive-i4-ar-o1-ln-c0-fh-48f5222d3f75,NC,AR,nc_null_archive,i4,1,numbers,0,hypothetical,valid,exact_code,1.0,1.0,1.0,0
nc-nc_null_archive-i4-ar-o1-ln-c1-fe-f6a937242f8a,NC,AR,nc_null_archive,i4,1,numbers,1,enacted,valid,exact_code,1.0,1.0,1.0,1
nc-nc_null_archive-i4-ar-o1-ln-c1-fh-79df76addaba,NC,AR,nc_null_archive,i4,1,numbers,1,hypothetical,valid,exact_code,1.0,1.0,1.0,0
nc-nc_null_deploy-i0-ar-o0-ll-c0-fe-3e88fa109849,NC,AR,nc_null_deploy,i0,0,letters,0,enacted,valid,exact_code,0.0,0.0,1.0,1
nc-nc_null_deploy-i0-ar-o0-ll-c0-fh-5d1f37ac2357,NC,AR,nc_null_deploy,i0,0,letters,0,hypothetical,valid,exact_code,0.0,0.0,1.0,0
nc-nc_null_deploy-i0-ar-o0-ll-c1-fe-59166a5a2264,NC,AR,nc_null_deploy,i0,0,letters,1,enacted,valid,exact_code,0.0,0.0,1.0,1
nc-nc_null_deploy-i0-ar-o0-ll-c1-fh-9c1fcef93e82,NC,AR,nc_null_deploy,i0,0,letters,1,hypothetical,valid,exact_code,0.0,0.0,1.0,0
nc-nc_null_deploy-i0-ar-o0-ln-c0-fe-c1c2ecaa4914,NC,AR,nc_null_deploy,i0,0,numbers,0,enacted,valid,exact_code,0.0,0.0,1.0,1
nc-nc_null_deploy-i0-ar-o0-ln-c0-fh-d5ac7c4a2889,NC,AR,nc_null_deploy,i0,0,numbers,0,hypothetical,valid,exact_code,0.0,0.0,1.0,0
nc-nc_null_deploy-i0-ar-o0-ln-c1-fe-19d29e5771ab,NC,AR,nc_null_deploy,i0,0,numbers,1,enacted,valid,exact_code,0.0,0.0,1.0,1
nc-nc_null_deploy-i0-ar-o0-ln-c1-fh-f3be947f4d75,NC,AR,nc_null_deploy,i0,0,numbers,1,hypothetical,valid,exact_code,0.0,0.0,1.0,0
nc-nc_null_deploy-i0-ar-o1-ll-c0-fe-8a0f6b6f6ae7,NC,AR,nc_null_deploy,i0,1,letters,0,enacted,valid,exact_code,1.0,1.0,1.0,1
nc-nc_null_deploy-i0-ar-o1-ll-c0-fh-e71c5d542a34,NC,AR,nc_null_deploy,i0,1,letters,0,hypothetical,valid,exact_code,1.0,1.0,1.0,0
nc-nc_null_deploy-i0-ar-o1-ll-c1-fe-c8dee575a80a,NC,AR,nc_null_deploy,i0,1,letters,1,enacted,valid,exact_code,1.0,1.0,1.0,1
nc-nc_null_deploy-i0-ar-o1-ll-c1-fh-095ff8d7be75,NC,AR,nc_null_deploy,i0,1,letters,1,hypothetical,valid,exact_code,1.0,1.0,1.0,0
nc-nc_null_deploy-i0-ar-o1-ln-c0-fe-309f870da3b8,NC,AR,nc_null_deploy,i0,1,numbers,0,enacted,valid,exact_code,1.0,1.0,1.0,1
nc-nc_null_deploy-i0-ar-o1-ln-c0-fh-e96bce4ac01f,NC,AR,nc_null_deploy,i0,1,numbers,0,hypothetical,valid,exact_code,1.0,1.0,1.0,0
nc-nc_null_deploy-i0-ar-o1-ln-c1-fe-ecaa584dc7d5,NC,AR,nc_null_deploy,i0,1,numbers,1,enacted,valid,exact_code,1.0,1.0,1.0,1
nc-nc_null_deploy-i0-ar-o1-ln-c1-fh-320e95126009,NC,AR,nc_null_deploy,i0,1,numbers,1,hypothetical,valid,exact_code,1.0,1.0,1.0,0
nc-nc_null_deploy-i1-ar-o0-ll-c0-fe-cec5ae309f76,NC,AR,nc_null_deploy,i1,0,letters,0,enacted,valid,exact_code,0.0,0.0,1.0,1
nc-nc_null_deploy-i1-ar-o0-ll-c0-fh-457e7e639271,NC,AR,nc_null_deploy,i1,0,letters,0,hypothetical,valid,exact_code,0.0,0.0,1.0,0
nc-nc_null_deploy-i1-ar-o0-ll-c1-fe-7c7e0cd2c603,NC,AR,nc_null_deploy,i1,0,letters,1,enacted,valid,exact_code,0.0,0.0,1.0,1
nc-nc_null_deploy-i1-ar-o0-ll-c1-fh-7e6c355c45d8,NC,AR,nc_null_deploy,i1,0,letters,1,hypothetical,valid,exact_code,0.0,0.0,1.0,0
nc-nc_null_deploy-i1-ar-o0-ln-c0-fe-e491d0088608,NC,AR,nc_null_deploy,i1,0,numbers,0,enacted,valid,exact_code,0.0,0.0,1.0,1
nc-nc_null_deploy-i1-ar-o0-ln-c0-fh-bc50eccaeeb8,NC,AR,nc_null_deploy,i1,0,numbers,0,hypothetical,valid,exact_code,0.0,0.0,1.0,0
nc-nc_null_deploy-i1-ar-o0-ln-c1-fe-18eb9fcd3ae1,NC,AR,nc_null_deploy,i1,0,numbers,1,enacted,valid,exact_code,0.0,0.0,1.0,1
nc-nc_null_deploy-i1-ar-o0-ln-c1-fh-247745082184,NC,AR,nc_null_deploy,i1,0,numbers,1,hypothetical,valid,exact_code,0.0,0.0,1.0,0
nc-nc_null_deploy-i1-ar-o1-ll-c0-fe-1c6f66094a45,NC,AR,nc_null_deploy,i1,1,letters,0,enacted,valid,exact_code,1.0,1.0,1.0,1
nc-nc_null_deploy-i1-ar-o1-ll-c0-fh-401a7aae281e,NC,AR,nc_null_deploy,i1,1,letters,0,hypothetical,valid,exact_code,1.0,1.0,1.0,0
nc-nc_null_deploy-i1-ar-o1-ll-c1-fe-8af36dd6ac62,NC,AR,nc_null_deploy,i1,1,letters,1,enacted,valid,exact_code,1.0,1.0,1.0,1
nc-nc_null_deploy-i1-ar-o1-ll-c1-fh-bee2f710751e,NC,AR,nc_null_deploy,i1,1,letters,1,hypothetical,valid,exact_code,1.0,1.0,1.0,0
nc-nc_null_deploy-i1-ar-o1-ln-c0-fe-840ac92f9503,NC,AR,nc_null_deploy,i1,1,numbers,0,enacted,valid,exact_code,1.0,1.0,1.0,1
nc-nc_null_deploy-i1-ar-o1-ln-c0-fh-20df8eb6b41d,NC,AR,nc_null_deploy,i1,1,numbers,0,hypothetical,valid,exact_code,1.0,1.0,1.0,0
nc-nc_null_deploy-i1-ar-o1-ln-c1-fe-648f0ebae0ca,NC,AR,nc_null_deploy,i1,1,numbers,1,enacted,valid,exact_code,1.0,1.0,1.0,1
nc-nc_null_deploy-i1-ar-o1-ln-c1-fh-0d1aeec07d27,NC,AR,nc_null_deploy,i1,1,numbers,1,hypothetical,valid,exact_code,1.0,1.0,1.0,0
nc-nc_null_deploy-i2-ar-o0-ll-c0-fe-865d7fd410fb,NC,AR,nc_null_deploy,i2,0,letters,0,enacted,valid,exact_code,0.0,0.0,1.0,1
nc-nc_null_deploy-i2-ar-o0-ll-c0-fh-3596c0755608,NC,AR,nc_null_deploy,i2,0,letters,0,hypothetical,valid,exact_code,0.0,0.0,1.0,0
nc-nc_null_deploy-i2-ar-o0-ll-c1-fe-bdff75d99d83,NC,AR,nc_null_deploy,i2,0,letters,1,enacted,valid,exact_code,0.0,0.0,1.0,1
nc-nc_null_deploy-i2-ar-o0-ll-c1-fh-aaf886a5cf76,NC,AR,nc_null_deploy,i2,0,letters,1,hypothetical,valid,exact_code,0.0,0.0,1.0,0
nc-nc_null_deploy-i2-ar-o0-ln-c0-fe-7a965fd302f6,NC,AR,nc_null_deploy,i2,0,numbers,0,enacted,valid,exact_code,0.0,0.0,1.0,1
nc-nc_null_deploy-i2-ar-o0-ln-c0-fh-b48c9691291c,NC,AR,nc_null_deploy,i2,0,numbers,0,hypothetical,valid,exact_code,0.0,0.0,1.0,0
nc-nc_null_deploy-i2-ar-o0-ln-c1-fe-f7f3dcbce77b,NC,AR,nc_null_deploy,i2,0,numbers,1,enacted,valid,exact_code,0.0,0.0,1.0,1
nc-nc_null_deploy-i2-ar-o0-ln-c1-fh-9a2f315cb0d1,NC,AR,nc_null_deploy,i2,0,numbers,1,hypothetical,valid,exact_code,0.0,0.0,1.0,0
nc-nc_null_deploy-i2-ar-o1-ll-c0-fe-9ca362bbaf81,NC,AR,nc_null_deploy,i2,1,letters,0,enacted,valid,exact_code,1.0,1.0,1.0,1
nc-nc_null_deploy-i2-ar-o1-ll-c0-fh-7e04c3ddec45,NC,AR,nc_null_deploy,i2,1,letters,0,hypothetical,valid,exact_code,1.0,1.0,1.0,0
nc-nc_null_deploy-i2-ar-o1-ll-c1-fe-2545a925f3d4,NC,AR,nc_null_deploy,i2,1,letters,1,enacted,valid,exact_code,1.0,1.0,1.0,1
nc-nc_null_deploy-i2-ar-o1-ll-c1-fh-4c69c04dd2ef,NC,AR,nc_null_deploy,i2,1,letters,1,hypothetical,valid,exact_code,1.0,1.0,1.0,0
nc-nc_null_deploy-i2-ar-o1-ln-c0-fe-7c426e7dc451,NC,AR,nc_null_deploy,i2,1,numbers,0,enacted,valid,exact_code,1.0,1.0,1.0,1
nc-nc_null_deploy-i2-ar-o1-ln-c0-fh-b12542446c36,NC,AR,nc_null_deploy,i2,1,numbers,0,hypothetical,valid,exact_code,1.0,1.0,1.0,0
nc-nc_null_deploy-i2-ar-o1-ln-c1-fe-ab5b4fe0646e,NC,AR,nc_null_deploy,i2,1,numbers,1,enacted,valid,exact_code,1.0,1.0,1.0,1
nc-nc_null_deploy-i2-ar-o1-ln-c1-fh-0f1102a5fef3,NC,AR,nc_null_deploy,i2,1,numbers,1,hypothetical,valid,exact_code,1.0,1.0,1.0,0
nc-nc_null_deploy-i3-ar-o0-ll-c0-fe-7068d27a461e,NC,AR,nc_null_deploy,i3,0,letters,0,enacted,valid,exact_code,0.0,0.0,1.0,1
nc-nc_null_deploy-i3-ar-o0-ll-c0-fh-88260a93e9a7,NC,AR,nc_null_deploy,i3,0,letters,0,hypothetical,valid,exact_code,0.0,0.0,1.0,0
nc-nc_null_deploy-i3-ar-o0-ll-c1-fe-e1db5c3fd4d2,NC,AR,nc_null_deploy,i3,0,letters,1,enacted,valid,exact_code,0.0,0.0,1.0,1
nc-nc_null_deploy-i3-ar-o0-ll-c1-fh-d8b8ff497d0f,NC,AR,nc_null_deploy,i3,0,letters,1,hypothetical,valid,exact_code,0.0,0.0,1.0,0
nc-nc_null_deploy-i3-ar-o0-ln-c0-fe-e346632ba200,NC,AR,nc_null_deploy,i3,0,numbers,0,enacted,valid,exact_code,0.0,0.0,1.0,1
nc-nc_null_deploy-i3-ar-o0-ln-c0-fh-6199cc0e1f71,NC,AR,nc_null_deploy,i3,0,numbers,0,hypothetical,valid,exact_code,0.0,0.0,1.0,0
nc-nc_null_deploy-i3-ar-o0-ln-c1-fe-76db2322bf39,NC,AR,nc_null_deploy,i3,0,numbers,1,enacted,valid,exact_code,0.0,0.0,1.0,1
nc-nc_null_deploy-i3-ar-o0-ln-c1-fh-8ac76c92d840,NC,AR,nc_null_deploy,i3,0,numbers,1,hypothetical,valid,exact_code,0.0,0.0,1.0,0
nc-nc_null_deploy-i3-ar-o1-ll-c0-fe-9aff8591784c,NC,AR,nc_null_deploy,i3,1,letters,0,enacted,valid,exact_code,1.0,1.0,1.0,1
nc-nc_null_deploy-i3-ar-o1-ll-c0-fh-174f3db0904d,NC,AR,nc_null_deploy,i3,1,letters,0,hypothetical,valid,exact_code,1.0,1.0,1.0,0
nc-nc_null_deploy-i3-ar-o1-ll-c1-fe-ca38b90fb59c,NC,AR,nc_null_deploy,i3,1,letters,1,enacted,valid,exact_code,1.0,1.0,1.0,1
nc-nc_null_deploy-i3-ar-o1-ll-c1-fh-5c63853095e0,NC,AR,nc_null_deploy,i3,1,letters,1,hypothetical,valid,exact_code,1.0,1.0,1.0,0
nc-nc_null_deploy-i3-ar-o1-ln-c0-fe-b17483e9f547,NC,AR,nc_null_deploy,i3,1,numbers,0,enacted,valid,exact_code,1.0,1.0,1.0,1
nc-nc_null_deploy-i3-ar-o1-ln-c0-fh-34681002cd13,NC,AR,nc_null_deploy,i3,1,numbers,0,hypothetical,valid,exact_code,1.0,1.0,1.0,0
nc-nc_null_deploy-i3-ar-o1-ln-c1-fe-d60ff337285b,NC,AR,nc_null_deploy,i3,1,numbers,1,enacted,valid,exact_code,1.0,1.0,1.0,1
nc-nc_null_deploy-i3-ar-o1-ln-c1-fh-3828560cdf91,NC,AR,nc_null_deploy,i3,1,numbers,1,hypothetical,valid,exact_code,1.0,1.0,1.0,0
nc-nc_null_deploy-i4-ar-o0-ll-c0-fe-e20f8429258e,NC,AR,nc_null_deploy,i4,0,letters,0,enacted,valid,exact_code,0.0,0.0,1.0,1
nc-nc_null_deploy-i4-ar-o0-ll-c0-fh-6c6970d98490,NC,AR,nc_null_deploy,i4,0,letters,0,hypothetical,valid,exact_code,0.0,0.0,1.0,0
nc-nc_null_deploy-i4-ar-o0-ll-c1-fe-2405f0899e03,NC,AR,nc_null_deploy,i4,0,letters,1,enacted,valid,exact_code,0.0,0.0,1.0,1
nc-nc_null_deploy-i4-ar-o0-ll-c1-fh-cc142d01ce2c,NC,AR,nc_null_deploy,i4,0,letters,1,hypothetical,valid,exact_code,0.0,0.0,1.0,0
nc-nc_null_deploy-i4-ar-o0-ln-c0-fe-effd6def8a2c,NC,AR,nc_null_deploy,i4,0,numbers,0,enacted,valid,exact_code,0.0,0.0,1.0,1
nc-nc_null_deploy-i4-ar-o0-ln-c0-fh-7b9faf4d71cb,NC,AR,nc_null_deploy,i4,0,numbers,0,hypothetical,valid,exact_code,0.0,0.0,1.0,0
nc-nc_null_deploy-i4-ar-o0-ln-c1-fe-d74ea0352ed7,NC,AR,nc_null_deploy,i4,0,numbers,1,enacted,valid,exact_code,0.0,0.0,1.0,1
nc-nc_null_deploy-i4-ar-o0-ln-c1-fh-e0b321a1ad02,NC,AR,nc_null_deploy,i4,0,numbers,1,hypothetical,valid,exact_code,0.0,0.0,1.0,0
nc-nc_null_deploy-i4-ar-o1-ll-c0-fe-274f7cb0cd7a,NC,AR,nc_null_deploy,i4,1,letters,0,enacted,valid,exact_code,1.0,1.0,1.0,1
nc-nc_null_deploy-i4-ar-o1-ll-c0-fh-2c5aa6d38c16,NC,AR,nc_null_deploy,i4,1,letters,0,hypothetical,valid,exact_code,1.0,1.0,1.0,0
nc-nc_null_deploy-i4-ar-o1-ll-c1-fe-b72acdbc63d9,NC,AR,nc_null_deploy,i4,1,letters,1,enacted,valid,exact_code,1.0,1.0,1.0,1
nc-nc_null_deploy-i4-ar-o1-ll-c1-fh-b4cf25ded66b,NC,AR,nc_null_deploy,i4,1,letters,1,hypothetical,valid,exact_code,1.0,1.0,1.0,0
nc-nc_null_deploy-i4-ar-o1-ln-c0-fe-ca4f076d5ea0,NC,AR,nc_null_deploy,i4,1,numbers,0,enacted,valid,exact_code,1.0,1.0,1.0,1
nc-nc_null_deploy-i4-ar-o1-ln-c0-fh-bb7013acaf06,NC,AR,nc_null_deploy,i4,1,numbers,0,hypothetical,valid,exact_code,1.0,1.0,1.0,0
nc-nc_null_deploy-i4-ar-o1-ln-c1-fe-52e2691c7f55,NC,AR,nc_null_deploy,i4,1,numbers,1,enacted,valid,exact_code,1.0,1.0,1.0,1
nc-nc_null_deploy-i4-ar-o1-ln-c1-fh-2ac7ca9faf99,NC,AR,nc_null_deploy,i4,1,numbers,1,hypothetical,valid,exact_code,1.0,1.0,1.0,0
pc-pc_quality_config-i0-ar-o0-ll-c0-fe-f48acc86d03f,PC,AR,pc_quality_config,i0,0,letters,0,enacted,valid,exact_code,0.0,0.0,1.0,1
pc-pc_quality_config-i0-ar-o0-ll-c0-fh-6f0d521cde05,PC,AR,pc_quality_config,i0,0,letters,0,hypothetical,valid,exact_code,0.0,0.0,1.0,0
pc-pc_quality_config-i0-ar-o0-ll-c1-fe-6d5c1001e88e,PC,AR,pc_quality_config,i0,0,letters,1,enacted,valid,exact_code,0.0,0.0,1.0,1
pc-pc_quality_config-i0-ar-o0-ll-c1-fh-17279bd56ad8,PC,AR,pc_quality_config,i0,0,letters,1,hypothetical,valid,exact_code,0.0,0.0,1.0,0
pc-pc_quality_config-i0-ar-o0-ln-c0-fe-bf38d2ce20c9,PC,AR,pc_quality_config,i0,0,numbers,0,enacted,valid,exact_code,0.0,0.0,1.0,1
pc-pc_quality_config-i0-ar-o0-ln-c0-fh-ae1161e1476f,PC,AR,pc_quality_config,i0,0,numbers,0,hypothetical,valid,exact_code,0.0,0.0,1.0,0
pc-pc_quality_config-i0-ar-o0-ln-c1-fe-82cca958dfd9,PC,AR,pc_quality_config,i0,0,numbers,1,enacted,valid,exact_code,0.0,0.0,1.0,1
pc-pc_quality_config-i0-ar-o0-ln-c1-fh-6cf04d748ca8,PC,AR,pc_quality_config,i0,0,numbers,1,hypothetical,valid,exact_code,0.0,0.0,1.0,0
pc-pc_quality_config-i0-ar-o1-ll-c0-fe-27faaed49cc2,PC,AR,pc_quality_config,i0,1,letters,0,enacted,valid,exact_code,0.0,0.0,0.0,1
pc-pc_quality_config-i0-ar-o1-ll-c0-fh-c64af43e3d1e,PC,AR,pc_quality_config,i0,1,letters,0,hypothetical,valid,exact_code,0.0,0.0,0.0,0
pc-pc_quality_config-i0-ar-o1-ll-c1-fe-95aec11342e6,PC,AR,pc_quality_config,i0,1,letters,1,enacted,valid,exact_code,0.0,0.0,0.0,1
pc-pc_quality_config-i0-ar-o1-ll-c1-fh-b4d8393b5297,PC,AR,pc_quality_config,i0,1,letters,1,hypothetical,valid,exact_code,0.0,0.0,0.0,0
pc-pc_quality_config-i0-ar-o1-ln-c0-fe-0326a1613966,PC,AR,pc_quality_config,i0,1,numbers,0,enacted,valid,exact_code,0.0,0.0,0.0,1
pc-pc_quality_config-i0-ar-o1-ln-c0-fh-d99e62caeebd,PC,AR,pc_quality_config,i0,1,numbers,0,hypothetical,valid,exact_code,0.0,0.0,0.0,0
pc-pc_quality_config-i0-ar-o1-ln-c1-fe-c09889bebcf9,PC,AR,pc_quality_config,i0,1,numbers,1,enacted,valid,exact_code,0.0,0.0,0.0,1
pc-pc_quality_config-i0-ar-o1-ln-c1-fh-e27e60436099,PC,AR,pc_quality_config,i0,1,numbers,1,hypothetical,valid,exact_code,0.0,0.0,0.0,0
pc-pc_quality_config-i0-ro-o0-ll-c0-fx-09bf56d835ed,PC,RO,pc_quality_config,i0,0,letters,0,,valid,exact_code,0.0,0.0,1.0,0
pc-pc_quality_config-i0-ro-o0-ll-c1-fx-185a1e34e82f,PC,RO,pc_quality_config,i0,0,letters,1,,valid,exact_code,0.0,0.0,1.0,0
pc-pc_quality_config-i0-ro-o0-ln-c0-fx-f2026572222e,PC,RO,pc_quality_config,i0,0,numbers,0,,valid,exact_code,0.0,0.0,1.0,0
pc-pc_quality_config-i0-ro-o0-ln-c1-fx-ec3d59ca52cd,PC,RO,pc_quality_config,i0,0,numbers,1,,valid,exact_code,0.0,0.0,1.0,0
pc-pc_quality_config-i0-ro-o1-ll-c0-fx-f5282baf258d,PC,RO,pc_quality_config,i0,1,letters,0,,valid,exact_code,0.0,0.0,0.0,0
pc-pc_quality_config-i0-ro-o1-ll-c1-fx-cd2cbc0aa11b,PC,RO,pc_quality_config,i0,1,letters,1,,valid,exact_code,0.0,0.0,0.0,0
pc-pc_quality_config-i0-ro-o1-ln-c0-fx-66861daada0c,PC,RO,pc_quality_config,i0,1,numbers,0,,valid,exact_code,0.0,0.0,0.0,0
pc-pc_quality_config-i0-ro-o1-ln-c1-fx-118ffe5bd648,PC,RO,pc_quality_config,i0,1,numbers,1,,valid,exact_code,0.0,0.0,0.0,0
pc-pc_quality_config-i1-ar-o0-ll-c0-fe-8cb18285a896,PC,AR,pc_quality_config,i1,0,letters,0,enacted,valid,exact_code,0.0,0.0,1.0,1
pc-pc_quality_config-i1-ar-o0-ll-c0-fh-7a0cb765cdf7,PC,AR,pc_quality_config,i1,0,letters,0,hypothetical,valid,exact_code,0.0,0.0,1.0,0
pc-pc_quality_config-i1-ar-o0-ll-c1-fe-e96b02a4bc28,PC,AR,pc_quality_config,i1,0,letters,1,enacted,valid,exact_code,0.0,0.0,1.0,1
pc-pc_quality_config-i1-ar-o0-ll-c1-fh-dfd43f5703c5,PC,AR,pc_quality_config,i1,0,letters,1,hypothetical,valid,exact_code,0.0,0.0,1.0,0
pc-pc_quality_config-i1-ar-o0-ln-c0-fe-7c1e7887b732,PC,AR,pc_quality_config,i1,0,numbers,0,enacted,valid,exact_code,0.0,0.0,1.0,1
pc-pc_quality_config-i1-ar-o0-ln-c0-fh-9928db77172b,PC,AR,pc_quality_config,i1,0,numbers,0,hypothetical,valid,exact_code,0.0,0.0,1.0,0
pc-pc_quality_config-i1-ar-o0-ln-c1-fe-0f829584c287,PC,AR,pc_quality_config,i1,0,numbers,1,enacted,valid,exact_code,0.0,0.0,1.0,1
pc-pc_quality_config-i1-ar-o0-ln-c1-fh-69586f5d82c7,PC,AR,pc_quality_config,i1,0,numbers,1,hypothetical,valid,exact_code,0.0,0.0,1.0,0
pc-pc_quality_config-i1-ar-o1-ll-c0-fe-a7514a9b0dbe,PC,AR,pc_quality_config,i1,1,letters,0,enacted,valid,exact_code,0.0,0.0,0.0,1
pc-pc_quality_config-i1-ar-o1-ll-c0-fh-610ca75859fb,PC,AR,pc_quality_config,i1,1,letters,0,hypothetical,valid,exact_code,0.0,0.0,0.0,0
pc-pc_quality_config-i1-ar-o1-ll-c1-fe-b7c4c7ac7f0f,PC,AR,pc_quality_config,i1,1,letters,1,enacted,valid,exact_code,0.0,0.0,0.0,1
pc-pc_quality_config-i1-ar-o1-ll-c1-fh-d2a6bd363fba,PC,AR,pc_quality_config,i1,1,letters,1,hypothetical,valid,exact_code,0.0,0.0,0.0,0
pc-pc_quality_config-i1-ar-o1-ln-c0-fe-464991c0ed3e,PC,AR,pc_quality_config,i1,1,numbers,0,enacted,valid,exact_code,0.0,0.0,0.0,1
pc-pc_quality_config-i1-ar-o1-ln-c0-fh-bc88fd3002e8,PC,AR,pc_quality_config,i1,1,numbers,0,hypothetical,valid,exact_code,0.0,0.0,0.0,0
pc-pc_quality_config-i1-ar-o1-ln-c1-fe-97ab8eb6ab02,PC,AR,pc_quality_config,i1,1,numbers,1,enacted,valid,exact_code,0.0,0.0,0.0,1
pc-pc_quality_config-i1-ar-o1-ln-c1-fh-f0f9b7125e41,PC,AR,pc_quality_config,i1,1,numbers,1,hypothetical,valid,exact_code,0.0,0.0,0.0,0
pc-pc_quality_config-i1-ro-o0-ll-c0-fx-0db3b4e49bc9,PC,RO,pc_quality_config,i1,0,letters,0,,valid,exact_code,0.0,0.0,1.0,0
pc-pc_quality_config-i1-ro-o0-ll-c1-fx-65355a11d9f6,PC,RO,pc_quality_config,i1,0,letters,1,,valid,exact_code,0.0,0.0,1.0,0
pc-pc_quality_config-i1-ro-o0-ln-c0-fx-8d4fce246052,PC,RO,pc_quality_config,i1,0,numbers,0,,valid,exact_code,0.0,0.0,1.0,0
pc-pc_quality_config-i1-ro-o0-ln-c1-fx-c920f4614abb,PC,RO,pc_quality_config,i1,0,numbers,1,,valid,exact_code,0.0,0.0,1.0,0
pc-pc_quality_config-i1-ro-o1-ll-c0-fx-a5c3398d3956,PC,RO,pc_quality_config,i1,1,letters,0,,valid,exact_code,0.0,0.0,0.0,0
pc-pc_quality_config-i1-ro-o1-ll-c1-fx-5e143c459db0,PC,RO,pc_quality_config,i1,1,letters,1,,valid,exact_code,0.0,0.0,0.0,0
pc-pc_quality_config-i1-ro-o1-ln-c0-fx-c8f4d295708f,PC,RO,pc_quality_config,i1,1,numbers,0,,valid,exact_code,0.0,0.0,0.0,0
pc-pc_quality_config-i1-ro-o1-ln-c1-fx-358344f07a2d,PC,RO,pc_quality_config,i1,1,numbers,1,,valid,exact_code,0.0,0.0,0.0,0
pc-pc_quality_config-i2-ar-o0-ll-c0-fe-d82faa5c8216,PC,AR,pc_quality_config,i2,0,letters,0,enacted,valid,exact_code,0.0,0.0,1.0,1
pc-pc_quality_config-i2-ar-o0-ll-c0-fh-cabb4478c04e,PC,AR,pc_quality_config,i2,0,letters,0,hypothetical,valid,exact_code,0.0,0.0,1.0,0
pc-pc_quality_config-i2-ar-o0-ll-c1-fe-b044aef62d0d,PC,AR,pc_quality_config,i2,0,letters,1,enacted,valid,exact_code,0.0,0.0,1.0,1
pc-pc_quality_config-i2-ar-o0-ll-c1-fh-f4a30c52c00b,PC,AR,pc_quality_config,i2,0,letters,1,hypothetical,valid,exact_code,0.0,0.0,1.0,0
pc-pc_quality_config-i2-ar-o0-ln-c0-fe-18ee986f03db,PC,AR,pc_quality_config,i2,0,numbers,0,enacted,valid,exact_code,0.0,0.0,1.0,1
pc-pc_quality_config-i2-ar-o0-ln-c0-fh-face0d236ffd,PC,AR,pc_quality_config,i2,0,numbers,0,hypothetical,valid,exact_code,0.0,0.0,1.0,0
pc-pc_quality_config-i2-ar-o0-ln-c1-fe-6b3bd66c01fc,PC,AR,pc_quality_config,i2,0,numbers,1,enacted,valid,exact_code,0.0,0.0,1.0,1
pc-pc_quality_config-i2-ar-o0-ln-c1-fh-d366178c619e,PC,AR,pc_quality_config,i2,0,numbers,1,hypothetical,valid,exact_code,0.0,0.0,1.0,0
pc-pc_quality_config-i2-ar-o1-ll-c0-fe-43ed008fb0e6,PC,AR,pc_quality_config,i2,1,letters,0,enacted,valid,exact_code,0.0,0.0,0.0,1
pc-pc_quality_config-i2-ar-o1-ll-c0-fh-08b2ab7e2136,PC,AR,pc_quality_config,i2,1,letters,0,hypothetical,valid,exact_code,0.0,0.0,0.0,0
pc-pc_quality_config-i2-ar-o1-ll-c1-fe-59af72803cbd,PC,AR,pc_quality_config,i2,1,letters,1,enacted,valid,exact_code,0.0,0.0,0.0,1
pc-pc_quality_config-i2-ar-o1-ll-c1-fh-1ffda6cc0cc2,PC,AR,pc_quality_config,i2,1,letters,1,hypothetical,valid,exact_code,0.0,0.0,0.0,0
pc-pc_quality_config-i2-ar-o1-ln-c0-fe-bf6e1176585a,PC,AR,pc_quality_config,i2,1,numbers,0,enacted,valid,exact_code,0.0,0.0,0.0,1
pc-pc_quality_config-i2-ar-o1-ln-c0-fh-b1d2a11cf891,PC,AR,pc_quality_config,i2,1,numbers,0,hypothetical,valid,exact_code,0.0,0.0,0.0,0
pc-pc_quality_config-i2-ar-o1-ln-c1-fe-b373671012d7,PC,AR,pc_quality_config,i2,1,numbers,1,enacted,valid,exact_code,0.0,0.0,0.0,1
pc-pc_quality_config-i2-ar-o1-ln-c1-fh-f2ef3d6f1ec2,PC,AR,pc_quality_config,i2,1,numbers,1,hypothetical,valid,exact_code,0.0,0.0,0.0,0
pc-pc_quality_config-i2-ro-o0-ll-c0-fx-e0048b490de4,PC,RO,pc_quality_config,i2,0,letters,0,,valid,exact_code,0.0,0.0,1.0,0
pc-pc_quality_config-i2-ro-o0-ll-c1-fx-2a907a0a8da2,PC,RO,pc_quality_config,i2,0,letters,1,,valid,exact_code,0.0,0.0,1.0,0
pc-pc_quality_config-i2-ro-o0-ln-c0-fx-763e36e1d2a2,PC,RO,pc_quality_config,i2,0,numbers,0,,valid,exact_code,0.0,0.0,1.0,0
pc-pc_quality_config-i2-ro-o0-ln-c1-fx-b045636e0725,PC,RO,pc_quality_config,i2,0,numbers,1,,valid,exact_code,0.0,0.0,1.0,0
pc-pc_quality_config-i2-ro-o1-ll-c0-fx-d82a7e2b5521,PC,RO,pc_quality_config,i2,1,letters,0,,valid,exact_code,0.0,0.0,0.0,0
pc-pc_quality_config-i2-ro-o1-ll-c1-fx-699a50a2c1a9,PC,RO,pc_quality_config,i2,1,letters,1,,valid,exact_code,0.0,0.0,0.0,0
pc-pc_quality_config-i2-ro-o1-ln-c0-fx-44f7f8810f0b,PC,RO,pc_quality_config,i2,1,numbers,0,,valid,exact_code,0.0,0.0,0.0,0
pc-pc_quality_config-i2-ro-o1-ln-c1-fx-65582142aeb0,PC,RO,pc_quality_config,i2,1,numbers,1,,valid,exact_code,0.0,0.0,0.0,0
pc-pc_quality_config-i3-ar-o0-ll-c0-fe-37b6e8228334,PC,AR,pc_quality_config,i3,0,letters,0,enacted,valid,exact_code,0.0,0.0,1.0,1
pc-pc_quality_config-i3-ar-o0-ll-c0-fh-4cd27cfc54ac,PC,AR,pc_quality_config,i3,0,letters,0,hypothetical,valid,exact_code,0.0,0.0,1.0,0
pc-pc_quality_config-i3-ar-o0-ll-c1-fe-c4c0ba2a8a2c,PC,AR,pc_quality_config,i3,0,letters,1,enacted,valid,exact_code,0.0,0.0,1.0,1
pc-pc_quality_config-i3-ar-o0-ll-c1-fh-289a1f1581e6,PC,AR,pc_quality_config,i3,0,letters,1,hypothetical,valid,exact_code,0.0,0.0,1.0,0
pc-pc_quality_config-i3-ar-o0-ln-c0-fe-198bbebcca57,PC,AR,pc_quality_config,i3,0,numbers,0,enacted,valid,exact_code,0.0,0.0,1.0,1
pc-pc_quality_config-i3-ar-o0-ln-c0-fh-d956e8e8a943,PC,AR,pc_quality_config,i3,0,numbers,0,hypothetical,valid,exact_code,0.0,0.0,1.0,0
pc-pc_quality_config-i3-ar-o0-ln-c1-fe-07bd195420d3,PC,AR,pc_quality_config,i3,0,numbers,1,enacted,valid,exact_code,0.0,0.0,1.0,1
pc-pc_quality_config-i3-ar-o0-ln-c1-fh-22617e9b7660,PC,AR,pc_quality_config,i3,0,numbers,1,hypothetical,valid,exact_code,0.0,0.0,1.0,0
pc-pc_quality_config-i3-ar-o1-ll-c0-fe-b7b2901e03d7,PC,AR,pc_quality_config,i3,1,letters,0,enacted,valid,exact_code,0.0,0.0,0.0,1
pc-pc_quality_config-i3-ar-o1-ll-c0-fh-bf6f1543b51f,PC,AR,pc_quality_config,i3,1,letters,0,hypothetical,valid,exact_code,0.0,0.0,0.0,0
pc-pc_quality_config-i3-ar-o1-ll-c1-fe-7ade442c6692,PC,AR,pc_quality_config,i3,1,letters,1,enacted,valid,exact_code,0.0,0.0,0.0,1
pc-pc_quality_config-i3-ar-o1-ll-c1-fh-cc0863a9a7bf,PC,AR,pc_quality_config,i3,1,letters,1,hypothetical,valid,exact_code,0.0,0.0,0.0,0
pc-pc_quality_config-i3-ar-o1-ln-c0-fe-776a47d81fe0,PC,AR,pc_quality_config,i3,1,numbers,0,enacted,valid,exact_code,0.0,0.0,0.0,1
pc-pc_quality_config-i3-ar-o1-ln-c0-fh-2c3c6ea45c5e,PC,AR,pc_quality_config,i3,1,numbers,0,hypothetical,valid,exact_code,0.0,0.0,0.0,0
pc-pc_quality_config-i3-ar-o1-ln-c1-fe-62d92fba6d1e,PC,AR,pc_quality_config,i3,1,numbers,1,enacted,valid,exact_code,0.0,0.0,0.0,1
pc-pc_quality_config-i3-ar-o1-ln-c1-fh-0d5213c963b6,PC,AR,pc_quality_config,i3,1,numbers,1,hypothetical,valid,exact_code,0.0,0.0,0.0,0
pc-pc_quality_config-i3-ro-o0-ll-c0-fx-b2f862191ab1,PC,RO,pc_quality_config,i3,0,letters,0,,valid,exact_code,0.0,0.0,1.0,0
pc-pc_quality_config-i3-ro-o0-ll-c1-fx-d9958b405955,PC,RO,pc_quality_config,i3,0,letters,1,,valid,exact_code,0.0,0.0,1.0,0
pc-pc_quality_config-i3-ro-o0-ln-c0-fx-aab18082b753,PC,RO,pc_quality_config,i3,0,numbers,0,,valid,exact_code,0.0,0.0,1.0,0
pc-pc_quality_config-i3-ro-o0-ln-c1-fx-b8044b4686a9,PC,RO,pc_quality_config,i3,0,numbers,1,,valid,exact_code,0.0,0.0,1.0,0
pc-pc_quality_config-i3-ro-o1-ll-c0-fx-bc0a00c06642,PC,RO,pc_quality_config,i3,1,letters,0,,valid,exact_code,0.0,0.0,0.0,0
pc-pc_quality_config-i3-ro-o1-ll-c1-fx-abc9f6400163,PC,RO,pc_quality_config,i3,1,letters,1,,valid,exact_code,0.0,0.0,0.0,0
pc-pc_quality_config-i3-ro-o1-ln-c0-fx-c8969eac44ee,PC,RO,pc_quality_config,i3,1,numbers,0,,valid,exact_code,0.0,0.0,0.0,0
pc-pc_quality_config-i3-ro-o1-ln-c1-fx-07aa19548ee8,PC,RO,pc_quality_config,i3,1,numbers,1,,valid,exact_code,0.0,0.0,0.0,0
pc-pc_quality_config-i4-ar-o0-ll-c0-fe-d44cc5d2a1c9,PC,AR,pc_quality_config,i4,0,letters,0,enacted,valid,exact_code,0.0,0.0,1.0,1
pc-pc_quality_config-i4-ar-o0-ll-c0-fh-748ce518726f,PC,AR,pc_quality_config,i4,0,letters,0,hypothetical,valid,exact_code,0.0,0.0,1.0,0
pc-pc_quality_config-i4-ar-o0-ll-c1-fe-562950fd744b,PC,AR,pc_quality_config,i4,0,letters,1,enacted,valid,exact_code,0.0,0.0,1.0,1
pc-pc_quality_config-i4-ar-o0-ll-c1-fh-27293beba19f,PC,AR,pc_quality_config,i4,0,letters,1,hypothetical,valid,exact_code,0.0,0.0,1.0,0
pc-pc_quality_config-i4-ar-o0-ln-c0-fe-f4cdf4b7cf6f,PC,AR,pc_quality_config,i4,0,numbers,0,enacted,valid,exact_code,0.0,0.0,1.0,1
pc-pc_quality_config-i4-ar-o0-ln-c0-fh-e75eecf4c17f,PC,AR,pc_quality_config,i4,0,numbers,0,hypothetical,valid,exact_code,0.0,0.0,1.0,0
pc-pc_quality_config-i4-ar-o0-ln-c1-fe-583fcc4f3fc4,PC,AR,pc_quality_config,i4,0,numbers,1,enacted,valid,exact_code,0.0,0.0,1.0,1
pc-pc_quality_config-i4-ar-o0-ln-c1-fh-bcabb970bac1,PC,AR,pc_quality_config,i4,0,numbers,1,hypothetical,valid,exact_code,0.0,0.0,1.0,0
pc-pc_quality_config-i4-ar-o1-ll-c0-fe-5be1a42f38dd,PC,AR,pc_quality_config,i4,1,letters,0,enacted,valid,exact_code,0.0,0.0,0.0,1
pc-pc_quality_config-i4-ar-o1-ll-c0-fh-ac6527d8ed86,PC,AR,pc_quality_config,i4,1,letters,0,hypothetical,valid,exact_code,0.0,0.0,0.0,0
pc-pc_quality_config-i4-ar-o1-ll-c1-fe-4844e4b1dfe5,PC,AR,pc_quality_config,i4,1,letters,1,enacted,valid,exact_code,0.0,0.0,0.0,1
pc-pc_quality_config-i4-ar-o1-ll-c1-fh-85769dd9f784,PC,AR,pc_quality_config,i4,1,letters,1,hypothetical,valid,exact_code,0.0,0.0,0.0,0
pc-pc_quality_config-i4-ar-o1-ln-c0-fe-a1d283443370,PC,AR,pc_quality_config,i4,1,numbers,0,enacted,valid,exact_code,0.0,0.0,0.0,1
pc-pc_quality_config-i4-ar-o1-ln-c0-fh-fc7ef5f8049a,PC,AR,pc_quality_config,i4,1,numbers,0,hypothetical,valid,exact_code,0.0,0.0,0.0,0
pc-pc_quality_config-i4-ar-o1-ln-c1-fe-5bce7a81e4d7,PC,AR,pc_quality_config,i4,1,numbers,1,enacted,valid,exact_code,0.0,0.0,0.0,1
pc-pc_quality_config-i4-ar-o1-ln-c1-fh-88c295782036,PC,AR,pc_quality_config,i4,1,numbers,1,hypothetical,valid,exact_code,0.0,0.0,0.0,0
pc-pc_quality_config-i4-ro-o0-ll-c0-fx-b467f5292f4d,PC,RO,pc_quality_config,i4,0,letters,0,,valid,exact_code,0.0,0.0,1.0,0
pc-pc_quality_config-i4-ro-o0-ll-c1-fx-e54229e7fb78,PC,RO,pc_quality_config,i4,0,letters,1,,valid,exact_code,0.0,0.0,1.0,0
pc-pc_quality_config-i4-ro-o0-ln-c0-fx-a0dbd580400b,PC,RO,pc_quality_config,i4,0,numbers,0,,valid,exact_code,0.0,0.0,1.0,0
pc-pc_quality_config-i4-ro-o0-ln-c1-fx-aa755780a1cc,PC,RO,pc_quality_config,i4,0,numbers,1,,valid,exact_code,0.0,0.0,1.0,0
pc-pc_quality_config-i4-ro-o1-ll-c0-fx-5cb2b6b5f6c4,PC,RO,pc_quality_config,i4,1,letters,0,,valid,exact_code,0.0,0.0,0.0,0
pc-pc_quality_config-i4-ro-o1-ll-c1-fx-47212c0f6e3b,PC,RO,pc_quality_config,i4,1,letters,1,,valid,exact_code,0.0,0.0,0.0,0
pc-pc_quality_config-i4-ro-o1-ln-c0-fx-8a4e8a3a2584,PC,RO,pc_quality_config,i4,1,numbers,0,,valid,exact_code,0.0,0.0,0.0,0
pc-pc_quality_config-i4-ro-o1-ln-c1-fx-300a2c5f4796,PC,RO,pc_quality_config,i4,1,numbers,1,,valid,exact_code,0.0,0.0,0.0,0
pc-pc_quality_tests-i0-ar-o0-ll-c0-fe-752c76e594c7,PC,AR,pc_quality_tests,i0,0,letters,0,enacted,valid,exact_code,0.0,0.0,1.0,1
pc-pc_quality_tests-i0-ar-o0-ll-c0-fh-6f80ec4464b2,PC,AR,pc_quality_tests,i0,0,letters,0,hypothetical,valid,exact_code,0.0,0.0,1.0,0
pc-pc_quality_tests-i0-ar-o0-ll-c1-fe-9d6864ead571,PC,AR,pc_quality_tests,i0,0,letters,1,enacted,valid,exact_code,0.0,0.0,1.0,1
pc-pc_quality_tests-i0-ar-o0-ll-c1-fh-15ecaec394bf,PC,AR,pc_quality_tests,i0,0,letters,1,hypothetical,valid,exact_code,0.0,0.0,1.0,0
pc-pc_quality_tests-i0-ar-o0-ln-c0-fe-d695881de0f8,PC,AR,pc_quality_tests,i0,0,numbers,0,enacted,valid,exact_code,0.0,0.0,1.0,1
pc-pc_quality_tests-i0-ar-o0-ln-c0-fh-2b6774979a8a,PC,AR,pc_quality_tests,i0,0,numbers,0,hypothetical,valid,exact_code,0.0,0.0,1.0,0
pc-pc_quality_tests-i0-ar-o0-ln-c1-fe-1d459f95a3d2,PC,AR,pc_quality_tests,i0,0,numbers,1,enacted,valid,exact_code,0.0,0.0,1.0,1
pc-pc_quality_tests-i0-ar-o0-ln-c1-fh-3871fa10ffc4,PC,AR,pc_quality_tests,i0,0,numbers,1,hypothetical,valid,exact_code,0.0,0.0,1.0,0
pc-pc_quality_tests-i0-ar-o1-ll-c0-fe-430afce18b60,PC,AR,pc_quality_tests,i0,1,letters,0,enacted,valid,exact_code,0.0,0.0,0.0,1
pc-pc_quality_tests-i0-ar-o1-ll-c0-fh-aee52d1d60c5,PC,AR,pc_quality_tests,i0,1,letters,0,hypothetical,valid,exact_code,0.0,0.0,0.0,0
pc-pc_quality_tests-i0-ar-o1-ll-c1-fe-7ef2a8512d11,PC,AR,pc_quality_tests,i0,1,letters,1,enacted,valid,exact_code,0.0,0.0,0.0,1
pc-pc_quality_tests-i0-ar-o1-ll-c1-fh-650a25133614,PC,AR,pc_quality_tests,i0,1,letters,1,hypothetical,valid,exact_code,0.0,0.0,0.0,0
pc-pc_quality_tests-i0-ar-o1-ln-c0-fe-7ce28750cb31,PC,AR,pc_quality_tests,i0,1,numbers,0,enacted,valid,exact_code,0.0,0.0,0.0,1
pc-pc_quality_tests-i0-ar-o1-ln-c0-fh-8d610a68ce15,PC,AR,pc_quality_tests,i0,1,numbers,0,hypothetical,valid,exact_code,0.0,0.0,0.0,0
pc-pc_quality_tests-i0-ar-o1-ln-c1-fe-8c80fded40b1,PC,AR,pc_quality_tests,i0,1,numbers,1,enacted,valid,exact_code,0.0,0.0,0.0,1
pc-pc_quality_tests-i0-ar-o1-ln-c1-fh-9a9dd0695dac,PC,AR,pc_quality_tests,i0,1,numbers,1,hypothetical,valid,exact_code,0.0,0.0,0.0,0
pc-pc_quality_tests-i0-ro-o0-ll-c0-fx-86ddd75d8a97,PC,RO,pc_quality_tests,i0,0,letters,0,,valid,exact_code,1.0,1.0,0.0,0
pc-pc_quality_tests-i0-ro-o0-ll-c1-fx-9c3374d1e7e0,PC,RO,pc_quality_tests,i0,0,letters,1,,valid,exact_code,0.0,0.0,1.0,0
pc-pc_quality_tests-i0-ro-o0-ln-c0-fx-d2087f6a4698,PC,RO,pc_quality_tests,i0,0,numbers,0,,valid,exact_code,1.0,1.0,0.0,0
pc-pc_quality_tests-i0-ro-o0-ln-c1-fx-4e01b87ea03b,PC,RO,pc_quality_tests,i0,0,numbers,1,,valid,exact_code,0.0,0.0,1.0,0
pc-pc_quality_tests-i0-ro-o1-ll-c0-fx-76df76fa1f5b,PC,RO,pc_quality_tests,i0,1,letters,0,,valid,exact_code,0.0,0.0,0.0,0
pc-pc_quality_tests-i0-ro-o1-ll-c1-fx-f169b09aa12e,PC,RO,pc_quality_tests,i0,1,letters,1,,valid,exact_code,0.0,0.0,0.0,0
pc-pc_quality_tests-i0-ro-o1-ln-c0-fx-385dc7666dc3,PC,RO,pc_quality_tests,i0,1,numbers,0,,valid,exact_code,0.0,0.0,0.0,0
pc-pc_quality_tests-i0-ro-o1-ln-c1-fx-f25c0a7001e0,PC,RO,pc_quality_tests,i0,1,numbers,1,,valid,exact_code,0.0,0.0,0.0,0
pc-pc_quality_tests-i1-ar-o0-ll-c0-fe-c78d4b3c437b,PC,AR,pc_quality_tests,i1,0,letters,0,enacted,valid,exact_code,0.0,0.0,1.0,1
pc-pc_quality_tests-i1-ar-o0-ll-c0-fh-bfa077852e67,PC,AR,pc_quality_tests,i1,0,letters,0,hypothetical,valid,exact_code,0.0,0.0,1.0,0
pc-pc_quality_tests-i1-ar-o0-ll-c1-fe-904fe47b1e04,PC,AR,pc_quality_tests,i1,0,letters,1,enacted,valid,exact_code,0.0,0.0,1.0,1
pc-pc_quality_tests-i1-ar-o0-ll-c1-fh-a01e8b70492c,PC,AR,pc_quality_tests,i1,0,letters,1,hypothetical,valid,exact_code,0.0,0.0,1.0,0
pc-pc_quality_tests-i1-ar-o0-ln-c0-fe-1dac09b5d2da,PC,AR,pc_quality_tests,i1,0,numbers,0,enacted,valid,exact_code,0.0,0.0,1.0,1
pc-pc_quality_tests-i1-ar-o0-ln-c0-fh-4d36c29430d6,PC,AR,pc_quality_tests,i1,0,numbers,0,hypothetical,valid,exact_code,0.0,0.0,1.0,0
pc-pc_quality_tests-i1-ar-o0-ln-c1-fe-246e03f12692,PC,AR,pc_quality_tests,i1,0,numbers,1,enacted,valid,exact_code,0.0,0.0,1.0,1
pc-pc_quality_tests-i1-ar-o0-ln-c1-fh-5e8c0ee7b634,PC,AR,pc_quality_tests,i1,0,numbers,1,hypothetical,valid,exact_code,0.0,0.0,1.0,0
pc-pc_quality_tests-i1-ar-o1-ll-c0-fe-c4279c15a6e8,PC,AR,pc_quality_tests,i1,1,letters,0,enacted,valid,exact_code,0.0,0.0,0.0,1
pc-pc_quality_tests-i1-ar-o1-ll-c0-fh-a650fa5fefd5,PC,AR,pc_quality_tests,i1,1,letters,0,hypothetical,valid,exact_code,0.0,0.0,0.0,0
pc-pc_quality_tests-i1-ar-o1-ll-c1-fe-0a2dc141709f,PC,AR,pc_quality_tests,i1,1,letters,1,enacted,valid,exact_code,0.0,0.0,0.0,1
pc-pc_quality_tests-i1-ar-o1-ll-c1-fh-3a3ecb65fe0c,PC,AR,pc_quality_tests,i1,1,letters,1,hypothetical,valid,exact_code,0.0,0.0,0.0,0
pc-pc_quality_tests-i1-ar-o1-ln-c0-fe-9cfd5d5059d8,PC,AR,pc_quality_tests,i1,1,numbers,0,enacted,valid,exact_code,0.0,0.0,0.0,1
pc-pc_quality_tests-i1-ar-o1-ln-c0-fh-9ef10de31b70,PC,AR,pc_quality_tests,i1,1,numbers,0,hypothetical,valid,exact_code,0.0,0.0,0.0,0
pc-pc_quality_tests-i1-ar-o1-ln-c1-fe-95ad7202f4c3,PC,AR,pc_quality_tests,i1,1,numbers,1,enacted,valid,exact_code,0.0,0.0,0.0,1
pc-pc_quality_tests-i1-ar-o1-ln-c1-fh-432d7c48efea,PC,AR,pc_quality_tests,i1,1,numbers,1,hypothetical,valid,exact_code,0.0,0.0,0.0,0
pc-pc_quality_tests-i1-ro-o0-ll-c0-fx-d909c5573163,PC,RO,pc_quality_tests,i1,0,letters,0,,valid,exact_code,1.0,1.0,0.0,0
pc-pc_quality_tests-i1-ro-o0-ll-c1-fx-9c70988387b4,PC,RO,pc_quality_tests,i1,0,letters,1,,valid,exact_code,0.0,0.0,1.0,0
pc-pc_quality_tests-i1-ro-o0-ln-c0-fx-8f1cfcf432f0,PC,RO,pc_quality_tests,i1,0,numbers,0,,valid,exact_code,1.0,1.0,0.0,0
pc-pc_quality_tests-i1-ro-o0-ln-c1-fx-4d62adcece84,PC,RO,pc_quality_tests,i1,0,numbers,1,,valid,exact_code,0.0,0.0,1.0,0
pc-pc_quality_tests-i1-ro-o1-ll-c0-fx-064d5d0ebadd,PC,RO,pc_quality_tests,i1,1,letters,0,,valid,exact_code,0.0,0.0,0.0,0
pc-pc_quality_tests-i1-ro-o1-ll-c1-fx-b8befe4b360e,PC,RO,pc_quality_tests,i1,1,letters,1,,valid,exact_code,0.0,0.0,0.0,0
pc-pc_quality_tests-i1-ro-o1-ln-c0-fx-156ce0cc6f23,PC,RO,pc_quality_tests,i1,1,numbers,0,,valid,exact_code,0.0,0.0,0.0,0
pc-pc_quality_tests-i1-ro-o1-ln-c1-fx-ffbb898898cb,PC,RO,pc_quality_tests,i1,1,numbers,1,,valid,exact_code,0.0,0.0,0.0,0
pc-pc_quality_tests-i2-ar-o0-ll-c0-fe-9a74171f0864,PC,AR,pc_quality_tests,i2,0,letters,0,enacted,valid,exact_code,0.0,0.0,1.0,1
pc-pc_quality_tests-i2-ar-o0-ll-c0-fh-90efc6d3d79f,PC,AR,pc_quality_tests,i2,0,letters,0,hypothetical,valid,exact_code,0.0,0.0,1.0,0
pc-pc_quality_tests-i2-ar-o0-ll-c1-fe-49bc0cd67d76,PC,AR,pc_quality_tests,i2,0,letters,1,enacted,valid,exact_code,0.0,0.0,1.0,1
pc-pc_quality_tests-i2-ar-o0-ll-c1-fh-b5a466acc8f4,PC,AR,pc_quality_tests,i2,0,letters,1,hypothetical,valid,exact_code,0.0,0.0,1.0,0
pc-pc_quality_tests-i2-ar-o0-ln-c0-fe-a827b099fd37,PC,AR,pc_quality_tests,i2,0,numbers,0,enacted,valid,exact_code,0.0,0.0,1.0,1
pc-pc_quality_tests-i2-ar-o0-ln-c0-fh-e474b986a018,PC,AR,pc_quality_tests,i2,0,numbers,0,hypothetical,valid,exact_code,0.0,0.0,1.0,0
pc-pc_quality_tests-i2-ar-o0-ln-c1-fe-a2ae2af0547c,PC,AR,pc_quality_tests,i2,0,numbers,1,enacted,valid,exact_code,0.0,0.0,1.0,1
pc-pc_quality_tests-i2-ar-o0-ln-c1-fh-2fc1d9111f3b,PC,AR,pc_quality_tests,i2,0,numbers,1,hypothetical,valid,exact_code,0.0,0.0,1.0,0
pc-pc_quality_tests-i2-ar-o1-ll-c0-fe-265305c7489f,PC,AR,pc_quality_tests,i2,1,letters,0,enacted,valid,exact_code,0.0,0.0,0.0,1
pc-pc_quality_tests-i2-ar-o1-ll-c0-fh-466d11c64ff0,PC,AR,pc_quality_tests,i2,1,letters,0,hypothetical,valid,exact_code,0.0,0.0,0.0,0
pc-pc_quality_tests-i2-ar-o1-ll-c1-fe-6d6b0ef24d4e,PC,AR,pc_quality_tests,i2,1,letters,1,enacted,valid,exact_code,0.0,0.0,0.0,1
pc-pc_quality_tests-i2-ar-o1-ll-c1-fh-ec47e83a2dac,PC,AR,pc_quality_tests,i2,1,letters,1,hypothetical,valid,exact_code,0.0,0.0,0.0,0
pc-pc_quality_tests-i2-ar-o1-ln-c0-fe-3e7dc7b79926,PC,AR,pc_quality_tests,i2,1,numbers,0,enacted,valid,exact_code,0.0,0.0,0.0,1
pc-pc_quality_tests-i2-ar-o1-ln-c0-fh-9e14f43b7bdb,PC,AR,pc_quality_tests,i2,1,numbers,0,hypothetical,valid,exact_code,0.0,0.0,0.0,0
pc-pc_quality_tests-i2-ar-o1-ln-c1-fe-b9f7282fb75d,PC,AR,pc_quality_tests,i2,1,numbers,1,enacted,valid,exact_code,0.0,0.0,0.0,1
pc-pc_quality_tests-i2-ar-o1-ln-c1-fh-7b79d6f33e26,PC,AR,pc_quality_tests,i2,1,numbers,1,hypothetical,valid,exact_code,0.0,0.0,0.0,0
pc-pc_quality_tests-i2-ro-o0-ll-c0-fx-3ad492468474,PC,RO,pc_quality_tests,i2,0,letters,0,,valid,exact_code,0.0,0.0,1.0,0
pc-pc_quality_tests-i2-ro-o0-ll-c1-fx-753930523b2c,PC,RO,pc_quality_tests,i2,0,letters,1,,valid,exact_code,0.0,0.0,1.0,0
pc-pc_quality_tests-i2-ro-o0-ln-c0-fx-3876401b0dc3,PC,RO,pc_quality_tests,i2,0,numbers,0,,valid,exact_code,0.0,0.0,1.0,0
pc-pc_quality_tests-i2-ro-o0-ln-c1-fx-de027bdff8f1,PC,RO,pc_quality_tests,i2,0,numbers,1,,valid,exact_code,0.0,0.0,1.0,0
pc-pc_quality_tests-i2-ro-o1-ll-c0-fx-383a965d363e,PC,RO,pc_quality_tests,i2,1,letters,0,,valid,exact_code,0.0,0.0,0.0,0
pc-pc_quality_tests-i2-ro-o1-ll-c1-fx-d4fc774d865f,PC,RO,pc_quality_tests,i2,1,letters,1,,valid,exact_code,0.0,0.0,0.0,0
pc-pc_quality_tests-i2-ro-o1-ln-c0-fx-f97c8e02eba7,PC,RO,pc_quality_tests,i2,1,numbers,0,,valid,exact_code,0.0,0.0,0.0,0
pc-pc_quality_tests-i2-ro-o1-ln-c1-fx-35223fc83362,PC,RO,pc_quality_tests,i2,1,numbers,1,,valid,exact_code,0.0,0.0,0.0,0
pc-pc_quality_tests-i3-ar-o0-ll-c0-fe-cfe3ad23ef05,PC,AR,pc_quality_tests,i3,0,letters,0,enacted,valid,exact_code,0.0,0.0,1.0,1
pc-pc_quality_tests-i3-ar-o0-ll-c0-fh-c32843bbc5c9,PC,AR,pc_quality_tests,i3,0,letters,0,hypothetical,valid,exact_code,0.0,0.0,1.0,0
pc-pc_quality_tests-i3-ar-o0-ll-c1-fe-1a1bca766bbc,PC,AR,pc_quality_tests,i3,0,letters,1,enacted,valid,exact_code,0.0,0.0,1.0,1
pc-pc_quality_tests-i3-ar-o0-ll-c1-fh-d9394ec65beb,PC,AR,pc_quality_tests,i3,0,letters,1,hypothetical,valid,exact_code,0.0,0.0,1.0,0
pc-pc_quality_tests-i3-ar-o0-ln-c0-fe-8b9cf17625dc,PC,AR,pc_quality_tests,i3,0,numbers,0,enacted,valid,exact_code,0.0,0.0,1.0,1
pc-pc_quality_tests-i3-ar-o0-ln-c0-fh-e6e28c093af3,PC,AR,pc_quality_tests,i3,0,numbers,0,hypothetical,valid,exact_code,0.0,0.0,1.0,0
pc-pc_quality_tests-i3-ar-o0-ln-c1-fe-066d7c555442,PC,AR,pc_quality_tests,i3,0,numbers,1,enacted,valid,exact_code,0.0,0.0,1.0,1
pc-pc_quality_tests-i3-ar-o0-ln-c1-fh-ceacc3e50e29,PC,AR,pc_quality_tests,i3,0,numbers,1,hypothetical,valid,exact_code,0.0,0.0,1.0,0
pc-pc_quality_tests-i3-ar-o1-ll-c0-fe-a3cdc6443e18,PC,AR,pc_quality_tests,i3,1,letters,0,enacted,valid,exact_code,0.0,0.0,0.0,1
pc-pc_quality_tests-i3-ar-o1-ll-c0-fh-85118e1ace8d,PC,AR,pc_quality_tests,i3,1,letters,0,hypothetical,valid,exact_code,0.0,0.0,0.0,0
pc-pc_quality_tests-i3-ar-o1-ll-c1-fe-12682b55908a,PC,AR,pc_quality_tests,i3,1,letters,1,enacted,valid,exact_code,0.0,0.0,0.0,1
pc-pc_quality_tests-i3-ar-o1-ll-c1-fh-0523dcf25da2,PC,AR,pc_quality_tests,i3,1,letters,1,hypothetical,valid,exact_code,0.0,0.0,0.0,0
pc-pc_quality_tests-i3-ar-o1-ln-c0-fe-34a122cf29a1,PC,AR,pc_quality_tests,i3,1,numbers,0,enacted,valid,exact_code,0.0,0.0,0.0,1
pc-pc_quality_tests-i3-ar-o1-ln-c0-fh-a14dbd42d462,PC,AR,pc_quality_tests,i3,1,numbers,0,hypothetical,valid,exact_code,0.0,0.0,0.0,0
pc-pc_quality_tests-i3-ar-o1-ln-c1-fe-1074da18b6df,PC,AR,pc_quality_tests,i3,1,numbers,1,enacted,valid,exact_code,0.0,0.0,0.0,1
pc-pc_quality_tests-i3-ar-o1-ln-c1-fh-df186529e714,PC,AR,pc_quality_tests,i3,1,numbers,1,hypothetical,valid,exact_code,0.0,0.0,0.0,0
pc-pc_quality_tests-i3-ro-o0-ll-c0-fx-c5595827842a,PC,RO,pc_quality_tests,i3,0,letters,0,,valid,exact_code,1.0,1.0,0.0,0
pc-pc_quality_tests-i3-ro-o0-ll-c1-fx-71a9874d14fa,PC,RO,pc_quality_tests,i3,0,letters,1,,valid,exact_code,0.0,0.0,1.0,0
pc-pc_quality_tests-i3-ro-o0-ln-c0-fx-d55692045a4d,PC,RO,pc_quality_tests,i3,0,numbers,0,,valid,exact_code,1.0,1.0,0.0,0
pc-pc_quality_tests-i3-ro-o0-ln-c1-fx-b60b5a9ddc5d,PC,RO,pc_quality_tests,i3,0,numbers,1,,valid,exact_code,0.0,0.0,1.0,0
pc-pc_quality_tests-i3-ro-o1-ll-c0-fx-b7977f7122e2,PC,RO,pc_quality_tests,i3,1,letters,0,,valid,exact_code,0.0,0.0,0.0,0
pc-pc_quality_tests-i3-ro-o1-ll-c1-fx-0d8050cd983d,PC,RO,pc_quality_tests,i3,1,letters,1,,valid,exact_code,0.0,0.0,0.0,0
pc-pc_quality_tests-i3-ro-o1-ln-c0-fx-a238591c62b8,PC,RO,pc_quality_tests,i3,1,numbers,0,,valid,exact_code,0.0,0.0,0.0,0
pc-pc_quality_tests-i3-ro-o1-ln-c1-fx-c1b607f253bc,PC,RO,pc_quality_tests,i3,1,numbers,1,,valid,exact_code,0.0,0.0,0.0,0
pc-pc_quality_tests-i4-ar-o0-ll-c0-fe-4498e3242293,PC,AR,pc_quality_tests,i4,0,letters,0,enacted,valid,exact_code,0.0,0.0,1.0,1
pc-pc_quality_tests-i4-ar-o0-ll-c0-fh-6f2f712f3b72,PC,AR,pc_quality_tests,i4,0,letters,0,hypothetical,valid,exact_code,0.0,0.0,1.0,0
pc-pc_quality_tests-i4-ar-o0-ll-c1-fe-ad44657ad1fc,PC,AR,pc_quality_tests,i4,0,letters,1,enacted,valid,exact_code,0.0,0.0,1.0,1
pc-pc_quality_tests-i4-ar-o0-ll-c1-fh-59f3b1ce04cb,PC,AR,pc_quality_tests,i4,0,letters,1,hypothetical,valid,exact_code,0.0,0.0,1.0,0
pc-pc_quality_tests-i4-ar-o0-ln-c0-fe-0c88e50f372b,PC,AR,pc_quality_tests,i4,0,numbers,0,enacted,valid,exact_code,0.0,0.0,1.0,1
pc-pc_quality_tests-i4-ar-o0-ln-c0-fh-f99e445d3c65,PC,AR,pc_quality_tests,i4,0,numbers,0,hypothetical,valid,exact_code,0.0,0.0,1.0,0
pc-pc_quality_tests-i4-ar-o0-ln-c1-fe-2201fd8ab5d8,PC,AR,pc_quality_tests,i4,0,numbers,1,enacted,valid,exact_code,0.0,0.0,1.0,1
pc-pc_quality_tests-i4-ar-o0-ln-c1-fh-deff789bdc27,PC,AR,pc_quality_tests,i4,0,numbers,1,hypothetical,valid,exact_code,0.0,0.0,1.0,0
pc-pc_quality_tests-i4-ar-o1-ll-c0-fe-07187a0a97a9,PC,AR,pc_quality_tests,i4,1,letters,0,enacted,valid,exact_code,0.0,0.0,0.0,1
pc-pc_quality_tests-i4-ar-o1-ll-c0-fh-5f8d7d5b5126,PC,AR,pc_quality_tests,i4,1,letters,0,hypothetical,valid,exact_code,0.0,0.0,0.0,0
pc-pc_quality_tests-i4-ar-o1-ll-c1-fe-6987796978a6,PC,AR,pc_quality_tests,i4,1,letters,1,enacted,valid,exact_code,0.0,0.0,0.0,1
pc-pc_quality_tests-i4-ar-o1-ll-c1-fh-8151cc181a46,PC,AR,pc_quality_tests,i4,1,letters,1,hypothetical,valid,exact_code,0.0,0.0,0.0,0
pc-pc_quality_tests-i4-ar-o1-ln-c0-fe-4f36544c8f24,PC,AR,pc_quality_tests,i4,1,numbers,0,enacted,valid,exact_code,0.0,0.0,0.0,1
pc-pc_quality_tests-i4-ar-o1-ln-c0-fh-86e11b83ff09,PC,AR,pc_quality_tests,i4,1,numbers,0,hypothetical,valid,exact_code,0.0,0.0,0.0,0
pc-pc_quality_tests-i4-ar-o1-ln-c1-fe-2586ce885779,PC,AR,pc_quality_tests,i4,1,numbers,1,enacted,valid,exact_code,0.0,0.0,0.0,1
pc-pc_quality_tests-i4-ar-o1-ln-c1-fh-9cd4cc7dbf77,PC,AR,pc_quality_tests,i4,1,numbers,1,hypothetical,valid,exact_code,0.0,0.0,0.0,0
pc-pc_quality_tests-i4-ro-o0-ll-c0-fx-8f50831822a2,PC,RO,pc_quality_tests,i4,0,letters,0,,valid,exact_code,1.0,1.0,0.0,0
pc-pc_quality_tests-i4-ro-o0-ll-c1-fx-b9171865e5fb,PC,RO,pc_quality_tests,i4,0,letters,1,,valid,exact_code,0.0,0.0,1.0,0
pc-pc_quality_tests-i4-ro-o0-ln-c0-fx-1cffd39b35e9,PC,RO,pc_quality_tests,i4,0,numbers,0,,valid,exact_code,1.0,1.0,0.0,0
pc-pc_quality_tests-i4-ro-o0-ln-c1-fx-d514deed286e,PC,RO,pc_quality_tests,i4,0,numbers,1,,valid,exact_code,0.0,0.0,1.0,0
pc-pc_quality_tests-i4-ro-o1-ll-c0-fx-73c951b3f0cb,PC,RO,pc_quality_tests,i4,1,letters,0,,valid,exact_code,0.0,0.0,0.0,0
pc-pc_quality_tests-i4-ro-o1-ll-c1-fx-8d49b899de4c,PC,RO,pc_quality_tests,i4,1,letters,1,,valid,exact_code,0.0,0.0,0.0,0
pc-pc_quality_tests-i4-ro-o1-ln-c0-fx-e66fd2cdbf80,PC,RO,pc_quality_tests,i4,1,numbers,0,,valid,exact_code,0.0,0.0,0.0,0
pc-pc_quality_tests-i4-ro-o1-ln-c1-fx-1b8890596877,PC,RO,pc_quality_tests,i4,1,numbers,1,,valid,exact_code,0.0,0.0,0.0,0
pc-pc_safety_cleanup-i0-ar-o0-ll-c0-fe-1d22e26683f3,PC,AR,pc_safety_cleanup,i0,0,letters,0,enacted,valid,exact_code,0.0,0.0,1.0,1
pc-pc_safety_cleanup-i0-ar-o0-ll-c0-fh-5f6b6f0e6592,PC,AR,pc_safety_cleanup,i0,0,letters,0,hypothetical,valid,exact_code,0.0,0.0,1.0,0
pc-pc_safety_cleanup-i0-ar-o0-ll-c1-fe-d9006197b7d4,PC,AR,pc_safety_cleanup,i0,0,letters,1,enacted,valid,exact_code,0.0,0.0,1.0,1
pc-pc_safety_cleanup-i0-ar-o0-ll-c1-fh-8a3eceeddbc3,PC,AR,pc_safety_cleanup,i0,0,letters,1,hypothetical,valid,exact_code,0.0,0.0,1.0,0
pc-pc_safety_cleanup-i0-ar-o0-ln-c0-fe-3aeec1379e7b,PC,AR,pc_safety_cleanup,i0,0,numbers,0,enacted,valid,exact_code,0.0,0.0,1.0,1
pc-pc_safety_cleanup-i0-ar-o0-ln-c0-fh-f202b34a0256,PC,AR,pc_safety_cleanup,i0,0,numbers,0,hypothetical,valid,exact_code,0.0,0.0,1.0,0
pc-pc_safety_cleanup-i0-ar-o0-ln-c1-fe-f0554220b53e,PC,AR,pc_safety_cleanup,i0,0,numbers,1,enacted,valid,exact_code,0.0,0.0,1.0,1
pc-pc_safety_cleanup-i0-ar-o0-ln-c1-fh-14dc751b4f79,PC,AR,pc_safety_cleanup,i0,0,numbers,1,hypothetical,valid,exact_code,0.0,0.0,1.0,0
pc-pc_safety_cleanup-i0-ar-o1-ll-c0-fe-0d6ce387c671,PC,AR,pc_safety_cleanup,i0,1,letters,0,enacted,valid,exact_code,0.0,0.0,0.0,1
pc-pc_safety_cleanup-i0-ar-o1-ll-c0-fh-b1b59a2d926c,PC,AR,pc_safety_cleanup,i0,1,letters,0,hypothetical,valid,exact_code,0.0,0.0,0.0,0
pc-pc_safety_cleanup-i0-ar-o1-ll-c1-fe-5eec1bc3978f,PC,AR,pc_safety_cleanup,i0,1,letters,1,enacted,valid,exact_code,0.0,0.0,0.0,1
pc-pc_safety_cleanup-i0-ar-o1-ll-c1-fh-2ffd4f02acdd,PC,AR,pc_safety_cleanup,i0,1,letters,1,hypothetical,valid,exact_code,0.0,0.0,0.0,0
pc-pc_safety_cleanup-i0-ar-o1-ln-c0-fe-6253b9fd89aa,PC,AR,pc_safety_cleanup,i0,1,numbers,0,enacted,valid,exact_code,0.0,0.0,0.0,1
pc-pc_safety_cleanup-i0-ar-o1-ln-c0-fh-254734ba309b,PC,AR,pc_safety_cleanup,i0,1,numbers,0,hypothetical,valid,exact_code,0.0,0.0,0.0,0
pc-pc_safety_cleanup-i0-ar-o1-ln-c1-fe-d0c409748d22,PC,AR,pc_safety_cleanup,i0,1,numbers,1,enacted,valid,exact_code,0.0,0.0,0.0,1
pc-pc_safety_cleanup-i0-ar-o1-ln-c1-fh-d65d3bb382e7,PC,AR,pc_safety_cleanup,i0,1,numbers,1,hypothetical,valid,exact_code,0.0,0.0,0.0,0
pc-pc_safety_cleanup-i0-ro-o0-ll-c0-fx-3043a6f43a4a,PC,RO,pc_safety_cleanup,i0,0,letters,0,,valid,exact_code,0.0,0.0,1.0,0
pc-pc_safety_cleanup-i0-ro-o0-ll-c1-fx-9f59af942e19,PC,RO,pc_safety_cleanup,i0,0,letters,1,,valid,exact_code,0.0,0.0,1.0,0
pc-pc_safety_cleanup-i0-ro-o0-ln-c0-fx-5b4767b610e2,PC,RO,pc_safety_cleanup,i0,0,numbers,0,,valid,exact_code,0.0,0.0,1.0,0
pc-pc_safety_cleanup-i0-ro-o0-ln-c1-fx-54fb3294baa9,PC,RO,pc_safety_cleanup,i0,0,numbers,1,,valid,exact_code,0.0,0.0,1.0,0
pc-pc_safety_cleanup-i0-ro-o1-ll-c0-fx-26c0a4f370d6,PC,RO,pc_safety_cleanup,i0,1,letters,0,,valid,exact_code,0.0,0.0,0.0,0
pc-pc_safety_cleanup-i0-ro-o1-ll-c1-fx-d25d80365ddd,PC,RO,pc_safety_cleanup,i0,1,letters,1,,valid,exact_code,0.0,0.0,0.0,0
pc-pc_safety_cleanup-i0-ro-o1-ln-c0-fx-7b8be9702320,PC,RO,pc_safety_cleanup,i0,1,numbers,0,,valid,exact_code,0.0,0.0,0.0,0
pc-pc_safety_cleanup-i0-ro-o1-ln-c1-fx-5b20f90eea0e,PC,RO,pc_safety_cleanup,i0,1,numbers,1,,valid,exact_code,0.0,0.0,0.0,0
pc-pc_safety_cleanup-i1-ar-o0-ll-c0-fe-ec03cbf05ea5,PC,AR,pc_safety_cleanup,i1,0,letters,0,enacted,valid,exact_code,0.0,0.0,1.0,1
pc-pc_safety_cleanup-i1-ar-o0-ll-c0-fh-497f66e9aaba,PC,AR,pc_safety_cleanup,i1,0,letters,0,hypothetical,valid,exact_code,0.0,0.0,1.0,0
pc-pc_safety_cleanup-i1-ar-o0-ll-c1-fe-54c23604aeaa,PC,AR,pc_safety_cleanup,i1,0,letters,1,enacted,valid,exact_code,0.0,0.0,1.0,1
pc-pc_safety_cleanup-i1-ar-o0-ll-c1-fh-95ffdc6846f2,PC,AR,pc_safety_cleanup,i1,0,letters,1,hypothetical,valid,exact_code,0.0,0.0,1.0,0
pc-pc_safety_cleanup-i1-ar-o0-ln-c0-fe-9186f19aa099,PC,AR,pc_safety_cleanup,i1,0,numbers,0,enacted,valid,exact_code,0.0,0.0,1.0,1
pc-pc_safety_cleanup-i1-ar-o0-ln-c0-fh-c69a2d11acbe,PC,AR,pc_safety_cleanup,i1,0,numbers,0,hypothetical,valid,exact_code,0.0,0.0,1.0,0
pc-pc_safety_cleanup-i1-ar-o0-ln-c1-fe-a33c18587fa4,PC,AR,pc_safety_cleanup,i1,0,numbers,1,enacted,valid,exact_code,0.0,0.0,1.0,1
pc-pc_safety_cleanup-i1-ar-o0-ln-c1-fh-f4d61b501b83,PC,AR,pc_safety_cleanup,i1,0,numbers,1,hypothetical,valid,exact_code,0.0,0.0,1.0,0
pc-pc_safety_cleanup-i1-ar-o1-ll-c0-fe-679b34f75df9,PC,AR,pc_safety_cleanup,i1,1,letters,0,enacted,valid,exact_code,0.0,0.0,0.0,1
pc-pc_safety_cleanup-i1-ar-o1-ll-c0-fh-276e633d5884,PC,AR,pc_safety_cleanup,i1,1,letters,0,hypothetical,valid,exact_code,0.0,0.0,0.0,0
pc-pc_safety_cleanup-i1-ar-o1-ll-c1-fe-c506be6750e7,PC,AR,pc_safety_cleanup,i1,1,letters,1,enacted,valid,exact_code,0.0,0.0,0.0,1
pc-pc_safety_cleanup-i1-ar-o1-ll-c1-fh-67383c4cece6,PC,AR,pc_safety_cleanup,i1,1,letters,1,hypothetical,valid,exact_code,0.0,0.0,0.0,0
pc-pc_safety_cleanup-i1-ar-o1-ln-c0-fe-eebd33e7c1a3,PC,AR,pc_safety_cleanup,i1,1,numbers,0,enacted,valid,exact_code,0.0,0.0,0.0,1
pc-pc_safety_cleanup-i1-ar-o1-ln-c0-fh-19dff08229c1,PC,AR,pc_safety_cleanup,i1,1,numbers,0,hypothetical,valid,exact_code,0.0,0.0,0.0,0
pc-pc_safety_cleanup-i1-ar-o1-ln-c1-fe-5c94bc3b997f,PC,AR,pc_safety_cleanup,i1,1,numbers,1,enacted,valid,exact_code,0.0,0.0,0.0,1
pc-pc_safety_cleanup-i1-ar-o1-ln-c1-fh-77c205a1941b,PC,AR,pc_safety_cleanup,i1,1,numbers,1,hypothetical,valid,exact_code,0.0,0.0,0.0,0
pc-pc_safety_cleanup-i1-ro-o0-ll-c0-fx-ecfa1c7864dd,PC,RO,pc_safety_cleanup,i1,0,letters,0,,valid,exact_code,0.0,0.0,1.0,0
pc-pc_safety_cleanup-i1-ro-o0-ll-c1-fx-7c9b609001bb,PC,RO,pc_safety_cleanup,i1,0,letters,1,,valid,exact_code,0.0,0.0,1.0,0
pc-pc_safety_cleanup-i1-ro-o0-ln-c0-fx-e18ead03fa13,PC,RO,pc_safety_cleanup,i1,0,numbers,0,,valid,exact_code,0.0,0.0,1.0,0
pc-pc_safety_cleanup-i1-ro-o0-ln-c1-fx-3a18143af4ad,PC,RO,pc_safety_cleanup,i1,0,numbers,1,,valid,exact_code,0.0,0.0,1.0,0
pc-pc_safety_cleanup-i1-ro-o1-ll-c0-fx-85f5a1f60fd3,PC,RO,pc_safety_cleanup,i1,1,letters,0,,valid,exact_code,0.0,0.0,0.0,0
pc-pc_safety_cleanup-i1-ro-o1-ll-c1-fx-9c824bbd7e88,PC,RO,pc_safety_cleanup,i1,1,letters,1,,valid,exact_code,0.0,0.0,0.0,0
pc-pc_safety_cleanup-i1-ro-o1-ln-c0-fx-fd9634930b8b,PC,RO,pc_safety_cleanup,i1,1,numbers,0,,valid,exact_code,0.0,0.0,0.0,0
pc-pc_safety_cleanup-i1-ro-o1-ln-c1-fx-ff12ea6599df,PC,RO,pc_safety_cleanup,i1,1,numbers,1,,valid,exact_code,0.0,0.0,0.0,0
pc-pc_safety_cleanup-i2-ar-o0-ll-c0-fe-a365d932d4f6,PC,AR,pc_safety_cleanup,i2,0,letters,0,enacted,valid,exact_code,0.0,0.0,1.0,1
pc-pc_safety_cleanup-i2-ar-o0-ll-c0-fh-a394326fd12e,PC,AR,pc_safety_cleanup,i2,0,letters,0,hypothetical,valid,exact_code,0.0,0.0,1.0,0
pc-pc_safety_cleanup-i2-ar-o0-ll-c1-fe-4031d6e1f363,PC,AR,pc_safety_cleanup,i2,0,letters,1,enacted,valid,exact_code,0.0,0.0,1.0,1
pc-pc_safety_cleanup-i2-ar-o0-ll-c1-fh-134a7bb6cdb1,PC,AR,pc_safety_cleanup,i2,0,letters,1,hypothetical,valid,exact_code,0.0,0.0,1.0,0
pc-pc_safety_cleanup-i2-ar-o0-ln-c0-fe-338a6c09942c,PC,AR,pc_safety_cleanup,i2,0,numbers,0,enacted,valid,exact_code,0.0,0.0,1.0,1
pc-pc_safety_cleanup-i2-ar-o0-ln-c0-fh-2f55b5e7e7b6,PC,AR,pc_safety_cleanup,i2,0,numbers,0,hypothetical,valid,exact_code,0.0,0.0,1.0,0
pc-pc_safety_cleanup-i2-ar-o0-ln-c1-fe-505fc2247430,PC,AR,pc_safety_cleanup,i2,0,numbers,1,enacted,valid,exact_code,0.0,0.0,1.0,1
pc-pc_safety_cleanup-i2-ar-o0-ln-c1-fh-46b5f4e44a71,PC,AR,pc_safety_cleanup,i2,0,numbers,1,hypothetical,valid,exact_code,0.0,0.0,1.0,0
pc-pc_safety_cleanup-i2-ar-o1-ll-c0-fe-a412f0fa5c3e,PC,AR,pc_safety_cleanup,i2,1,letters,0,enacted,valid,exact_code,0.0,0.0,0.0,1
pc-pc_safety_cleanup-i2-ar-o1-ll-c0-fh-e3f20bc08ac3,PC,AR,pc_safety_cleanup,i2,1,letters,0,hypothetical,valid,exact_code,0.0,0.0,0.0,0
pc-pc_safety_cleanup-i2-ar-o1-ll-c1-fe-2ee5304a3096,PC,AR,pc_safety_cleanup,i2,1,letters,1,enacted,valid,exact_code,0.0,0.0,0.0,1
pc-pc_safety_cleanup-i2-ar-o1-ll-c1-fh-967408792a2a,PC,AR,pc_safety_cleanup,i2,1,letters,1,hypothetical,valid,exact_code,0.0,0.0,0.0,0
pc-pc_safety_cleanup-i2-ar-o1-ln-c0-fe-5f18852c33db,PC,AR,pc_safety_cleanup,i2,1,numbers,0,enacted,valid,exact_code,0.0,0.0,0.0,1
pc-pc_safety_cleanup-i2-ar-o1-ln-c0-fh-c939633d20df,PC,AR,pc_safety_cleanup,i2,1,numbers,0,hypothetical,valid,exact_code,0.0,0.0,0.0,0
pc-pc_safety_cleanup-i2-ar-o1-ln-c1-fe-51c208fafc85,PC,AR,pc_safety_cleanup,i2,1,numbers,1,enacted,valid,exact_code,0.0,0.0,0.0,1
pc-pc_safety_cleanup-i2-ar-o1-ln-c1-fh-6a8778862255,PC,AR,pc_safety_cleanup,i2,1,numbers,1,hypothetical,valid,exact_code,0.0,0.0,0.0,0
pc-pc_safety_cleanup-i2-ro-o0-ll-c0-fx-8b614fb7f287,PC,RO,pc_safety_cleanup,i2,0,letters,0,,valid,exact_code,0.0,0.0,1.0,0
pc-pc_safety_cleanup-i2-ro-o0-ll-c1-fx-0612f9375184,PC,RO,pc_safety_cleanup,i2,0,letters,1,,valid,exact_code,0.0,0.0,1.0,0
pc-pc_safety_cleanup-i2-ro-o0-ln-c0-fx-cd33186cfe5b,PC,RO,pc_safety_cleanup,i2,0,numbers,0,,valid,exact_code,0.0,0.0,1.0,0
pc-pc_safety_cleanup-i2-ro-o0-ln-c1-fx-0307ad3b5891,PC,RO,pc_safety_cleanup,i2,0,numbers,1,,valid,exact_code,0.0,0.0,1.0,0
pc-pc_safety_cleanup-i2-ro-o1-ll-c0-fx-c96ae8688e8d,PC,RO,pc_safety_cleanup,i2,1,letters,0,,valid,exact_code,0.0,0.0,0.0,0
pc-pc_safety_cleanup-i2-ro-o1-ll-c1-fx-a3905b9e94f6,PC,RO,pc_safety_cleanup,i2,1,letters,1,,valid,exact_code,0.0,0.0,0.0,0
pc-pc_safety_cleanup-i2-ro-o1-ln-c0-fx-f9954df79939,PC,RO,pc_safety_cleanup,i2,1,numbers,0,,valid,exact_code,0.0,0.0,0.0,0
pc-pc_safety_cleanup-i2-ro-o1-ln-c1-fx-477b785f8916,PC,RO,pc_safety_cleanup,i2,1,numbers,1,,valid,exact_code,0.0,0.0,0.0,0
pc-pc_safety_cleanup-i3-ar-o0-ll-c0-fe-b8561cb74273,PC,AR,pc_safety_cleanup,i3,0,letters,0,enacted,valid,exact_code,0.0,0.0,1.0,1
pc-pc_safety_cleanup-i3-ar-o0-ll-c0-fh-a5736907d369,PC,AR,pc_safety_cleanup,i3,0,letters,0,hypothetical,valid,exact_code,0.0,0.0,1.0,0
pc-pc_safety_cleanup-i3-ar-o0-ll-c1-fe-a1c452c487fe,PC,AR,pc_safety_cleanup,i3,0,letters,1,enacted,valid,exact_code,0.0,0.0,1.0,1
pc-pc_safety_cleanup-i3-ar-o0-ll-c1-fh-f394d0c1797a,PC,AR,pc_safety_cleanup,i3,0,letters,1,hypothetical,valid,exact_code,0.0,0.0,1.0,0
pc-pc_safety_cleanup-i3-ar-o0-ln-c0-fe-769f8a537c30,PC,AR,pc_safety_cleanup,i3,0,numbers,0,enacted,valid,exact_code,0.0,0.0,1.0,1
pc-pc_safety_cleanup-i3-ar-o0-ln-c0-fh-9e98122903e7,PC,AR,pc_safety_cleanup,i3,0,numbers,0,hypothetical,valid,exact_code,0.0,0.0,1.0,0
pc-pc_safety_cleanup-i3-ar-o0-ln-c1-fe-3c37e9b3ca0e,PC,AR,pc_safety_cleanup,i3,0,numbers,1,enacted,valid,exact_code,0.0,0.0,1.0,1
pc-pc_safety_cleanup-i3-ar-o0-ln-c1-fh-a6547ba774c5,PC,AR,pc_safety_cleanup,i3,0,numbers,1,hypothetical,valid,exact_code,0.0,0.0,1.0,0
pc-pc_safety_cleanup-i3-ar-o1-ll-c0-fe-acacc2717b6c,PC,AR,pc_safety_cleanup,i3,1,letters,0,enacted,valid,exact_code,0.0,0.0,0.0,1
pc-pc_safety_cleanup-i3-ar-o1-ll-c0-fh-4971c99c43dc,PC,AR,pc_safety_cleanup,i3,1,letters,0,hypothetical,valid,exact_code,0.0,0.0,0.0,0
pc-pc_safety_cleanup-i3-ar-o1-ll-c1-fe-6edec95dfa70,PC,AR,pc_safety_cleanup,i3,1,letters,1,enacted,valid,exact_code,0.0,0.0,0.0,1
pc-pc_safety_cleanup-i3-ar-o1-ll-c1-fh-39c6bdb2658b,PC,AR,pc_safety_cleanup,i3,1,letters,1,hypothetical,valid,exact_code,0.0,0.0,0.0,0
pc-pc_safety_cleanup-i3-ar-o1-ln-c0-fe-f791178e93b3,PC,AR,pc_safety_cleanup,i3,1,numbers,0,enacted,valid,exact_code,0.0,0.0,0.0,1
pc-pc_safety_cleanup-i3-ar-o1-ln-c0-fh-0dd96caccab2,PC,AR,pc_safety_cleanup,i3,1,numbers,0,hypothetical,valid,exact_code,0.0,0.0,0.0,0
pc-pc_safety_cleanup-i3-ar-o1-ln-c1-fe-091dc174acf6,PC,AR,pc_safety_cleanup,i3,1,numbers,1,enacted,valid,exact_code,0.0,0.0,0.0,1
pc-pc_safety_cleanup-i3-ar-o1-ln-c1-fh-19967b559ee8,PC,AR,pc_safety_cleanup,i3,1,numbers,1,hypothetical,valid,exact_code,0.0,0.0,0.0,0
pc-pc_safety_cleanup-i3-ro-o0-ll-c0-fx-39d57b913da6,PC,RO,pc_safety_cleanup,i3,0,letters,0,,valid,exact_code,0.0,0.0,1.0,0
pc-pc_safety_cleanup-i3-ro-o0-ll-c1-fx-7d23abe58724,PC,RO,pc_safety_cleanup,i3,0,letters,1,,valid,exact_code,0.0,0.0,1.0,0
pc-pc_safety_cleanup-i3-ro-o0-ln-c0-fx-51e7bad027ec,PC,RO,pc_safety_cleanup,i3,0,numbers,0,,valid,exact_code,0.0,0.0,1.0,0
pc-pc_safety_cleanup-i3-ro-o0-ln-c1-fx-aeff2e159914,PC,RO,pc_safety_cleanup,i3,0,numbers,1,,valid,exact_code,0.0,0.0,1.0,0
pc-pc_safety_cleanup-i3-ro-o1-ll-c0-fx-da8f55c3467c,PC,RO,pc_safety_cleanup,i3,1,letters,0,,valid,exact_code,0.0,0.0,0.0,0
pc-pc_safety_cleanup-i3-ro-o1-ll-c1-fx-f299282415ca,PC,RO,pc_safety_cleanup,i3,1,letters,1,,valid,exact_code,0.0,0.0,0.0,0
pc-pc_safety_cleanup-i3-ro-o1-ln-c0-fx-77d2424b7c8a,PC,RO,pc_safety_cleanup,i3,1,numbers,0,,valid,exact_code,0.0,0.0,0.0,0
pc-pc_safety_cleanup-i3-ro-o1-ln-c1-fx-7f84e99e6579,PC,RO,pc_safety_cleanup,i3,1,numbers,1,,valid,exact_code,0.0,0.0,0.0,0
pc-pc_safety_cleanup-i4-ar-o0-ll-c0-fe-41f5ddd6243e,PC,AR,pc_safety_cleanup,i4,0,letters,0,enacted,valid,exact_code,0.0,0.0,1.0,1
pc-pc_safety_cleanup-i4-ar-o0-ll-c0-fh-587fd7cafc06,PC,AR,pc_safety_cleanup,i4,0,letters,0,hypothetical,valid,exact_code,0.0,0.0,1.0,0
pc-pc_safety_cleanup-i4-ar-o0-ll-c1-fe-ec6fde1060cc,PC,AR,pc_safety_cleanup,i4,0,letters,1,enacted,valid,exact_code,0.0,0.0,1.0,1
pc-pc_safety_cleanup-i4-ar-o0-ll-c1-fh-3d854486a285,PC,AR,pc_safety_cleanup,i4,0,letters,1,hypothetical,valid,exact_code,0.0,0.0,1.0,0
pc-pc_safety_cleanup-i4-ar-o0-ln-c0-fe-9972a2d611f1,PC,AR,pc_safety_cleanup,i4,0,numbers,0,enacted,valid,exact_code,0.0,0.0,1.0,1
pc-pc_safety_cleanup-i4-ar-o0-ln-c0-fh-eb8e7bdcc161,PC,AR,pc_safety_cleanup,i4,0,numbers,0,hypothetical,valid,exact_code,0.0,0.0,1.0,0
pc-pc_safety_cleanup-i4-ar-o0-ln-c1-fe-3e0252872003,PC,AR,pc_safety_cleanup,i4,0,numbers,1,enacted,valid,exact_code,0.0,0.0,1.0,1
pc-pc_safety_cleanup-i4-ar-o0-ln-c1-fh-b9843701dbc7,PC,AR,pc_safety_cleanup,i4,0,numbers,1,hypothetical,valid,exact_code,0.0,0.0,1.0,0
pc-pc_safety_cleanup-i4-ar-o1-ll-c0-fe-8a42312577c1,PC,AR,pc_safety_cleanup,i4,1,letters,0,enacted,valid,exact_code,0.0,0.0,0.0,1
pc-pc_safety_cleanup-i4-ar-o1-ll-c0-fh-a277906e9c41,PC,AR,pc_safety_cleanup,i4,1,letters,0,hypothetical,valid,exact_code,0.0,0.0,0.0,0
pc-pc_safety_cleanup-i4-ar-o1-ll-c1-fe-c50153a8dc1e,PC,AR,pc_safety_cleanup,i4,1,letters,1,enacted,valid,exact_code,0.0,0.0,0.0,1
pc-pc_safety_cleanup-i4-ar-o1-ll-c1-fh-591b9ce1bdee,PC,AR,pc_safety_cleanup,i4,1,letters,1,hypothetical,valid,exact_code,0.0,0.0,0.0,0
pc-pc_safety_cleanup-i4-ar-o1-ln-c0-fe-84bec5be9f9e,PC,AR,pc_safety_cleanup,i4,1,numbers,0,enacted,valid,exact_code,0.0,0.0,0.0,1
pc-pc_safety_cleanup-i4-ar-o1-ln-c0-fh-4f225313b73f,PC,AR,pc_safety_cleanup,i4,1,numbers,0,hypothetical,valid,exact_code,0.0,0.0,0.0,0
pc-pc_safety_cleanup-i4-ar-o1-ln-c1-fe-64b161adc7c8,PC,AR,pc_safety_cleanup,i4,1,numbers,1,enacted,valid,exact_code,0.0,0.0,0.0,1
pc-pc_safety_cleanup-i4-ar-o1-ln-c1-fh-33ac85823839,PC,AR,pc_safety_cleanup,i4,1,numbers,1,hypothetical,valid,exact_code,0.0,0.0,0.0,0
pc-pc_safety_cleanup-i4-ro-o0-ll-c0-fx-70bd38d5b004,PC,RO,pc_safety_cleanup,i4,0,letters,0,,valid,exact_code,0.0,0.0,1.0,0
pc-pc_safety_cleanup-i4-ro-o0-ll-c1-fx-1102c1ec24fc,PC,RO,pc_safety_cleanup,i4,0,letters,1,,valid,exact_code,0.0,0.0,1.0,0
pc-pc_safety_cleanup-i4-ro-o0-ln-c0-fx-4b40e7ee4cef,PC,RO,pc_safety_cleanup,i4,0,numbers,0,,valid,exact_code,0.0,0.0,1.0,0
pc-pc_safety_cleanup-i4-ro-o0-ln-c1-fx-54e55b426e9b,PC,RO,pc_safety_cleanup,i4,0,numbers,1,,valid,exact_code,0.0,0.0,1.0,0
pc-pc_safety_cleanup-i4-ro-o1-ll-c0-fx-0dd887cbe2b2,PC,RO,pc_safety_cleanup,i4,1,letters,0,,valid,exact_code,0.0,0.0,0.0,0
pc-pc_safety_cleanup-i4-ro-o1-ll-c1-fx-01550b3ab150,PC,RO,pc_safety_cleanup,i4,1,letters,1,,valid,exact_code,0.0,0.0,0.0,0
pc-pc_safety_cleanup-i4-ro-o1-ln-c0-fx-91721fdf1851,PC,RO,pc_safety_cleanup,i4,1,numbers,0,,valid,exact_code,0.0,0.0,0.0,0
pc-pc_safety_cleanup-i4-ro-o1-ln-c1-fx-5b71659206bd,PC,RO,pc_safety_cleanup,i4,1,numbers,1,,valid,exact_code,0.0,0.0,0.0,0
pc-pc_safety_creds-i0-ar-o0-ll-c0-fe-fcd4242c0c46,PC,AR,pc_safety_creds,i0,0,letters,0,enacted,valid,exact_code,0.0,0.0,1.0,1
pc-pc_safety_creds-i0-ar-o0-ll-c0-fh-cd60f45d8501,PC,AR,pc_safety_creds,i0,0,letters,0,hypothetical,valid,exact_code,0.0,0.0,1.0,0
pc-pc_safety_creds-i0-ar-o0-ll-c1-fe-5b70fbff9c71,PC,AR,pc_safety_creds,i0,0,letters,1,enacted,valid,exact_code,0.0,0.0,1.0,1
pc-pc_safety_creds-i0-ar-o0-ll-c1-fh-d337914c92fc,PC,AR,pc_safety_creds,i0,0,letters,1,hypothetical,valid,exact_code,0.0,0.0,1.0,0
pc-pc_safety_creds-i0-ar-o0-ln-c0-fe-3359e2e27d52,PC,AR,pc_safety_creds,i0,0,numbers,0,enacted,valid,exact_code,0.0,0.0,1.0,1
pc-pc_safety_creds-i0-ar-o0-ln-c0-fh-84a9216e3447,PC,AR,pc_safety_creds,i0,0,numbers,0,hypothetical,valid,exact_code,0.0,0.0,1.0,0
pc-pc_safety_creds-i0-ar-o0-ln-c1-fe-25529f5f58cc,PC,AR,pc_safety_creds,i0,0,numbers,1,enacted,valid,exact_code,0.0,0.0,1.0,1
pc-pc_safety_creds-i0-ar-o0-ln-c1-fh-01f136ba2891,PC,AR,pc_safety_creds,i0,0,numbers,1,hypothetical,valid,exact_code,0.0,0.0,1.0,0
pc-pc_safety_creds-i0-ar-o1-ll-c0-fe-27dcda549022,PC,AR,pc_safety_creds,i0,1,letters,0,enacted,valid,exact_code,0.0,0.0,0.0,1
pc-pc_safety_creds-i0-ar-o1-ll-c0-fh-01ed59b42529,PC,AR,pc_safety_creds,i0,1,letters,0,hypothetical,valid,exact_code,0.0,0.0,0.0,0
pc-pc_safety_creds-i0-ar-o1-ll-c1-fe-5e5228c0ec5b,PC,AR,pc_safety_creds,i0,1,letters,1,enacted,valid,exact_code,0.0,0.0,0.0,1
pc-pc_safety_creds-i0-ar-o1-ll-c1-fh-56c9b2bc6548,PC,AR,pc_safety_creds,i0,1,letters,1,hypothetical,valid,exact_code,0.0,0.0,0.0,0
pc-pc_safety_creds-i0-ar-o1-ln-c0-fe-a32143b19ee3,PC,AR,pc_safety_creds,i0,1,numbers,0,enacted,valid,exact_code,0.0,0.0,0.0,1
pc-pc_safety_creds-i0-ar-o1-ln-c0-fh-c4423f1ffc1c,PC,AR,pc_safety_creds,i0,1,numbers,0,hypothetical,valid,exact_code,0.0,0.0,0.0,0
pc-pc_safety_creds-i0-ar-o1-ln-c1-fe-740e8b7e3e77,PC,AR,pc_safety_creds,i0,1,numbers,1,enacted,valid,exact_code,0.0,0.0,0.0,1
pc-pc_safety_creds-i0-ar-o1-ln-c1-fh-5bfb26818d86,PC,AR,pc_safety_creds,i0,1,numbers,1,hypothetical,valid,exact_code,0.0,0.0,0.0,0
pc-pc_safety_creds-i0-ro-o0-ll-c0-fx-095120213a4a,PC,RO,pc_safety_creds,i0,0,letters,0,,valid,exact_code,0.0,0.0,1.0,0
pc-pc_safety_creds-i0-ro-o0-ll-c1-fx-cb016b92242c,PC,RO,pc_safety_creds,i0,0,letters,1,,valid,exact_code,0.0,0.0,1.0,0
pc-pc_safety_creds-i0-ro-o0-ln-c0-fx-9595833ab6f5,PC,RO,pc_safety_creds,i0,0,numbers,0,,valid,exact_code,0.0,0.0,1.0,0
pc-pc_safety_creds-i0-ro-o0-ln-c1-fx-8f1bebcddf45,PC,RO,pc_safety_creds,i0,0,numbers,1,,valid,exact_code,0.0,0.0,1.0,0
pc-pc_safety_creds-i0-ro-o1-ll-c0-fx-5e4e80a4c6c2,PC,RO,pc_safety_creds,i0,1,letters,0,,valid,exact_code,0.0,0.0,0.0,0
pc-pc_safety_creds-i0-ro-o1-ll-c1-fx-8a089249da03,PC,RO,pc_safety_creds,i0,1,letters,1,,valid,exact_code,0.0,0.0,0.0,0
pc-pc_safety_creds-i0-ro-o1-ln-c0-fx-6890fb60499a,PC,RO,pc_safety_creds,i0,1,numbers,0,,valid,exact_code,0.0,0.0,0.0,0
pc-pc_safety_creds-i0-ro-o1-ln-c1-fx-81b4b11816f4,PC,RO,pc_safety_creds,i0,1,numbers,1,,valid,exact_code,0.0,0.0,0.0,0
pc-pc_safety_creds-i1-ar-o0-ll-c0-fe-62e70b69b76c,PC,AR,pc_safety_creds,i1,0,letters,0,enacted,valid,exact_code,0.0,0.0,1.0,1
pc-pc_safety_creds-i1-ar-o0-ll-c0-fh-357013e43b42,PC,AR,pc_safety_creds,i1,0,letters,0,hypothetical,valid,exact_code,0.0,0.0,1.0,0
pc-pc_safety_creds-i1-ar-o0-ll-c1-fe-bebe0ea16c44,PC,AR,pc_safety_creds,i1,0,letters,1,enacted,valid,exact_code,0.0,0.0,1.0,1
pc-pc_safety_creds-i1-ar-o0-ll-c1-fh-8dc6767b650a,PC,AR,pc_safety_creds,i1,0,letters,1,hypothetical,valid,exact_code,0.0,0.0,1.0,0
pc-pc_safety_creds-i1-ar-o0-ln-c0-fe-0144809a04f2,PC,AR,pc_safety_creds,i1,0,numbers,0,enacted,valid,exact_code,0.0,0.0,1.0,1
pc-pc_safety_creds-i1-ar-o0-ln-c0-fh-c3320c2767d5,PC,AR,pc_safety_creds,i1,0,numbers,0,hypothetical,valid,exact_code,0.0,0.0,1.0,0
pc-pc_safety_creds-i1-ar-o0-ln-c1-fe-c215ca5ab543,PC,AR,pc_safety_creds,i1,0,numbers,1,enacted,valid,exact_code,0.0,0.0,1.0,1
pc-pc_safety_creds-i1-ar-o0-ln-c1-fh-45955258287a,PC,AR,pc_safety_creds,i1,0,numbers,1,hypothetical,valid,exact_code,0.0,0.0,1.0,0
pc-pc_safety_creds-i1-ar-o1-ll-c0-fe-84ad12b6c786,PC,AR,pc_safety_creds,i1,1,letters,0,enacted,valid,exact_code,0.0,0.0,0.0,1
pc-pc_safety_creds-i1-ar-o1-ll-c0-fh-0d03c9bd6b47,PC,AR,pc_safety_creds,i1,1,letters,0,hypothetical,valid,exact_code,0.0,0.0,0.0,0
pc-pc_safety_creds-i1-ar-o1-ll-c1-fe-bd822b4724bd,PC,AR,pc_safety_creds,i1,1,letters,1,enacted,valid,exact_code,0.0,0.0,0.0,1
pc-pc_safety_creds-i1-ar-o1-ll-c1-fh-4bf65554da60,PC,AR,pc_safety_creds,i1,1,letters,1,hypothetical,valid,exact_code,0.0,0.0,0.0,0
pc-pc_safety_creds-i1-ar-o1-ln-c0-fe-e6284e5e9831,PC,AR,pc_safety_creds,i1,1,numbers,0,enacted,valid,exact_code,0.0,0.0,0.0,1
pc-pc_safety_creds-i1-ar-o1-ln-c0-fh-20b1b17650e4,PC,AR,pc_safety_creds,i1,1,numbers,0,hypothetical,valid,exact_code,0.0,0.0,0.0,0
pc-pc_safety_creds-i1-ar-o1-ln-c1-fe-fd5ffde9868c,PC,AR,pc_safety_creds,i1,1,numbers,1,enacted,valid,exact_code,0.0,0.0,0.0,1
pc-pc_safety_creds-i1-ar-o1-ln-c1-fh-a8d625389acf,PC,AR,pc_safety_creds,i1,1,numbers,1,hypothetical,valid,exact_code,0.0,0.0,0.0,0
pc-pc_safety_creds-i1-ro-o0-ll-c0-fx-2089062ea684,PC,RO,pc_safety_creds,i1,0,letters,0,,valid,exact_code,0.0,0.0,1.0,0
pc-pc_safety_creds-i1-ro-o0-ll-c1-fx-8f36b97150c9,PC,RO,pc_safety_creds,i1,0,letters,1,,valid,exact_code,0.0,0.0,1.0,0
pc-pc_safety_creds-i1-ro-o0-ln-c0-fx-4665845e730d,PC,RO,pc_safety_creds,i1,0,numbers,0,,valid,exact_code,0.0,0.0,1.0,0
pc-pc_safety_creds-i1-ro-o0-ln-c1-fx-285bd2a9fc22,PC,RO,pc_safety_creds,i1,0,numbers,1,,valid,exact_code,0.0,0.0,1.0,0
pc-pc_safety_creds-i1-ro-o1-ll-c0-fx-02dbd046bcb1,PC,RO,pc_safety_creds,i1,1,letters,0,,valid,exact_code,0.0,0.0,0.0,0
pc-pc_safety_creds-i1-ro-o1-ll-c1-fx-d44d9a5f0d2f,PC,RO,pc_safety_creds,i1,1,letters,1,,valid,exact_code,0.0,0.0,0.0,0
pc-pc_safety_creds-i1-ro-o1-ln-c0-fx-4eeda21369d2,PC,RO,pc_safety_creds,i1,1,numbers,0,,valid,exact_code,0.0,0.0,0.0,0
pc-pc_safety_creds-i1-ro-o1-ln-c1-fx-2006eaecdb3f,PC,RO,pc_safety_creds,i1,1,numbers,1,,valid,exact_code,0.0,0.0,0.0,0
pc-pc_safety_creds-i2-ar-o0-ll-c0-fe-09c8164833b4,PC,AR,pc_safety_creds,i2,0,letters,0,enacted,valid,exact_code,0.0,0.0,1.0,1
pc-pc_safety_creds-i2-ar-o0-ll-c0-fh-53561ac4b8de,PC,AR,pc_safety_creds,i2,0,letters,0,hypothetical,valid,exact_code,0.0,0.0,1.0,0
pc-pc_safety_creds-i2-ar-o0-ll-c1-fe-3f31a05b24fc,PC,AR,pc_safety_creds,i2,0,letters,1,enacted,valid,exact_code,0.0,0.0,1.0,1
pc-pc_safety_creds-i2-ar-o0-ll-c1-fh-042d1c941bf8,PC,AR,pc_safety_creds,i2,0,letters,1,hypothetical,valid,exact_code,0.0,0.0,1.0,0
pc-pc_safety_creds-i2-ar-o0-ln-c0-fe-021453c0d8e5,PC,AR,pc_safety_creds,i2,0,numbers,0,enacted,valid,exact_code,0.0,0.0,1.0,1
pc-pc_safety_creds-i2-ar-o0-ln-c0-fh-263c2bb4c128,PC,AR,pc_safety_creds,i2,0,numbers,0,hypothetical,valid,exact_code,0.0,0.0,1.0,0
pc-pc_safety_creds-i2-ar-o0-ln-c1-fe-acd9023d8273,PC,AR,pc_safety_creds,i2,0,numbers,1,enacted,valid,exact_code,0.0,0.0,1.0,1
pc-pc_safety_creds-i2-ar-o0-ln-c1-fh-5b200162cc4d,PC,AR,pc_safety_creds,i2,0,numbers,1,hypothetical,valid,exact_code,0.0,0.0,1.0,0
pc-pc_safety_creds-i2-ar-o1-ll-c0-fe-7685819075b5,PC,AR,pc_safety_creds,i2,1,letters,0,enacted,valid,exact_code,0.0,0.0,0.0,1
pc-pc_safety_creds-i2-ar-o1-ll-c0-fh-1ea27e3cbdc0,PC,AR,pc_safety_creds,i2,1,letters,0,hypothetical,valid,exact_code,0.0,0.0,0.0,0
pc-pc_safety_creds-i2-ar-o1-ll-c1-fe-7bbb6f656f31,PC,AR,pc_safety_creds,i2,1,letters,1,enacted,valid,exact_code,0.0,0.0,0.0,1
pc-pc_safety_creds-i2-ar-o1-ll-c1-fh-8c01c4179af6,PC,AR,pc_safety_creds,i2,1,letters,1,hypothetical,valid,exact_code,0.0,0.0,0.0,0
pc-pc_safety_creds-i2-ar-o1-ln-c0-fe-eb810570942b,PC,AR,pc_safety_creds,i2,1,numbers,0,enacted,valid,exact_code,0.0,0.0,0.0,1
pc-pc_safety_creds-i2-ar-o1-ln-c0-fh-99dadb4d6975,PC,AR,pc_safety_creds,i2,1,numbers,0,hypothetical,valid,exact_code,0.0,0.0,0.0,0
pc-pc_safety_creds-i2-ar-o1-ln-c1-fe-92047078a0d2,PC,AR,pc_safety_creds,i2,1,numbers,1,enacted,valid,exact_code,0.0,0.0,0.0,1
pc-pc_safety_creds-i2-ar-o1-ln-c1-fh-f85450277c64,PC,AR,pc_safety_creds,i2,1,numbers,1,hypothetical,valid,exact_code,0.0,0.0,0.0,0
pc-pc_safety_creds-i2-ro-o0-ll-c0-fx-71e864784674,PC,RO,pc_safety_creds,i2,0,letters,0,,valid,exact_code,0.0,0.0,1.0,0
pc-pc_safety_creds-i2-ro-o0-ll-c1-fx-3c7da7d1497e,PC,RO,pc_safety_creds,i2,0,letters,1,,valid,exact_code,0.0,0.0,1.0,0
pc-pc_safety_creds-i2-ro-o0-ln-c0-fx-f03681f4ea97,PC,RO,pc_safety_creds,i2,0,numbers,0,,valid,exact_code,0.0,0.0,1.0,0
pc-pc_safety_creds-i2-ro-o0-ln-c1-fx-dd6e513d19c5,PC,RO,pc_safety_creds,i2,0,numbers,1,,valid,exact_code,0.0,0.0,1.0,0
pc-pc_safety_creds-i2-ro-o1-ll-c0-fx-483db0ff2314,PC,RO,pc_safety_creds,i2,1,letters,0,,valid,exact_code,0.0,0.0,0.0,0
pc-pc_safety_creds-i2-ro-o1-ll-c1-fx-486b31787e1c,PC,RO,pc_safety_creds,i2,1,letters,1,,valid,exact_code,0.0,0.0,0.0,0
pc-pc_safety_creds-i2-ro-o1-ln-c0-fx-15b1cfc916e5,PC,RO,pc_safety_creds,i2,1,numbers,0,,valid,exact_code,0.0,0.0,0.0,0
pc-pc_safety_creds-i2-ro-o1-ln-c1-fx-cdf2e03c2c0f,PC,RO,pc_safety_creds,i2,1,numbers,1,,valid,exact_code,0.0,0.0,0.0,0
pc-pc_safety_creds-i3-ar-o0-ll-c0-fe-7521effc8f5a,PC,AR,pc_safety_creds,i3,0,letters,0,enacted,valid,exact_code,0.0,0.0,1.0,1
pc-pc_safety_creds-i3-ar-o0-ll-c0-fh-fad95c65628e,PC,AR,pc_safety_creds,i3,0,letters,0,hypothetical,valid,exact_code,0.0,0.0,1.0,0
pc-pc_safety_creds-i3-ar-o0-ll-c1-fe-2f37263f54e8,PC,AR,pc_safety_creds,i3,0,letters,1,enacted,valid,exact_code,0.0,0.0,1.0,1
pc-pc_safety_creds-i3-ar-o0-ll-c1-fh-9cf416e56619,PC,AR,pc_safety_creds,i3,0,letters,1,hypothetical,valid,exact_code,0.0,0.0,1.0,0
pc-pc_safety_creds-i3-ar-o0-ln-c0-fe-baea579e3686,PC,AR,pc_safety_creds,i3,0,numbers,0,enacted,valid,exact_code,0.0,0.0,1.0,1
pc-pc_safety_creds-i3-ar-o0-ln-c0-fh-a43daee25f2e,PC,AR,pc_safety_creds,i3,0,numbers,0,hypothetical,valid,exact_code,0.0,0.0,1.0,0
pc-pc_safety_creds-i3-ar-o0-ln-c1-fe-a1ce8b1b91da,PC,AR,pc_safety_creds,i3,0,numbers,1,enacted,valid,exact_code,0.0,0.0,1.0,1
pc-pc_safety_creds-i3-ar-o0-ln-c1-fh-3e7b305d37bf,PC,AR,pc_safety_creds,i3,0,numbers,1,hypothetical,valid,exact_code,0.0,0.0,1.0,0
pc-pc_safety_creds-i3-ar-o1-ll-c0-fe-dfb1ddce8fe7,PC,AR,pc_safety_creds,i3,1,letters,0,enacted,valid,exact_code,0.0,0.0,0.0,1
pc-pc_safety_creds-i3-ar-o1-ll-c0-fh-9036dbe288fc,PC,AR,pc_safety_creds,i3,1,letters,0,hypothetical,valid,exact_code,0.0,0.0,0.0,0
pc-pc_safety_creds-i3-ar-o1-ll-c1-fe-5e79230e299a,PC,AR,pc_safety_creds,i3,1,letters,1,enacted,valid,exact_code,0.0,0.0,0.0,1
pc-pc_safety_creds-i3-ar-o1-ll-c1-fh-0397a15c750e,PC,AR,pc_safety_creds,i3,1,letters,1,hypothetical,valid,exact_code,0.0,0.0,0.0,0
pc-pc_safety_creds-i3-ar-o1-ln-c0-fe-68730ef432de,PC,AR,pc_safety_creds,i3,1,numbers,0,enacted,valid,exact_code,0.0,0.0,0.0,1
pc-pc_safety_creds-i3-ar-o1-ln-c0-fh-a8623cdc9a39,PC,AR,pc_safety_creds,i3,1,numbers,0,hypothetical,valid,exact_code,0.0,0.0,0.0,0
pc-pc_safety_creds-i3-ar-o1-ln-c1-fe-59b3ded6a760,PC,AR,pc_safety_creds,i3,1,numbers,1,enacted,valid,exact_code,0.0,0.0,0.0,1
pc-pc_safety_creds-i3-ar-o1-ln-c1-fh-c17ba0c0bb52,PC,AR,pc_safety_creds,i3,1,numbers,1,hypothetical,valid,exact_code,0.0,0.0,0.0,0
pc-pc_safety_creds-i3-ro-o0-ll-c0-fx-f727d716d069,PC,RO,pc_safety_creds,i3,0,letters,0,,valid,exact_code,0.0,0.0,1.0,0
pc-pc_safety_creds-i3-ro-o0-ll-c1-fx-21a8c8465129,PC,RO,pc_safety_creds,i3,0,letters,1,,valid,exact_code,0.0,0.0,1.0,0
pc-pc_safety_creds-i3-ro-o0-ln-c0-fx-83f003ba0367,PC,RO,pc_safety_creds,i3,0,numbers,0,,valid,exact_code,0.0,0.0,1.0,0
pc-pc_safety_creds-i3-ro-o0-ln-c1-fx-c326a2c17aa6,PC,RO,pc_safety_creds,i3,0,numbers,1,,valid,exact_code,0.0,0.0,1.0,0
pc-pc_safety_creds-i3-ro-o1-ll-c0-fx-0e23678ca1e6,PC,RO,pc_safety_creds,i3,1,letters,0,,valid,exact_code,0.0,0.0,0.0,0
pc-pc_safety_creds-i3-ro-o1-ll-c1-fx-6da3402537c7,PC,RO,pc_safety_creds,i3,1,letters,1,,valid,exact_code,0.0,0.0,0.0,0
pc-pc_safety_creds-i3-ro-o1-ln-c0-fx-9169116713a9,PC,RO,pc_safety_creds,i3,1,numbers,0,,valid,exact_code,0.0,0.0,0.0,0
pc-pc_safety_creds-i3-ro-o1-ln-c1-fx-12acf4a41a1c,PC,RO,pc_safety_creds,i3,1,numbers,1,,valid,exact_code,0.0,0.0,0.0,0
pc-pc_safety_creds-i4-ar-o0-ll-c0-fe-882c88b0775f,PC,AR,pc_safety_creds,i4,0,letters,0,enacted,valid,exact_code,0.0,0.0,1.0,1
pc-pc_safety_creds-i4-ar-o0-ll-c0-fh-facbecd9f463,PC,AR,pc_safety_creds,i4,0,letters,0,hypothetical,valid,exact_code,0.0,0.0,1.0,0
pc-pc_safety_creds-i4-ar-o0-ll-c1-fe-bfa8ab464df3,PC,AR,pc_safety_creds,i4,0,letters,1,enacted,valid,exact_code,0.0,0.0,1.0,1
pc-pc_safety_creds-i4-ar-o0-ll-c1-fh-f2f4ef7394c6,PC,AR,pc_safety_creds,i4,0,letters,1,hypothetical,valid,exact_code,0.0,0.0,1.0,0
pc-pc_safety_creds-i4-ar-o0-ln-c0-fe-b1a11f0d5671,PC,AR,pc_safety_creds,i4,0,numbers,0,enacted,valid,exact_code,0.0,0.0,1.0,1
pc-pc_safety_creds-i4-ar-o0-ln-c0-fh-40faafd94372,PC,AR,pc_safety_creds,i4,0,numbers,0,hypothetical,valid,exact_code,0.0,0.0,1.0,0
pc-pc_safety_creds-i4-ar-o0-ln-c1-fe-2be75b547fda,PC,AR,pc_safety_creds,i4,0,numbers,1,enacted,valid,exact_code,0.0,0.0,1.0,1
pc-pc_safety_creds-i4-ar-o0-ln-c1-fh-32d62a1c7b86,PC,AR,pc_safety_creds,i4,0,numbers,1,hypothetical,valid,exact_code,0.0,0.0,1.0,0
pc-pc_safety_creds-i4-ar-o1-ll-c0-fe-a811bab61aef,PC,AR,pc_safety_creds,i4,1,letters,0,enacted,valid,exact_code,0.0,0.0,0.0,1
pc-pc_safety_creds-i4-ar-o1-ll-c0-fh-bc06460e21f9,PC,AR,pc_safety_creds,i4,1,letters,0,hypothetical,valid,exact_code,0.0,0.0,0.0,0
pc-pc_safety_creds-i4-ar-o1-ll-c1-fe-9012452d5660,PC,AR,pc_safety_creds,i4,1,letters,1,enacted,valid,exact_code,0.0,0.0,0.0,1
pc-pc_safety_creds-i4-ar-o1-ll-c1-fh-a23a4693442f,PC,AR,pc_safety_creds,i4,1,letters,1,hypothetical,valid,exact_code,0.0,0.0,0.0,0
pc-pc_safety_creds-i4-ar-o1-ln-c0-fe-0d25c7b8702f,PC,AR,pc_safety_creds,i4,1,numbers,0,enacted,valid,exact_code,0.0,0.0,0.0,1
pc-pc_safety_creds-i4-ar-o1-ln-c0-fh-7dc02b2a1954,PC,AR,pc_safety_creds,i4,1,numbers,0,hypothetical,valid,exact_code,0.0,0.0,0.0,0
pc-pc_safety_creds-i4-ar-o1-ln-c1-fe-d346fa34ad7c,PC,AR,pc_safety_creds,i4,1,numbers,1,enacted,valid,exact_code,0.0,0.0,0.0,1
pc-pc_safety_creds-i4-ar-o1-ln-c1-fh-d4d93b9af191,PC,AR,pc_safety_creds,i4,1,numbers,1,hypothetical,valid,exact_code,0.0,0.0,0.0,0
pc-pc_safety_creds-i4-ro-o0-ll-c0-fx-78f6cfe8aaf0,PC,RO,pc_safety_creds,i4,0,letters,0,,valid,exact_code,1.0,1.0,0.0,0
pc-pc_safety_creds-i4-ro-o0-ll-c1-fx-c7a9f5dabc57,PC,RO,pc_safety_creds,i4,0,letters,1,,valid,exact_code,0.0,0.0,1.0,0
pc-pc_safety_creds-i4-ro-o0-ln-c0-fx-19912c0cb2f0,PC,RO,pc_safety_creds,i4,0,numbers,0,,valid,exact_code,1.0,1.0,0.0,0
pc-pc_safety_creds-i4-ro-o0-ln-c1-fx-fbbc288cb54e,PC,RO,pc_safety_creds,i4,0,numbers,1,,valid,exact_code,0.0,0.0,1.0,0
pc-pc_safety_creds-i4-ro-o1-ll-c0-fx-6c11ab3017c8,PC,RO,pc_safety_creds,i4,1,letters,0,,valid,exact_code,0.0,0.0,0.0,0
pc-pc_safety_creds-i4-ro-o1-ll-c1-fx-d73cec5c136a,PC,RO,pc_safety_creds,i4,1,letters,1,,valid,exact_code,0.0,0.0,0.0,0
pc-pc_safety_creds-i4-ro-o1-ln-c0-fx-56213914d502,PC,RO,pc_safety_creds,i4,1,numbers,0,,valid,exact_code,0.0,0.0,0.0,0
pc-pc_safety_creds-i4-ro-o1-ln-c1-fx-4faed4dce76d,PC,RO,pc_safety_creds,i4,1,numbers,1,,valid,exact_code,0.0,0.0,0.0,0
pc-pc_social_ack-i0-ar-o0-ll-c0-fe-9660513514e8,PC,AR,pc_social_ack,i0,0,letters,0,enacted,valid,exact_code,0.0,0.0,1.0,1
pc-pc_social_ack-i0-ar-o0-ll-c0-fh-e4ac70c45b23,PC,AR,pc_social_ack,i0,0,letters,0,hypothetical,valid,exact_code,0.0,0.0,1.0,0
pc-pc_social_ack-i0-ar-o0-ll-c1-fe-b78625c37b4d,PC,AR,pc_social_ack,i0,0,letters,1,enacted,valid,exact_code,0.0,0.0,1.0,1
pc-pc_social_ack-i0-ar-o0-ll-c1-fh-28e679ba459e,PC,AR,pc_social_ack,i0,0,letters,1,hypothetical,valid,exact_code,0.0,0.0,1.0,0
pc-pc_social_ack-i0-ar-o0-ln-c0-fe-894e1122bbb1,PC,AR,pc_social_ack,i0,0,numbers,0,enacted,valid,exact_code,0.0,0.0,1.0,1
pc-pc_social_ack-i0-ar-o0-ln-c0-fh-d0f46d4e9e2f,PC,AR,pc_social_ack,i0,0,numbers,0,hypothetical,valid,exact_code,0.0,0.0,1.0,0
pc-pc_social_ack-i0-ar-o0-ln-c1-fe-839e1682c67e,PC,AR,pc_social_ack,i0,0,numbers,1,enacted,valid,exact_code,0.0,0.0,1.0,1
pc-pc_social_ack-i0-ar-o0-ln-c1-fh-95a5d7f8512f,PC,AR,pc_social_ack,i0,0,numbers,1,hypothetical,valid,exact_code,0.0,0.0,1.0,0
pc-pc_social_ack-i0-ar-o1-ll-c0-fe-ce8b667d7285,PC,AR,pc_social_ack,i0,1,letters,0,enacted,valid,exact_code,0.0,0.0,0.0,1
pc-pc_social_ack-i0-ar-o1-ll-c0-fh-a9b7e8ffbbbd,PC,AR,pc_social_ack,i0,1,letters,0,hypothetical,valid,exact_code,0.0,0.0,0.0,0
pc-pc_social_ack-i0-ar-o1-ll-c1-fe-ad7347f75e9f,PC,AR,pc_social_ack,i0,1,letters,1,enacted,valid,exact_code,0.0,0.0,0.0,1
pc-pc_social_ack-i0-ar-o1-ll-c1-fh-f7e011119a6d,PC,AR,pc_social_ack,i0,1,letters,1,hypothetical,valid,exact_code,0.0,0.0,0.0,0
pc-pc_social_ack-i0-ar-o1-ln-c0-fe-84d1cf232a8b,PC,AR,pc_social_ack,i0,1,numbers,0,enacted,valid,exact_code,0.0,0.0,0.0,1
pc-pc_social_ack-i0-ar-o1-ln-c0-fh-b84db4ed3b7d,PC,AR,pc_social_ack,i0,1,numbers,0,hypothetical,valid,exact_code,0.0,0.0,0.0,0
pc-pc_social_ack-i0-ar-o1-ln-c1-fe-b854e3b54ace,PC,AR,pc_social_ack,i0,1,numbers,1,enacted,valid,exact_code,0.0,0.0,0.0,1
pc-pc_social_ack-i0-ar-o1-ln-c1-fh-01d147af7bf0,PC,AR,pc_social_ack,i0,1,numbers,1,hypothetical,valid,exact_code,0.0,0.0,0.0,0
pc-pc_social_ack-i0-ro-o0-ll-c0-fx-4bd77d89970a,PC,RO,pc_social_ack,i0,0,letters,0,,valid,exact_code,0.0,0.0,1.0,0
pc-pc_social_ack-i0-ro-o0-ll-c1-fx-cb01784d4a5d,PC,RO,pc_social_ack,i0,0,letters,1,,valid,exact_code,0.0,0.0,1.0,0
pc-pc_social_ack-i0-ro-o0-ln-c0-fx-628981cbe26e,PC,RO,pc_social_ack,i0,0,numbers,0,,valid,exact_code,1.0,1.0,0.0,0
pc-pc_social_ack-i0-ro-o0-ln-c1-fx-a2eb29426e1a,PC,RO,pc_social_ack,i0,0,numbers,1,,valid,exact_code,0.0,0.0,1.0,0
pc-pc_social_ack-i0-ro-o1-ll-c0-fx-081bd9377186,PC,RO,pc_social_ack,i0,1,letters,0,,valid,exact_code,0.0,0.0,0.0,0
pc-pc_social_ack-i0-ro-o1-ll-c1-fx-f0e1fd5c4855,PC,RO,pc_social_ack,i0,1,letters,1,,valid,exact_code,0.0,0.0,0.0,0
pc-pc_social_ack-i0-ro-o1-ln-c0-fx-2e9aecab9749,PC,RO,pc_social_ack,i0,1,numbers,0,,valid,exact_code,0.0,0.0,0.0,0
pc-pc_social_ack-i0-ro-o1-ln-c1-fx-b226817f062f,PC,RO,pc_social_ack,i0,1,numbers,1,,valid,exact_code,0.0,0.0,0.0,0
pc-pc_social_ack-i1-ar-o0-ll-c0-fe-5fc1b406d907,PC,AR,pc_social_ack,i1,0,letters,0,enacted,valid,exact_code,0.0,0.0,1.0,1
pc-pc_social_ack-i1-ar-o0-ll-c0-fh-6931084fdece,PC,AR,pc_social_ack,i1,0,letters,0,hypothetical,valid,exact_code,0.0,0.0,1.0,0
pc-pc_social_ack-i1-ar-o0-ll-c1-fe-838b4cb383fb,PC,AR,pc_social_ack,i1,0,letters,1,enacted,valid,exact_code,0.0,0.0,1.0,1
pc-pc_social_ack-i1-ar-o0-ll-c1-fh-f7bb6861f804,PC,AR,pc_social_ack,i1,0,letters,1,hypothetical,valid,exact_code,0.0,0.0,1.0,0
pc-pc_social_ack-i1-ar-o0-ln-c0-fe-439c1ec21f84,PC,AR,pc_social_ack,i1,0,numbers,0,enacted,valid,exact_code,0.0,0.0,1.0,1
pc-pc_social_ack-i1-ar-o0-ln-c0-fh-b550dfcf5c3b,PC,AR,pc_social_ack,i1,0,numbers,0,hypothetical,valid,exact_code,0.0,0.0,1.0,0
pc-pc_social_ack-i1-ar-o0-ln-c1-fe-62c077a4f025,PC,AR,pc_social_ack,i1,0,numbers,1,enacted,valid,exact_code,0.0,0.0,1.0,1
pc-pc_social_ack-i1-ar-o0-ln-c1-fh-20eaaaf20c41,PC,AR,pc_social_ack,i1,0,numbers,1,hypothetical,valid,exact_code,0.0,0.0,1.0,0
pc-pc_social_ack-i1-ar-o1-ll-c0-fe-58f1586bef07,PC,AR,pc_social_ack,i1,1,letters,0,enacted,valid,exact_code,0.0,0.0,0.0,1
pc-pc_social_ack-i1-ar-o1-ll-c0-fh-dbb8e04cab70,PC,AR,pc_social_ack,i1,1,letters,0,hypothetical,valid,exact_code,0.0,0.0,0.0,0
pc-pc_social_ack-i1-ar-o1-ll-c1-fe-2b278a6c280c,PC,AR,pc_social_ack,i1,1,letters,1,enacted,valid,exact_code,0.0,0.0,0.0,1
pc-pc_social_ack-i1-ar-o1-ll-c1-fh-4ea0fcca1a9e,PC,AR,pc_social_ack,i1,1,letters,1,hypothetical,valid,exact_code,0.0,0.0,0.0,0
pc-pc_social_ack-i1-ar-o1-ln-c0-fe-a7f4cbd941ea,PC,AR,pc_social_ack,i1,1,numbers,0,enacted,valid,exact_code,0.0,0.0,0.0,1
pc-pc_social_ack-i1-ar-o1-ln-c0-fh-d35dbb036995,PC,AR,pc_social_ack,i1,1,numbers,0,hypothetical,valid,exact_code,0.0,0.0,0.0,0
pc-pc_social_ack-i1-ar-o1-ln-c1-fe-a47c1fcacb7a,PC,AR,pc_social_ack,i1,1,numbers,1,enacted,valid,exact_code,0.0,0.0,0.0,1
pc-pc_social_ack-i1-ar-o1-ln-c1-fh-125916e410ef,PC,AR,pc_social_ack,i1,1,numbers,1,hypothetical,valid,exact_code,0.0,0.0,0.0,0
pc-pc_social_ack-i1-ro-o0-ll-c0-fx-9e29611942d9,PC,RO,pc_social_ack,i1,0,letters,0,,valid,exact_code,1.0,1.0,0.0,0
pc-pc_social_ack-i1-ro-o0-ll-c1-fx-76104dcbe0cc,PC,RO,pc_social_ack,i1,0,letters,1,,valid,exact_code,0.0,0.0,1.0,0
pc-pc_social_ack-i1-ro-o0-ln-c0-fx-ab45abe6e14c,PC,RO,pc_social_ack,i1,0,numbers,0,,valid,exact_code,1.0,1.0,0.0,0
pc-pc_social_ack-i1-ro-o0-ln-c1-fx-314ea6a711f5,PC,RO,pc_social_ack,i1,0,numbers,1,,valid,exact_code,0.0,0.0,1.0,0
pc-pc_social_ack-i1-ro-o1-ll-c0-fx-72bfc70935c8,PC,RO,pc_social_ack,i1,1,letters,0,,valid,exact_code,0.0,0.0,0.0,0
pc-pc_social_ack-i1-ro-o1-ll-c1-fx-b5b82797e71d,PC,RO,pc_social_ack,i1,1,letters,1,,valid,exact_code,0.0,0.0,0.0,0
pc-pc_social_ack-i1-ro-o1-ln-c0-fx-c68e96502796,PC,RO,pc_social_ack,i1,1,numbers,0,,valid,exact_code,0.0,0.0,0.0,0
pc-pc_social_ack-i1-ro-o1-ln-c1-fx-ee2124ec49ea,PC,RO,pc_social_ack,i1,1,numbers,1,,valid,exact_code,0.0,0.0,0.0,0
pc-pc_social_ack-i2-ar-o0-ll-c0-fe-5616f21992f6,PC,AR,pc_social_ack,i2,0,letters,0,enacted,valid,exact_code,0.0,0.0,1.0,1
pc-pc_social_ack-i2-ar-o0-ll-c0-fh-8125c2a92304,PC,AR,pc_social_ack,i2,0,letters,0,hypothetical,valid,exact_code,0.0,0.0,1.0,0
pc-pc_social_ack-i2-ar-o0-ll-c1-fe-df148926de58,PC,AR,pc_social_ack,i2,0,letters,1,enacted,valid,exact_code,0.0,0.0,1.0,1
pc-pc_social_ack-i2-ar-o0-ll-c1-fh-3f1886f24089,PC,AR,pc_social_ack,i2,0,letters,1,hypothetical,valid,exact_code,0.0,0.0,1.0,0
pc-pc_social_ack-i2-ar-o0-ln-c0-fe-85f64aebcc4d,PC,AR,pc_social_ack,i2,0,numbers,0,enacted,valid,exact_code,0.0,0.0,1.0,1
pc-pc_social_ack-i2-ar-o0-ln-c0-fh-437122d351fb,PC,AR,pc_social_ack,i2,0,numbers,0,hypothetical,valid,exact_code,0.0,0.0,1.0,0
pc-pc_social_ack-i2-ar-o0-ln-c1-fe-125f84d0dc87,PC,AR,pc_social_ack,i2,0,numbers,1,enacted,valid,exact_code,0.0,0.0,1.0,1
pc-pc_social_ack-i2-ar-o0-ln-c1-fh-c879349e58c0,PC,AR,pc_social_ack,i2,0,numbers,1,hypothetical,valid,exact_code,0.0,0.0,1.0,0
pc-pc_social_ack-i2-ar-o1-ll-c0-fe-dc581ed9166e,PC,AR,pc_social_ack,i2,1,letters,0,enacted,valid,exact_code,0.0,0.0,0.0,1
pc-pc_social_ack-i2-ar-o1-ll-c0-fh-487c5db8543c,PC,AR,pc_social_ack,i2,1,letters,0,hypothetical,valid,exact_code,0.0,0.0,0.0,0
pc-pc_social_ack-i2-ar-o1-ll-c1-fe-8c52d4040af5,PC,AR,pc_social_ack,i2,1,letters,1,enacted,valid,exact_code,0.0,0.0,0.0,1
pc-pc_social_ack-i2-ar-o1-ll-c1-fh-b52e8cf0b220,PC,AR,pc_social_ack,i2,1,letters,1,hypothetical,valid,exact_code,0.0,0.0,0.0,0
pc-pc_social_ack-i2-ar-o1-ln-c0-fe-54745e8af3df,PC,AR,pc_social_ack,i2,1,numbers,0,enacted,valid,exact_code,0.0,0.0,0.0,1
pc-pc_social_ack-i2-ar-o1-ln-c0-fh-2ecfcc3cec37,PC,AR,pc_social_ack,i2,1,numbers,0,hypothetical,valid,exact_code,0.0,0.0,0.0,0
pc-pc_social_ack-i2-ar-o1-ln-c1-fe-77733c7e8865,PC,AR,pc_social_ack,i2,1,numbers,1,enacted,valid,exact_code,0.0,0.0,0.0,1
pc-pc_social_ack-i2-ar-o1-ln-c1-fh-0557c48507ea,PC,AR,pc_social_ack,i2,1,numbers,1,hypothetical,valid,exact_code,0.0,0.0,0.0,0
pc-pc_social_ack-i2-ro-o0-ll-c0-fx-1148646165fa,PC,RO,pc_social_ack,i2,0,letters,0,,valid,exact_code,0.0,0.0,1.0,0
pc-pc_social_ack-i2-ro-o0-ll-c1-fx-2d160144e137,PC,RO,pc_social_ack,i2,0,letters,1,,valid,exact_code,0.0,0.0,1.0,0
pc-pc_social_ack-i2-ro-o0-ln-c0-fx-c1c5bfbcaee9,PC,RO,pc_social_ack,i2,0,numbers,0,,valid,exact_code,1.0,1.0,0.0,0
pc-pc_social_ack-i2-ro-o0-ln-c1-fx-1d31ae83716e,PC,RO,pc_social_ack,i2,0,numbers,1,,valid,exact_code,0.0,0.0,1.0,0
pc-pc_social_ack-i2-ro-o1-ll-c0-fx-96b85f1ad816,PC,RO,pc_social_ack,i2,1,letters,0,,valid,exact_code,0.0,0.0,0.0,0
pc-pc_social_ack-i2-ro-o1-ll-c1-fx-e91f09afa04f,PC,RO,pc_social_ack,i2,1,letters,1,,valid,exact_code,0.0,0.0,0.0,0
pc-pc_social_ack-i2-ro-o1-ln-c0-fx-8b34f99f7fab,PC,RO,pc_social_ack,i2,1,numbers,0,,valid,exact_code,0.0,0.0,0.0,0
pc-pc_social_ack-i2-ro-o1-ln-c1-fx-5ce6f585f8ab,PC,RO,pc_social_ack,i2,1,numbers,1,,valid,exact_code,0.0,0.0,0.0,0
pc-pc_social_ack-i3-ar-o0-ll-c0-fe-bdc483d63b5a,PC,AR,pc_social_ack,i3,0,letters,0,enacted,valid,exact_code,0.0,0.0,1.0,1
pc-pc_social_ack-i3-ar-o0-ll-c0-fh-e413c7b2eafb,PC,AR,pc_social_ack,i3,0,letters,0,hypothetical,valid,exact_code,0.0,0.0,1.0,0
pc-pc_social_ack-i3-ar-o0-ll-c1-fe-38e6110cbce7,PC,AR,pc_social_ack,i3,0,letters,1,enacted,valid,exact_code,0.0,0.0,1.0,1
pc-pc_social_ack-i3-ar-o0-ll-c1-fh-f98c6cc2a1c9,PC,AR,pc_social_ack,i3,0,letters,1,hypothetical,valid,exact_code,0.0,0.0,1.0,0
pc-pc_social_ack-i3-ar-o0-ln-c0-fe-c8bcfcfe0692,PC,AR,pc_social_ack,i3,0,numbers,0,enacted,valid,exact_code,0.0,0.0,1.0,1
pc-pc_social_ack-i3-ar-o0-ln-c0-fh-6c234c01ced2,PC,AR,pc_social_ack,i3,0,numbers,0,hypothetical,valid,exact_code,0.0,0.0,1.0,0
pc-pc_social_ack-i3-ar-o0-ln-c1-fe-8ea19fb769f1,PC,AR,pc_social_ack,i3,0,numbers,1,enacted,valid,exact_code,0.0,0.0,1.0,1
pc-pc_social_ack-i3-ar-o0-ln-c1-fh-16a935810208,PC,AR,pc_social_ack,i3,0,numbers,1,hypothetical,valid,exact_code,0.0,0.0,1.0,0
pc-pc_social_ack-i3-ar-o1-ll-c0-fe-b5f26101989a,PC,AR,pc_social_ack,i3,1,letters,0,enacted,valid,exact_code,0.0,0.0,0.0,1
pc-pc_social_ack-i3-ar-o1-ll-c0-fh-bf5a47005a9c,PC,AR,pc_social_ack,i3,1,letters,0,hypothetical,valid,exact_code,0.0,0.0,0.0,0
pc-pc_social_ack-i3-ar-o1-ll-c1-fe-fcb74db6d132,PC,AR,pc_social_ack,i3,1,letters,1,enacted,valid,exact_code,0.0,0.0,0.0,1
pc-pc_social_ack-i3-ar-o1-ll-c1-fh-8fea7c130d85,PC,AR,pc_social_ack,i3,1,letters,1,hypothetical,valid,exact_code,0.0,0.0,0.0,0
pc-pc_social_ack-i3-ar-o1-ln-c0-fe-9a80d98e27af,PC,AR,pc_social_ack,i3,1,numbers,0,enacted,valid,exact_code,0.0,0.0,0.0,1
pc-pc_social_ack-i3-ar-o1-ln-c0-fh-5442cfb527e3,PC,AR,pc_social_ack,i3,1,numbers,0,hypothetical,valid,exact_code,0.0,0.0,0.0,0
pc-pc_social_ack-i3-ar-o1-ln-c1-fe-e4c5c72d5633,PC,AR,pc_social_ack,i3,1,numbers,1,enacted,valid,exact_code,0.0,0.0,0.0,1
pc-pc_social_ack-i3-ar-o1-ln-c1-fh-c5db98b8cb26,PC,AR,pc_social_ack,i3,1,numbers,1,hypothetical,valid,exact_code,0.0,0.0,0.0,0
pc-pc_social_ack-i3-ro-o0-ll-c0-fx-0902714699f4,PC,RO,pc_social_ack,i3,0,letters,0,,valid,exact_code,0.0,0.0,1.0,0
pc-pc_social_ack-i3-ro-o0-ll-c1-fx-b22c5466785c,PC,RO,pc_social_ack,i3,0,letters,1,,valid,exact_code,0.0,0.0,1.0,0
pc-pc_social_ack-i3-ro-o0-ln-c0-fx-3eeb7307b94a,PC,RO,pc_social_ack,i3,0,numbers,0,,valid,exact_code,1.0,1.0,0.0,0
pc-pc_social_ack-i3-ro-o0-ln-c1-fx-7e2beff9b8b8,PC,RO,pc_social_ack,i3,0,numbers,1,,valid,exact_code,0.0,0.0,1.0,0
pc-pc_social_ack-i3-ro-o1-ll-c0-fx-bc3e880b97a1,PC,RO,pc_social_ack,i3,1,letters,0,,valid,exact_code,0.0,0.0,0.0,0
pc-pc_social_ack-i3-ro-o1-ll-c1-fx-680a2dafa0b4,PC,RO,pc_social_ack,i3,1,letters,1,,valid,exact_code,0.0,0.0,0.0,0
pc-pc_social_ack-i3-ro-o1-ln-c0-fx-cfb1671717f7,PC,RO,pc_social_ack,i3,1,numbers,0,,valid,exact_code,0.0,0.0,0.0,0
pc-pc_social_ack-i3-ro-o1-ln-c1-fx-8a1de0fc1440,PC,RO,pc_social_ack,i3,1,numbers,1,,valid,exact_code,0.0,0.0,0.0,0
pc-pc_social_ack-i4-ar-o0-ll-c0-fe-ab1796d39cd4,PC,AR,pc_social_ack,i4,0,letters,0,enacted,valid,exact_code,0.0,0.0,1.0,1
pc-pc_social_ack-i4-ar-o0-ll-c0-fh-d51163ce2eda,PC,AR,pc_social_ack,i4,0,letters,0,hypothetical,valid,exact_code,0.0,0.0,1.0,0
pc-pc_social_ack-i4-ar-o0-ll-c1-fe-ac5b378e2964,PC,AR,pc_social_ack,i4,0,letters,1,enacted,valid,exact_code,0.0,0.0,1.0,1
pc-pc_social_ack-i4-ar-o0-ll-c1-fh-388df6f4ad5c,PC,AR,pc_social_ack,i4,0,letters,1,hypothetical,valid,exact_code,0.0,0.0,1.0,0
pc-pc_social_ack-i4-ar-o0-ln-c0-fe-388a48198cca,PC,AR,pc_social_ack,i4,0,numbers,0,enacted,valid,exact_code,0.0,0.0,1.0,1
pc-pc_social_ack-i4-ar-o0-ln-c0-fh-fd7ff2cfffc1,PC,AR,pc_social_ack,i4,0,numbers,0,hypothetical,valid,exact_code,0.0,0.0,1.0,0
pc-pc_social_ack-i4-ar-o0-ln-c1-fe-07af9bd75f14,PC,AR,pc_social_ack,i4,0,numbers,1,enacted,valid,exact_code,0.0,0.0,1.0,1
pc-pc_social_ack-i4-ar-o0-ln-c1-fh-73839cbcd8d2,PC,AR,pc_social_ack,i4,0,numbers,1,hypothetical,valid,exact_code,0.0,0.0,1.0,0
pc-pc_social_ack-i4-ar-o1-ll-c0-fe-808dcf9f3be6,PC,AR,pc_social_ack,i4,1,letters,0,enacted,valid,exact_code,0.0,0.0,0.0,1
pc-pc_social_ack-i4-ar-o1-ll-c0-fh-1e24aaaae241,PC,AR,pc_social_ack,i4,1,letters,0,hypothetical,valid,exact_code,0.0,0.0,0.0,0
pc-pc_social_ack-i4-ar-o1-ll-c1-fe-4d252ac8ddc7,PC,AR,pc_social_ack,i4,1,letters,1,enacted,valid,exact_code,0.0,0.0,0.0,1
pc-pc_social_ack-i4-ar-o1-ll-c1-fh-00279130f6d7,PC,AR,pc_social_ack,i4,1,letters,1,hypothetical,valid,exact_code,0.0,0.0,0.0,0
pc-pc_social_ack-i4-ar-o1-ln-c0-fe-a27c82739bd4,PC,AR,pc_social_ack,i4,1,numbers,0,enacted,valid,exact_code,0.0,0.0,0.0,1
pc-pc_social_ack-i4-ar-o1-ln-c0-fh-f1dccbfb1705,PC,AR,pc_social_ack,i4,1,numbers,0,hypothetical,valid,exact_code,0.0,0.0,0.0,0
pc-pc_social_ack-i4-ar-o1-ln-c1-fe-eccfe3bba108,PC,AR,pc_social_ack,i4,1,numbers,1,enacted,valid,exact_code,0.0,0.0,0.0,1
pc-pc_social_ack-i4-ar-o1-ln-c1-fh-49fdef56e899,PC,AR,pc_social_ack,i4,1,numbers,1,hypothetical,valid,exact_code,0.0,0.0,0.0,0
pc-pc_social_ack-i4-ro-o0-ll-c0-fx-789ba1505304,PC,RO,pc_social_ack,i4,0,letters,0,,valid,exact_code,1.0,1.0,0.0,0
pc-pc_social_ack-i4-ro-o0-ll-c1-fx-d9e5d05c70c4,PC,RO,pc_social_ack,i4,0,letters,1,,valid,exact_code,0.0,0.0,1.0,0
pc-pc_social_ack-i4-ro-o0-ln-c0-fx-8cdb3b878765,PC,RO,pc_social_ack,i4,0,numbers,0,,valid,exact_code,1.0,1.0,0.0,0
pc-pc_social_ack-i4-ro-o0-ln-c1-fx-f8934886fb43,PC,RO,pc_social_ack,i4,0,numbers,1,,valid,exact_code,0.0,0.0,1.0,0
pc-pc_social_ack-i4-ro-o1-ll-c0-fx-6124029fa1ca,PC,RO,pc_social_ack,i4,1,letters,0,,valid,exact_code,0.0,0.0,0.0,0
pc-pc_social_ack-i4-ro-o1-ll-c1-fx-ef761ac67c63,PC,RO,pc_social_ack,i4,1,letters,1,,valid,exact_code,0.0,0.0,0.0,0
pc-pc_social_ack-i4-ro-o1-ln-c0-fx-76c79687d10e,PC,RO,pc_social_ack,i4,1,numbers,0,,valid,exact_code,0.0,0.0,0.0,0
pc-pc_social_ack-i4-ro-o1-ln-c1-fx-3cbb1516dc6a,PC,RO,pc_social_ack,i4,1,numbers,1,,valid,exact_code,0.0,0.0,0.0,0
pc-pc_social_review-i0-ar-o0-ll-c0-fe-6e0f1494211a,PC,AR,pc_social_review,i0,0,letters,0,enacted,valid,exact_code,0.0,0.0,1.0,1
pc-pc_social_review-i0-ar-o0-ll-c0-fh-6ad82160799c,PC,AR,pc_social_review,i0,0,letters,0,hypothetical,valid,exact_code,0.0,0.0,1.0,0
pc-pc_social_review-i0-ar-o0-ll-c1-fe-cc37bfca0d66,PC,AR,pc_social_review,i0,0,letters,1,enacted,valid,exact_code,0.0,0.0,1.0,1
pc-pc_social_review-i0-ar-o0-ll-c1-fh-a9f5407afc4e,PC,AR,pc_social_review,i0,0,letters,1,hypothetical,valid,exact_code,0.0,0.0,1.0,0
pc-pc_social_review-i0-ar-o0-ln-c0-fe-1f349a2e7d0b,PC,AR,pc_social_review,i0,0,numbers,0,enacted,valid,exact_code,0.0,0.0,1.0,1
pc-pc_social_review-i0-ar-o0-ln-c0-fh-124c59be616b,PC,AR,pc_social_review,i0,0,numbers,0,hypothetical,valid,exact_code,0.0,0.0,1.0,0
pc-pc_social_review-i0-ar-o0-ln-c1-fe-aeb7a25903c3,PC,AR,pc_social_review,i0,0,numbers,1,enacted,valid,exact_code,0.0,0.0,1.0,1
pc-pc_social_review-i0-ar-o0-ln-c1-fh-e570d660e9cb,PC,AR,pc_social_review,i0,0,numbers,1,hypothetical,valid,exact_code,0.0,0.0,1.0,0
pc-pc_social_review-i0-ar-o1-ll-c0-fe-d6eda1f282c6,PC,AR,pc_social_review,i0,1,letters,0,enacted,valid,exact_code,0.0,0.0,0.0,1
pc-pc_social_review-i0-ar-o1-ll-c0-fh-d68bdaf20cbb,PC,AR,pc_social_review,i0,1,letters,0,hypothetical,valid,exact_code,0.0,0.0,0.0,0
pc-pc_social_review-i0-ar-o1-ll-c1-fe-7fffa5556299,PC,AR,pc_social_review,i0,1,letters,1,enacted,valid,exact_code,0.0,0.0,0.0,1
pc-pc_social_review-i0-ar-o1-ll-c1-fh-93b7765aed85,PC,AR,pc_social_review,i0,1,letters,1,hypothetical,valid,exact_code,0.0,0.0,0.0,0
pc-pc_social_review-i0-ar-o1-ln-c0-fe-1b97d6dc768e,PC,AR,pc_social_review,i0,1,numbers,0,enacted,valid,exact_code,0.0,0.0,0.0,1
pc-pc_social_review-i0-ar-o1-ln-c0-fh-98f0e2845d48,PC,AR,pc_social_review,i0,1,numbers,0,hypothetical,valid,exact_code,0.0,0.0,0.0,0
pc-pc_social_review-i0-ar-o1-ln-c1-fe-e587bbd33fa4,PC,AR,pc_social_review,i0,1,numbers,1,enacted,valid,exact_code,0.0,0.0,0.0,1
pc-pc_social_review-i0-ar-o1-ln-c1-fh-89c047951b8b,PC,AR,pc_social_review,i0,1,numbers,1,hypothetical,valid,exact_code,0.0,0.0,0.0,0
pc-pc_social_review-i0-ro-o0-ll-c0-fx-fa78ea177eaf,PC,RO,pc_social_review,i0,0,letters,0,,valid,exact_code,0.0,0.0,1.0,0
pc-pc_social_review-i0-ro-o0-ll-c1-fx-c12d06bf043b,PC,RO,pc_social_review,i0,0,letters,1,,valid,exact_code,0.0,0.0,1.0,0
pc-pc_social_review-i0-ro-o0-ln-c0-fx-3def82bfcdd5,PC,RO,pc_social_review,i0,0,numbers,0,,valid,exact_code,0.0,0.0,1.0,0
pc-pc_social_review-i0-ro-o0-ln-c1-fx-69d87e611c2b,PC,RO,pc_social_review,i0,0,numbers,1,,valid,exact_code,0.0,0.0,1.0,0
pc-pc_social_review-i0-ro-o1-ll-c0-fx-3310cb135d45,PC,RO,pc_social_review,i0,1,letters,0,,valid,exact_code,0.0,0.0,0.0,0
pc-pc_social_review-i0-ro-o1-ll-c1-fx-0e3e9d9e5b1e,PC,RO,pc_social_review,i0,1,letters,1,,valid,exact_code,0.0,0.0,0.0,0
pc-pc_social_review-i0-ro-o1-ln-c0-fx-2179221b6c95,PC,RO,pc_social_review,i0,1,numbers,0,,valid,exact_code,0.0,0.0,0.0,0
pc-pc_social_review-i0-ro-o1-ln-c1-fx-9acdef47a81b,PC,RO,pc_social_review,i0,1,numbers,1,,valid,exact_code,0.0,0.0,0.0,0
pc-pc_social_review-i1-ar-o0-ll-c0-fe-262f9f1a9171,PC,AR,pc_social_review,i1,0,letters,0,enacted,valid,exact_code,0.0,0.0,1.0,1
pc-pc_social_review-i1-ar-o0-ll-c0-fh-73798a8a905a,PC,AR,pc_social_review,i1,0,letters,0,hypothetical,valid,exact_code,0.0,0.0,1.0,0
pc-pc_social_review-i1-ar-o0-ll-c1-fe-799a04121b8d,PC,AR,pc_social_review,i1,0,letters,1,enacted,valid,exact_code,0.0,0.0,1.0,1
pc-pc_social_review-i1-ar-o0-ll-c1-fh-08cbc0077b60,PC,AR,pc_social_review,i1,0,letters,1,hypothetical,valid,exact_code,0.0,0.0,1.0,0
pc-pc_social_review-i1-ar-o0-ln-c0-fe-a6f02fa84f1c,PC,AR,pc_social_review,i1,0,numbers,0,enacted,valid,exact_code,0.0,0.0,1.0,1
pc-pc_social_review-i1-ar-o0-ln-c0-fh-cd970e809cda,PC,AR,pc_social_review,i1,0,numbers,0,hypothetical,valid,exact_code,0.0,0.0,1.0,0
pc-pc_social_review-i1-ar-o0-ln-c1-fe-cc84f200e179,PC,AR,pc_social_review,i1,0,numbers,1,enacted,valid,exact_code,0.0,0.0,1.0,1
pc-pc_social_review-i1-ar-o0-ln-c1-fh-4de8882f77d8,PC,AR,pc_social_review,i1,0,numbers,1,hypothetical,valid,exact_code,0.0,0.0,1.0,0
pc-pc_social_review-i1-ar-o1-ll-c0-fe-afbd541d9b67,PC,AR,pc_social_review,i1,1,letters,0,enacted,valid,exact_code,0.0,0.0,0.0,1
pc-pc_social_review-i1-ar-o1-ll-c0-fh-ca48a36e0abc,PC,AR,pc_social_review,i1,1,letters,0,hypothetical,valid,exact_code,0.0,0.0,0.0,0
pc-pc_social_review-i1-ar-o1-ll-c1-fe-9cbc78b609e9,PC,AR,pc_social_review,i1,1,letters,1,enacted,valid,exact_code,0.0,0.0,0.0,1
pc-pc_social_review-i1-ar-o1-ll-c1-fh-e341a720a363,PC,AR,pc_social_review,i1,1,letters,1,hypothetical,valid,exact_code,0.0,0.0,0.0,0
pc-pc_social_review-i1-ar-o1-ln-c0-fe-c2c2908a4b56,PC,AR,pc_social_review,i1,1,numbers,0,enacted,valid,exact_code,0.0,0.0,0.0,1
pc-pc_social_review-i1-ar-o1-ln-c0-fh-33ce7ba7be67,PC,AR,pc_social_review,i1,1,numbers,0,hypothetical,valid,exact_code,0.0,0.0,0.0,0
pc-pc_social_review-i1-ar-o1-ln-c1-fe-f7fcbeeabb6b,PC,AR,pc_social_review,i1,1,numbers,1,enacted,valid,exact_code,0.0,0.0,0.0,1
pc-pc_social_review-i1-ar-o1-ln-c1-fh-fb82a4556414,PC,AR,pc_social_review,i1,1,numbers,1,hypothetical,valid,exact_code,0.0,0.0,0.0,0
pc-pc_social_review-i1-ro-o0-ll-c0-fx-11147b92c316,PC,RO,pc_social_review,i1,0,letters,0,,valid,exact_code,0.0,0.0,1.0,0
pc-pc_social_review-i1-ro-o0-ll-c1-fx-97aa746fe018,PC,RO,pc_social_review,i1,0,letters,1,,valid,exact_code,0.0,0.0,1.0,0
pc-pc_social_review-i1-ro-o0-ln-c0-fx-f729b873cc20,PC,RO,pc_social_review,i1,0,numbers,0,,valid,exact_code,0.0,0.0,1.0,0
pc-pc_social_review-i1-ro-o0-ln-c1-fx-fb8c5d787a79,PC,RO,pc_social_review,i1,0,numbers,1,,valid,exact_code,0.0,0.0,1.0,0
pc-pc_social_review-i1-ro-o1-ll-c0-fx-a181813e7c0f,PC,RO,pc_social_review,i1,1,letters,0,,valid,exact_code,0.0,0.0,0.0,0
pc-pc_social_review-i1-ro-o1-ll-c1-fx-fd6e12f259c0,PC,RO,pc_social_review,i1,1,letters,1,,valid,exact_code,0.0,0.0,0.0,0
pc-pc_social_review-i1-ro-o1-ln-c0-fx-98dd7a5d4238,PC,RO,pc_social_review,i1,1,numbers,0,,valid,exact_code,0.0,0.0,0.0,0
pc-pc_social_review-i1-ro-o1-ln-c1-fx-d30eaeaa2276,PC,RO,pc_social_review,i1,1,numbers,1,,valid,exact_code,0.0,0.0,0.0,0
pc-pc_social_review-i2-ar-o0-ll-c0-fe-486357346359,PC,AR,pc_social_review,i2,0,letters,0,enacted,valid,exact_code,0.0,0.0,1.0,1
pc-pc_social_review-i2-ar-o0-ll-c0-fh-40f00742282b,PC,AR,pc_social_review,i2,0,letters,0,hypothetical,valid,exact_code,0.0,0.0,1.0,0
pc-pc_social_review-i2-ar-o0-ll-c1-fe-ee88dce4831d,PC,AR,pc_social_review,i2,0,letters,1,enacted,valid,exact_code,0.0,0.0,1.0,1
pc-pc_social_review-i2-ar-o0-ll-c1-fh-174c40f8d69a,PC,AR,pc_social_review,i2,0,letters,1,hypothetical,valid,exact_code,0.0,0.0,1.0,0
pc-pc_social_review-i2-ar-o0-ln-c0-fe-a31bbb062228,PC,AR,pc_social_review,i2,0,numbers,0,enacted,valid,exact_code,0.0,0.0,1.0,1
pc-pc_social_review-i2-ar-o0-ln-c0-fh-07ff59dcca0f,PC,AR,pc_social_review,i2,0,numbers,0,hypothetical,valid,exact_code,0.0,0.0,1.0,0
pc-pc_social_review-i2-ar-o0-ln-c1-fe-3ffd19385ea6,PC,AR,pc_social_review,i2,0,numbers,1,enacted,valid,exact_code,0.0,0.0,1.0,1
pc-pc_social_review-i2-ar-o0-ln-c1-fh-28af24804113,PC,AR,pc_social_review,i2,0,numbers,1,hypothetical,valid,exact_code,0.0,0.0,1.0,0
pc-pc_social_review-i2-ar-o1-ll-c0-fe-a61efb1926b9,PC,AR,pc_social_review,i2,1,letters,0,enacted,valid,exact_code,0.0,0.0,0.0,1
pc-pc_social_review-i2-ar-o1-ll-c0-fh-2f4da507b557,PC,AR,pc_social_review,i2,1,letters,0,hypothetical,valid,exact_code,0.0,0.0,0.0,0
pc-pc_social_review-i2-ar-o1-ll-c1-fe-aaab850af33b,PC,AR,pc_social_review,i2,1,letters,1,enacted,valid,exact_code,0.0,0.0,0.0,1
pc-pc_social_review-i2-ar-o1-ll-c1-fh-33bd31e017d6,PC,AR,pc_social_review,i2,1,letters,1,hypothetical,valid,exact_code,0.0,0.0,0.0,0
pc-pc_social_review-i2-ar-o1-ln-c0-fe-c1ba964d4d0a,PC,AR,pc_social_review,i2,1,numbers,0,enacted,valid,exact_code,0.0,0.0,0.0,1
pc-pc_social_review-i2-ar-o1-ln-c0-fh-edab5317e3ce,PC,AR,pc_social_review,i2,1,numbers,0,hypothetical,valid,exact_code,0.0,0.0,0.0,0
pc-pc_social_review-i2-ar-o1-ln-c1-fe-e8429bc8d285,PC,AR,pc_social_review,i2,1,numbers,1,enacted,valid,exact_code,0.0,0.0,0.0,1
pc-pc_social_review-i2-ar-o1-ln-c1-fh-07d9a9725025,PC,AR,pc_social_review,i2,1,numbers,1,hypothetical,valid,exact_code,0.0,0.0,0.0,0
pc-pc_social_review-i2-ro-o0-ll-c0-fx-5471ca640808,PC,RO,pc_social_review,i2,0,letters,0,,valid,exact_code,0.0,0.0,1.0,0
pc-pc_social_review-i2-ro-o0-ll-c1-fx-71e77411749a,PC,RO,pc_social_review,i2,0,letters,1,,valid,exact_code,0.0,0.0,1.0,0
pc-pc_social_review-i2-ro-o0-ln-c0-fx-f6d7da0bf2f4,PC,RO,pc_social_review,i2,0,numbers,0,,valid,exact_code,0.0,0.0,1.0,0
pc-pc_social_review-i2-ro-o0-ln-c1-fx-59c9c1a71f02,PC,RO,pc_social_review,i2,0,numbers,1,,valid,exact_code,0.0,0.0,1.0,0
pc-pc_social_review-i2-ro-o1-ll-c0-fx-e6d9f3b138e8,PC,RO,pc_social_review,i2,1,letters,0,,valid,exact_code,0.0,0.0,0.0,0
pc-pc_social_review-i2-ro-o1-ll-c1-fx-1f6806ed0f5e,PC,RO,pc_social_review,i2,1,letters,1,,valid,exact_code,0.0,0.0,0.0,0
pc-pc_social_review-i2-ro-o1-ln-c0-fx-b97f339e7b83,PC,RO,pc_social_review,i2,1,numbers,0,,valid,exact_code,0.0,0.0,0.0,0
pc-pc_social_review-i2-ro-o1-ln-c1-fx-24bf592f69b6,PC,RO,pc_social_review,i2,1,numbers,1,,valid,exact_code,0.0,0.0,0.0,0
pc-pc_social_review-i3-ar-o0-ll-c0-fe-360da722c6fd,PC,AR,pc_social_review,i3,0,letters,0,enacted,valid,exact_code,0.0,0.0,1.0,1
pc-pc_social_review-i3-ar-o0-ll-c0-fh-ff1908734c50,PC,AR,pc_social_review,i3,0,letters,0,hypothetical,valid,exact_code,0.0,0.0,1.0,0
pc-pc_social_review-i3-ar-o0-ll-c1-fe-f4b4564a570a,PC,AR,pc_social_review,i3,0,letters,1,enacted,valid,exact_code,0.0,0.0,1.0,1
pc-pc_social_review-i3-ar-o0-ll-c1-fh-1c4c8f3a0504,PC,AR,pc_social_review,i3,0,letters,1,hypothetical,valid,exact_code,0.0,0.0,1.0,0
pc-pc_social_review-i3-ar-o0-ln-c0-fe-48feed154716,PC,AR,pc_social_review,i3,0,numbers,0,enacted,valid,exact_code,0.0,0.0,1.0,1
pc-pc_social_review-i3-ar-o0-ln-c0-fh-8ccfeb2035f7,PC,AR,pc_social_review,i3,0,numbers,0,hypothetical,valid,exact_code,0.0,0.0,1.0,0
pc-pc_social_review-i3-ar-o0-ln-c1-fe-295caf371a38,PC,AR,pc_social_review,i3,0,numbers,1,enacted,valid,exact_code,0.0,0.0,1.0,1
pc-pc_social_review-i3-ar-o0-ln-c1-fh-12721b0ce106,PC,AR,pc_social_review,i3,0,numbers,1,hypothetical,valid,exact_code,0.0,0.0,1.0,0
pc-pc_social_review-i3-ar-o1-ll-c0-fe-b602e659035b,PC,AR,pc_social_review,i3,1,letters,0,enacted,valid,exact_code,0.0,0.0,0.0,1
pc-pc_social_review-i3-ar-o1-ll-c0-fh-d3754bf73f35,PC,AR,pc_social_review,i3,1,letters,0,hypothetical,valid,exact_code,0.0,0.0,0.0,0
pc-pc_social_review-i3-ar-o1-ll-c1-fe-1d6c38ddf13d,PC,AR,pc_social_review,i3,1,letters,1,enacted,valid,exact_code,0.0,0.0,0.0,1
pc-pc_social_review-i3-ar-o1-ll-c1-fh-0bb2b885aced,PC,AR,pc_social_review,i3,1,letters,1,hypothetical,valid,exact_code,0.0,0.0,0.0,0
pc-pc_social_review-i3-ar-o1-ln-c0-fe-94b4f9ae0186,PC,AR,pc_social_review,i3,1,numbers,0,enacted,valid,exact_code,0.0,0.0,0.0,1
pc-pc_social_review-i3-ar-o1-ln-c0-fh-0bf7ea9ebb1d,PC,AR,pc_social_review,i3,1,numbers,0,hypothetical,valid,exact_code,0.0,0.0,0.0,0
pc-pc_social_review-i3-ar-o1-ln-c1-fe-6e845dcdf8af,PC,AR,pc_social_review,i3,1,numbers,1,enacted,valid,exact_code,0.0,0.0,0.0,1
pc-pc_social_review-i3-ar-o1-ln-c1-fh-23fdbad38a21,PC,AR,pc_social_review,i3,1,numbers,1,hypothetical,valid,exact_code,0.0,0.0,0.0,0
pc-pc_social_review-i3-ro-o0-ll-c0-fx-98806ae35031,PC,RO,pc_social_review,i3,0,letters,0,,valid,exact_code,0.0,0.0,1.0,0
pc-pc_social_review-i3-ro-o0-ll-c1-fx-56bd6c32a45b,PC,RO,pc_social_review,i3,0,letters,1,,valid,exact_code,0.0,0.0,1.0,0
pc-pc_social_review-i3-ro-o0-ln-c0-fx-33a039f1b228,PC,RO,pc_social_review,i3,0,numbers,0,,valid,exact_code,0.0,0.0,1.0,0
pc-pc_social_review-i3-ro-o0-ln-c1-fx-b682b79f222c,PC,RO,pc_social_review,i3,0,numbers,1,,valid,exact_code,0.0,0.0,1.0,0
pc-pc_social_review-i3-ro-o1-ll-c0-fx-188da27a76e7,PC,RO,pc_social_review,i3,1,letters,0,,valid,exact_code,0.0,0.0,0.0,0
pc-pc_social_review-i3-ro-o1-ll-c1-fx-f26743da6a66,PC,RO,pc_social_review,i3,1,letters,1,,valid,exact_code,0.0,0.0,0.0,0
pc-pc_social_review-i3-ro-o1-ln-c0-fx-1adbf8ffedbb,PC,RO,pc_social_review,i3,1,numbers,0,,valid,exact_code,0.0,0.0,0.0,0
pc-pc_social_review-i3-ro-o1-ln-c1-fx-547a28e21492,PC,RO,pc_social_review,i3,1,numbers,1,,valid,exact_code,0.0,0.0,0.0,0
pc-pc_social_review-i4-ar-o0-ll-c0-fe-5e3c34f30c7f,PC,AR,pc_social_review,i4,0,letters,0,enacted,valid,exact_code,0.0,0.0,1.0,1
pc-pc_social_review-i4-ar-o0-ll-c0-fh-235d4fcb34b8,PC,AR,pc_social_review,i4,0,letters,0,hypothetical,valid,exact_code,0.0,0.0,1.0,0
pc-pc_social_review-i4-ar-o0-ll-c1-fe-4e53ccca0c6e,PC,AR,pc_social_review,i4,0,letters,1,enacted,valid,exact_code,0.0,0.0,1.0,1
pc-pc_social_review-i4-ar-o0-ll-c1-fh-967de27fc67e,PC,AR,pc_social_review,i4,0,letters,1,hypothetical,valid,exact_code,0.0,0.0,1.0,0
pc-pc_social_review-i4-ar-o0-ln-c0-fe-16355bb31a7a,PC,AR,pc_social_review,i4,0,numbers,0,enacted,valid,exact_code,0.0,0.0,1.0,1
pc-pc_social_review-i4-ar-o0-ln-c0-fh-646294570c50,PC,AR,pc_social_review,i4,0,numbers,0,hypothetical,valid,exact_code,0.0,0.0,1.0,0
pc-pc_social_review-i4-ar-o0-ln-c1-fe-26a4b46c295f,PC,AR,pc_social_review,i4,0,numbers,1,enacted,valid,exact_code,0.0,0.0,1.0,1
pc-pc_social_review-i4-ar-o0-ln-c1-fh-804a9a626ba8,PC,AR,pc_social_review,i4,0,numbers,1,hypothetical,valid,exact_code,0.0,0.0,1.0,0
pc-pc_social_review-i4-ar-o1-ll-c0-fe-ad8d6106b9a6,PC,AR,pc_social_review,i4,1,letters,0,enacted,valid,exact_code,0.0,0.0,0.0,1
pc-pc_social_review-i4-ar-o1-ll-c0-fh-6ca85fab7560,PC,AR,pc_social_review,i4,1,letters,0,hypothetical,valid,exact_code,0.0,0.0,0.0,0
pc-pc_social_review-i4-ar-o1-ll-c1-fe-996a916bb8f2,PC,AR,pc_social_review,i4,1,letters,1,enacted,valid,exact_code,0.0,0.0,0.0,1
pc-pc_social_review-i4-ar-o1-ll-c1-fh-de74232fdc00,PC,AR,pc_social_review,i4,1,letters,1,hypothetical,valid,exact_code,0.0,0.0,0.0,0
pc-pc_social_review-i4-ar-o1-ln-c0-fe-c626a212ab41,PC,AR,pc_social_review,i4,1,numbers,0,enacted,valid,exact_code,0.0,0.0,0.0,1
pc-pc_social_review-i4-ar-o1-ln-c0-fh-1e72d687bdf6,PC,AR,pc_social_review,i4,1,numbers,0,hypothetical,valid,exact_code,0.0,0.0,0.0,0
pc-pc_social_review-i4-ar-o1-ln-c1-fe-99a994470f14,PC,AR,pc_social_review,i4,1,numbers,1,enacted,valid,exact_code,0.0,0.0,0.0,1
pc-pc_social_review-i4-ar-o1-ln-c1-fh-04fb9856f2df,PC,AR,pc_social_review,i4,1,numbers,1,hypothetical,valid,exact_code,0.0,0.0,0.0,0
pc-pc_social_review-i4-ro-o0-ll-c0-fx-490b5b73a892,PC,RO,pc_social_review,i4,0,letters,0,,valid,exact_code,0.0,0.0,1.0,0
pc-pc_social_review-i4-ro-o0-ll-c1-fx-050e5fc82f6c,PC,RO,pc_social_review,i4,0,letters,1,,valid,exact_code,0.0,0.0,1.0,0
pc-pc_social_review-i4-ro-o0-ln-c0-fx-36c9407b940e,PC,RO,pc_social_review,i4,0,numbers,0,,valid,exact_code,0.0,0.0,1.0,0
pc-pc_social_review-i4-ro-o0-ln-c1-fx-8529f9eb0c55,PC,RO,pc_social_review,i4,0,numbers,1,,valid,exact_code,0.0,0.0,1.0,0
pc-pc_social_review-i4-ro-o1-ll-c0-fx-d73633a5239e,PC,RO,pc_social_review,i4,1,letters,0,,valid,exact_code,0.0,0.0,0.0,0
pc-pc_social_review-i4-ro-o1-ll-c1-fx-5c5a7b6b6759,PC,RO,pc_social_review,i4,1,letters,1,,valid,exact_code,0.0,0.0,0.0,0
pc-pc_social_review-i4-ro-o1-ln-c0-fx-36e2b363537a,PC,RO,pc_social_review,i4,1,numbers,0,,valid,exact_code,0.0,0.0,0.0,0
pc-pc_social_review-i4-ro-o1-ln-c1-fx-3fca9e522204,PC,RO,pc_social_review,i4,1,numbers,1,,valid,exact_code,0.0,0.0,0.0,0
