item_id,scenario_id,channel,family,q_pole_0,q_pole_1,margin,margin_finite
ar-ar_component_library-i0-ar-o0-ll-c0-fe-5e2bfab31ea4,ar_component_library,AR,AR,-0.1907532988116145,-1.8083777158899466,-1.617624417078332,1
ar-ar_component_library-i0-ar-o0-ll-c0-fh-ba43613cb0e8,ar_component_library,AR,AR,-0.02151289882021956,-4.021178841587698,-3.9996659427674786,1
ar-ar_component_library-i0-ar-o0-ll-c1-fe-d24e8eaf1456,ar_component_library,AR,AR,-0.08211568574188277,-2.5812013149256927,-2.49908562918381,1
ar-ar_component_library-i0-ar-o0-ll-c1-fh-6abd9e7eba1f,ar_component_library,AR,AR,-0.09310838831879664,-2.4680097103116623,-2.3749013219928656,1
ar-ar_component_library-i0-ar-o0-ln-c0-fe-6bf0303cebd1,ar_component_library,AR,AR,-0.1191454385407269,-2.2401076546884724,-2.1209622161477455,1
ar-ar_component_library-i0-ar-o0-ln-c0-fh-3b2b9f44ebe6,ar_component_library,AR,AR,-0.014583321069949307,-4.389460921286627,-4.374877600216678,1
ar-ar_component_library-i0-ar-o0-ln-c1-fe-06e09cf359cd,ar_component_library,AR,AR,-0.10339639813173562,-2.35206925868971,-2.248672860557974,1
ar-ar_component_library-i0-ar-o0-ln-c1-fh-937b9e1b5746,ar_component_library,AR,AR,-0.07332236590445973,-2.697985649108773,-2.6246632832043133,1
ar-ar_component_library-i0-ar-o1-ll-c0-fe-f63989a2b39b,ar_component_library,AR,AR,-1.5060784816735122,-0.25855677644722164,1.2475217052262906,1
ar-ar_component_library-i0-ar-o1-ll-c0-fh-f22472a0342e,ar_component_library,AR,AR,-0.980837225913092,-0.48126917632180266,0.4995680495912893,1
ar-ar_component_library-i0-ar-o1-ll-c1-fe-80bf61e06d39,ar_component_library,AR,AR,-0.6359035244386178,-0.7788949199020863,-0.1429913954634685,1
ar-ar_component_library-i0-ar-o1-ll-c1-fh-ba0fa3fcedee,ar_component_library,AR,AR,-2.02188098430247,-0.1482053231447935,1.8736756611576766,1
ar-ar_component_library-i0-ar-o1-ln-c0-fe-fe9a06f054b3,ar_component_library,AR,AR,-1.316223025321392,-0.31902854796499014,0.9971944773564019,1
ar-ar_component_library-i0-ar-o1-ln-c0-fh-2a8c1258b75d,ar_component_library,AR,AR,-1.410954117774736,-0.28712564520537853,1.1238284725693575,1
ar-ar_component_library-i0-ar-o1-ln-c1-fe-42b5b7817db2,ar_component_library,AR,AR,-1.2264782188794925,-0.3581766956485808,0.8683015232309117,1
ar-ar_component_library-i0-ar-o1-ln-c1-fh-ec629aa07785,ar_component_library,AR,AR,-2.814664602278981,-0.0648673490359215,2.7497972532430595,1
ar-ar_component_library-i0-ro-o0-ll-c0-fx-e7c4499a3778,ar_component_library,RO,AR,-3.1737247705434584,-0.04872507229106304,3.1249996982523953,1
ar-ar_component_library-i0-ro-o0-ll-c1-fx-c63ace27368d,ar_component_library,RO,AR,-0.011792145666959186,-4.6368012427628855,-4.625009097095926,1
ar-ar_component_library-i0-ro-o0-ln-c0-fx-da4f020603f1,ar_component_library,RO,AR,-2.9363514184939277,-0.06135125458138191,2.8750001639125458,1
ar-ar_component_library-i0-ro-o0-ln-c1-fx-6f6b9250dc0e,ar_component_library,RO,AR,-0.014262895098909212,-4.38926720617701,-4.375004311078101,1
ar-ar_component_library-i0-ro-o1-ll-c0-fx-481e66c32e30,ar_component_library,RO,AR,-3.4118697642625193,-0.0368618033767234,3.375007960885796,1
ar-ar_component_library-i0-ro-o1-ll-c1-fx-688a9593a0b1,ar_component_library,RO,AR,-0.019708732131675788,-4.1447058916071455,-4.12499715947547,1
ar-ar_component_library-i0-ro-o1-ln-c0-fx-d7d9d8e6c7e9,ar_component_library,RO,AR,-3.5322060584908286,-0.032203048466271866,3.5000030100245567,1
ar-ar_component_library-i0-ro-o1-ln-c1-fx-6df1ecad9e79,ar_component_library,RO,AR,-0.054207425560434785,-3.0542056560509536,-2.999998230490519,1
ar-ar_component_library-i1-ar-o0-ll-c0-fe-2f6c762eb8e0,ar_component_library,AR,AR,-0.09802260156720877,-2.4678989975946024,-2.3698763960273936,1
ar-ar_component_library-i1-ar-o0-ll-c0-fh-91c1696a8513,ar_component_library,AR,AR,-0.02680895250523463,-3.7763314246449227,-3.749522472139688,1
ar-ar_component_library-i1-ar-o0-ll-c1-fe-f59a39fd778f,ar_component_library,AR,AR,-0.05773417686577886,-2.9318220615382415,-2.8740878846724627,1
ar-ar_component_library-i1-ar-o0-ll-c1-fh-9bf8a4200f9e,ar_component_library,AR,AR,-0.09225551239796914,-2.467095613479387,-2.3748401010814177,1
ar-ar_component_library-i1-ar-o0-ln-c0-fe-cea25174b402,ar_component_library,AR,AR,-0.09558568894863129,-2.46668718617002,-2.371101497221389,1
ar-ar_component_library-i1-ar-o0-ln-c0-fh-303124e46f2b,ar_component_library,AR,AR,-0.020595602109096944,-4.020367026326539,-3.9997714242174425,1
ar-ar_component_library-i1-ar-o0-ln-c1-fe-9b2ad3080033,ar_component_library,AR,AR,-0.07237889058887959,-2.6963459253307747,-2.623967034741895,1
ar-ar_component_library-i1-ar-o0-ln-c1-fh-5920ce2643a9,ar_component_library,AR,AR,-0.07266352621081751,-2.6974321603774456,-2.624768634166628,1
ar-ar_component_library-i1-ar-o1-ll-c0-fe-6c5dcf7e2f12,ar_component_library,AR,AR,-1.8083699941629447,-0.18617544253356755,1.6221945516293772,1
ar-ar_component_library-i1-ar-o1-ll-c0-fh-7efe9acf3bdc,ar_component_library,AR,AR,-1.3183239698406624,-0.3192363977432251,0.9990875720974373,1
ar-ar_component_library-i1-ar-o1-ll-c1-fe-8d4c0d4e6858,ar_component_library,AR,AR,-0.9026334696100093,-0.5411699377000332,0.36146353190997615,1
ar-ar_component_library-i1-ar-o1-ll-c1-fh-63717e6c290e,ar_component_library,AR,AR,-2.021552562562647,-0.14846500696148723,1.8730875556011597,1
ar-ar_component_library-i1-ar-o1-ln-c0-fe-a189d06d0805,ar_component_library,AR,AR,-1.9124261140819954,-0.16602637385949492,1.7463997402225004,1
ar-ar_component_library-i1-ar-o1-ln-c0-fh-ef90fba2d50f,ar_component_library,AR,AR,-1.808125972747689,-0.18482903484255075,1.6232969379051383,1
ar-ar_component_library-i1-ar-o1-ln-c1-fe-6058fe46172c,ar_component_library,AR,AR,-1.1405608554778155,-0.40017631091177464,0.7403845445660409,1
ar-ar_component_library-i1-ar-o1-ln-c1-fh-c5f34a85a190,ar_component_library,AR,AR,-2.4670205116231045,-0.09282247355440632,2.3741980380686982,1
ar-ar_component_library-i1-ro-o0-ll-c0-fx-f3612d6ebd1d,ar_component_library,RO,AR,-2.70262563228448,-0.07762642204420445,2.6249992102402757,1
ar-ar_component_library-i1-ro-o0-ll-c1-fx-739e2565fc4c,ar_component_library,RO,AR,-0.026301993056108586,-3.776306867580388,-3.7500048745242793,1
ar-ar_component_library-i1-ro-o0-ln-c0-fx-a572953f80d8,ar_component_library,RO,AR,-2.4724301099771537,-0.09743020683458781,2.374999903142566,1
ar-ar_component_library-i1-ro-o0-ln-c1-fx-b576345b021c,ar_component_library,RO,AR,-0.026023605838247477,-3.776025772090634,-3.7500021662523864,1
ar-ar_component_library-i1-ro-o1-ll-c0-fx-e4445a7e8464,ar_component_library,RO,AR,-2.816351890533042,-0.06634540110724174,2.7500064894258003,1
ar-ar_component_library-i1-ro-o1-ll-c1-fx-c532222d6795,ar_component_library,RO,AR,-0.04378750174100787,-3.293784141539504,-3.2499966397984963,1
ar-ar_component_library-i1-ro-o1-ln-c0-fx-853085c5eebc,ar_component_library,RO,AR,-2.933485150330398,-0.05848198011500472,2.8750031702153933,1
ar-ar_component_library-i1-ro-o1-ln-c1-fx-a3e134bc14c5,ar_component_library,RO,AR,-0.07756828516380665,-2.7025665044781135,-2.624998219314307,1
ar-ar_component_library-i2-ar-o0-ll-c0-fe-26e779c0dfc5,ar_component_library,AR,AR,-0.3250654023140669,-1.3169388765236363,-0.9918734742095694,1
ar-ar_component_library-i2-ar-o0-ll-c0-fh-a559f54ff3b0,ar_component_library,AR,AR,-0.037942085531540215,-3.412235140789562,-3.374293055258022,1
ar-ar_component_library-i2-ar-o0-ll-c1-fe-b1dcbc3ce9a2,ar_component_library,AR,AR,-0.09320328233297914,-2.466273665427991,-2.373070383095012,1
ar-ar_component_library-i2-ar-o0-ll-c1-fh-2fc3317e1a53,ar_component_library,AR,AR,-0.14776758837979287,-2.0217324495313846,-1.8739648611515918,1
ar-ar_component_library-i2-ar-o0-ln-c0-fe-6d5cf3e81c98,ar_component_library,AR,AR,-0.20804324746131897,-1.7040053597629594,-1.4959621123016404,1
ar-ar_component_library-i2-ar-o0-ln-c0-fh-c8b1a283bab4,ar_component_library,AR,AR,-0.02314656539238058,-3.897812485692839,-3.8746659203004583,1
ar-ar_component_library-i2-ar-o0-ln-c1-fe-d71caf2c4436,ar_component_library,AR,AR,-0.14686858630739152,-2.01939225196827,-1.8725236656608786,1
ar-ar_component_library-i2-ar-o0-ln-c1-fh-e670eb9a606c,ar_component_library,AR,AR,-0.11699217685963959,-2.2409582138060387,-2.123966036946399,1
ar-ar_component_library-i2-ar-o1-ll-c0-fe-c3318c26c9ac,ar_component_library,AR,AR,-1.808814644812628,-0.1866201520897448,1.6221944927228833,1
ar-ar_component_library-i2-ar-o1-ll-c0-fh-c26e919d115f,ar_component_library,AR,AR,-1.3190491199486587,-0.320552438730374,0.9984966812182847,1
ar-ar_component_library-i2-ar-o1-ll-c1-fe-3a80f7dca21b,ar_component_library,AR,AR,-0.6361790923692752,-0.771891419775784,-0.13571232740650885,1
ar-ar_component_library-i2-ar-o1-ll-c1-fh-1cf5ae2ee41c,ar_component_library,AR,AR,-2.2419018745131325,-0.11839837639126927,2.1235034981218632,1
ar-ar_component_library-i2-ar-o1-ln-c0-fe-3a9f9910ce6f,ar_component_library,AR,AR,-1.703850388526348,-0.20603553229011595,1.4978148562362321,1
ar-ar_component_library-i2-ar-o1-ln-c0-fh-c3237e8f2e3e,ar_component_library,AR,AR,-1.6044461727138923,-0.23061722377315164,1.3738289489407407,1
ar-ar_component_library-i2-ar-o1-ln-c1-fe-8b2bbba3274a,ar_component_library,AR,AR,-1.1398278457199922,-0.3964844518341124,0.7433433938858798,1
ar-ar_component_library-i2-ar-o1-ln-c1-fh-53ffa13d49ba,ar_component_library,AR,AR,-2.9328143596615064,-0.058192508411593735,2.8746218512499127,1
ar-ar_component_library-i2-ro-o0-ll-c0-fx-e358db2a956f,ar_component_library,RO,AR,-3.17436254024301,-0.049363080408738824,3.124999459834271,1
ar-ar_component_library-i2-ro-o0-ll-c1-fx-284fe5e525ac,ar_component_library,RO,AR,-0.02961102872882293,-3.6546144485323566,-3.6250034198035337,1
ar-ar_component_library-i2-ro-o0-ln-c0-fx-3a86b351bd6d,ar_component_library,RO,AR,-3.0549780130373847,-0.054977957158257595,3.000000055879127,1
ar-ar_component_library-i2-ro-o0-ln-c1-fx-8b64876df484,ar_component_library,RO,AR,-0.022796140983246005,-3.897798061366757,-3.875001920383511,1
ar-ar_component_library-i2-ro-o1-ll-c0-fx-d0fe4702cb9f,ar_component_library,RO,AR,-2.9345359802005078,-0.05953111871872352,2.8750048614817842,1
ar-ar_component_library-i2-ro-o1-ll-c1-fx-a9637a6a606a,ar_component_library,RO,AR,-0.04373827575955147,-3.29373657703195,-3.2499983012723987,1
ar-ar_component_library-i2-ro-o1-ln-c0-fx-b6bb3c047210,ar_component_library,RO,AR,-3.532312989228103,-0.03231002017821538,3.5000029690498877,1
ar-ar_component_library-i2-ro-o1-ln-c1-fx-4d2acd9926b9,ar_component_library,RO,AR,-0.08671431988227596,-2.5867133140557144,-2.4999989941734384,1
ar-ar_component_library-i3-ar-o0-ll-c0-fe-d3f1b57f3fe3,ar_component_library,AR,AR,-0.08415030129253864,-2.712266477756202,-2.6281161764636636,1
ar-ar_component_library-i3-ar-o0-ll-c0-fh-59ba7c3108b4,ar_component_library,AR,AR,-0.02342522714752704,-4.022048226979678,-3.9986229998321505,1
ar-ar_component_library-i3-ar-o0-ll-c1-fe-b38fa2e45ba2,ar_component_library,AR,AR,-0.01759429438970983,-4.3889926671965895,-4.37139837280688,1
ar-ar_component_library-i3-ar-o0-ll-c1-fh-310060c4b38d,ar_component_library,AR,AR,-0.029260232877277303,-3.6541727781292366,-3.6249125452519593,1
ar-ar_component_library-i3-ar-o0-ln-c0-fe-96f363c55d86,ar_component_library,AR,AR,-0.043464413145557046,-3.291367472265847,-3.24790305912029,1
ar-ar_component_library-i3-ar-o0-ln-c0-fh-08edce9405bd,ar_component_library,AR,AR,-0.017098102252930403,-4.2665486335681635,-4.249450531315233,1
ar-ar_component_library-i3-ar-o0-ln-c1-fe-f520cdc82539,ar_component_library,AR,AR,-0.032715361565351486,-3.774098157882463,-3.7413827963171116,1
ar-ar_component_library-i3-ar-o0-ln-c1-fh-bee5f58dcb5c,ar_component_library,AR,AR,-0.036273083911510184,-3.410840392112675,-3.374567308201165,1
ar-ar_component_library-i3-ar-o1-ll-c0-fe-52041515cc1e,ar_component_library,AR,AR,-2.5819715261438887,-0.10827568173408508,2.4736958444098036,1
ar-ar_component_library-i3-ar-o1-ll-c0-fh-083186afc245,ar_component_library,AR,AR,-2.022784948347635,-0.14827449474250898,1.8745104536051258,1
ar-ar_component_library-i3-ar-o1-ll-c1-fe-a60d0c48616b,ar_component_library,AR,AR,-1.1501726238057017,-0.41366314329206944,0.7365094805136323,1
ar-ar_component_library-i3-ar-o1-ll-c1-fh-4a02faf5b033,ar_component_library,AR,AR,-1.6055537383363117,-0.24018567614257336,1.3653680621937383,1
ar-ar_component_library-i3-ar-o1-ln-c0-fe-4fb9b654a34c,ar_component_library,AR,AR,-2.3517117500291533,-0.1353609263896942,2.216350823639459,1
ar-ar_component_library-i3-ar-o1-ln-c0-fh-810c1367bd72,ar_component_library,AR,AR,-2.0214881896970383,-0.14929502131417394,1.8721931683828643,1
ar-ar_component_library-i3-ar-o1-ln-c1-fe-b3f643883d71,ar_component_library,AR,AR,-1.4100034522125497,-0.2935890406370163,1.1164144115755334,1
ar-ar_component_library-i3-ar-o1-ln-c1-fh-0ada5b5b1cba,ar_component_library,AR,AR,-2.3535206317710617,-0.10570005443878472,2.247820577332277,1
ar-ar_component_library-i3-ro-o0-ll-c0-fx-400f783997ab,ar_component_library,RO,AR,-3.058295965193679,-0.05829735472389075,2.999998610469788,1
ar-ar_component_library-i3-ro-o0-ll-c1-fx-f09066608693,ar_component_library,RO,AR,-0.042892724275020555,-3.2928950786536006,-3.25000235437858,1
ar-ar_component_library-i3-ro-o0-ln-c0-fx-d7c6d007a7a3,ar_component_library,RO,AR,-2.705100178718226,-0.0801006034009788,2.624999575317247,1
ar-ar_component_library-i3-ro-o0-ln-c1-fx-05353e11cbc1,ar_component_library,RO,AR,-0.029771851375244296,-3.6547737121541104,-3.625001860778866,1
ar-ar_component_library-i3-ro-o1-ll-c0-fx-c529f1308c51,ar_component_library,RO,AR,-2.24622678755577,-0.12122318893602824,2.1250035986197418,1
ar-ar_component_library-i3-ro-o1-ll-c1-fx-0666fd4298a8,ar_component_library,RO,AR,-0.03744443132336528,-3.537441015242507,-3.499996583919142,1
ar-ar_component_library-i3-ro-o1-ln-c0-fx-3170c8840e6d,ar_component_library,RO,AR,-2.9343549013069605,-0.05935210734571683,2.8750027939612437,1
ar-ar_component_library-i3-ro-o1-ln-c1-fx-16500cfdeecf,ar_component_library,RO,AR,-0.06368108093329283,-2.9386790990826057,-2.874998018149313,1
ar-ar_component_library-i4-ar-o0-ll-c0-fe-3bbe1324f1a9,ar_component_library,AR,AR,-0.15305609861388803,-2.021464578458108,-1.86840847984422,1
ar-ar_component_library-i4-ar-o0-ll-c0-fh-06806290a89f,ar_component_library,AR,AR,-0.026797348109539598,-3.7763117551735377,-3.749514407063998,1
ar-ar_component_library-i4-ar-o0-ll-c1-fe-11c62b036126,ar_component_library,AR,AR,-0.11756952735595405,-2.240866541860896,-2.123297014504942,1
ar-ar_component_library-i4-ar-o0-ll-c1-fh-661bf29ff1f1,ar_component_library,AR,AR,-0.1318873013369739,-2.1308518648145878,-1.9989645634776139,1
ar-ar_component_library-i4-ar-o0-ln-c0-fe-4cda24fd2160,ar_component_library,AR,AR,-0.10630758036859334,-2.352753518924146,-2.246445938555553,1
ar-ar_component_library-i4-ar-o0-ln-c0-fh-66e64a4f17f1,ar_component_library,AR,AR,-0.020696899460745044,-4.020518898961882,-3.999821999501137,1
ar-ar_component_library-i4-ar-o0-ln-c1-fe-e6a528bb8e5d,ar_component_library,AR,AR,-0.13131715217605233,-2.128840923308644,-1.9975237711325917,1
ar-ar_component_library-i4-ar-o0-ln-c1-fh-37ba0463c51e,ar_component_library,AR,AR,-0.13171463937032968,-2.1303871870040325,-1.9986725476337028,1
ar-ar_component_library-i4-ar-o1-ll-c0-fe-cb684cca1de4,ar_component_library,AR,AR,-1.7054575681668211,-0.21007853467017412,1.495379033496647,1
ar-ar_component_library-i4-ar-o1-ll-c0-fh-b6ba3cd1c82a,ar_component_library,AR,AR,-1.0594515800471527,-0.4372586188837886,0.6221929611633641,1
ar-ar_component_library-i4-ar-o1-ll-c1-fe-3cfc84615269,ar_component_library,AR,AR,-1.0580419253965374,-0.44897957891225815,0.6090623464842793,1
ar-ar_component_library-i4-ar-o1-ll-c1-fh-d28258d07ea5,ar_component_library,AR,AR,-2.241786122314352,-0.11810935835819691,2.123676763956155,1
ar-ar_component_library-i4-ar-o1-ln-c0-fe-a87e744326d6,ar_component_library,AR,AR,-1.703917264937445,-0.20853784820064902,1.495379416736796,1
ar-ar_component_library-i4-ar-o1-ln-c0-fh-9b67e3dce9ce,ar_component_library,AR,AR,-1.4105169773100101,-0.2901386320590973,1.1203783452509128,1
ar-ar_component_library-i4-ar-o1-ln-c1-fe-99d828899c80,ar_component_library,AR,AR,-1.505332110929885,-0.2612086543813348,1.2441234565485502,1
ar-ar_component_library-i4-ar-o1-ln-c1-fh-e96f1c74e75d,ar_component_library,AR,AR,-2.8150944709755095,-0.06547308916924521,2.7496213818062643,1
ar-ar_component_library-i4-ro-o0-ll-c0-fx-1b9fab7d0bdf,ar_component_library,RO,AR,-3.054911732671144,-0.05491236224361273,2.999999370427531,1
ar-ar_component_library-i4-ro-o0-ll-c1-fx-bdf52d6812bc,ar_component_library,RO,AR,-0.029227653516272767,-3.654234528501547,-3.6250068749852744,1
ar-ar_component_library-i4-ro-o0-ln-c0-fx-0f85483d67c0,ar_component_library,RO,AR,-2.818376064299514,-0.06837589293650126,2.7500001713630127,1
ar-ar_component_library-i4-ro-o0-ln-c1-fx-8d49ad551b42,ar_component_library,RO,AR,-0.032230488955747205,-3.5322338342580224,-3.500003345302275,1
ar-ar_component_library-i4-ro-o1-ll-c0-fx-7f14e466a689,ar_component_library,RO,AR,-2.355099439555488,-0.105090171096208,2.25000926845928,1
ar-ar_component_library-i4-ro-o1-ll-c1-fx-ff4c67041faf,ar_component_library,RO,AR,-0.03478182850767553,-3.534778475759367,-3.4999966472516917,1
ar-ar_component_library-i4-ro-o1-ln-c0-fx-852941b4af5b,ar_component_library,RO,AR,-3.051656007755355,-0.05165196582640874,3.000004041928946,1
ar-ar_component_library-i4-ro-o1-ln-c1-fx-e3324f9b51e1,ar_component_library,RO,AR,-0.07701580226080296,-2.702014446257863,-2.62499864399706,1
ar-ar_docsection_readme-i0-ar-o0-ll-c0-fe-01ca8eb529f1,ar_docsection_readme,AR,AR,-0.04801284009590745,-3.1937884651124477,-3.1457756250165403,1
ar-ar_docsection_readme-i0-ar-o0-ll-c0-fh-3cc89c1dbb8b,ar_docsection_readme,AR,AR,-0.05880786123452708,-2.934269812423736,-2.8754619511892088,1
ar-ar_docsection_readme-i0-ar-o0-ll-c1-fe-314427606405,ar_docsection_readme,AR,AR,-0.05507107079029083,-3.2890311479562797,-3.233960077165989,1
ar-ar_docsection_readme-i0-ar-o0-ll-c1-fh-a5eabda11be0,ar_docsection_readme,AR,AR,-0.05205667938571423,-3.050125002860682,-2.9980683234749677,1
ar-ar_docsection_readme-i0-ar-o0-ln-c0-fe-bdbd741bc831,ar_docsection_readme,AR,AR,-0.051146868558134884,-3.0579521018080413,-3.0068052332499065,1
ar-ar_docsection_readme-i0-ar-o0-ln-c0-fh-0b160d6ae4bb,ar_docsection_readme,AR,AR,-0.06495755672222003,-2.8151148114702664,-2.7501572547480464,1
ar-ar_docsection_readme-i0-ar-o0-ln-c1-fe-34b9af83cd81,ar_docsection_readme,AR,AR,-0.06195137836039066,-3.288703322410413,-3.2267519440500223,1
ar-ar_docsection_readme-i0-ar-o0-ln-c1-fh-ef2ced128fce,ar_docsection_readme,AR,AR,-0.03608817665372044,-3.409584403037968,-3.3734962263842476,1
ar-ar_docsection_readme-i0-ar-o1-ll-c0-fe-96af01b7b9d0,ar_docsection_readme,AR,AR,-2.8131484985347015,-0.07566360477358103,2.7374848937611205,1
ar-ar_docsection_readme-i0-ar-o1-ll-c0-fh-0e1950c5ddfc,ar_docsection_readme,AR,AR,-2.352601170539515,-0.10508046229369938,2.2475207082458155,1
ar-ar_docsection_readme-i0-ar-o1-ll-c1-fe-3ccec6640965,ar_docsection_readme,AR,AR,-3.0585954589769244,-0.05346076702699065,3.0051346919499338,1
ar-ar_docsection_readme-i0-ar-o1-ll-c1-fh-dbe406fa1dbd,ar_docsection_readme,AR,AR,-2.5832294546999037,-0.08412628737278283,2.499103167327121,1
ar-ar_docsection_readme-i0-ar-o1-ln-c0-fe-1f57358802c9,ar_docsection_readme,AR,AR,-2.695787072181531,-0.08894107677042484,2.6068459954111063,1
ar-ar_docsection_readme-i0-ar-o1-ln-c0-fh-b5ad8c04b6dd,ar_docsection_readme,AR,AR,-2.813346624374276,-0.0665265133138746,2.7468201110604014,1
ar-ar_docsection_readme-i0-ar-o1-ln-c1-fe-2d6645fe6893,ar_docsection_readme,AR,AR,-3.1741994847543538,-0.045380834373645484,3.1288186503807083,1
ar-ar_docsection_readme-i0-ar-o1-ln-c1-fh-0ed526726579,ar_docsection_readme,AR,AR,-2.4670839040045394,-0.09218735570902936,2.37489654829551,1
ar-ar_docsection_readme-i0-ro-o0-ll-c0-fx-f4796f84c979,ar_docsection_readme,RO,AR,-2.0240223407740814,-0.14902414381094786,1.8749981969631335,1
ar-ar_docsection_readme-i0-ro-o0-ll-c1-fx-56c4e8363d8a,ar_docsection_readme,RO,AR,-0.018732817841055294,-4.143736839275334,-4.125004021434279,1
ar-ar_docsection_readme-i0-ro-o0-ln-c0-fx-afc47d2f0049,ar_docsection_readme,RO,AR,-1.6103062629697433,-0.23530787229287853,1.3749983906768648,1
ar-ar_docsection_readme-i0-ro-o0-ln-c1-fx-ed136d254429,ar_docsection_readme,RO,AR,-0.020626824348482842,-4.020629286759231,-4.000002462410748,1
ar-ar_docsection_readme-i0-ro-o1-ll-c0-fx-6f6297160e21,ar_docsection_readme,RO,AR,-4.021219491927695,-0.021214418109138933,4.000005073818556,1
ar-ar_docsection_readme-i0-ro-o1-ll-c1-fx-407bc5aa72bf,ar_docsection_readme,RO,AR,-0.08424367755310413,-2.5842423439019058,-2.4999986663488016,1
ar-ar_docsection_readme-i0-ro-o1-ln-c0-fx-2904352936bf,ar_docsection_readme,RO,AR,-4.143492698660339,-0.01849024370153529,4.125002454958803,1
ar-ar_docsection_readme-i0-ro-o1-ln-c1-fx-7703a1d81a7e,ar_docsection_readme,RO,AR,-0.18990848958287643,-1.8149074316020233,-1.6249989420191469,1
ar-ar_docsection_readme-i1-ar-o0-ll-c0-fe-320d1ead41a6,ar_docsection_readme,AR,AR,-0.03825186379253864,-3.46681335195899,-3.4285614881664515,1
ar-ar_docsection_readme-i1-ar-o0-ll-c0-fh-2ec558b1f9fa,ar_docsection_readme,AR,AR,-0.03794750908855349,-3.420761287212372,-3.3828137781238183,1
ar-ar_docsection_readme-i1-ar-o0-ll-c1-fe-b28d60470a3c,ar_docsection_readme,AR,AR,-0.047119734808802605,-3.409606456756478,-3.3624867219476755,1
ar-ar_docsection_readme-i1-ar-o0-ll-c1-fh-bd7b39725ebb,ar_docsection_readme,AR,AR,-0.05207970610354096,-3.050375342368909,-2.998295636265368,1
ar-ar_docsection_readme-i1-ar-o0-ln-c0-fe-485bb101110a,ar_docsection_readme,AR,AR,-0.04580066812923178,-3.2082194201648235,-3.1624187520355918,1
ar-ar_docsection_readme-i1-ar-o0-ln-c0-fh-77d07c090af6,ar_docsection_readme,AR,AR,-0.05813883774681017,-2.9381718365475535,-2.8800329988007434,1
ar-ar_docsection_readme-i1-ar-o0-ln-c1-fe-8196c6dca5b0,ar_docsection_readme,AR,AR,-0.05014174431562424,-3.651893973350468,-3.601752229034844,1
ar-ar_docsection_readme-i1-ar-o0-ln-c1-fh-d74ee5e1293b,ar_docsection_readme,AR,AR,-0.042777820490300655,-3.289176225662203,-3.2463984051719024,1
ar-ar_docsection_readme-i1-ar-o1-ll-c0-fe-fe35bc2427d1,ar_docsection_readme,AR,AR,-3.0497956275938805,-0.06396297086030245,2.985832656733578,1
ar-ar_docsection_readme-i1-ar-o1-ll-c0-fh-012580854bbb,ar_docsection_readme,AR,AR,-2.3531056642530643,-0.10591280763037503,2.2471928566226893,1
ar-ar_docsection_readme-i1-ar-o1-ll-c1-fe-7f20af2abfa1,ar_docsection_readme,AR,AR,-3.187172444537282,-0.04763732245191932,3.1395351220853627,1
ar-ar_docsection_readme-i1-ar-o1-ll-c1-fh-853053bd2867,ar_docsection_readme,AR,AR,-2.9421830885112286,-0.060494944103993475,2.881688144407235,1
ar-ar_docsection_readme-i1-ar-o1-ln-c0-fe-2f070523da05,ar_docsection_readme,AR,AR,-3.1687947511672405,-0.07009783573448658,3.098696915432754,1
ar-ar_docsection_readme-i1-ar-o1-ln-c0-fh-e32632c86c9f,ar_docsection_readme,AR,AR,-2.696527004241915,-0.07676249882206321,2.6197645054198517,1
ar-ar_docsection_readme-i1-ar-o1-ln-c1-fe-7994c5aad430,ar_docsection_readme,AR,AR,-3.42313760984689,-0.036429692117962986,3.386707917728927,1
ar-ar_docsection_readme-i1-ar-o1-ln-c1-fh-13c982994e35,ar_docsection_readme,AR,AR,-2.702972917817533,-0.07406070933211595,2.628912208485417,1
ar-ar_docsection_readme-i1-ro-o0-ll-c0-fx-ce1101144f01,ar_docsection_readme,RO,AR,-1.6092280149455291,-0.23423008620284236,1.3749979287426868,1
ar-ar_docsection_readme-i1-ro-o0-ll-c1-fx-91f2c13bd5c1,ar_docsection_readme,RO,AR,-0.030070370061594076,-3.655075669264079,-3.625005299202485,1
ar-ar_docsection_readme-i1-ro-o0-ln-c0-fx-e08a994b771e,ar_docsection_readme,RO,AR,-1.1497566699979416,-0.39975744485730047,0.7499992251406411,1
ar-ar_docsection_readme-i1-ro-o0-ln-c1-fx-1e3c3e4cdf81,ar_docsection_readme,RO,AR,-0.023570835589794115,-3.898573160166052,-3.8750023245762577,1
ar-ar_docsection_readme-i1-ro-o1-ll-c0-fx-ed6c9056b99b,ar_docsection_readme,RO,AR,-3.413344025587321,-0.0383391305783789,3.375004895008942,1
ar-ar_docsection_readme-i1-ro-o1-ll-c1-fx-8dabef53fd18,ar_docsection_readme,RO,AR,-0.12035627662885418,-2.2453548908229095,-2.1249986141940553,1
ar-ar_docsection_readme-i1-ro-o1-ln-c0-fx-c582607f9aa8,ar_docsection_readme,RO,AR,-3.6550511121681666,-0.030048489569935555,3.625002622598231,1
ar-ar_docsection_readme-i1-ro-o1-ln-c1-fx-d29468ef5380,ar_docsection_readme,RO,AR,-0.23712508380344843,-1.6121245622632614,-1.374999478459813,1
ar-ar_docsection_readme-i2-ar-o0-ll-c0-fe-3abed8297c11,ar_docsection_readme,AR,AR,-0.04188855492975563,-3.311403824016452,-3.269515269086696,1
ar-ar_docsection_readme-i2-ar-o0-ll-c0-fh-027dd0e4c7a4,ar_docsection_readme,AR,AR,-0.03750754677457735,-3.413162289885804,-3.3756547431112267,1
ar-ar_docsection_readme-i2-ar-o0-ll-c1-fe-1eafc4ed6a48,ar_docsection_readme,AR,AR,-0.05161235062405467,-3.1690037250516525,-3.117391374427598,1
ar-ar_docsection_readme-i2-ar-o0-ll-c1-fh-8a328000c82e,ar_docsection_readme,AR,AR,-0.06011799070984125,-2.931515693664096,-2.871397702954255,1
ar-ar_docsection_readme-i2-ar-o0-ln-c0-fe-8eac59e75b1c,ar_docsection_readme,AR,AR,-0.051014631462749094,-3.0646289689466357,-3.0136143374838866,1
ar-ar_docsection_readme-i2-ar-o0-ln-c0-fh-24023d1dce79,ar_docsection_readme,AR,AR,-0.051615353440865874,-3.0516334671265213,-3.0000181136856554,1
ar-ar_docsection_readme-i2-ar-o0-ln-c1-fe-136ac0fa02be,ar_docsection_readme,AR,AR,-0.06186659820377827,-3.0493551492689335,-2.987488551065155,1
ar-ar_docsection_readme-i2-ar-o0-ln-c1-fh-1a464001fe8b,ar_docsection_readme,AR,AR,-0.05564963072538376,-3.049719572067147,-2.9940699413417633,1
ar-ar_docsection_readme-i2-ar-o1-ll-c0-fe-97b671fbe304,ar_docsection_readme,AR,AR,-2.6962189674375168,-0.08227061573415995,2.613948351703357,1
ar-ar_docsection_readme-i2-ar-o1-ll-c0-fh-9e7fa0210094,ar_docsection_readme,AR,AR,-2.2405396699901985,-0.12225787760689855,2.1182817923833,1
ar-ar_docsection_readme-i2-ar-o1-ll-c1-fe-f739c97da748,ar_docsection_readme,AR,AR,-3.0548854374792427,-0.052608136902563274,3.0022773005766794,1
ar-ar_docsection_readme-i2-ar-o1-ll-c1-fh-39a1d7f9e416,ar_docsection_readme,AR,AR,-2.934010665398091,-0.05941584857646376,2.8745948168216273,1
ar-ar_docsection_readme-i2-ar-o1-ln-c0-fe-d037cad6db96,ar_docsection_readme,AR,AR,-2.4649434089659508,-0.10410950426012278,2.360833904705828,1
ar-ar_docsection_readme-i2-ar-o1-ln-c0-fh-744894978c96,ar_docsection_readme,AR,AR,-2.465513110160771,-0.10302506107836962,2.362488049082401,1
ar-ar_docsection_readme-i2-ar-o1-ln-c1-fe-4e59486ede14,ar_docsection_readme,AR,AR,-3.1764630330726504,-0.04554898652713746,3.130914046545513,1
ar-ar_docsection_readme-i2-ar-o1-ln-c1-fh-51019d846162,ar_docsection_readme,AR,AR,-2.8151999682959286,-0.06561243516625836,2.74958753312967,1
ar-ar_docsection_readme-i2-ro-o0-ll-c0-fx-ec1e5b26ad50,ar_docsection_readme,RO,AR,-1.9174900054911177,-0.16749025881040325,1.7499997466807145,1
ar-ar_docsection_readme-i2-ro-o0-ll-c1-fx-a243f29e96fa,ar_docsection_readme,RO,AR,-0.023639552293161614,-3.8986464738445648,-3.875006921551403,1
ar-ar_docsection_readme-i2-ro-o0-ln-c0-fx-0ea821dbdb37,ar_docsection_readme,RO,AR,-1.611579656599929,-0.23658007383187396,1.374999582768055,1
ar-ar_docsection_readme-i2-ro-o0-ln-c1-fx-8ef7771c3256,ar_docsection_readme,RO,AR,-0.02331757545346136,-3.8983206748848716,-3.87500309943141,1
ar-ar_docsection_readme-i2-ro-o1-ll-c0-fx-04661f818d3d,ar_docsection_readme,RO,AR,-3.6551231145458587,-0.030116781588958474,3.6250063329569002,1
ar-ar_docsection_readme-i2-ro-o1-ll-c1-fx-4e1561ea782e,ar_docsection_readme,RO,AR,-0.07606541365225894,-2.7010658979390882,-2.6250004842868293,1
ar-ar_docsection_readme-i2-ro-o1-ln-c0-fx-04345987659b,ar_docsection_readme,RO,AR,-3.53325128554161,-0.03324820101101977,3.50000308453059,1
ar-ar_docsection_readme-i2-ro-o1-ln-c1-fx-50705081c21e,ar_docsection_readme,RO,AR,-0.12208697199719154,-2.247086763381276,-2.1249997913840843,1
ar-ar_docsection_readme-i3-ar-o0-ll-c0-fe-32f9f2afde6f,ar_docsection_readme,AR,AR,-0.02240178920328617,-4.271529138088226,-4.24912734888494,1
ar-ar_docsection_readme-i3-ar-o0-ll-c0-fh-a9ed05745796,ar_docsection_readme,AR,AR,-0.019784188858466223,-4.206494033336639,-4.186709844478173,1
ar-ar_docsection_readme-i3-ar-o0-ll-c1-fe-5d2659a01dd6,ar_docsection_readme,AR,AR,-0.052749987691640854,-3.4095952510832603,-3.3568452633916195,1
ar-ar_docsection_readme-i3-ar-o0-ll-c1-fh-0668c98530e9,ar_docsection_readme,AR,AR,-0.03216559020802379,-3.5311300754545982,-3.4989644852465744,1
ar-ar_docsection_readme-i3-ar-o0-ln-c0-fe-de625d3617f2,ar_docsection_readme,AR,AR,-0.02989188302308321,-3.780497133731842,-3.750605250708759,1
ar-ar_docsection_readme-i3-ar-o0-ln-c0-fh-19318c8f452c,ar_docsection_readme,AR,AR,-0.023193937689939048,-3.941120930016041,-3.9179269923261018,1
ar-ar_docsection_readme-i3-ar-o0-ln-c1-fe-83dbf2f53dfb,ar_docsection_readme,AR,AR,-0.09807145968079567,-3.0494807958602337,-2.951409336179438,1
ar-ar_docsection_readme-i3-ar-o0-ln-c1-fh-6d50c0565f30,ar_docsection_readme,AR,AR,-0.03673760686069727,-3.5308067798614218,-3.4940691730007245,1
ar-ar_docsection_readme-i3-ar-o1-ll-c0-fe-8da83939c22c,ar_docsection_readme,AR,AR,-2.813286662101575,-0.08383383229374886,2.729452829807826,1
ar-ar_docsection_readme-i3-ar-o1-ll-c0-fh-2315be8ea207,ar_docsection_readme,AR,AR,-2.4666122198103153,-0.0947932000271976,2.3718190197831177,1
ar-ar_docsection_readme-i3-ar-o1-ll-c1-fe-cee4d526348b,ar_docsection_readme,AR,AR,-3.693397555500269,-0.03315871744416654,3.6602388380561024,1
ar-ar_docsection_readme-i3-ar-o1-ll-c1-fh-6f5e4b11f824,ar_docsection_readme,AR,AR,-3.188140567392111,-0.048274921951815486,3.1398656454402953,1
ar-ar_docsection_readme-i3-ar-o1-ln-c0-fe-c0086d42f6a2,ar_docsection_readme,AR,AR,-2.46511077880848,-0.1520824357867241,2.313028343021756,1
ar-ar_docsection_readme-i3-ar-o1-ln-c0-fh-3b5ae1d81aea,ar_docsection_readme,AR,AR,-2.6967364549636272,-0.08590299170464277,2.6108334632589845,1
ar-ar_docsection_readme-i3-ar-o1-ln-c1-fe-d3642fd8b1b2,ar_docsection_readme,AR,AR,-3.4807192757725716,-0.037482584128156304,3.4432366916444153,1
ar-ar_docsection_readme-i3-ar-o1-ln-c1-fh-847457b56ab1,ar_docsection_readme,AR,AR,-3.3092168029397726,-0.04144510830519721,3.2677716946345754,1
ar-ar_docsection_readme-i3-ro-o0-ll-c0-fx-728b0be187c9,ar_docsection_readme,RO,AR,-1.3260259628290214,-0.32602873443829594,0.9999972283907255,1
ar-ar_docsection_readme-i3-ro-o0-ll-c1-fx-65de47e77eb3,ar_docsection_readme,RO,AR,-0.023849321527677603,-3.898854613279582,-3.8750052917519042,1
ar-ar_docsection_readme-i3-ro-o0-ln-c0-fx-470b52a1ea33,ar_docsection_readme,RO,AR,-0.9899855256078354,-0.48998743295328495,0.4999980926545504,1
ar-ar_docsection_readme-i3-ro-o0-ln-c1-fx-73c87b5af9ae,ar_docsection_readme,RO,AR,-0.020833266897966496,-4.020835757248733,-4.0000024903507665,1
ar-ar_docsection_readme-i3-ro-o1-ll-c0-fx-e494078e0aca,ar_docsection_readme,RO,AR,-3.413198709456992,-0.03819368034191939,3.375005029115073,1
ar-ar_docsection_readme-i3-ro-o1-ll-c1-fx-bb9b650035c5,ar_docsection_readme,RO,AR,-0.09722022711775935,-2.4722185134880874,-2.374998286370328,1
ar-ar_docsection_readme-i3-ro-o1-ln-c0-fx-bd5d8c1488ac,ar_docsection_readme,RO,AR,-3.5335447788147576,-0.03354220092137439,3.500002577893383,1
ar-ar_docsection_readme-i3-ro-o1-ln-c1-fx-7ec36d0167df,ar_docsection_readme,RO,AR,-0.19178399443285343,-1.816782355308078,-1.6249983608752245,1
ar-ar_docsection_readme-i4-ar-o0-ll-c0-fe-7c30164028d8,ar_docsection_readme,AR,AR,-0.023793405620381236,-3.9239321872591972,-3.900138781638816,1
ar-ar_docsection_readme-i4-ar-o0-ll-c0-fh-d0b2a876751e,ar_docsection_readme,AR,AR,-0.03687764331698418,-3.4115058798051905,-3.3746282364882063,1
ar-ar_docsection_readme-i4-ar-o0-ll-c1-fe-c6fc5bfaed8c,ar_docsection_readme,AR,AR,-0.037253211718052626,-3.5305348634718143,-3.4932816517537617,1
ar-ar_docsection_readme-i4-ar-o0-ll-c1-fh-0b856ca1d045,ar_docsection_readme,AR,AR,-0.08144303347216919,-2.580529808997767,-2.4990867755255977,1
ar-ar_docsection_readme-i4-ar-o0-ln-c0-fe-962c13f918c1,ar_docsection_readme,AR,AR,-0.035767904948443174,-3.4438668824732304,-3.408098977524787,1
ar-ar_docsection_readme-i4-ar-o0-ln-c0-fh-965d67698908,ar_docsection_readme,AR,AR,-0.051005230692680925,-3.051203312847065,-3.000198082154384,1
ar-ar_docsection_readme-i4-ar-o0-ln-c1-fe-10fff1b44aab,ar_docsection_readme,AR,AR,-0.0452600521966815,-3.4092104434965904,-3.363950391299909,1
ar-ar_docsection_readme-i4-ar-o0-ln-c1-fh-74ac0fc5c104,ar_docsection_readme,AR,AR,-0.06479899678379297,-2.813095808029061,-2.748296811245268,1
ar-ar_docsection_readme-i4-ar-o1-ll-c0-fe-3a50eecde670,ar_docsection_readme,AR,AR,-2.813145995139905,-0.07075508730486035,2.742390907835045,1
ar-ar_docsection_readme-i4-ar-o1-ll-c0-fh-6b29ddd83677,ar_docsection_readme,AR,AR,-1.6031572818752693,-0.23008791718166322,1.373069364693606,1
ar-ar_docsection_readme-i4-ar-o1-ll-c1-fe-412e43487d2a,ar_docsection_readme,AR,AR,-3.5364139177836478,-0.03397400211542845,3.5024399156682193,1
ar-ar_docsection_readme-i4-ar-o1-ll-c1-fh-d655176a5f97,ar_docsection_readme,AR,AR,-2.4675243744277395,-0.09586191503331065,2.371662459394429,1
ar-ar_docsection_readme-i4-ar-o1-ln-c0-fe-ac34ec6d86c9,ar_docsection_readme,AR,AR,-2.812743663787728,-0.08089600317180157,2.7318476606159265,1
ar-ar_docsection_readme-i4-ar-o1-ln-c0-fh-2364579b1824,ar_docsection_readme,AR,AR,-1.8066592216490562,-0.18759005097672343,1.6190691706723328,1
ar-ar_docsection_readme-i4-ar-o1-ln-c1-fe-e985161a87fe,ar_docsection_readme,AR,AR,-3.4225397566333413,-0.03605883428826928,3.386480922345072,1
ar-ar_docsection_readme-i4-ar-o1-ln-c1-fh-274b68b77c73,ar_docsection_readme,AR,AR,-2.5815704982233,-0.08235699060605839,2.4992135076172417,1
ar-ar_docsection_readme-i4-ro-o0-ll-c0-fx-e696b3163617,ar_docsection_readme,RO,AR,-1.510480403899578,-0.2604810893519698,1.2499993145476083,1
ar-ar_docsection_readme-i4-ro-o0-ll-c1-fx-f9668c3331cd,ar_docsection_readme,RO,AR,-0.021204937248171518,-4.021209001526131,-4.0000040642779595,1
ar-ar_docsection_readme-i4-ro-o0-ln-c0-fx-c1e6bf72c34d,ar_docsection_readme,RO,AR,-1.2337471246717087,-0.35874792933338995,0.8749991953383187,1
ar-ar_docsection_readme-i4-ro-o0-ln-c1-fx-c09bfe168786,ar_docsection_readme,RO,AR,-0.023302070796034968,-3.8983039855916104,-3.8750019147955754,1
ar-ar_docsection_readme-i4-ro-o1-ll-c0-fx-47fbba0911a5,ar_docsection_readme,RO,AR,-3.4125087261086264,-0.03750623017299404,3.3750024959356324,1
ar-ar_docsection_readme-i4-ro-o1-ll-c1-fx-3e0bb92a83b3,ar_docsection_readme,RO,AR,-0.11998502910034858,-2.2449847459787406,-2.124999716878392,1
ar-ar_docsection_readme-i4-ro-o1-ln-c0-fx-6f82575e433f,ar_docsection_readme,RO,AR,-3.4121363162953458,-0.03713480010526382,3.375001516190082,1
ar-ar_docsection_readme-i4-ro-o1-ln-c1-fx-c149f2c95872,ar_docsection_readme,RO,AR,-0.21152034401825404,-1.7115198373792282,-1.4999994933609742,1
ar-ar_execmode_ingest-i0-ar-o0-ll-c0-fe-80e0552222c9,ar_execmode_ingest,AR,AR,-0.07577370340004563,-2.9221290200948715,-2.846355316694826,1
ar-ar_execmode_ingest-i0-ar-o0-ll-c0-fh-33c1751badfb,ar_execmode_ingest,AR,AR,-0.013622214028146118,-4.738245606422424,-4.724623392394278,1
ar-ar_execmode_ingest-i0-ar-o0-ll-c1-fe-c7cad42bb75a,ar_execmode_ingest,AR,AR,-0.041052829939872026,-5.0074011086999235,-4.9663482787600515,1
ar-ar_execmode_ingest-i0-ar-o0-ll-c1-fh-5362a8cd5986,ar_execmode_ingest,AR,AR,-0.017644003964960575,-4.388559937465288,-4.370915933500328,1
ar-ar_execmode_ingest-i0-ar-o0-ln-c0-fe-0baf16929b0b,ar_execmode_ingest,AR,AR,-0.058413982042111456,-3.279946804046631,-3.2215328220045194,1
ar-ar_execmode_ingest-i0-ar-o0-ln-c0-fh-f41bd2e6aea7,ar_execmode_ingest,AR,AR,-0.012523229452199303,-5.035425782203674,-5.022902552751475,1
ar-ar_execmode_ingest-i0-ar-o0-ln-c1-fe-61efd9b4934c,ar_execmode_ingest,AR,AR,-0.0906122662127018,-4.511715769762532,-4.42110350354983,1
ar-ar_execmode_ingest-i0-ar-o0-ln-c1-fh-74caccd10d5f,ar_execmode_ingest,AR,AR,-0.01841945806518197,-4.264813184736795,-4.246393726671613,1
ar-ar_execmode_ingest-i0-ar-o1-ll-c0-fe-4db2f33976d7,ar_execmode_ingest,AR,AR,-1.0577683448773314,-1.2587193846702576,-0.20095103979292617,1
ar-ar_execmode_ingest-i0-ar-o1-ll-c0-fh-5169fda823e0,ar_execmode_ingest,AR,AR,-0.5821222066873588,-1.3062118589878082,-0.7240896523004494,1
ar-ar_execmode_ingest-i0-ar-o1-ll-c1-fe-dd51e330ffc7,ar_execmode_ingest,AR,AR,-0.23135798843577504,-1.6722135543823242,-1.4408555659465492,1
ar-ar_execmode_ingest-i0-ar-o1-ll-c1-fh-9a78bbac8f72,ar_execmode_ingest,AR,AR,-0.5266097701969557,-0.9444846212863922,-0.41787485108943656,1
ar-ar_execmode_ingest-i0-ar-o1-ln-c0-fe-35831aac722e,ar_execmode_ingest,AR,AR,-1.1393469572064987,-1.89128378033638,-0.7519368231298813,1
ar-ar_execmode_ingest-i0-ar-o1-ln-c0-fh-6914ca969a7a,ar_execmode_ingest,AR,AR,-0.900720596313306,-1.1016724705696106,-0.20095187425630456,1
ar-ar_execmode_ingest-i0-ar-o1-ln-c1-fe-f257c490aff8,ar_execmode_ingest,AR,AR,-0.2859482723288238,-1.434067228808999,-1.1481189564801753,1
ar-ar_execmode_ingest-i0-ar-o1-ln-c1-fh-70218bfdce73,ar_execmode_ingest,AR,AR,-0.6956635675742291,-0.7018847856670618,-0.006221218092832714,1
ar-ar_execmode_ingest-i0-ro-o0-ll-c0-fx-98f0158bc24d,ar_execmode_ingest,RO,AR,-1.3263349533070823,-0.3263397812652329,0.9999951720418494,1
ar-ar_execmode_ingest-i0-ro-o0-ll-c1-fx-304864df9f65,ar_execmode_ingest,RO,AR,-0.008387848726215452,-5.008389949779485,-5.000002101053269,1
ar-ar_execmode_ingest-i0-ro-o0-ln-c0-fx-69f360d88d44,ar_execmode_ingest,RO,AR,-1.6087706089012954,-0.2337737679390557,1.3749968409622397,1
ar-ar_execmode_ingest-i0-ro-o0-ln-c1-fx-5d58b12fbbfd,ar_execmode_ingest,RO,AR,-0.011544945647301574,-4.636546492569778,-4.625001546922476,1
ar-ar_execmode_ingest-i0-ro-o1-ll-c0-fx-54117da5af8b,ar_execmode_ingest,RO,AR,-0.8324766754953998,-0.5824801325397857,0.24999654295561413,1
ar-ar_execmode_ingest-i0-ro-o1-ll-c1-fx-ff9e72cc1ad5,ar_execmode_ingest,RO,AR,-0.005350814657958836,-5.880347847937969,-5.87499703328001,1
ar-ar_execmode_ingest-i0-ro-o1-ln-c0-fx-67af53b2a9b2,ar_execmode_ingest,RO,AR,-1.3180201053564815,-0.31802093981832513,0.9999991655381564,1
ar-ar_execmode_ingest-i0-ro-o1-ln-c1-fx-15da8e04cc5c,ar_execmode_ingest,RO,AR,-0.010110142638268371,-4.885108828544276,-4.874998685906007,1
ar-ar_execmode_ingest-i1-ar-o0-ll-c0-fe-86a5e1bd399b,ar_execmode_ingest,AR,AR,-0.07834016904234886,-2.8393192887306213,-2.7609791196882725,1
ar-ar_execmode_ingest-i1-ar-o0-ll-c0-fh-5bc883736e50,ar_execmode_ingest,AR,AR,-0.02065899153240025,-4.212803542613983,-4.192144551081583,1
ar-ar_execmode_ingest-i1-ar-o0-ll-c1-fe-e5930d5e543a,ar_execmode_ingest,AR,AR,-0.04525822727009654,-5.007196545597708,-4.961938318327611,1
ar-ar_execmode_ingest-i1-ar-o0-ll-c1-fh-6f56dff8f989,ar_execmode_ingest,AR,AR,-0.026044512633234262,-4.019312024115266,-3.9932675114820313,1
ar-ar_execmode_ingest-i1-ar-o0-ln-c0-fe-364af5666c44,ar_execmode_ingest,AR,AR,-0.06687334273010492,-3.0151254534721375,-2.9482521107420325,1
ar-ar_execmode_ingest-i1-ar-o0-ln-c0-fh-11e170ae8a49,ar_execmode_ingest,AR,AR,-0.016115010308567435,-4.42564295232296,-4.4095279420143925,1
ar-ar_execmode_ingest-i1-ar-o0-ln-c1-fe-d62b345b8d48,ar_execmode_ingest,AR,AR,-0.08795888442546129,-4.7590488195403395,-4.671089935114878,1
ar-ar_execmode_ingest-i1-ar-o0-ln-c1-fh-f38071fea5a3,ar_execmode_ingest,AR,AR,-0.020270447712391615,-4.141658544540178,-4.121388096827786,1
ar-ar_execmode_ingest-i1-ar-o1-ll-c0-fe-39483c5d1626,ar_execmode_ingest,AR,AR,-1.8066668510434738,-0.7048041820526123,1.1018626689908615,1
ar-ar_execmode_ingest-i1-ar-o1-ll-c0-fh-be78de395a54,ar_execmode_ingest,AR,AR,-0.830253660678693,-0.861417680978775,-0.03116402030008203,1
ar-ar_execmode_ingest-i1-ar-o1-ll-c1-fe-0b2fcf63b806,ar_execmode_ingest,AR,AR,-0.2895773174241185,-1.4627415798604488,-1.1731642624363303,1
ar-ar_execmode_ingest-i1-ar-o1-ll-c1-fh-d8c15e66814b,ar_execmode_ingest,AR,AR,-0.38977187233103905,-1.2096009403467178,-0.8198290680156788,1
ar-ar_execmode_ingest-i1-ar-o1-ln-c0-fe-fa79689a91fa,ar_execmode_ingest,AR,AR,-1.9115629196165855,-1.1356493681669235,0.775913551449662,1
ar-ar_execmode_ingest-i1-ar-o1-ln-c0-fh-669bd2e982f5,ar_execmode_ingest,AR,AR,-1.2254081964492514,-0.6636843681335449,0.5617238283157064,1
ar-ar_execmode_ingest-i1-ar-o1-ln-c1-fe-a4b717c41090,ar_execmode_ingest,AR,AR,-0.44291943684220314,-1.069569043815136,-0.6266496069729328,1
ar-ar_execmode_ingest-i1-ar-o1-ln-c1-fh-de2aebbd39a2,ar_execmode_ingest,AR,AR,-0.5781064524198882,-0.8365781512111425,-0.2584716987912543,1
ar-ar_execmode_ingest-i1-ro-o0-ll-c0-fx-2a1c1088b50b,ar_execmode_ingest,RO,AR,-1.3258721828453872,-0.3258753418831475,0.9999968409622397,1
ar-ar_execmode_ingest-i1-ro-o0-ll-c1-fx-dcbd34e8b344,ar_execmode_ingest,RO,AR,-0.015037670727451768,-4.390038371079299,-4.375000700351848,1
ar-ar_execmode_ingest-i1-ro-o0-ln-c0-fx-5abc6c12c6cb,ar_execmode_ingest,RO,AR,-1.8136415481562835,-0.1886429041599058,1.6249986439963777,1
ar-ar_execmode_ingest-i1-ro-o0-ln-c1-fx-9216a628cc9a,ar_execmode_ingest,RO,AR,-0.020620655266156973,-4.020621776575354,-4.000001121309197,1
ar-ar_execmode_ingest-i1-ro-o1-ll-c0-fx-d311fef32d8c,ar_execmode_ingest,RO,AR,-1.0596374273245601,-0.434641003584602,0.6249964237399581,1
ar-ar_execmode_ingest-i1-ro-o1-ll-c1-fx-45917c6c2122,ar_execmode_ingest,RO,AR,-0.0045368275550572434,-6.0045344829552505,-5.999997655400193,1
ar-ar_execmode_ingest-i1-ro-o1-ln-c0-fx-80aeb58c014f,ar_execmode_ingest,RO,AR,-1.2286286354044478,-0.35362994670322223,0.8749986887012255,1
ar-ar_execmode_ingest-i1-ro-o1-ln-c1-fx-5be581577dee,ar_execmode_ingest,RO,AR,-0.00971991568701469,-4.8847193717951995,-4.874999456108185,1
ar-ar_execmode_ingest-i2-ar-o0-ll-c0-fe-5e50b9d755b5,ar_execmode_ingest,AR,AR,-0.15058931382372975,-2.0294241635128856,-1.8788348496891558,1
ar-ar_execmode_ingest-i2-ar-o0-ll-c0-fh-8c87cc858fcd,ar_execmode_ingest,AR,AR,-0.027894663624465466,-3.77902357513085,-3.7511289115063846,1
ar-ar_execmode_ingest-i2-ar-o0-ll-c1-fe-929195ab1d82,ar_execmode_ingest,AR,AR,-0.03718952927738428,-5.007428288456595,-4.97023875917921,1
ar-ar_execmode_ingest-i2-ar-o0-ll-c1-fh-5d15b5e2d77a,ar_execmode_ingest,AR,AR,-0.03218372352421284,-3.77456951141221,-3.742385787887997,1
ar-ar_execmode_ingest-i2-ar-o0-ln-c0-fe-4bf255d04f38,ar_execmode_ingest,AR,AR,-0.13135048770345747,-2.19084894657135,-2.0594984588678926,1
ar-ar_execmode_ingest-i2-ar-o0-ln-c0-fh-c786c38633e7,ar_execmode_ingest,AR,AR,-0.02246222022222355,-3.9174564946442842,-3.8949942744220607,1
ar-ar_execmode_ingest-i2-ar-o0-ln-c1-fe-2646f16d1d59,ar_execmode_ingest,AR,AR,-0.11340749450027943,-4.388192772864045,-4.274785278363765,1
ar-ar_execmode_ingest-i2-ar-o0-ln-c1-fh-ed50edbf359d,ar_execmode_ingest,AR,AR,-0.028012202586978674,-3.896290659904139,-3.8682784573171602,1
ar-ar_execmode_ingest-i2-ar-o1-ll-c0-fe-d9975459b9e8,ar_execmode_ingest,AR,AR,-2.020202040671734,-0.5320827811956406,1.4881192594760932,1
ar-ar_execmode_ingest-i2-ar-o1-ll-c0-fh-3fcabdc51db0,ar_execmode_ingest,AR,AR,-1.0581775903698372,-0.7143373787403107,0.3438402116295265,1
ar-ar_execmode_ingest-i2-ar-o1-ll-c1-fe-17ca0971dc85,ar_execmode_ingest,AR,AR,-0.22750613971584244,-1.6453963592648506,-1.4178902195490082,1
ar-ar_execmode_ingest-i2-ar-o1-ll-c1-fh-9e990ca1100a,ar_execmode_ingest,AR,AR,-0.6965274810745541,-0.7301728092133999,-0.0336453281388458,1
ar-ar_execmode_ingest-i2-ar-o1-ln-c0-fe-874efa39fc50,ar_execmode_ingest,AR,AR,-1.9121071100233848,-0.9880535751581192,0.9240535348652656,1
ar-ar_execmode_ingest-i2-ar-o1-ln-c0-fh-19d9f41a0e59,ar_execmode_ingest,AR,AR,-1.3154234886168297,-0.6286939084529877,0.686729580163842,1
ar-ar_execmode_ingest-i2-ar-o1-ln-c1-fe-630d9fa09be1,ar_execmode_ingest,AR,AR,-0.35071083463844843,-1.233893010765314,-0.8831821761268657,1
ar-ar_execmode_ingest-i2-ar-o1-ln-c1-fh-d171567b9d8f,ar_execmode_ingest,AR,AR,-0.976226627808046,-0.4790263711474836,0.49720025666056245,1
ar-ar_execmode_ingest-i2-ro-o0-ll-c0-fx-e901fd6bbb28,ar_execmode_ingest,RO,AR,-1.8161603212349746,-0.1911634504704125,1.6249968707645621,1
ar-ar_execmode_ingest-i2-ro-o0-ll-c1-fx-33181aff6816,ar_execmode_ingest,RO,AR,-0.015022992152353254,-4.390024065962734,-4.375001073810381,1
ar-ar_execmode_ingest-i2-ro-o0-ln-c0-fx-86dc49885126,ar_execmode_ingest,RO,AR,-2.3568303585050216,-0.1068325191695294,2.2499978393354922,1
ar-ar_execmode_ingest-i2-ro-o0-ln-c1-fx-4391a605b11b,ar_execmode_ingest,RO,AR,-0.018228774888711996,-4.143230795853469,-4.125002020964757,1
ar-ar_execmode_ingest-i2-ro-o1-ll-c0-fx-6765b7dd5c89,ar_execmode_ingest,RO,AR,-1.0602260827931786,-0.4352252781336574,0.6250008046595212,1
ar-ar_execmode_ingest-i2-ro-o1-ll-c1-fx-d1a92f7ea032,ar_execmode_ingest,RO,AR,-0.0071974382622101984,-5.507193565368198,-5.499996127105987,1
ar-ar_execmode_ingest-i2-ro-o1-ln-c0-fx-3dd340d88e5d,ar_execmode_ingest,RO,AR,-1.604956150051521,-0.22995610534803745,1.3750000447034836,1
ar-ar_execmode_ingest-i2-ro-o1-ln-c1-fx-f750d1b7eb73,ar_execmode_ingest,RO,AR,-0.010389549655656083,-4.885388016700574,-4.874998467044918,1
ar-ar_execmode_ingest-i3-ar-o0-ll-c0-fe-739b0ac70c79,ar_execmode_ingest,AR,AR,-0.12817093543708324,-2.285130027681589,-2.156959092244506,1
ar-ar_execmode_ingest-i3-ar-o0-ll-c0-fh-8be8f48ea9a2,ar_execmode_ingest,AR,AR,-0.02685411972925067,-4.065242815762758,-4.038388696033508,1
ar-ar_execmode_ingest-i3-ar-o0-ll-c1-fe-f95b74de8959,ar_execmode_ingest,AR,AR,-0.02596412179991603,-5.380403399466559,-5.354439277666643,1
ar-ar_execmode_ingest-i3-ar-o0-ll-c1-fh-28cf2d3f5ecf,ar_execmode_ingest,AR,AR,-0.015781537164002657,-4.759843111037526,-4.744061573873523,1
ar-ar_execmode_ingest-i3-ar-o0-ln-c0-fe-4bc7f50bac50,ar_execmode_ingest,AR,AR,-0.12092907354235649,-2.2955852523446083,-2.174656178802252,1
ar-ar_execmode_ingest-i3-ar-o0-ln-c0-fh-7ba411c8cbcc,ar_execmode_ingest,AR,AR,-0.026390973944216967,-3.9177509993314743,-3.8913600253872573,1
ar-ar_execmode_ingest-i3-ar-o0-ln-c1-fe-74b394d79352,ar_execmode_ingest,AR,AR,-0.15469348337501287,-4.512003779410406,-4.3573102960353935,1
ar-ar_execmode_ingest-i3-ar-o0-ln-c1-fh-082958df664a,ar_execmode_ingest,AR,AR,-0.03124246373772621,-4.2652006149290855,-4.233958151191359,1
ar-ar_execmode_ingest-i3-ar-o1-ll-c0-fe-27c5ec4310c6,ar_execmode_ingest,AR,AR,-0.6994123458861736,-2.0126951932907104,-1.3132828474045368,1
ar-ar_execmode_ingest-i3-ar-o1-ll-c0-fh-921ab3e376aa,ar_execmode_ingest,AR,AR,-0.39381164312356987,-2.117922365665436,-1.724110722541866,1
ar-ar_execmode_ingest-i3-ar-o1-ll-c1-fe-7b68d8ad3cea,ar_execmode_ingest,AR,AR,-0.07253385975491256,-2.9224607050418854,-2.849926845286973,1
ar-ar_execmode_ingest-i3-ar-o1-ll-c1-fh-97f247af21eb,ar_execmode_ingest,AR,AR,-0.4353306590637658,-1.220546469092369,-0.7852158100286033,1
ar-ar_execmode_ingest-i3-ar-o1-ln-c0-fe-4541ae3d1daf,ar_execmode_ingest,AR,AR,-1.0579066276550009,-2.3431460559368134,-1.2852394282818125,1
ar-ar_execmode_ingest-i3-ar-o1-ln-c0-fh-b3f1cda1293e,ar_execmode_ingest,AR,AR,-0.5804440379142193,-2.236615478992462,-1.6561714410782429,1
ar-ar_execmode_ingest-i3-ar-o1-ln-c1-fe-369fb2d4bb19,ar_execmode_ingest,AR,AR,-0.12883451787638478,-2.198434002697468,-2.069599484821083,1
ar-ar_execmode_ingest-i3-ar-o1-ln-c1-fh-9a35621a077e,ar_execmode_ingest,AR,AR,-0.3153856383105449,-1.3450859896838665,-1.0297003513733216,1
ar-ar_execmode_ingest-i3-ro-o0-ll-c0-fx-fb33ca36c916,ar_execmode_ingest,RO,AR,-0.9924063682551605,-0.4924091398647761,0.4999972283903844,1
ar-ar_execmode_ingest-i3-ro-o0-ll-c1-fx-6dd50e4c21ff,ar_execmode_ingest,RO,AR,-0.0192310120842194,-4.1442312002113795,-4.12500018812716,1
ar-ar_execmode_ingest-i3-ro-o0-ln-c0-fx-8fcad6d6df92,ar_execmode_ingest,RO,AR,-1.2358756065366379,-0.36087769269533965,0.8749979138412982,1
ar-ar_execmode_ingest-i3-ro-o0-ln-c1-fx-a3ad04ba93e9,ar_execmode_ingest,RO,AR,-0.0264749135776583,-3.776474714275082,-3.749999800697424,1
ar-ar_execmode_ingest-i3-ro-o1-ll-c0-fx-4cc3016335c6,ar_execmode_ingest,RO,AR,-0.166026875374655,-1.9160295724755088,-1.7500026971008538,1
ar-ar_execmode_ingest-i3-ro-o1-ll-c1-fx-094fab06b5c0,ar_execmode_ingest,RO,AR,-0.003990319087733951,-6.503988265990756,-6.499997946903022,1
ar-ar_execmode_ingest-i3-ro-o1-ln-c0-fx-9849b855d313,ar_execmode_ingest,RO,AR,-0.3550349175923202,-1.2300379276189233,-0.8750030100266031,1
ar-ar_execmode_ingest-i3-ro-o1-ln-c1-fx-8a933ed72bc0,ar_execmode_ingest,RO,AR,-0.008059966376663397,-5.25805914401991,-5.249999177643247,1
ar-ar_execmode_ingest-i4-ar-o0-ll-c0-fe-8c525063291f,ar_execmode_ingest,AR,AR,-0.06962338648736477,-2.892598383128643,-2.8229749966412783,1
ar-ar_execmode_ingest-i4-ar-o0-ll-c0-fh-194ea47d2a2b,ar_execmode_ingest,AR,AR,-0.015309268608689308,-4.640065789222717,-4.624756520614028,1
ar-ar_execmode_ingest-i4-ar-o0-ll-c1-fe-977802e16f10,ar_execmode_ingest,AR,AR,-0.02276864554733038,-5.5046132802895045,-5.481844634742174,1
ar-ar_execmode_ingest-i4-ar-o0-ll-c1-fh-d28d20f3fe36,ar_execmode_ingest,AR,AR,-0.017572790617123246,-4.265092492100393,-4.24751970148327,1
ar-ar_execmode_ingest-i4-ar-o0-ln-c0-fe-ba7657e8d29a,ar_execmode_ingest,AR,AR,-0.07346649502869695,-2.897963747382164,-2.824497252353467,1
ar-ar_execmode_ingest-i4-ar-o0-ln-c0-fh-518e8141f85a,ar_execmode_ingest,AR,AR,-0.014109009091043845,-4.640617489814758,-4.6265084807237145,1
ar-ar_execmode_ingest-i4-ar-o0-ln-c1-fe-767604a5575f,ar_execmode_ingest,AR,AR,-0.06524024624377489,-4.635352969167116,-4.570112722923341,1
ar-ar_execmode_ingest-i4-ar-o0-ln-c1-fh-c90918dc1a2b,ar_execmode_ingest,AR,AR,-0.016713452176190913,-4.264780402183192,-4.248066950007001,1
ar-ar_execmode_ingest-i4-ar-o1-ll-c0-fe-fde0d4046865,ar_execmode_ingest,AR,AR,-1.3164699077600517,-0.8396020829677582,0.4768678247922935,1
ar-ar_execmode_ingest-i4-ar-o1-ll-c0-fh-5a98c66070c5,ar_execmode_ingest,AR,AR,-0.5283354520795456,-1.2166090309619904,-0.6882735788824448,1
ar-ar_execmode_ingest-i4-ar-o1-ll-c1-fe-210ab4c1786f,ar_execmode_ingest,AR,AR,-0.1833879571640864,-1.9066643491387367,-1.7232763919746503,1
ar-ar_execmode_ingest-i4-ar-o1-ll-c1-fh-6f1cdee68772,ar_execmode_ingest,AR,AR,-0.31623664643848315,-1.3858365714550018,-1.0695999250165187,1
ar-ar_execmode_ingest-i4-ar-o1-ln-c0-fe-d33d04d465ea,ar_execmode_ingest,AR,AR,-1.4084583520888145,-1.337165743112564,0.07129260897625045,1
ar-ar_execmode_ingest-i4-ar-o1-ln-c0-fh-c20c484b0d71,ar_execmode_ingest,AR,AR,-0.9006119370459942,-0.8388839364051819,0.0617280006408123,1
ar-ar_execmode_ingest-i4-ar-o1-ln-c1-fe-344d6b6b4da4,ar_execmode_ingest,AR,AR,-0.2563648943323642,-1.5240987110882998,-1.2677338167559355,1
ar-ar_execmode_ingest-i4-ar-o1-ln-c1-fh-d341cf9067b1,ar_execmode_ingest,AR,AR,-0.6348995409789495,-0.7647470040246844,-0.1298474630457349,1
ar-ar_execmode_ingest-i4-ro-o0-ll-c0-fx-17bb1b8968a1,ar_execmode_ingest,RO,AR,-1.0682283639901016,-0.44323194025810153,0.624996423732,1
ar-ar_execmode_ingest-i4-ro-o0-ll-c1-fx-451df1508d21,ar_execmode_ingest,RO,AR,-0.009615114875032305,-4.884613871565762,-4.874998756690729,1
ar-ar_execmode_ingest-i4-ro-o0-ln-c0-fx-a27b0392e87c,ar_execmode_ingest,RO,AR,-1.3228232860558364,-0.32282623647779474,0.9999970495780417,1
ar-ar_execmode_ingest-i4-ro-o0-ln-c1-fx-7fc8f4afc06c,ar_execmode_ingest,RO,AR,-0.011525977399514886,-4.636526584619787,-4.625000607220272,1
ar-ar_execmode_ingest-i4-ro-o1-ll-c0-fx-0e86cdf48e4d,ar_execmode_ingest,RO,AR,-0.28717452287128253,-1.4121800660686858,-1.1250055431974033,1
ar-ar_execmode_ingest-i4-ro-o1-ll-c1-fx-0596e9f079c0,ar_execmode_ingest,RO,AR,-0.003954467817948171,-6.253950715064434,-6.249996247246486,1
ar-ar_execmode_ingest-i4-ro-o1-ln-c0-fx-48879ff04835,ar_execmode_ingest,RO,AR,-0.9035968184437024,-0.5285989642029563,0.37499785424074616,1
ar-ar_execmode_ingest-i4-ro-o1-ln-c1-fx-a04e59041495,ar_execmode_ingest,RO,AR,-0.00813884287822475,-5.13313770294144,-5.124998860063215,1
ar-ar_execmode_migration-i0-ar-o0-ll-c0-fe-2d6d0699f318,ar_execmode_migration,AR,AR,-0.1882362482137978,-1.8559013456106186,-1.6676650973968208,1
ar-ar_execmode_migration-i0-ar-o0-ll-c0-fh-b964f97ce2f2,ar_execmode_migration,AR,AR,-0.020900728297419846,-4.068461541086435,-4.0475608127890155,1
ar-ar_execmode_migration-i0-ar-o0-ll-c1-fe-9a80c24fd928,ar_execmode_migration,AR,AR,-0.048606026917696,-4.635554671285945,-4.586948644368249,1
ar-ar_execmode_migration-i0-ar-o0-ll-c1-fh-331fd1bec7f5,ar_execmode_migration,AR,AR,-0.01386751071549952,-4.63568305969136,-4.62181554897586,1
ar-ar_execmode_migration-i0-ar-o0-ln-c0-fe-be489dca3e5d,ar_execmode_migration,AR,AR,-0.13109221355989575,-2.2291204929351807,-2.098028279375285,1
ar-ar_execmode_migration-i0-ar-o0-ln-c0-fh-ca0404bbe1fe,ar_execmode_migration,AR,AR,-0.022067536061513238,-4.05714014172554,-4.035072605664027,1
ar-ar_execmode_migration-i0-ar-o0-ln-c1-fe-9a5711fe270c,ar_execmode_migration,AR,AR,-0.09372462891042233,-4.264826536177907,-4.171101907267484,1
ar-ar_execmode_migration-i0-ar-o0-ln-c1-fh-f8508d2872a8,ar_execmode_migration,AR,AR,-0.011633366579189897,-4.759153008460828,-4.747519641881638,1
ar-ar_execmode_migration-i0-ar-o1-ll-c0-fe-25cc02e5cc8a,ar_execmode_migration,AR,AR,-1.7043737173075897,-0.6330842226743698,1.0712894946332199,1
ar-ar_execmode_migration-i0-ar-o1-ll-c0-fh-cdd377c7f039,ar_execmode_migration,AR,AR,-1.2288655042647179,-0.6350260674953461,0.5938394367693718,1
ar-ar_execmode_migration-i0-ar-o1-ll-c1-fe-9495db86f3c7,ar_execmode_migration,AR,AR,-0.2282475854153745,-1.6723794117569923,-1.4441318263416179,1
ar-ar_execmode_migration-i0-ar-o1-ll-c1-fh-0c67502b1466,ar_execmode_migration,AR,AR,-0.5265789026343555,-0.9351939372718334,-0.40861503463747795,1
ar-ar_execmode_migration-i0-ar-o1-ln-c0-fe-8f036a4128f7,ar_execmode_migration,AR,AR,-1.7033345699308597,-1.1014652401208878,0.601869329809972,1
ar-ar_execmode_migration-i0-ar-o1-ln-c0-fh-1c0cf79b0ab3,ar_execmode_migration,AR,AR,-1.703481197357121,-0.4846402704715729,1.218840926885548,1
ar-ar_execmode_migration-i0-ar-o1-ln-c1-fe-681b02a6ac9c,ar_execmode_migration,AR,AR,-0.2544039781787433,-1.5216413419693708,-1.2672373637906276,1
ar-ar_execmode_migration-i0-ar-o1-ln-c1-fh-328ee9822a41,ar_execmode_migration,AR,AR,-0.7600523727014661,-0.6380882342346013,0.12196413846686482,1
ar-ar_execmode_migration-i0-ro-o0-ll-c0-fx-2391ccae8aa4,ar_execmode_migration,RO,AR,-1.4176968336099662,-0.29270282385277824,1.124994009757188,1
ar-ar_execmode_migration-i0-ro-o0-ll-c1-fx-bbe366b4914f,ar_execmode_migration,RO,AR,-0.01476026884665771,-4.389760494226721,-4.375000225380063,1
ar-ar_execmode_migration-i0-ro-o0-ln-c0-fx-3885c406e94f,ar_execmode_migration,RO,AR,-1.7099428176875335,-0.20994663237388522,1.4999961853136483,1
ar-ar_execmode_migration-i0-ro-o0-ln-c1-fx-e22b7fcad8f6,ar_execmode_migration,RO,AR,-0.02067027054602022,-4.020670771596315,-4.000000501050295,1
ar-ar_execmode_migration-i0-ro-o1-ll-c0-fx-c1bf4317c389,ar_execmode_migration,RO,AR,-0.9041472077301478,-0.5291504263636853,0.37499678136646253,1
ar-ar_execmode_migration-i0-ro-o1-ll-c1-fx-bc5a8abb558e,ar_execmode_migration,RO,AR,-0.007784424803958245,-5.257780313491594,-5.249995888687636,1
ar-ar_execmode_migration-i0-ro-o1-ln-c0-fx-083b3da3f0ff,ar_execmode_migration,RO,AR,-1.2285252809499525,-0.35352715849012384,0.8749981224598287,1
ar-ar_execmode_migration-i0-ro-o1-ln-c1-fx-814a69588af0,ar_execmode_migration,RO,AR,-0.01415454875427713,-4.5141527652738205,-4.499998216519543,1
ar-ar_execmode_migration-i1-ar-o0-ll-c0-fe-9c26583361dc,ar_execmode_migration,AR,AR,-0.09489068854600191,-2.514412321150303,-2.419521632604301,1
ar-ar_execmode_migration-i1-ar-o0-ll-c0-fh-2eb674e3ca18,ar_execmode_migration,AR,AR,-0.032918745069764555,-3.554675340652466,-3.5217565955827013,1
ar-ar_execmode_migration-i1-ar-o0-ll-c1-fe-457b2c43bd26,ar_execmode_migration,AR,AR,-0.06180235370993614,-4.388194322585832,-4.326391968875896,1
ar-ar_execmode_migration-i1-ar-o0-ll-c1-fh-c97d01a99f59,ar_execmode_migration,AR,AR,-0.03712374530732632,-3.531179189681552,-3.4940554443742258,1
ar-ar_execmode_migration-i1-ar-o0-ln-c0-fe-4f6aad81fdaf,ar_execmode_migration,AR,AR,-0.09356533130630851,-2.535707861185074,-2.4421425298787653,1
ar-ar_execmode_migration-i1-ar-o0-ln-c0-fh-9b3ac337fe7a,ar_execmode_migration,AR,AR,-0.035515960305929184,-3.4889867901802063,-3.453470829874277,1
ar-ar_execmode_migration-i1-ar-o0-ln-c1-fe-a86519279375,ar_execmode_migration,AR,AR,-0.09779560752213001,-4.01888883113827,-3.9210932236161398,1
ar-ar_execmode_migration-i1-ar-o0-ln-c1-fh-37da0853c61e,ar_execmode_migration,AR,AR,-0.033502513309940696,-3.5306868553159347,-3.497184342005994,1
ar-ar_execmode_migration-i1-ar-o1-ll-c0-fe-9cf3bc204a56,ar_execmode_migration,AR,AR,-2.4656103849410442,-0.4038872495293617,2.0617231354116825,1
ar-ar_execmode_migration-i1-ar-o1-ll-c0-fh-70b52dc29900,ar_execmode_migration,AR,AR,-1.4096351861953167,-0.48606495559215546,0.9235702306031612,1
ar-ar_execmode_migration-i1-ar-o1-ll-c1-fe-f0bde1ea0b86,ar_execmode_migration,AR,AR,-0.4333524841349572,-1.0891905650496483,-0.6558380809146911,1
ar-ar_execmode_migration-i1-ar-o1-ll-c1-fh-66f43bd226c8,ar_execmode_migration,AR,AR,-0.6957039204935427,-0.7188727557659149,-0.023168835272372235,1
ar-ar_execmode_migration-i1-ar-o1-ln-c0-fe-9fe9049338ed,ar_execmode_migration,AR,AR,-2.3516191244124798,-0.8592299595475197,1.49238916486496,1
ar-ar_execmode_migration-i1-ar-o1-ln-c0-fh-7e5046eb3c8c,ar_execmode_migration,AR,AR,-1.602619886398287,-0.42904677987098694,1.1735731065273,1
ar-ar_execmode_migration-i1-ar-o1-ln-c1-fe-4993230eeebb,ar_execmode_migration,AR,AR,-0.4381112353876233,-1.066549071110785,-0.6284378357231617,1
ar-ar_execmode_migration-i1-ar-o1-ln-c1-fh-44fc3d4a3ce9,ar_execmode_migration,AR,AR,-0.8283334512962028,-0.5816326765343547,0.24670077476184815,1
ar-ar_execmode_migration-i1-ro-o0-ll-c0-fx-7c42c278e0c9,ar_execmode_migration,RO,AR,-1.3261077404019943,-0.32611069082531685,0.9999970495766775,1
ar-ar_execmode_migration-i1-ro-o0-ll-c1-fx-f812b496d965,ar_execmode_migration,RO,AR,-0.021022660652306513,-4.021024942383065,-4.000002281730758,1
ar-ar_execmode_migration-i1-ro-o0-ln-c0-fx-45945843e0da,ar_execmode_migration,RO,AR,-1.711330056190377,-0.2113317996238493,1.4999982565665277,1
ar-ar_execmode_migration-i1-ro-o0-ln-c1-fx-53e8b4bd66db,ar_execmode_migration,RO,AR,-0.029165472833710737,-3.6541669368689327,-3.625001464035222,1
ar-ar_execmode_migration-i1-ro-o1-ll-c0-fx-3a6acfb9bd4f,ar_execmode_migration,RO,AR,-1.2298179864858412,-0.3548194169929957,0.8749985694928455,1
ar-ar_execmode_migration-i1-ro-o1-ll-c1-fx-f6ffd4511ab0,ar_execmode_migration,RO,AR,-0.014689886940459473,-4.514688611030408,-4.499998724089949,1
ar-ar_execmode_migration-i1-ro-o1-ln-c0-fx-d31eda77acda,ar_execmode_migration,RO,AR,-1.22931396961053,-0.3543148636783826,0.8749991059321474,1
ar-ar_execmode_migration-i1-ro-o1-ln-c1-fx-5bcffae80789,ar_execmode_migration,RO,AR,-0.02003751322581593,-4.14503717422474,-4.124999660998924,1
ar-ar_execmode_migration-i2-ar-o0-ll-c0-fe-36a76d014710,ar_execmode_migration,AR,AR,-0.13167026627343148,-2.142257349565625,-2.0105870832921937,1
ar-ar_execmode_migration-i2-ar-o0-ll-c0-fh-e918ec511a5c,ar_execmode_migration,AR,AR,-0.032780523819383234,-3.5417392011731863,-3.508958677353803,1
ar-ar_execmode_migration-i2-ar-o0-ll-c1-fe-8ef04674aecd,ar_execmode_migration,AR,AR,-0.047795386984944344,-3.65224277973158,-3.6044473927466356,1
ar-ar_execmode_migration-i2-ar-o0-ll-c1-fh-812e225fdb38,ar_execmode_migration,AR,AR,-0.034569601994007826,-3.6528438329693245,-3.6182742309753166,1
ar-ar_execmode_migration-i2-ar-o0-ln-c0-fe-be8aefd90089,ar_execmode_migration,AR,AR,-0.13020718295592815,-2.2080725207924843,-2.077865337836556,1
ar-ar_execmode_migration-i2-ar-o0-ln-c0-fh-13d17f04b0e6,ar_execmode_migration,AR,AR,-0.035375694307731465,-3.4587908536195755,-3.423415159311844,1
ar-ar_execmode_migration-i2-ar-o0-ln-c1-fe-651a3c0e8861,ar_execmode_migration,AR,AR,-0.08302547037601471,-3.409423232078211,-3.3263977617021965,1
ar-ar_execmode_migration-i2-ar-o0-ln-c1-fh-320f45b5a2e9,ar_execmode_migration,AR,AR,-0.02767628151923418,-3.7740660905837444,-3.7463898090645102,1
ar-ar_execmode_migration-i2-ar-o1-ll-c0-fe-a23753587b3c,ar_execmode_migration,AR,AR,-1.7039117813110067,-0.3465973287820816,1.3573144525289251,1
ar-ar_execmode_migration-i2-ar-o1-ll-c0-fh-5ac9cc240b83,ar_execmode_migration,AR,AR,-1.1411995887756063,-0.5338868647813797,0.6073127239942266,1
ar-ar_execmode_migration-i2-ar-o1-ll-c1-fe-34d76d6c3af1,ar_execmode_migration,AR,AR,-0.3157927017600741,-1.33170279674232,-1.015910094982246,1
ar-ar_execmode_migration-i2-ar-o1-ll-c1-fh-84788d0fcc98,ar_execmode_migration,AR,AR,-0.901521622963628,-0.5362605890259147,0.36526103393771336,1
ar-ar_execmode_migration-i2-ar-o1-ln-c0-fe-6623cc0020f0,ar_execmode_migration,AR,AR,-1.6023687124252248,-0.7014559358358383,0.9009127765893865,1
ar-ar_execmode_migration-i2-ar-o1-ln-c0-fh-c6d9d1f8c903,ar_execmode_migration,AR,AR,-1.7033700942993093,-0.31620335578918457,1.3871667385101247,1
ar-ar_execmode_migration-i2-ar-o1-ln-c1-fe-d3e2338365d6,ar_execmode_migration,AR,AR,-0.3160088678705506,-1.3211312582716346,-1.005122390401084,1
ar-ar_execmode_migration-i2-ar-o1-ln-c1-fh-52a98c18e099,ar_execmode_migration,AR,AR,-0.9002383320403169,-0.5258703685831279,0.37436796345718903,1
ar-ar_execmode_migration-i2-ro-o0-ll-c0-fx-8f9c76fb665f,ar_execmode_migration,RO,AR,-1.8151048421855194,-0.19010761379513497,1.6249972283903844,1
ar-ar_execmode_migration-i2-ro-o0-ll-c1-fx-41635388979d,ar_execmode_migration,RO,AR,-0.016664739696125253,-4.266667366016463,-4.250002626320338,1
ar-ar_execmode_migration-i2-ro-o0-ln-c0-fx-ce893a81f7c0,ar_execmode_migration,RO,AR,-2.134403586387293,-0.13440538942472813,1.999998196962565,1
ar-ar_execmode_migration-i2-ro-o0-ln-c1-fx-cb6d35f6c806,ar_execmode_migration,RO,AR,-0.020592149345816324,-4.020593643184384,-4.0000014938385675,1
ar-ar_execmode_migration-i2-ro-o1-ll-c0-fx-00bedda99b0e,ar_execmode_migration,RO,AR,-1.2291272878626387,-0.3541281223256192,0.8749991655370195,1
ar-ar_execmode_migration-i2-ro-o1-ll-c1-fx-036e5961753c,ar_execmode_migration,RO,AR,-0.016134791074591703,-4.3911334276197636,-4.374998636545172,1
ar-ar_execmode_migration-i2-ro-o1-ln-c0-fx-d75d6c73eb13,ar_execmode_migration,RO,AR,-1.6054315567004096,-0.230432033536772,1.3749995231636376,1
ar-ar_execmode_migration-i2-ro-o1-ln-c1-fx-b4656d9d2736,ar_execmode_migration,RO,AR,-0.013892632908437008,-4.513891816139051,-4.499999183230614,1
ar-ar_execmode_migration-i3-ar-o0-ll-c0-fe-4c7231e1906b,ar_execmode_migration,AR,AR,-0.15820844937115908,-2.0412461310625076,-1.8830376816913486,1
ar-ar_execmode_migration-i3-ar-o0-ll-c0-fh-adc0870022fc,ar_execmode_migration,AR,AR,-0.05734349600970745,-3.3007903462275863,-3.243446850217879,1
ar-ar_execmode_migration-i3-ar-o0-ll-c1-fe-7fd0fad3bd7c,ar_execmode_migration,AR,AR,-0.03422231040894985,-4.388667225837139,-4.354444915428189,1
ar-ar_execmode_migration-i3-ar-o0-ll-c1-fh-33ff2af70f50,ar_execmode_migration,AR,AR,-0.02464926801621914,-4.142926692962533,-4.118277424946314,1
ar-ar_execmode_migration-i3-ar-o0-ln-c0-fe-155c494ed2f5,ar_execmode_migration,AR,AR,-0.19096956867724657,-1.8336610235273838,-1.6426914548501372,1
ar-ar_execmode_migration-i3-ar-o0-ln-c0-fh-957b9d98f780,ar_execmode_migration,AR,AR,-0.0542793502099812,-3.0843319706618786,-3.0300526204518974,1
ar-ar_execmode_migration-i3-ar-o0-ln-c1-fe-154eaee60a7c,ar_execmode_migration,AR,AR,-0.1997504085302353,-3.289517760276624,-3.0897673517463886,1
ar-ar_execmode_migration-i3-ar-o0-ln-c1-fh-05e9d17b1ea5,ar_execmode_migration,AR,AR,-0.03154365997761488,-3.896783113479586,-3.865239453501971,1
ar-ar_execmode_migration-i3-ar-o1-ll-c0-fe-f7146f2ec4ae,ar_execmode_migration,AR,AR,-1.3179898262023357,-0.841125875711441,0.4768639504908947,1
ar-ar_execmode_migration-i3-ar-o1-ll-c0-fh-ac1f68a825a2,ar_execmode_migration,AR,AR,-0.9820209741591839,-0.8689053952693939,0.11311557888978996,1
ar-ar_execmode_migration-i3-ar-o1-ll-c1-fe-aafcf1369d1c,ar_execmode_migration,AR,AR,-0.2288810716709122,-1.6923898980021477,-1.4635088263312355,1
ar-ar_execmode_migration-i3-ar-o1-ll-c1-fh-37dca5eb4f0f,ar_execmode_migration,AR,AR,-0.6399530768153454,-0.8777722343802452,-0.2378191575648998,1
ar-ar_execmode_migration-i3-ar-o1-ln-c0-fe-871c3ca1aea6,ar_execmode_migration,AR,AR,-1.2271533012389568,-1.405861884355545,-0.17870858311658822,1
ar-ar_execmode_migration-i3-ar-o1-ln-c0-fh-2c85a8b0d06d,ar_execmode_migration,AR,AR,-1.227373123168917,-0.8264604806900024,0.40091264247891445,1
ar-ar_execmode_migration-i3-ar-o1-ln-c1-fe-44eefcbde15f,ar_execmode_migration,AR,AR,-0.35056283278390765,-1.251738302409649,-0.9011754696257412,1
ar-ar_execmode_migration-i3-ar-o1-ln-c1-fh-39b2dec5f157,ar_execmode_migration,AR,AR,-0.6956198809530179,-0.7081111911684275,-0.012491310215409612,1
ar-ar_execmode_migration-i3-ro-o0-ll-c0-fx-ff680238dfdb,ar_execmode_migration,RO,AR,-1.6147725582118255,-0.23977594076677633,1.3749966174450492,1
ar-ar_execmode_migration-i3-ro-o0-ll-c1-fx-ef25e7dc333d,ar_execmode_migration,RO,AR,-0.041866637759540026,-3.291866660111282,-3.250000022351742,1
ar-ar_execmode_migration-i3-ro-o0-ln-c0-fx-06809a76ad02,ar_execmode_migration,RO,AR,-1.4194755554195808,-0.2944776117760739,1.124997943643507,1
ar-ar_execmode_migration-i3-ro-o0-ln-c1-fx-017a0fa0a4e3,ar_execmode_migration,RO,AR,-0.0368864573515566,-3.4118876457159786,-3.375001188364422,1
ar-ar_execmode_migration-i3-ro-o1-ll-c0-fx-7d3a9750216d,ar_execmode_migration,RO,AR,-0.6397780776011359,-0.7647812962418357,-0.12500321864069974,1
ar-ar_execmode_migration-i3-ro-o1-ll-c1-fx-c2b1b9492f81,ar_execmode_migration,RO,AR,-0.010065061969044109,-5.135063648223422,-5.124998586254378,1
ar-ar_execmode_migration-i3-ro-o1-ln-c0-fx-a79fa9e588ba,ar_execmode_migration,RO,AR,-1.059956908225331,-0.4349594414165949,0.6249974668087361,1
ar-ar_execmode_migration-i3-ro-o1-ln-c1-fx-e98d9646f27d,ar_execmode_migration,RO,AR,-0.01834324374692642,-4.268342733382951,-4.249999489636025,1
ar-ar_execmode_migration-i4-ar-o0-ll-c0-fe-c454fc69f0b8,ar_execmode_migration,AR,AR,-0.1342907091602683,-2.149605117738247,-2.0153144085779786,1
ar-ar_execmode_migration-i4-ar-o0-ll-c0-fh-eed1c51b0073,ar_execmode_migration,AR,AR,-0.02352633373811841,-3.9113681335002184,-3.8878417997621,1
ar-ar_execmode_migration-i4-ar-o0-ll-c1-fe-12e112f754ef,ar_execmode_migration,AR,AR,-0.032947261817753315,-4.264788985249879,-4.231841723432126,1
ar-ar_execmode_migration-i4-ar-o0-ll-c1-fh-a8f62887fff4,ar_execmode_migration,AR,AR,-0.03558312822133303,-3.5309572219844085,-3.4953740937630755,1
ar-ar_execmode_migration-i4-ar-o0-ln-c0-fe-b7c18ef49ba7,ar_execmode_migration,AR,AR,-0.14628695894498378,-2.0625905878841877,-1.916303628939204,1
ar-ar_execmode_migration-i4-ar-o0-ln-c0-fh-5eb7c6308676,ar_execmode_migration,AR,AR,-0.021948218753095716,-3.9230945203453302,-3.9011463015922345,1
ar-ar_execmode_migration-i4-ar-o0-ln-c1-fe-a84d8c664964,ar_execmode_migration,AR,AR,-0.07243827730417252,-3.288785338400203,-3.2163470610960303,1
ar-ar_execmode_migration-i4-ar-o0-ln-c1-fh-1e347b80f476,ar_execmode_migration,AR,AR,-0.041758423671126366,-3.288947939872685,-3.2471895162015585,1
ar-ar_execmode_migration-i4-ar-o1-ll-c0-fe-9674af744bd3,ar_execmode_migration,AR,AR,-1.315988659858533,-0.597147136926651,0.7188415229318821,1
ar-ar_execmode_migration-i4-ar-o1-ll-c0-fh-85e58fc55d6d,ar_execmode_migration,AR,AR,-0.6364911794662191,-1.1099454462528229,-0.47345426678660374,1
ar-ar_execmode_migration-i4-ar-o1-ll-c1-fe-b0d2fd14f680,ar_execmode_migration,AR,AR,-0.25440445472486317,-1.5469151958823204,-1.2925107411574572,1
ar-ar_execmode_migration-i4-ar-o1-ll-c1-fh-f2c7b6ae52f8,ar_execmode_migration,AR,AR,-0.43124932028877083,-1.0794758256524801,-0.6482265053637093,1
ar-ar_execmode_migration-i4-ar-o1-ln-c0-fe-4f9a8f863d1b,ar_execmode_migration,AR,AR,-1.2256405353545574,-0.9832460582256317,0.2423944771289257,1
ar-ar_execmode_migration-i4-ar-o1-ln-c0-fh-70a82aa50812,ar_execmode_migration,AR,AR,-0.9003895521163869,-0.838659018278122,0.06173053383826499,1
ar-ar_execmode_migration-i4-ar-o1-ln-c1-fe-baf6409e85e5,ar_execmode_migration,AR,AR,-0.31531250051921234,-1.3259285790845752,-1.0106160785653628,1
ar-ar_execmode_migration-i4-ar-o1-ln-c1-fh-c2bb843984bb,ar_execmode_migration,AR,AR,-0.6345071791201917,-0.761419699061662,-0.12691251994147024,1
ar-ar_execmode_migration-i4-ro-o0-ll-c0-fx-d38d08d767ff,ar_execmode_migration,RO,AR,-1.416258335112957,-0.2912615537552483,1.1249967813577086,1
ar-ar_execmode_migration-i4-ro-o0-ll-c1-fx-62d54f169ef6,ar_execmode_migration,RO,AR,-0.01830791681663868,-4.143308162685116,-4.125000245868478,1
ar-ar_execmode_migration-i4-ro-o0-ln-c0-fx-aa0a4d8ea50d,ar_execmode_migration,RO,AR,-1.8122870922085212,-0.18728910386153075,1.6249979883469905,1
ar-ar_execmode_migration-i4-ro-o0-ln-c1-fx-91ef34314687,ar_execmode_migration,RO,AR,-0.022792892529309938,-3.8977940082515943,-3.8750011157222843,1
ar-ar_execmode_migration-i4-ro-o1-ll-c0-fx-f3e98cc4b6db,ar_execmode_migration,RO,AR,-0.3185215890391646,-1.3185235261848902,-1.0000019371457256,1
ar-ar_execmode_migration-i4-ro-o1-ll-c1-fx-142ebb01d125,ar_execmode_migration,RO,AR,-0.0048120990370534855,-5.879810690879481,-5.874998591842427,1
ar-ar_execmode_migration-i4-ro-o1-ln-c0-fx-83636a7cc98b,ar_execmode_migration,RO,AR,-0.6375908255561171,-0.762591660019325,-0.12500083446320787,1
ar-ar_execmode_migration-i4-ro-o1-ln-c1-fx-4c56d4da3470,ar_execmode_migration,RO,AR,-0.008974940514804075,-5.0089743137357345,-4.9999993732209305,1
ar-ar_logformat_service-i0-ar-o0-ll-c0-fe-30ebc55ec046,ar_logformat_service,AR,AR,-0.016693209123332053,-4.393329247832298,-4.376636038708966,1
ar-ar_logformat_service-i0-ar-o0-ll-c0-fh-7e132e8cfaa0,ar_logformat_service,AR,AR,-0.006523582880618051,-5.390018526464701,-5.383494943584083,1
ar-ar_logformat_service-i0-ar-o0-ll-c1-fe-08036996801f,ar_logformat_service,AR,AR,-0.021481669042259455,-5.380437970161431,-5.358956301119171,1
ar-ar_logformat_service-i0-ar-o0-ll-c1-fh-715b92a49383,ar_logformat_service,AR,AR,-0.021373465657234192,-4.512746214865729,-4.4913727492084945,1
ar-ar_logformat_service-i0-ar-o0-ln-c0-fe-e50613ba4095,ar_logformat_service,AR,AR,-0.013826580609020311,-4.531460806727409,-4.517634226118389,1
ar-ar_logformat_service-i0-ar-o0-ln-c0-fh-03d6c66ecdef,ar_logformat_service,AR,AR,-0.009313253303844249,-4.904831204563379,-4.895517951259535,1
ar-ar_logformat_service-i0-ar-o0-ln-c1-fe-60984b920859,ar_logformat_service,AR,AR,-0.06317239906638861,-4.883279085159273,-4.820106686092885,1
ar-ar_logformat_service-i0-ar-o0-ln-c1-fh-138565c92e7c,ar_logformat_service,AR,AR,-0.02496167505159974,-4.142347455024549,-4.117385779972949,1
ar-ar_logformat_service-i0-ar-o1-ll-c0-fe-f13b12a4a392,ar_logformat_service,AR,AR,-1.7047500610351491,-0.4859282970428467,1.2188217639923025,1
ar-ar_logformat_service-i0-ar-o1-ll-c0-fh-42d4d5df3927,ar_logformat_service,AR,AR,-1.3187193870539886,-0.49849529564380646,0.8202240914101822,1
ar-ar_logformat_service-i0-ar-o1-ll-c1-fe-898513222848,ar_logformat_service,AR,AR,-1.2434753701090813,-0.35651726834475994,0.8869581017643213,1
ar-ar_logformat_service-i0-ar-o1-ll-c1-fh-81bad703bcd4,ar_logformat_service,AR,AR,-2.470150256762281,-0.09514780435711145,2.3750024524051696,1
ar-ar_logformat_service-i0-ar-o1-ln-c0-fe-26823f9b4218,ar_logformat_service,AR,AR,-1.5043531656264975,-0.9475224912166595,0.5568306744098379,1
ar-ar_logformat_service-i0-ar-o1-ln-c0-fh-88fdbd03cf3c,ar_logformat_service,AR,AR,-1.603886485099622,-0.4086494594812393,1.1952370256183826,1
ar-ar_logformat_service-i0-ar-o1-ln-c1-fe-299aa5f6e02e,ar_logformat_service,AR,AR,-1.5166979441419244,-0.25498968741158023,1.2617082567303441,1
ar-ar_logformat_service-i0-ar-o1-ln-c1-fh-ddf403715ac4,ar_logformat_service,AR,AR,-1.9149002422345802,-0.1635987997869961,1.7513014424475841,1
ar-ar_logformat_service-i0-ro-o0-ll-c0-fx-5e1d5dad5f19,ar_logformat_service,RO,AR,-1.6061003208155853,-0.23110310732636208,1.3749972134892232,1
ar-ar_logformat_service-i0-ro-o0-ll-c1-fx-82f9903d6131,ar_logformat_service,RO,AR,-0.0070335981425841965,-5.1320360898903346,-5.12500249174775,1
ar-ar_logformat_service-i0-ro-o0-ln-c0-fx-e20477201832,ar_logformat_service,RO,AR,-1.6059794425958671,-0.23098042607102798,1.3749990165248391,1
ar-ar_logformat_service-i0-ro-o0-ln-c1-fx-bdec70d1ddd6,ar_logformat_service,RO,AR,-0.009822380728451208,-4.75982367992151,-4.750001299193059,1
ar-ar_logformat_service-i0-ro-o1-ll-c0-fx-0f9259c7f975,ar_logformat_service,RO,AR,-2.242542505245183,-0.11754049359888086,2.125002011646302,1
ar-ar_logformat_service-i0-ro-o1-ll-c1-fx-69f81ea55ff3,ar_logformat_service,RO,AR,-0.011744211421046202,-4.636742234228791,-4.624998022807745,1
ar-ar_logformat_service-i0-ro-o1-ln-c0-fx-6ebc5207675d,ar_logformat_service,RO,AR,-2.35352015494891,-0.10351987927811024,2.2500002756708,1
ar-ar_logformat_service-i0-ro-o1-ln-c1-fx-21a858d682ae,ar_logformat_service,RO,AR,-0.0321366749687968,-3.5321365594847975,-3.4999998845160007,1
ar-ar_logformat_service-i1-ar-o0-ll-c0-fe-1f6280dfb787,ar_logformat_service,AR,AR,-0.0204555117234122,-4.301450550556183,-4.280995038832771,1
ar-ar_logformat_service-i1-ar-o0-ll-c0-fh-e35efc62474c,ar_logformat_service,AR,AR,-0.010980831895722076,-4.7944722175598145,-4.783491385664092,1
ar-ar_logformat_service-i1-ar-o0-ll-c1-fe-174d465ea436,ar_logformat_service,AR,AR,-0.011607920285314322,-5.753996133804293,-5.7423882135189785,1
ar-ar_logformat_service-i1-ar-o0-ll-c1-fh-d7eede814875,ar_logformat_service,AR,AR,-0.02113095112144947,-4.38940656185116,-4.368275610729711,1
ar-ar_logformat_service-i1-ar-o0-ln-c0-fe-43c5ad8bf776,ar_logformat_service,AR,AR,-0.035312605687067844,-3.635662615299225,-3.600350009612157,1
ar-ar_logformat_service-i1-ar-o0-ln-c0-fh-a6e6706905d2,ar_logformat_service,AR,AR,-0.01614233489090111,-4.292361177504063,-4.2762188426131615,1
ar-ar_logformat_service-i1-ar-o0-ln-c1-fe-032934378cf6,ar_logformat_service,AR,AR,-0.06314418464899063,-4.883254289627047,-4.820110104978056,1
ar-ar_logformat_service-i1-ar-o0-ln-c1-fh-e05dbc6e1ed2,ar_logformat_service,AR,AR,-0.04227631073445082,-3.5312205553053104,-3.4889442445708596,1
ar-ar_logformat_service-i1-ar-o1-ll-c0-fe-f615b6b21fc8,ar_logformat_service,AR,AR,-1.9135103225707937,-0.34327444434165955,1.5702358782291341,1
ar-ar_logformat_service-i1-ar-o1-ll-c0-fh-664305fc0d8c,ar_logformat_service,AR,AR,-1.2292978763575775,-0.48124860227108,0.7480492740864975,1
ar-ar_logformat_service-i1-ar-o1-ll-c1-fe-96e24625a07c,ar_logformat_service,AR,AR,-1.2109356820583344,-0.39292557584121823,0.8180101062171161,1
ar-ar_logformat_service-i1-ar-o1-ll-c1-fh-4f86093bc45c,ar_logformat_service,AR,AR,-1.8213806739076972,-0.18579666351433843,1.6355840103933588,1
ar-ar_logformat_service-i1-ar-o1-ln-c0-fe-faea3c210a89,ar_logformat_service,AR,AR,-2.019546389579766,-0.667686864733696,1.3518595248460699,1
ar-ar_logformat_service-i1-ar-o1-ln-c0-fh-96528144b142,ar_logformat_service,AR,AR,-1.5053904056547935,-0.41562898457050323,1.0897614210842903,1
ar-ar_logformat_service-i1-ar-o1-ln-c1-fe-89fde47ef8f7,ar_logformat_service,AR,AR,-1.2742625139653683,-0.35116043681045994,0.9231020771549083,1
ar-ar_logformat_service-i1-ar-o1-ln-c1-fh-518f2617c698,ar_logformat_service,AR,AR,-1.7142160069197416,-0.2046592027763836,1.509556804143358,1
ar-ar_logformat_service-i1-ro-o0-ll-c0-fx-4e5800670874,ar_logformat_service,RO,AR,-2.470362186431771,-0.09536512195518299,2.374997064476588,1
ar-ar_logformat_service-i1-ro-o0-ll-c1-fx-d649b0ed51ef,ar_logformat_service,RO,AR,-0.016343083232186473,-4.266344428059938,-4.250001344827751,1
ar-ar_logformat_service-i1-ro-o0-ln-c0-fx-dbadd8fee305,ar_logformat_service,RO,AR,-2.1330038309095585,-0.1330046206702491,1.9999992102393094,1
ar-ar_logformat_service-i1-ro-o0-ln-c1-fx-61358335769e,ar_logformat_service,RO,AR,-0.017786303534876424,-4.142786741256032,-4.125000437721155,1
ar-ar_logformat_service-i1-ro-o1-ll-c0-fx-a15aede2911f,ar_logformat_service,RO,AR,-1.6066125631245995,-0.23161041736398147,1.375002145760618,1
ar-ar_logformat_service-i1-ro-o1-ll-c1-fx-bed38f80ce91,ar_logformat_service,RO,AR,-0.006983889728417125,-5.256981611251604,-5.2499977215231866,1
ar-ar_logformat_service-i1-ro-o1-ln-c0-fx-42d34d32b5b7,ar_logformat_service,RO,AR,-1.9148778915371167,-0.16487757861364116,1.7500003129234756,1
ar-ar_logformat_service-i1-ro-o1-ln-c1-fx-83c75344d973,ar_logformat_service,RO,AR,-0.020825561134984127,-4.020824670791399,-3.9999991096564145,1
ar-ar_logformat_service-i2-ar-o0-ll-c0-fe-ef489e039b73,ar_logformat_service,AR,AR,-0.01271710880973842,-4.793691962957382,-4.780974854147644,1
ar-ar_logformat_service-i2-ar-o0-ll-c0-fh-7282e9e58c21,ar_logformat_service,AR,AR,-0.011738439236069098,-4.670129548758268,-4.658391109522199,1
ar-ar_logformat_service-i2-ar-o0-ll-c1-fe-c08f55219777,ar_logformat_service,AR,AR,-0.0034396853297948837,-6.751733541488619,-6.748293856158824,1
ar-ar_logformat_service-i2-ar-o0-ll-c1-fh-f78eb487cdfa,ar_logformat_service,AR,AR,-0.014123587403446436,-4.760031461715016,-4.74590787431157,1
ar-ar_logformat_service-i2-ar-o0-ln-c0-fe-6fef31a38c26,ar_logformat_service,AR,AR,-0.01534308644477278,-4.5785432159900665,-4.563200129545294,1
ar-ar_logformat_service-i2-ar-o0-ln-c0-fh-942ffccd9502,ar_logformat_service,AR,AR,-0.019948945962823927,-4.057930614799261,-4.037981668836437,1
ar-ar_logformat_service-i2-ar-o0-ln-c1-fe-e06f22ff6f08,ar_logformat_service,AR,AR,-0.009987748460844159,-5.878267168998661,-5.868279420537817,1
ar-ar_logformat_service-i2-ar-o0-ln-c1-fh-36c282b45ed9,ar_logformat_service,AR,AR,-0.032929436303675175,-3.8968720436093918,-3.8639426073057166,1
ar-ar_logformat_service-i2-ar-o1-ll-c0-fe-77c7e063c70f,ar_logformat_service,AR,AR,-2.129605174064629,-0.22982849180698395,1.8997766822576452,1
ar-ar_logformat_service-i2-ar-o1-ll-c0-fh-1a0090b63f05,ar_logformat_service,AR,AR,-1.058023452758107,-0.5458719283342361,0.5121515244238708,1
ar-ar_logformat_service-i2-ar-o1-ll-c1-fe-e6210aa470ff,ar_logformat_service,AR,AR,-1.1826022453606129,-0.3942217566072941,0.7883804887533188,1
ar-ar_logformat_service-i2-ar-o1-ll-c1-fh-3539ac6c05f2,ar_logformat_service,AR,AR,-1.4235516637563705,-0.2903119884431362,1.1332396753132343,1
ar-ar_logformat_service-i2-ar-o1-ln-c0-fe-fa3766ed04eb,ar_logformat_service,AR,AR,-1.9122188091277792,-0.3876516669988632,1.524567142128916,1
ar-ar_logformat_service-i2-ar-o1-ln-c0-fh-5ea538d4b1d2,ar_logformat_service,AR,AR,-1.1405045986173832,-0.5331969708204269,0.6073076277969562,1
ar-ar_logformat_service-i2-ar-o1-ln-c1-fe-b99f0741d235,ar_logformat_service,AR,AR,-1.441853892058134,-0.2843753690831363,1.1574785229749978,1
ar-ar_logformat_service-i2-ar-o1-ln-c1-fh-5338f28f87c4,ar_logformat_service,AR,AR,-1.1446131514385343,-0.3905392841552384,0.7540738672832958,1
ar-ar_logformat_service-i2-ro-o0-ll-c0-fx-8587d5d3258a,ar_logformat_service,RO,AR,-2.243863105773812,-0.11886623501095528,2.124996870762857,1
ar-ar_logformat_service-i2-ro-o0-ll-c1-fx-95e8fcc76684,ar_logformat_service,RO,AR,-0.01129578333302561,-4.636298179621008,-4.625002396287982,1
ar-ar_logformat_service-i2-ro-o0-ln-c0-fx-852b54ee7eea,ar_logformat_service,RO,AR,-2.133660197257825,-0.1336621493067014,1.9999980479511237,1
ar-ar_logformat_service-i2-ro-o0-ln-c1-fx-532a50f0f8ab,ar_logformat_service,RO,AR,-0.014064962975339768,-4.389066100118953,-4.375001137143613,1
ar-ar_logformat_service-i2-ro-o1-ll-c0-fx-e37a2cb1c46b,ar_logformat_service,RO,AR,-1.5079214572820092,-0.25791990756647465,1.2500015497155346,1
ar-ar_logformat_service-i2-ro-o1-ll-c1-fx-50ed9735ee32,ar_logformat_service,RO,AR,-0.007131023794727298,-5.257129311561016,-5.249998287766289,1
ar-ar_logformat_service-i2-ro-o1-ln-c0-fx-33f06651414e,ar_logformat_service,RO,AR,-1.7063139677006802,-0.20631311833653854,1.5000008493641417,1
ar-ar_logformat_service-i2-ro-o1-ln-c1-fx-a2654c59fea2,ar_logformat_service,RO,AR,-0.015138166955352972,-4.390137553214686,-4.374999386259333,1
ar-ar_logformat_service-i3-ar-o0-ll-c0-fe-cbbffa96e1b5,ar_logformat_service,AR,AR,-0.010274086584104225,-4.98553130030632,-4.975257213722216,1
ar-ar_logformat_service-i3-ar-o0-ll-c0-fh-89e3eca79962,ar_logformat_service,AR,AR,-0.005923063923546579,-5.567821484059095,-5.561898420135549,1
ar-ar_logformat_service-i3-ar-o0-ll-c1-fe-06215cc92480,ar_logformat_service,AR,AR,-0.012596481945365667,-5.5049836635589315,-5.492387181613566,1
ar-ar_logformat_service-i3-ar-o0-ll-c1-fh-4af5115edaca,ar_logformat_service,AR,AR,-0.014882811345160007,-5.1322660446162445,-5.1173832332710845,1
ar-ar_logformat_service-i3-ar-o0-ln-c0-fe-52bafd98af37,ar_logformat_service,AR,AR,-0.015505854600633029,-4.546550124883652,-4.531044270283019,1
ar-ar_logformat_service-i3-ar-o0-ln-c0-fh-31d854e24e91,ar_logformat_service,AR,AR,-0.011316743271891028,-4.73647753149271,-4.725160788220819,1
ar-ar_logformat_service-i3-ar-o0-ln-c1-fe-7a7f959761fb,ar_logformat_service,AR,AR,-0.056328507140278816,-4.388320207595797,-4.331991700455518,1
ar-ar_logformat_service-i3-ar-o0-ln-c1-fh-7513e7753374,ar_logformat_service,AR,AR,-0.03528865985572338,-4.142128348350468,-4.106839688494745,1
ar-ar_logformat_service-i3-ar-o1-ll-c0-fe-a26d6f585d44,ar_logformat_service,AR,AR,-2.0205248594283987,-0.2724778950214386,1.74804696440696,1
ar-ar_logformat_service-i3-ar-o1-ll-c0-fh-9747137af639,ar_logformat_service,AR,AR,-2.021417379379045,-0.22533497959375381,1.7960823997852913,1
ar-ar_logformat_service-i3-ar-o1-ll-c1-fe-0452e7cc2bb3,ar_logformat_service,AR,AR,-2.401249621063471,-0.1041620773030445,2.2970875437604263,1
ar-ar_logformat_service-i3-ar-o1-ll-c1-fh-7671c76e3671,ar_logformat_service,AR,AR,-2.833123715594411,-0.06577446690062061,2.7673492486937903,1
ar-ar_logformat_service-i3-ar-o1-ln-c0-fe-936c62113f06,ar_logformat_service,AR,AR,-1.602500796318047,-0.701600581407547,0.9009002149105001,1
ar-ar_logformat_service-i3-ar-o1-ln-c0-fh-f9ce54daba51,ar_logformat_service,AR,AR,-1.9131754636763958,-0.2760142311453819,1.6371612325310139,1
ar-ar_logformat_service-i3-ar-o1-ln-c1-fe-337c61fb3847,ar_logformat_service,AR,AR,-2.162354614585638,-0.12933242041617632,2.0330221941694617,1
ar-ar_logformat_service-i3-ar-o1-ln-c1-fh-4d5ebe95cf8e,ar_logformat_service,AR,AR,-2.1558641251176596,-0.129655341625039,2.0262087834926206,1
ar-ar_logformat_service-i3-ro-o0-ll-c0-fx-6f3c58e9e434,ar_logformat_service,RO,AR,-2.1336817741392906,-0.13368357717740764,1.999998196961883,1
ar-ar_logformat_service-i3-ro-o0-ll-c1-fx-219db0f6af64,ar_logformat_service,RO,AR,-0.010037086902457304,-4.7600381374325025,-4.750001050530045,1
ar-ar_logformat_service-i3-ro-o0-ln-c0-fx-6a17b8486269,ar_logformat_service,RO,AR,-1.9168198108671959,-0.1668208390461814,1.7499989718210145,1
ar-ar_logformat_service-i3-ro-o0-ln-c1-fx-985783295c7b,ar_logformat_service,RO,AR,-0.011107410303679899,-4.636108517644743,-4.625001107341063,1
ar-ar_logformat_service-i3-ro-o1-ll-c0-fx-c1943355d6c3,ar_logformat_service,RO,AR,-1.810339570036831,-0.18533959983915338,1.6249999701976776,1
ar-ar_logformat_service-i3-ro-o1-ll-c1-fx-d08ed3988571,ar_logformat_service,RO,AR,-0.011830202300416204,-4.636828303336756,-4.62499810103634,1
ar-ar_logformat_service-i3-ro-o1-ln-c0-fx-3fc2f0f6f4cd,ar_logformat_service,RO,AR,-2.354336023327278,-0.10433612018482563,2.2499999031424522,1
ar-ar_logformat_service-i3-ro-o1-ln-c1-fx-7d276d0bbf1f,ar_logformat_service,RO,AR,-0.037259422241390894,-3.412258744239466,-3.374999321998075,1
ar-ar_logformat_service-i4-ar-o0-ll-c0-fe-cf540553cd89,ar_logformat_service,AR,AR,-0.013063927850453183,-4.582800082862377,-4.569736155011924,1
ar-ar_logformat_service-i4-ar-o0-ll-c0-fh-f570c3819891,ar_logformat_service,AR,AR,-0.018264037964399904,-4.176774814724922,-4.158510776760522,1
ar-ar_logformat_service-i4-ar-o0-ll-c1-fe-2b9c16c2332e,ar_logformat_service,AR,AR,-0.01287346938624978,-5.629254579544039,-5.616381110157789,1
ar-ar_logformat_service-i4-ar-o0-ll-c1-fh-b8c29a2f37f6,ar_logformat_service,AR,AR,-0.034810530953109264,-3.653083562849588,-3.6182730318964786,1
ar-ar_logformat_service-i4-ar-o0-ln-c0-fe-0e639098efbd,ar_logformat_service,AR,AR,-0.01748823976959102,-4.212269812822342,-4.194781573052751,1
ar-ar_logformat_service-i4-ar-o0-ln-c0-fh-e59c8313062b,ar_logformat_service,AR,AR,-0.03148945946304593,-3.5800149627029896,-3.5485255032399436,1
ar-ar_logformat_service-i4-ar-o0-ln-c1-fe-fbd73e1db339,ar_logformat_service,AR,AR,-0.049726489931344986,-4.511678457260103,-4.461951967328758,1
ar-ar_logformat_service-i4-ar-o0-ln-c1-fh-739a7949d5f4,ar_logformat_service,AR,AR,-0.07771552260965109,-2.813542842864763,-2.7358273202551118,1
ar-ar_logformat_service-i4-ar-o1-ll-c0-fe-f87c061e1519,ar_logformat_service,AR,AR,-1.8076112270354656,-0.3095489740371704,1.4980622529982952,1
ar-ar_logformat_service-i4-ar-o1-ll-c0-fh-d71cbd539052,ar_logformat_service,AR,AR,-0.6380235552775275,-0.8899726271629333,-0.25194907188540583,1
ar-ar_logformat_service-i4-ar-o1-ll-c1-fe-185646ef16df,ar_logformat_service,AR,AR,-1.6198719162493944,-0.2316406317986548,1.3882312844507396,1
ar-ar_logformat_service-i4-ar-o1-ll-c1-fh-ec77837bd83f,ar_logformat_service,AR,AR,-1.3281283108517528,-0.31955269048921764,1.0085756203625351,1
ar-ar_logformat_service-i4-ar-o1-ln-c0-fe-50566148aa7d,ar_logformat_service,AR,AR,-1.3156857490539267,-0.7444007098674774,0.5712850391864492,1
ar-ar_logformat_service-i4-ar-o1-ln-c0-fh-ca7759c85f92,ar_logformat_service,AR,AR,-0.6969927549359909,-0.8767514377832413,-0.17975868284725038,1
ar-ar_logformat_service-i4-ar-o1-ln-c1-fe-34c591e4c0fa,ar_logformat_service,AR,AR,-1.924840277992189,-0.16313235851703212,1.7617079194751568,1
ar-ar_logformat_service-i4-ar-o1-ln-c1-fh-530cdfdc1be8,ar_logformat_service,AR,AR,-1.233872587326914,-0.35152381216175854,0.8823487751651555,1
ar-ar_logformat_service-i4-ro-o0-ll-c0-fx-5e2e1a8612be,ar_logformat_service,RO,AR,-1.8122742176054203,-0.18727728723797554,1.6249969303674447,1
ar-ar_logformat_service-i4-ro-o0-ll-c1-fx-52f954a6961d,ar_logformat_service,RO,AR,-0.014453846029368833,-4.389455795283993,-4.375001949254624,1
ar-ar_logformat_service-i4-ro-o0-ln-c0-fx-774e0e5738e9,ar_logformat_service,RO,AR,-1.709329009055864,-0.20933036505971359,1.4999986439961503,1
ar-ar_logformat_service-i4-ro-o0-ln-c1-fx-5879bc37da4e,ar_logformat_service,RO,AR,-0.016088558360593197,-4.266089081762971,-4.250000523402377,1
ar-ar_logformat_service-i4-ro-o1-ll-c0-fx-f1567bfe8fe7,ar_logformat_service,RO,AR,-1.7076398133990551,-0.20763660966667885,1.5000032037323763,1
ar-ar_logformat_service-i4-ro-o1-ll-c1-fx-0f8b52a2ab19,ar_logformat_service,RO,AR,-0.012144708069172339,-4.6371423006052055,-4.624997592536033,1
ar-ar_logformat_service-i4-ro-o1-ln-c0-fx-c328b2f3789c,ar_logformat_service,RO,AR,-2.131525397293899,-0.131524428721832,2.000000968572067,1
ar-ar_logformat_service-i4-ro-o1-ln-c1-fx-a4f8d2e30e18,ar_logformat_service,RO,AR,-0.029542606323275322,-3.6545426845543716,-3.6250000782310963,1
ar-ar_naming_config-i0-ar-o0-ll-c0-fe-2f1f6ba335e9,ar_naming_config,AR,AR,-0.013733304618654074,-4.388866765002604,-4.37513346038395,1
ar-ar_naming_config-i0-ar-o0-ll-c0-fh-835ca1fe3007,ar_naming_config,AR,AR,-0.009823458836763166,-4.759714364878164,-4.749890906041401,1
ar-ar_naming_config-i0-ar-o0-ll-c1-fe-037356113a9a,ar_naming_config,AR,AR,-0.001287851915549254,-6.876265883445399,-6.874978031529849,1
ar-ar_naming_config-i0-ar-o0-ll-c1-fh-105c408117fd,ar_naming_config,AR,AR,-0.0020432389501365833,-6.377018451688855,-6.374975212738718,1
ar-ar_naming_config-i0-ar-o0-ln-c0-fe-26f03fd6f55e,ar_naming_config,AR,AR,-0.010723464765760582,-4.635688185200706,-4.624964720434946,1
ar-ar_naming_config-i0-ar-o0-ln-c0-fh-46faf74e336f,ar_naming_config,AR,AR,-0.011965375000727363,-4.5119022130879785,-4.499936838087251,1
ar-ar_naming_config-i0-ar-o0-ln-c1-fe-91afbd161dea,ar_naming_config,AR,AR,-0.003952963852498215,-5.628877282142469,-5.62492431828997,1
ar-ar_naming_config-i0-ar-o0-ln-c1-fh-9d5c8e1e09ed,ar_naming_config,AR,AR,-0.00219694223778788,-6.252167940139088,-6.2499709979013005,1
ar-ar_naming_config-i0-ar-o1-ll-c0-fe-a553bf5d7d69,ar_naming_config,AR,AR,-6.751414179801884,-0.0015005564491730183,6.749913623352711,1
ar-ar_naming_config-i0-ar-o1-ll-c0-fh-d4fcbcc7c4a4,ar_naming_config,AR,AR,-5.629066705703508,-0.004192649750621058,5.624874055952887,1
ar-ar_naming_config-i0-ar-o1-ll-c1-fe-f3be9997f6f1,ar_naming_config,AR,AR,-2.931754826546239,-0.05677792208007304,2.874976904466166,1
ar-ar_naming_config-i0-ar-o1-ll-c1-fh-02ea26b0ff0f,ar_naming_config,AR,AR,-3.289620876300887,-0.039726787646941375,3.249894088653946,1
ar-ar_naming_config-i0-ar-o1-ln-c0-fe-31ca28347ccc,ar_naming_config,AR,AR,-6.002704381942721,-0.0031371729855891317,5.9995672089571315,1
ar-ar_naming_config-i0-ar-o1-ln-c0-fh-0821252bcb6e,ar_naming_config,AR,AR,-6.002746105193978,-0.0028577207194757648,5.999888384474502,1
ar-ar_naming_config-i0-ar-o1-ln-c1-fe-cc4cf616e0c0,ar_naming_config,AR,AR,-3.169350027876135,-0.044398622230801266,3.1249514056453336,1
ar-ar_naming_config-i0-ar-o1-ln-c1-fh-c3f9e96885c9,ar_naming_config,AR,AR,-3.049902439114703,-0.04995240879361518,2.999950030321088,1
ar-ar_naming_config-i0-ro-o0-ll-c0-fx-f516dcc56620,ar_naming_config,RO,AR,-1.8128798007944624,-0.18788397310254368,1.6249958276919187,1
ar-ar_naming_config-i0-ro-o0-ll-c1-fx-6a7b567d957c,ar_naming_config,RO,AR,-0.01166902482259502,-4.636674642531943,-4.625005617709348,1
ar-ar_naming_config-i0-ro-o0-ln-c0-fx-d34193ffb408,ar_naming_config,RO,AR,-2.1348302364342544,-0.13483262061390633,1.999997615820348,1
ar-ar_naming_config-i0-ro-o0-ln-c1-fx-ee8e68c15946,ar_naming_config,RO,AR,-0.01624456793012996,-4.266247749319518,-4.250003181389388,1
ar-ar_naming_config-i0-ro-o1-ll-c0-fx-322ac9160980,ar_naming_config,RO,AR,-4.020542144666251,-0.020530162375052896,4.000011982291198,1
ar-ar_naming_config-i0-ro-o1-ll-c1-fx-e1cb7157d514,ar_naming_config,RO,AR,-0.07529398050792224,-2.700288414952638,-2.624994434444716,1
ar-ar_naming_config-i0-ro-o1-ln-c0-fx-c591c82e13b8,ar_naming_config,RO,AR,-3.7758178710787433,-0.02581372670726978,3.7500041443714736,1
ar-ar_naming_config-i0-ro-o1-ln-c1-fx-d90c9cef94f5,ar_naming_config,RO,AR,-0.05985422804042173,-2.9348515272127997,-2.874997299172378,1
ar-ar_naming_config-i1-ar-o0-ll-c0-fe-0b76166e0546,ar_naming_config,AR,AR,-0.007980214541021269,-5.008981400518678,-5.001001185977657,1
ar-ar_naming_config-i1-ar-o0-ll-c0-fh-cce8aee90446,ar_naming_config,AR,AR,-0.009962296189769404,-4.760005232128606,-4.750042935938836,1
ar-ar_naming_config-i1-ar-o0-ll-c1-fe-663347433e99,ar_naming_config,AR,AR,-0.000674857977173815,-7.625670433043979,-7.624995575066805,1
ar-ar_naming_config-i1-ar-o0-ll-c1-fh-7458cb9aa4fe,ar_naming_config,AR,AR,-0.0020526440493995324,-6.377023696898959,-6.37497105284956,1
ar-ar_naming_config-i1-ar-o0-ln-c0-fe-eb421ad1237a,ar_naming_config,AR,AR,-0.009773493839020375,-4.759758827589394,-4.749985333750374,1
ar-ar_naming_config-i1-ar-o0-ln-c0-fh-21e41153ed3f,ar_naming_config,AR,AR,-0.012240575182659086,-4.5121970176287505,-4.499956442446091,1
ar-ar_naming_config-i1-ar-o0-ln-c1-fe-699333f919f6,ar_naming_config,AR,AR,-0.001923671281474526,-6.376895546912976,-6.374971875631502,1
ar-ar_naming_config-i1-ar-o0-ln-c1-fh-d4cb82533488,ar_naming_config,AR,AR,-0.002751015854300931,-6.002709150314104,-5.999958134459803,1
ar-ar_naming_config-i1-ar-o1-ll-c0-fe-bcc88e20fd63,ar_naming_config,AR,AR,-6.751417040824833,-0.0016801697493065149,6.749736871075527,1
ar-ar_naming_config-i1-ar-o1-ll-c0-fh-799d717641a1,ar_naming_config,AR,AR,-5.255777239799443,-0.006407032546121627,5.249370207253321,1
ar-ar_naming_config-i1-ar-o1-ll-c1-fe-07b6a483fe08,ar_naming_config,AR,AR,-3.050669653166551,-0.05082189221866429,2.999847760947887,1
ar-ar_naming_config-i1-ar-o1-ll-c1-fh-f78f2088e099,ar_naming_config,AR,AR,-3.0508176087842003,-0.05096744958427735,2.999850159199923,1
ar-ar_naming_config-i1-ar-o1-ln-c0-fe-e5099554147a,ar_naming_config,AR,AR,-5.75340282917022,-0.004575206432491541,5.748827622737728,1
ar-ar_naming_config-i1-ar-o1-ln-c0-fh-f7b5428e5ee9,ar_naming_config,AR,AR,-5.131273984909029,-0.0069033976178616285,5.124370587291168,1
ar-ar_naming_config-i1-ar-o1-ln-c1-fe-4fc457c6068e,ar_naming_config,AR,AR,-3.169432401360609,-0.044669679598882794,3.1247627217617264,1
ar-ar_naming_config-i1-ar-o1-ln-c1-fh-0d3b981284dc,ar_naming_config,AR,AR,-2.8135764598773676,-0.06364855627180077,2.749927903605567,1
ar-ar_naming_config-i1-ro-o0-ll-c0-fx-3793fc9d203a,ar_naming_config,RO,AR,-1.7093026638024185,-0.20930765567300114,1.4999950081294173,1
ar-ar_naming_config-i1-ro-o0-ll-c1-fx-951a7d51d02d,ar_naming_config,RO,AR,-0.011396336366715332,-4.636400222759221,-4.625003886392506,1
ar-ar_naming_config-i1-ro-o0-ln-c0-fx-5deb73e15fd3,ar_naming_config,RO,AR,-1.9177680015560554,-0.16777011751673854,1.7499978840393169,1
ar-ar_naming_config-i1-ro-o0-ln-c1-fx-4419287a0126,ar_naming_config,RO,AR,-0.01808184385254208,-4.143084406845901,-4.125002562993359,1
ar-ar_naming_config-i1-ro-o1-ll-c0-fx-4b476dc8d26c,ar_naming_config,RO,AR,-3.775839447935141,-0.02583244628999637,3.7500070016451446,1
ar-ar_naming_config-i1-ro-o1-ll-c1-fx-8053e0d4ead9,ar_naming_config,RO,AR,-0.08425804226089895,-2.584254145621003,-2.499996103360104,1
ar-ar_naming_config-i1-ro-o1-ln-c0-fx-bbe34b9b9c22,ar_naming_config,RO,AR,-3.5326005220344996,-0.03259783983185116,3.5000026822026484,1
ar-ar_naming_config-i1-ro-o1-ln-c1-fx-fea22dfccb87,ar_naming_config,RO,AR,-0.07487525045530674,-2.6998735666271614,-2.6249983161718546,1
ar-ar_naming_config-i2-ar-o0-ll-c0-fe-ee653bb61e47,ar_naming_config,AR,AR,-0.004489367347559892,-5.756422071252018,-5.751932703904458,1
ar-ar_naming_config-i2-ar-o0-ll-c0-fh-7deafcad4b7f,ar_naming_config,AR,AR,-0.004050837082104408,-5.879057168502186,-5.8750063314200816,1
ar-ar_naming_config-i2-ar-o0-ll-c1-fe-a899278c0395,ar_naming_config,AR,AR,-0.0003039393723156536,-8.75029850006058,-8.749994560688265,1
ar-ar_naming_config-i2-ar-o0-ll-c1-fh-059ee71c2d07,ar_naming_config,AR,AR,-0.001652724648010917,-6.626615166663555,-6.624962442015544,1
ar-ar_naming_config-i2-ar-o0-ln-c0-fe-3e26199a299f,ar_naming_config,AR,AR,-0.003461258134848322,-6.003560774901416,-6.000099516766568,1
ar-ar_naming_config-i2-ar-o0-ln-c0-fh-f1c52a83a47e,ar_naming_config,AR,AR,-0.005589119295109413,-5.380568385111019,-5.3749792658159095,1
ar-ar_naming_config-i2-ar-o0-ln-c1-fe-b20fcffccfcd,ar_naming_config,AR,AR,-0.0010993639934895327,-7.001077175140267,-6.999977811146778,1
ar-ar_naming_config-i2-ar-o0-ln-c1-fh-85a1633b6b05,ar_naming_config,AR,AR,-0.0022682204871671274,-6.252169847488176,-6.249901627001009,1
ar-ar_naming_config-i2-ar-o1-ll-c0-fe-5e12580ffd3e,ar_naming_config,AR,AR,-7.250935554504281,-0.001011646781989839,7.249923907722291,1
ar-ar_naming_config-i2-ar-o1-ll-c0-fh-3040129f8b69,ar_naming_config,AR,AR,-5.007323026656877,-0.008653179509565234,4.998669847147312,1
ar-ar_naming_config-i2-ar-o1-ll-c1-fe-f6687d7e89f3,ar_naming_config,AR,AR,-3.411163294746075,-0.035956597075710306,3.3752066976703645,1
ar-ar_naming_config-i2-ar-o1-ll-c1-fh-647cba8385be,ar_naming_config,AR,AR,-4.0200034379727185,-0.020122238915064372,3.999881199057654,1
ar-ar_naming_config-i2-ar-o1-ln-c0-fe-37f36b76fe43,ar_naming_config,AR,AR,-6.127426028251591,-0.003137609630357474,6.124288418621234,1
ar-ar_naming_config-i2-ar-o1-ln-c0-fh-cd134a9fec83,ar_naming_config,AR,AR,-5.007133960723763,-0.009942879434674978,4.997191081289088,1
ar-ar_naming_config-i2-ar-o1-ln-c1-fe-1bc9ea70d8d8,ar_naming_config,AR,AR,-3.5311801408970496,-0.03121961611759616,3.4999605247794534,1
ar-ar_naming_config-i2-ar-o1-ln-c1-fh-f43e72bf10be,ar_naming_config,AR,AR,-3.410222530356805,-0.035378685424802825,3.374843844932002,1
ar-ar_naming_config-i2-ro-o0-ll-c0-fx-79d3140b905c,ar_naming_config,RO,AR,-1.1485382318484199,-0.3985410034565575,0.7499972283918623,1
ar-ar_naming_config-i2-ro-o0-ll-c1-fx-3913fa91f2bc,ar_naming_config,RO,AR,-0.006613758391040392,-5.256618022899602,-5.250004264508561,1
ar-ar_naming_config-i2-ro-o0-ln-c0-fx-e61d4a34155b,ar_naming_config,RO,AR,-1.3266712427135872,-0.326672405002455,0.9999988377111322,1
ar-ar_naming_config-i2-ro-o0-ln-c1-fx-598a2cd70d2f,ar_naming_config,RO,AR,-0.009150720200750584,-4.884152889246252,-4.875002169045501,1
ar-ar_naming_config-i2-ro-o1-ll-c0-fx-01cf0af1a3c2,ar_naming_config,RO,AR,-3.775886177965731,-0.02587881870158526,3.7500073592641456,1
ar-ar_naming_config-i2-ro-o1-ll-c1-fx-532604a24213,ar_naming_config,RO,AR,-0.16925303636480749,-1.9192495346048872,-1.7499964982400797,1
ar-ar_naming_config-i2-ro-o1-ln-c0-fx-ccdc6dad3440,ar_naming_config,RO,AR,-3.6539378166085044,-0.02893516234848903,3.6250026542600153,1
ar-ar_naming_config-i2-ro-o1-ln-c1-fx-3ca2bc647421,ar_naming_config,RO,AR,-0.1520386934259932,-2.0270378589623306,-1.8749991655363374,1
ar-ar_naming_config-i3-ar-o0-ll-c0-fe-b149dc49f508,ar_naming_config,AR,AR,-0.0051354091774555854,-5.631012614641804,-5.625877205464349,1
ar-ar_naming_config-i3-ar-o0-ll-c0-fh-250150d64fc7,ar_naming_config,AR,AR,-0.005453003162983805,-5.630427478878119,-5.624974475715135,1
ar-ar_naming_config-i3-ar-o0-ll-c1-fe-5fc1d9d3317a,ar_naming_config,AR,AR,-0.00031192340748020797,-9.00030767917616,-8.99999575576868,1
ar-ar_naming_config-i3-ar-o0-ll-c1-fh-a73049902e30,ar_naming_config,AR,AR,-0.0009284601774197654,-7.500915646552471,-7.499987186375051,1
ar-ar_naming_config-i3-ar-o0-ln-c0-fe-416c5067a092,ar_naming_config,AR,AR,-0.003979559238359798,-5.878943561718188,-5.874964002479828,1
ar-ar_naming_config-i3-ar-o0-ln-c0-fh-81c022991088,ar_naming_config,AR,AR,-0.005173388148250524,-5.505156397803603,-5.499983009655352,1
ar-ar_naming_config-i3-ar-o0-ln-c1-fe-d622ef382e93,ar_naming_config,AR,AR,-0.0014166901310090907,-6.751375675201302,-6.749958985070293,1
ar-ar_naming_config-i3-ar-o0-ln-c1-fh-64496f583c82,ar_naming_config,AR,AR,-0.002010527328820899,-6.376981496810686,-6.374970969481865,1
ar-ar_naming_config-i3-ar-o1-ll-c0-fe-6365377cbf5b,ar_naming_config,AR,AR,-8.000530600547734,-0.000553586416572216,7.9999770141311615,1
ar-ar_naming_config-i3-ar-o1-ll-c0-fh-b1817f7b0880,ar_naming_config,AR,AR,-6.127693653106576,-0.0028754965314874426,6.124818156575088,1
ar-ar_naming_config-i3-ar-o1-ll-c1-fe-16ce01c806c5,ar_naming_config,AR,AR,-3.532339569013857,-0.03237533172068652,3.4999642372931703,1
ar-ar_naming_config-i3-ar-o1-ll-c1-fh-de993bd762ab,ar_naming_config,AR,AR,-3.8978782892149866,-0.02303426738944836,3.874844021825538,1
ar-ar_naming_config-i3-ar-o1-ln-c0-fe-86b626576691,ar_naming_config,AR,AR,-6.252148866653414,-0.002581934357294813,6.249566932296119,1
ar-ar_naming_config-i3-ar-o1-ln-c0-fh-52c77cfe4906,ar_naming_config,AR,AR,-5.628922224044771,-0.004220370319671929,5.6247018537250995,1
ar-ar_naming_config-i3-ar-o1-ln-c1-fe-41f51064ec4f,ar_naming_config,AR,AR,-3.7746955155835167,-0.02486584015423432,3.7498296754292824,1
ar-ar_naming_config-i3-ar-o1-ln-c1-fh-25c4ba31416a,ar_naming_config,AR,AR,-3.2895803451490337,-0.039636572924791835,3.249943772224242,1
ar-ar_naming_config-i3-ro-o0-ll-c0-fx-e25063fbe758,ar_naming_config,RO,AR,-1.2347947359078262,-0.35979834197814853,0.8749963939296777,1
ar-ar_naming_config-i3-ro-o0-ll-c1-fx-72b14f34c20b,ar_naming_config,RO,AR,-0.007560581432926483,-5.132563114157165,-5.125002532724238,1
ar-ar_naming_config-i3-ro-o0-ln-c0-fx-edfafb37135e,ar_naming_config,RO,AR,-1.418640255927869,-0.29364192485559215,1.1249983310722769,1
ar-ar_naming_config-i3-ro-o0-ln-c1-fx-a3644dff8d24,ar_naming_config,RO,AR,-0.01022459566524958,-4.7602262496907315,-4.750001654025482,1
ar-ar_naming_config-i3-ro-o1-ll-c0-fx-439a3fdc6f4a,ar_naming_config,RO,AR,-4.021013736705754,-0.021009564397218128,4.000004172308536,1
ar-ar_naming_config-i3-ro-o1-ll-c1-fx-02ae9046f37c,ar_naming_config,RO,AR,-0.19084437189985692,-1.8158407211287795,-1.6249963492289226,1
ar-ar_naming_config-i3-ro-o1-ln-c0-fx-443b3da6369e,ar_naming_config,RO,AR,-4.020398974411819,-0.020396640523017595,4.000002333888801,1
ar-ar_naming_config-i3-ro-o1-ln-c1-fx-624ae7b5ffaa,ar_naming_config,RO,AR,-0.19011633097875347,-1.8151148557659553,-1.6249985247872019,1
ar-ar_naming_config-i4-ar-o0-ll-c0-fe-bf46fb1d016f,ar_naming_config,AR,AR,-0.007122130917196046,-5.180709689855576,-5.1735875589383795,1
ar-ar_naming_config-i4-ar-o0-ll-c0-fh-f7bbb5331e62,ar_naming_config,AR,AR,-0.005671858372807037,-5.38179160177242,-5.376119743399613,1
ar-ar_naming_config-i4-ar-o0-ll-c1-fe-7c44d94d56ff,ar_naming_config,AR,AR,-0.00031049333256305545,-8.75030767917508,-8.749997185842517,1
ar-ar_naming_config-i4-ar-o0-ll-c1-fh-fd8608a97af1,ar_naming_config,AR,AR,-0.0013229660380602581,-6.8763080835310575,-6.874985117492997,1
ar-ar_naming_config-i4-ar-o0-ln-c0-fe-13eada4a4246,ar_naming_config,AR,AR,-0.006962542855035281,-5.141703382134438,-5.134740839279402,1
ar-ar_naming_config-i4-ar-o0-ln-c0-fh-8d5e47577d95,ar_naming_config,AR,AR,-0.005456253289594315,-5.380486005851708,-5.375029752562114,1
ar-ar_naming_config-i4-ar-o0-ln-c1-fe-d8a46e109a2b,ar_naming_config,AR,AR,-0.001960913114089635,-6.3769333362572524,-6.374972423143163,1
ar-ar_naming_config-i4-ar-o0-ln-c1-fh-86df8d3b7670,ar_naming_config,AR,AR,-0.0019436377097008517,-6.376928448675812,-6.374984810966112,1
ar-ar_naming_config-i4-ar-o1-ll-c0-fe-f2abe92653d2,ar_naming_config,AR,AR,-6.376981139182703,-0.0021410499757621437,6.374840089206941,1
ar-ar_naming_config-i4-ar-o1-ll-c0-fh-3fb836e7bf6a,ar_naming_config,AR,AR,-4.3882086277001235,-0.014537418261170387,4.373671209438953,1
ar-ar_naming_config-i4-ar-o1-ll-c1-fe-56bc6a029ee0,ar_naming_config,AR,AR,-2.4728500973433256,-0.0912530121859163,2.3815970851574093,1
ar-ar_naming_config-i4-ar-o1-ll-c1-fh-cc627a0d4fee,ar_naming_config,AR,AR,-3.0505273234302877,-0.050762572936946526,2.999764750493341,1
ar-ar_naming_config-i4-ar-o1-ln-c0-fe-deb8a49d59c3,ar_naming_config,AR,AR,-4.882981419563123,-0.009015993680804968,4.873965425882318,1
ar-ar_naming_config-i4-ar-o1-ln-c0-fh-73160be6a344,ar_naming_config,AR,AR,-4.388000726699602,-0.013555739249568433,4.374444987450033,1
ar-ar_naming_config-i4-ar-o1-ln-c1-fe-61da32d0b4d1,ar_naming_config,AR,AR,-2.698098151711747,-0.0714983060825034,2.6265998456292436,1
ar-ar_naming_config-i4-ar-o1-ln-c1-fh-5078cabcad0e,ar_naming_config,AR,AR,-3.289345740848148,-0.03947681396675762,3.2498689268813905,1
ar-ar_naming_config-i4-ro-o0-ll-c0-fx-b12bf0134d92,ar_naming_config,RO,AR,-1.2341512441619216,-0.35915499924112737,0.8749962449207942,1
ar-ar_naming_config-i4-ro-o0-ll-c1-fx-4c9f9a18e2e6,ar_naming_config,RO,AR,-0.010357926598430822,-4.760364294021201,-4.75000636742277,1
ar-ar_naming_config-i4-ro-o0-ln-c0-fx-627e4bafca15,ar_naming_config,RO,AR,-1.3238478898991843,-0.3238493502099118,0.9999985396892725,1
ar-ar_naming_config-i4-ro-o0-ln-c1-fx-7ede0aac610f,ar_naming_config,RO,AR,-0.012778080068301279,-4.512782096851424,-4.500004016783123,1
ar-ar_naming_config-i4-ro-o1-ll-c0-fx-3568135879e4,ar_naming_config,RO,AR,-3.5326792001214926,-0.032671380785586734,3.500007819335906,1
ar-ar_naming_config-i4-ro-o1-ll-c1-fx-4ac3b2a14baf,ar_naming_config,RO,AR,-0.08414237944361957,-2.5841380357726393,-2.4999956563290198,1
ar-ar_naming_config-i4-ro-o1-ln-c0-fx-f94e3cd75379,ar_naming_config,RO,AR,-3.7755997180788654,-0.025595411657604927,3.7500043064212605,1
ar-ar_naming_config-i4-ro-o1-ln-c1-fx-0e064e5e7a51,ar_naming_config,RO,AR,-0.0943882018293607,-2.469386816024098,-2.3749986141947375,1
ar-ar_naming_parser-i0-ar-o0-ll-c0-fe-034c8af222f9,ar_naming_parser,AR,AR,-0.02182112312220852,-3.89794733223971,-3.8761262091175013,1
ar-ar_naming_parser-i0-ar-o0-ll-c0-fh-6ae3af2f5621,ar_naming_parser,AR,AR,-0.010016440428444184,-4.75995421380685,-4.749937773378406,1
ar-ar_naming_parser-i0-ar-o0-ll-c1-fe-b8cf37de1a1c,ar_naming_parser,AR,AR,-0.001770275666785892,-6.501751303671881,-6.499981028005095,1
ar-ar_naming_parser-i0-ar-o0-ll-c1-fh-c6b3a795f3f0,ar_naming_parser,AR,AR,-0.0029554277989518596,-6.00293242931275,-5.999977001513798,1
ar-ar_naming_parser-i0-ar-o0-ln-c0-fe-5a1322fd647c,ar_naming_parser,AR,AR,-0.008521299692802131,-4.883576268817706,-4.875054969124903,1
ar-ar_naming_parser-i0-ar-o0-ln-c0-fh-053e93816ae1,ar_naming_parser,AR,AR,-0.010735057905549183,-4.63571465014229,-4.624979592236741,1
ar-ar_naming_parser-i0-ar-o0-ln-c1-fe-d33fc3582768,ar_naming_parser,AR,AR,-0.004381903265311848,-5.50433576106991,-5.499953857804599,1
ar-ar_naming_parser-i0-ar-o0-ln-c1-fh-47ff114ee073,ar_naming_parser,AR,AR,-0.0035358381101104897,-5.753493905066875,-5.749958066956765,1
ar-ar_naming_parser-i0-ar-o1-ll-c0-fe-716838c41df4,ar_naming_parser,AR,AR,-6.252191543578988,-0.0023017883286229335,6.249889755250365,1
ar-ar_naming_parser-i0-ar-o1-ll-c0-fh-7ee744f6d4b0,ar_naming_parser,AR,AR,-5.007280230521815,-0.007486943010007963,4.999793287511807,1
ar-ar_naming_parser-i0-ar-o1-ll-c1-fe-1d85e71b93c3,ar_naming_parser,AR,AR,-2.4658342536422424,-0.09098337887553498,2.3748508747667074,1
ar-ar_naming_parser-i0-ar-o1-ll-c1-fh-9a0c56b5bf7b,ar_naming_parser,AR,AR,-3.4102998971829948,-0.0354366053652484,3.3748632918177464,1
ar-ar_naming_parser-i0-ar-o1-ln-c0-fe-04ce00a8964c,ar_naming_parser,AR,AR,-5.753409743308964,-0.003964649746194482,5.74944509356277,1
ar-ar_naming_parser-i0-ar-o1-ln-c0-fh-673b989e76df,ar_naming_parser,AR,AR,-5.007071971893197,-0.007336552545893937,4.999735419347303,1
ar-ar_naming_parser-i0-ar-o1-ln-c1-fe-1cb5ddee463f,ar_naming_parser,AR,AR,-3.4097665546869393,-0.03492951260705013,3.374837042079889,1
ar-ar_naming_parser-i0-ar-o1-ln-c1-fh-ae5e3973325a,ar_naming_parser,AR,AR,-3.2891429662665814,-0.03919265282456763,3.249950313442014,1
ar-ar_naming_parser-i0-ro-o0-ll-c0-fx-d43d58e8ca69,ar_naming_parser,RO,AR,-1.8113995790469062,-0.18640418348786625,1.62499539555904,1
ar-ar_naming_parser-i0-ro-o0-ll-c1-fx-66f4b9705df3,ar_naming_parser,RO,AR,-0.009323884730520149,-4.884330630262411,-4.875006745531891,1
ar-ar_naming_parser-i0-ro-o0-ln-c0-fx-114a1d8f8067,ar_naming_parser,RO,AR,-1.8131316900246475,-0.18813379108360095,1.6249978989410465,1
ar-ar_naming_parser-i0-ro-o0-ln-c1-fx-07005e637e29,ar_naming_parser,RO,AR,-0.014380176550616852,-4.38938331602867,-4.3750031394780535,1
ar-ar_naming_parser-i0-ro-o1-ll-c0-fx-6d9a5bca3855,ar_naming_parser,RO,AR,-3.898130893598136,-0.023119017477711168,3.875011876120425,1
ar-ar_naming_parser-i0-ro-o1-ll-c1-fx-4bfe2eee7f5d,ar_naming_parser,RO,AR,-0.0588261224083908,-2.933821082113127,-2.874994959704736,1
ar-ar_naming_parser-i0-ro-o1-ln-c0-fx-d7006f04ceea,ar_naming_parser,RO,AR,-3.653847932800545,-0.0288439989079734,3.6250039338925717,1
ar-ar_naming_parser-i0-ro-o1-ln-c1-fx-2b139eff5277,ar_naming_parser,RO,AR,-0.05897719039967342,-2.9339752197255393,-2.874998029325866,1
ar-ar_naming_parser-i1-ar-o0-ll-c0-fe-a130c8f80514,ar_naming_parser,AR,AR,-0.014134825192741118,-4.3893390441080555,-4.375204218915314,1
ar-ar_naming_parser-i1-ar-o0-ll-c0-fh-9c32705259c7,ar_naming_parser,AR,AR,-0.008436483782134019,-5.008347034243343,-4.999910550461209,1
ar-ar_naming_parser-i1-ar-o0-ll-c1-fe-852879a0480a,ar_naming_parser,AR,AR,-0.0006427240004995838,-7.875583648681186,-7.874940924680686,1
ar-ar_naming_parser-i1-ar-o0-ll-c1-fh-a3879fb385af,ar_naming_parser,AR,AR,-0.002740412142884452,-6.127707481383823,-6.124967069240938,1
ar-ar_naming_parser-i1-ar-o0-ln-c0-fe-94a3f5ebbeee,ar_naming_parser,AR,AR,-0.01545497957704356,-4.265399813453769,-4.249944833876725,1
ar-ar_naming_parser-i1-ar-o0-ln-c0-fh-3b0d57ae320f,ar_naming_parser,AR,AR,-0.009840298553172033,-4.759784936896722,-4.74994463834355,1
ar-ar_naming_parser-i1-ar-o0-ln-c1-fe-1508698b4678,ar_naming_parser,AR,AR,-0.0025655331410234794,-6.127424359321424,-6.1248588261804,1
ar-ar_naming_parser-i1-ar-o0-ln-c1-fh-b48f9bc898aa,ar_naming_parser,AR,AR,-0.003989782449934864,-5.628942728042375,-5.62495294559244,1
ar-ar_naming_parser-i1-ar-o1-ll-c0-fe-673a5da82c56,ar_naming_parser,AR,AR,-7.126024127006474,-0.0013222965353634208,7.1247018304711105,1
ar-ar_naming_parser-i1-ar-o1-ll-c0-fh-44b95c7875b7,ar_naming_parser,AR,AR,-5.504644870757943,-0.004826933232834563,5.499817937525108,1
ar-ar_naming_parser-i1-ar-o1-ll-c1-fe-1c6647186c78,ar_naming_parser,AR,AR,-2.352494952705456,-0.10268784617073834,2.2498071065347176,1
ar-ar_naming_parser-i1-ar-o1-ll-c1-fh-51120618e5da,ar_naming_parser,AR,AR,-3.1702448129535696,-0.04534968876396306,3.1248951241896066,1
ar-ar_naming_parser-i1-ar-o1-ln-c0-fe-c7aa157f0d37,ar_naming_parser,AR,AR,-6.127429246902437,-0.004133587004616857,6.1232956598978205,1
ar-ar_naming_parser-i1-ar-o1-ln-c0-fh-fe65b57056f1,ar_naming_parser,AR,AR,-5.255610346794072,-0.006043667497579008,5.249566679296493,1
ar-ar_naming_parser-i1-ar-o1-ln-c1-fe-3fb909f5ad9f,ar_naming_parser,AR,AR,-2.580667257265304,-0.08095431406400166,2.4997129432013026,1
ar-ar_naming_parser-i1-ar-o1-ln-c1-fh-e7b86fd333d2,ar_naming_parser,AR,AR,-2.9314631223653578,-0.05652761609235313,2.8749355062730046,1
ar-ar_naming_parser-i1-ro-o0-ll-c0-fx-535aae2ce30a,ar_naming_parser,RO,AR,-1.6109064817421768,-0.23591148851392063,1.3749949932282561,1
ar-ar_naming_parser-i1-ro-o0-ll-c1-fx-0af68cd57835,ar_naming_parser,RO,AR,-0.009478349236587746,-4.884483218168498,-4.87500486893191,1
ar-ar_naming_parser-i1-ro-o0-ln-c0-fx-093b8196cb60,ar_naming_parser,RO,AR,-1.9184253215785247,-0.16842776536395831,1.7499975562145664,1
ar-ar_naming_parser-i1-ro-o0-ln-c1-fx-56aa1454a809,ar_naming_parser,RO,AR,-0.013103225267855123,-4.513106226912441,-4.500003001644586,1
ar-ar_naming_parser-i1-ro-o1-ll-c0-fx-6c23495a2319,ar_naming_parser,RO,AR,-3.8983565568414633,-0.023348569867494007,3.8750079869739693,1
ar-ar_naming_parser-i1-ro-o1-ll-c1-fx-5145edebfd31,ar_naming_parser,RO,AR,-0.06662388887889392,-2.8166180849054854,-2.7499941960265915,1
ar-ar_naming_parser-i1-ro-o1-ln-c0-fx-abc4d56f049a,ar_naming_parser,RO,AR,-3.532579421977971,-0.032574780284107874,3.500004641693863,1
ar-ar_naming_parser-i1-ro-o1-ln-c1-fx-0f86d12ce1ab,ar_naming_parser,RO,AR,-0.058755774045494036,-2.933753728865895,-2.874997954820401,1
ar-ar_naming_parser-i2-ar-o0-ll-c0-fe-d5ac42bca8fe,ar_naming_parser,AR,AR,-0.016005558823053434,-4.267704572062939,-4.251699013239886,1
ar-ar_naming_parser-i2-ar-o0-ll-c0-fh-a5b1c7d18cd1,ar_naming_parser,AR,AR,-0.005773639371909667,-5.380727410219151,-5.374953770847242,1
ar-ar_naming_parser-i2-ar-o0-ll-c1-fe-f3328c787a72,ar_naming_parser,AR,AR,-0.00043776118673122255,-8.250436305998733,-8.249998544812001,1
ar-ar_naming_parser-i2-ar-o0-ll-c1-fh-d2b3f47924f6,ar_naming_parser,AR,AR,-0.0028448522998587578,-6.0028322935095275,-5.999987441209669,1
ar-ar_naming_parser-i2-ar-o0-ln-c0-fe-6ba4b04af74c,ar_naming_parser,AR,AR,-0.0062874933501007035,-5.25630414385887,-5.250016650508769,1
ar-ar_naming_parser-i2-ar-o0-ln-c0-fh-307e0b5ac9dd,ar_naming_parser,AR,AR,-0.006104024392698193,-5.256072521198348,-5.24996849680565,1
ar-ar_naming_parser-i2-ar-o0-ln-c1-fe-0311714c47a2,ar_naming_parser,AR,AR,-0.002426688246487174,-6.127415180205844,-6.124988491959357,1
ar-ar_naming_parser-i2-ar-o0-ln-c1-fh-e9ab4b8c3c71,ar_naming_parser,AR,AR,-0.003088177649260615,-5.87806737422909,-5.8749791965798295,1
ar-ar_naming_parser-i2-ar-o1-ll-c0-fe-96c074a04d2a,ar_naming_parser,AR,AR,-6.87630808353407,-0.0013544343491957989,6.874953649184874,1
ar-ar_naming_parser-i2-ar-o1-ll-c0-fh-2dd49636b431,ar_naming_parser,AR,AR,-4.635495781898328,-0.011209161137230694,4.624286620761097,1
ar-ar_naming_parser-i2-ar-o1-ll-c1-fe-bdcd2170831c,ar_naming_parser,AR,AR,-2.4671497960516717,-0.09185606136088609,2.3752937346907856,1
ar-ar_naming_parser-i2-ar-o1-ll-c1-fh-ac1c4bdcea38,ar_naming_parser,AR,AR,-3.41058361529349,-0.035704243564396165,3.3748793717290937,1
ar-ar_naming_parser-i2-ar-o1-ln-c0-fe-3744d7ac69fe,ar_naming_parser,AR,AR,-5.878063201904183,-0.0038694008253514767,5.874193801078832,1
ar-ar_naming_parser-i2-ar-o1-ln-c0-fh-b3f415792bd3,ar_naming_parser,AR,AR,-4.635204792022591,-0.011241703410632908,4.6239630886119585,1
ar-ar_naming_parser-i2-ar-o1-ln-c1-fe-b488ff285e37,ar_naming_parser,AR,AR,-3.169678687292617,-0.044749041633622255,3.1249296456589946,1
ar-ar_naming_parser-i2-ar-o1-ln-c1-fh-9c6a46a2cfbe,ar_naming_parser,AR,AR,-2.931454777713725,-0.05652788739098469,2.8749268903227403,1
ar-ar_naming_parser-i2-ro-o0-ll-c0-fx-e0fd28745d08,ar_naming_parser,RO,AR,-1.4161009788500678,-0.29110494254518926,1.1249960363048785,1
ar-ar_naming_parser-i2-ro-o0-ll-c1-fx-702ed5ceab3c,ar_naming_parser,RO,AR,-0.005915287415177772,-5.380920767759562,-5.3750054803443845,1
ar-ar_naming_parser-i2-ro-o0-ln-c0-fx-4cd7404b4a3d,ar_naming_parser,RO,AR,-1.4180165529244277,-0.29301798343317387,1.1249985694912539,1
ar-ar_naming_parser-i2-ro-o0-ln-c1-fx-ce3273529528,ar_naming_parser,RO,AR,-0.008160120806337545,-5.008163452137069,-5.000003331330731,1
ar-ar_naming_parser-i2-ro-o1-ll-c0-fx-6dfbf74e6962,ar_naming_parser,RO,AR,-3.89805066581539,-0.023043984544756313,3.8750066812706336,1
ar-ar_naming_parser-i2-ro-o1-ll-c1-fx-4a2c566dc21a,ar_naming_parser,RO,AR,-0.07631677386689262,-2.7013112306582343,-2.6249944567913417,1
ar-ar_naming_parser-i2-ro-o1-ln-c0-fx-ca0fb62a91f3,ar_naming_parser,RO,AR,-4.020358800873055,-0.020354945211011,4.000003855662044,1
ar-ar_naming_parser-i2-ro-o1-ln-c1-fx-babd25e5b057,ar_naming_parser,RO,AR,-0.06727867573090407,-2.817276954650197,-2.7499982789192927,1
ar-ar_naming_parser-i3-ar-o0-ll-c0-fe-26055d081ddb,ar_naming_parser,AR,AR,-0.014601786564526265,-4.398215075023472,-4.383613288458946,1
ar-ar_naming_parser-i3-ar-o0-ll-c0-fh-c24930e83c70,ar_naming_parser,AR,AR,-0.007102970314008417,-5.257278181612492,-5.250175211298483,1
ar-ar_naming_parser-i3-ar-o0-ll-c1-fe-d672aba458d0,ar_naming_parser,AR,AR,-0.00031597584347764496,-8.750312566753792,-8.749996590910314,1
ar-ar_naming_parser-i3-ar-o0-ll-c1-fh-e388722a5dee,ar_naming_parser,AR,AR,-0.0009219092025887221,-7.500909924506573,-7.499988015303984,1
ar-ar_naming_parser-i3-ar-o0-ln-c0-fe-21a40fe311ad,ar_naming_parser,AR,AR,-0.005781692307209596,-5.381065561756259,-5.375283869449049,1
ar-ar_naming_parser-i3-ar-o0-ln-c0-fh-e718894624a7,ar_naming_parser,AR,AR,-0.006399991212674649,-5.256385803193552,-5.249985811980878,1
ar-ar_naming_parser-i3-ar-o0-ln-c1-fe-4c8fbba77b28,ar_naming_parser,AR,AR,-0.0017503120434412267,-6.501713871955303,-6.499963559911862,1
ar-ar_naming_parser-i3-ar-o0-ln-c1-fh-56bcbc3b62f4,ar_naming_parser,AR,AR,-0.0028337320873106364,-6.002801179885637,-5.999967447798326,1
ar-ar_naming_parser-i3-ar-o1-ll-c0-fe-64bdc1f9c872,ar_naming_parser,AR,AR,-7.625659823417607,-0.0006700964286210365,7.624989726988986,1
ar-ar_naming_parser-i3-ar-o1-ll-c0-fh-500acbe4b62b,ar_naming_parser,AR,AR,-5.878341197967416,-0.003466496229520999,5.874874701737895,1
ar-ar_naming_parser-i3-ar-o1-ll-c1-fe-01cb853384ee,ar_naming_parser,AR,AR,-2.5828605271526612,-0.08198525674379198,2.5008752704088693,1
ar-ar_naming_parser-i3-ar-o1-ll-c1-fh-396b330d6856,ar_naming_parser,AR,AR,-3.2909291982491595,-0.0410828203021083,3.2498463779470512,1
ar-ar_naming_parser-i3-ar-o1-ln-c0-fe-e13083c867b7,ar_naming_parser,AR,AR,-5.878051638603154,-0.0032573618955211714,5.874794276707632,1
ar-ar_naming_parser-i3-ar-o1-ln-c0-fh-7abf79041a26,ar_naming_parser,AR,AR,-4.883062601089449,-0.008553221472539008,4.87450937961691,1
ar-ar_naming_parser-i3-ar-o1-ln-c1-fe-dd09f5e8812c,ar_naming_parser,AR,AR,-2.5806823954044376,-0.08071298534923699,2.4999694100552006,1
ar-ar_naming_parser-i3-ar-o1-ln-c1-fh-350be4a5308e,ar_naming_parser,AR,AR,-2.931566953655647,-0.05661636828517658,2.8749505853704704,1
ar-ar_naming_parser-i3-ro-o0-ll-c0-fx-fe55d9de919d,ar_naming_parser,RO,AR,-1.9199428558345062,-0.16994665561969668,1.7499962002148095,1
ar-ar_naming_parser-i3-ro-o0-ll-c1-fx-cbb7491af493,ar_naming_parser,RO,AR,-0.017226027324113602,-4.2672290801911,-4.250003052866987,1
ar-ar_naming_parser-i3-ro-o0-ln-c0-fx-4cd64dce383f,ar_naming_parser,RO,AR,-1.8174860477445236,-0.192487940188812,1.6249981075557116,1
ar-ar_naming_parser-i3-ro-o0-ln-c1-fx-c4e3ffbb7a3d,ar_naming_parser,RO,AR,-0.014987971632990593,-4.389990329736975,-4.375002358103984,1
ar-ar_naming_parser-i3-ro-o1-ll-c0-fx-0b36e7f1dfa8,ar_naming_parser,RO,AR,-3.292318105682625,-0.042314246295632074,3.250003859386993,1
ar-ar_naming_parser-i3-ro-o1-ll-c1-fx-1d47c3b9fd56,ar_naming_parser,RO,AR,-0.027400411650432943,-3.7773962020867202,-3.7499957904362873,1
ar-ar_naming_parser-i3-ro-o1-ln-c0-fx-b627a382b94d,ar_naming_parser,RO,AR,-3.411714673033657,-0.03671189397471153,3.3750027790589456,1
ar-ar_naming_parser-i3-ro-o1-ln-c1-fx-abb619e6fbf9,ar_naming_parser,RO,AR,-0.05409494042055485,-3.054093360900424,-2.9999984204798693,1
ar-ar_naming_parser-i4-ar-o0-ll-c0-fe-354d0f3f8d76,ar_naming_parser,AR,AR,-0.015704025805462152,-4.266055509011494,-4.250351483206032,1
ar-ar_naming_parser-i4-ar-o0-ll-c0-fh-ae8afc568fd7,ar_naming_parser,AR,AR,-0.015579750368488021,-4.265528917178017,-4.249949166809529,1
ar-ar_naming_parser-i4-ar-o0-ll-c1-fe-a5dc102d7131,ar_naming_parser,AR,AR,-0.000622351115453057,-8.000563502310115,-7.999941151194662,1
ar-ar_naming_parser-i4-ar-o0-ll-c1-fh-1c4ae076688a,ar_naming_parser,AR,AR,-0.002062528015812859,-6.502028822897955,-6.499966294882142,1
ar-ar_naming_parser-i4-ar-o0-ln-c0-fe-8710d2e2e6ad,ar_naming_parser,AR,AR,-0.007903426470875274,-5.007883309815952,-4.999979883345077,1
ar-ar_naming_parser-i4-ar-o0-ln-c0-fh-a79cd22abea3,ar_naming_parser,AR,AR,-0.015262074575730367,-4.26524662970678,-4.24998455513105,1
ar-ar_naming_parser-i4-ar-o0-ln-c1-fe-101295dd184e,ar_naming_parser,AR,AR,-0.0026293159171473235,-6.127470135688213,-6.124840819771066,1
ar-ar_naming_parser-i4-ar-o0-ln-c1-fh-8d50a64a8925,ar_naming_parser,AR,AR,-0.006437141801143298,-5.131403923034213,-5.12496678123307,1
ar-ar_naming_parser-i4-ar-o1-ll-c0-fe-1b6a5d4c965c,ar_naming_parser,AR,AR,-7.375892758368877,-0.0010020273111877032,7.37489073105769,1
ar-ar_naming_parser-i4-ar-o1-ll-c0-fh-b258eafe2bf3,ar_naming_parser,AR,AR,-5.007458209991,-0.007797203026711941,4.999661006964288,1
ar-ar_naming_parser-i4-ar-o1-ll-c1-fe-caf9dc94fba3,ar_naming_parser,AR,AR,-2.9319463953434024,-0.05700113028433407,2.8749452650590683,1
ar-ar_naming_parser-i4-ar-o1-ll-c1-fh-58cbe1a0f98e,ar_naming_parser,AR,AR,-2.8139297962052296,-0.06410518892516848,2.749824607280061,1
ar-ar_naming_parser-i4-ar-o1-ln-c0-fe-6c993689cbb6,ar_naming_parser,AR,AR,-5.8780875205992515,-0.0037988260737620294,5.8742886945254895,1
ar-ar_naming_parser-i4-ar-o1-ln-c0-fh-1c64f51e77b8,ar_naming_parser,AR,AR,-4.264762163162004,-0.015145173267228529,4.2496169898947755,1
ar-ar_naming_parser-i4-ar-o1-ln-c1-fe-c716b7073163,ar_naming_parser,AR,AR,-3.652533053969819,-0.02764575689798221,3.6248872970718367,1
ar-ar_naming_parser-i4-ar-o1-ln-c1-fh-a6edae1e2828,ar_naming_parser,AR,AR,-2.6963151693305463,-0.07135841889612493,2.6249567504344213,1
ar-ar_naming_parser-i4-ro-o0-ll-c0-fx-df6d08031c7a,ar_naming_parser,RO,AR,-1.7122670412051093,-0.21227021514232547,1.4999968260627838,1
ar-ar_naming_parser-i4-ro-o0-ll-c1-fx-4cb1ca0d22df,ar_naming_parser,RO,AR,-0.014928086659210749,-4.38993263242719,-4.375004545767979,1
ar-ar_naming_parser-i4-ro-o0-ln-c0-fx-9aa5a2026f70,ar_naming_parser,RO,AR,-1.920696139335064,-0.17069767415182469,1.7499984651832392,1
ar-ar_naming_parser-i4-ro-o0-ln-c1-fx-0afd201886c4,ar_naming_parser,RO,AR,-0.01493910979456814,-4.389941692346838,-4.37500258255227,1
ar-ar_naming_parser-i4-ro-o1-ll-c0-fx-0bc322511bc9,ar_naming_parser,RO,AR,-3.5330027341442474,-0.03299599885690441,3.500006735287343,1
ar-ar_naming_parser-i4-ro-o1-ll-c1-fx-dafb386c5582,ar_naming_parser,RO,AR,-0.04772251842496189,-3.172718167303401,-3.124995648878439,1
ar-ar_naming_parser-i4-ro-o1-ln-c0-fx-b13d24d9749f,ar_naming_parser,RO,AR,-3.532913565627041,-0.03291025385215107,3.50000331177489,1
ar-ar_naming_parser-i4-ro-o1-ln-c1-fx-249ad318a4ce,ar_naming_parser,RO,AR,-0.05348818003881206,-3.0534873008717796,-2.9999991208329675,1
ar-ar_naming_serializer-i0-ar-o0-ll-c0-fe-f3c41a329ad8,ar_naming_serializer,AR,AR,-0.02233780325332191,-3.901900526601821,-3.8795627233484993,1
ar-ar_naming_serializer-i0-ar-o0-ll-c0-fh-8649fe6eab56,ar_naming_serializer,AR,AR,-0.008356228659977205,-5.0082354543392285,-4.999879225679251,1
ar-ar_naming_serializer-i0-ar-o0-ll-c1-fe-84c374c30a67,ar_naming_serializer,AR,AR,-0.00021181317606533412,-9.37520992755833,-9.374998114382265,1
ar-ar_naming_serializer-i0-ar-o0-ll-c1-fh-0746ccc02c63,ar_naming_serializer,AR,AR,-0.0026768520265250118,-6.127671599387213,-6.124994747360688,1
ar-ar_naming_serializer-i0-ar-o0-ln-c0-fe-0846b17597fc,ar_naming_serializer,AR,AR,-0.012271472332940903,-4.512371403674479,-4.500099931341538,1
ar-ar_naming_serializer-i0-ar-o0-ln-c0-fh-d7d8da1d4428,ar_naming_serializer,AR,AR,-0.009722068993141875,-4.759686470015367,-4.7499644010222255,1
ar-ar_naming_serializer-i0-ar-o0-ln-c1-fe-695cca0e3ec2,ar_naming_serializer,AR,AR,-0.0008899853801267454,-7.250882506370203,-7.249992520990077,1
ar-ar_naming_serializer-i0-ar-o0-ln-c1-fh-3e20b8f57eda,ar_naming_serializer,AR,AR,-0.004025146286949166,-5.629013299941789,-5.62498815365484,1
ar-ar_naming_serializer-i0-ar-o1-ll-c0-fe-ce23558c90f5,ar_naming_serializer,AR,AR,-7.625671267509404,-0.0006814136877437704,7.62498985382166,1
ar-ar_naming_serializer-i0-ar-o1-ll-c0-fh-8f1d803510dd,ar_naming_serializer,AR,AR,-4.265215635299455,-0.015254153095156653,4.249961482204299,1
ar-ar_naming_serializer-i0-ar-o1-ll-c1-fe-e2fa8f88bb2c,ar_naming_serializer,AR,AR,-2.815498377312906,-0.06465997858322226,2.750838398729684,1
ar-ar_naming_serializer-i0-ar-o1-ll-c1-fh-bdc0c70af59d,ar_naming_serializer,AR,AR,-3.6535890102077246,-0.029071076889522374,3.6245179333182023,1
ar-ar_naming_serializer-i0-ar-o1-ln-c0-fe-7ed7ffab5224,ar_naming_serializer,AR,AR,-6.252167582511845,-0.0022278151373029687,6.249939767374542,1
ar-ar_naming_serializer-i0-ar-o1-ln-c0-fh-32046e482ae0,ar_naming_serializer,AR,AR,-4.141804695129281,-0.01689325436746003,4.124911440761821,1
ar-ar_naming_serializer-i0-ar-o1-ln-c1-fe-f721329b7632,ar_naming_serializer,AR,AR,-3.4102001058345195,-0.03537365741794929,3.37482644841657,1
ar-ar_naming_serializer-i0-ar-o1-ln-c1-fh-fc96817a2b85,ar_naming_serializer,AR,AR,-3.5311872959046013,-0.03128025022306247,3.499907045681539,1
ar-ar_naming_serializer-i0-ro-o0-ll-c0-fx-128d538c12b8,ar_naming_serializer,RO,AR,-1.607497215268495,-0.2325038462477096,1.3749933690207854,1
ar-ar_naming_serializer-i0-ro-o0-ll-c1-fx-9377abaf0db1,ar_naming_serializer,RO,AR,-0.009111871938785043,-4.884119152971834,-4.875007281033049,1
ar-ar_naming_serializer-i0-ro-o0-ln-c0-fx-677324d666e5,ar_naming_serializer,RO,AR,-1.7105325460421454,-0.21053525804563833,1.4999972879965071,1
ar-ar_naming_serializer-i0-ro-o0-ln-c1-fx-206e8881dbdc,ar_naming_serializer,RO,AR,-0.011412004007638643,-4.636415719970955,-4.625003715963317,1
ar-ar_naming_serializer-i0-ro-o1-ll-c0-fx-6fb691dbf89c,ar_naming_serializer,RO,AR,-3.8979064225304683,-0.022897223003838008,3.8750091995266303,1
ar-ar_naming_serializer-i0-ro-o1-ll-c1-fx-924a12d7f770,ar_naming_serializer,RO,AR,-0.07480756934455712,-2.6998012065853345,-2.6249936372407774,1
ar-ar_naming_serializer-i0-ro-o1-ln-c0-fx-61bbfe8d9031,ar_naming_serializer,RO,AR,-3.775393962841008,-0.0253897421041529,3.750004220736855,1
ar-ar_naming_serializer-i0-ro-o1-ln-c1-fx-0892ee7def62,ar_naming_serializer,RO,AR,-0.06606087832506091,-2.8160578012450515,-2.7499969229199905,1
ar-ar_naming_serializer-i1-ar-o0-ll-c0-fe-930393dbd030,ar_naming_serializer,AR,AR,-0.01168322617013473,-4.637572344741784,-4.625889118571649,1
ar-ar_naming_serializer-i1-ar-o0-ll-c0-fh-962c215b8ec5,ar_naming_serializer,AR,AR,-0.0069012852109153755,-5.256895064685523,-5.249993779474607,1
ar-ar_naming_serializer-i1-ar-o0-ll-c1-fe-b905911e3763,ar_naming_serializer,AR,AR,-0.00019143221766171337,-9.875191330906546,-9.874999898688884,1
ar-ar_naming_serializer-i1-ar-o0-ll-c1-fh-ee5c86755545,ar_naming_serializer,AR,AR,-0.0018246319186800974,-6.6268202066409,-6.62499557472222,1
ar-ar_naming_serializer-i1-ar-o0-ln-c0-fe-73256280131e,ar_naming_serializer,AR,AR,-0.01007116015534848,-4.760087249756907,-4.750016089601559,1
ar-ar_naming_serializer-i1-ar-o0-ln-c0-fh-ee7d7434020d,ar_naming_serializer,AR,AR,-0.011104463344963733,-4.636087298377333,-4.62498283503237,1
ar-ar_naming_serializer-i1-ar-o0-ln-c1-fe-d60386219eec,ar_naming_serializer,AR,AR,-0.0006613972132072377,-7.625656604765027,-7.6249952075518195,1
ar-ar_naming_serializer-i1-ar-o0-ln-c1-fh-279519d4c664,ar_naming_serializer,AR,AR,-0.0035991605182061903,-5.753588676452182,-5.749989515933976,1
ar-ar_naming_serializer-i1-ar-o1-ll-c0-fe-89a79f2111a4,ar_naming_serializer,AR,AR,-9.000291466712781,-0.0002978617303597275,8.999993604982421,1
ar-ar_naming_serializer-i1-ar-o1-ll-c0-fh-9ca4d7d2376e,ar_naming_serializer,AR,AR,-5.1316634416578495,-0.006687209644951508,5.124976232012898,1
ar-ar_naming_serializer-i1-ar-o1-ll-c1-fe-b9f49cf6357a,ar_naming_serializer,AR,AR,-2.932934989206842,-0.057995738156023435,2.8749392510508187,1
ar-ar_naming_serializer-i1-ar-o1-ll-c1-fh-6e2b7a4d7618,ar_naming_serializer,AR,AR,-3.6535016297957554,-0.028618229218409397,3.624883400577346,1
ar-ar_naming_serializer-i1-ar-o1-ln-c0-fe-d3b3031ad9b8,ar_naming_serializer,AR,AR,-7.500720024108773,-0.0007797255020705052,7.4999402986067025,1
ar-ar_naming_serializer-i1-ar-o1-ln-c0-fh-8c261a08a326,ar_naming_serializer,AR,AR,-4.635331630706673,-0.010408969363197684,4.624922661343476,1
ar-ar_naming_serializer-i1-ar-o1-ln-c1-fe-773f0a674987,ar_naming_serializer,AR,AR,-3.289779662854926,-0.03998912064707838,3.2497905422078475,1
ar-ar_naming_serializer-i1-ar-o1-ln-c1-fh-8adbaeceb6a6,ar_naming_serializer,AR,AR,-3.1698262691443233,-0.0448822845792165,3.124943984565107,1
ar-ar_naming_serializer-i1-ro-o0-ll-c0-fx-153035ac530b,ar_naming_serializer,RO,AR,-1.2331864833821555,-0.358189344397033,0.8749971389851225,1
ar-ar_naming_serializer-i1-ro-o0-ll-c1-fx-11328b150cb6,ar_naming_serializer,RO,AR,-0.007365704977701171,-5.1323692798464435,-5.125003574868742,1
ar-ar_naming_serializer-i1-ro-o0-ln-c0-fx-4778376aba16,ar_naming_serializer,RO,AR,-1.7105370759960579,-0.21053890883581516,1.4999981671602427,1
ar-ar_naming_serializer-i1-ro-o0-ln-c1-fx-fb27d5097941,ar_naming_serializer,RO,AR,-0.009211790746917359,-4.884213447566708,-4.875001656819791,1
ar-ar_naming_serializer-i1-ro-o1-ll-c0-fx-cabbff06dc92,ar_naming_serializer,RO,AR,-4.020653605421103,-0.020647289228008958,4.000006316193094,1
ar-ar_naming_serializer-i1-ro-o1-ll-c1-fx-192af2958062,ar_naming_serializer,RO,AR,-0.10644289104993732,-2.356440186498503,-2.2499972954485656,1
ar-ar_naming_serializer-i1-ro-o1-ln-c0-fx-044abe8ce5c3,ar_naming_serializer,RO,AR,-4.020615935316982,-0.020613282917906872,4.0000026523990755,1
ar-ar_naming_serializer-i1-ro-o1-ln-c1-fx-2cbc9f670917,ar_naming_serializer,RO,AR,-0.09421224146740315,-2.4692107439035453,-2.374998502436142,1
ar-ar_naming_serializer-i2-ar-o0-ll-c0-fe-e68515dfcfcd,ar_naming_serializer,AR,AR,-0.01479076790928957,-4.532448455691338,-4.517657687782048,1
ar-ar_naming_serializer-i2-ar-o0-ll-c0-fh-e3abd524d4fb,ar_naming_serializer,AR,AR,-0.003697399799420964,-6.00415360176703,-6.000456201967609,1
ar-ar_naming_serializer-i2-ar-o0-ll-c1-fe-f79f36ea73e0,ar_naming_serializer,AR,AR,-8.892630887658015e-05,-12.187591671935934,-12.187502745627057,1
ar-ar_naming_serializer-i2-ar-o0-ll-c1-fh-b5d11caa1c72,ar_naming_serializer,AR,AR,-0.0018659707020560745,-6.501834869382947,-6.499968898680891,1
ar-ar_naming_serializer-i2-ar-o0-ln-c0-fe-2de2f4a8f9a2,ar_naming_serializer,AR,AR,-0.0059145999657630455,-5.3919297363609076,-5.3860151363951445,1
ar-ar_naming_serializer-i2-ar-o0-ln-c0-fh-05dc205cce03,ar_naming_serializer,AR,AR,-0.003708476866449928,-5.878728508021595,-5.875020031155145,1
ar-ar_naming_serializer-i2-ar-o0-ln-c1-fe-6d5ce5a3a3de,ar_naming_serializer,AR,AR,-0.00025722156669871765,-9.000256419177958,-8.99999919761126,1
ar-ar_naming_serializer-i2-ar-o0-ln-c1-fh-3e9c42f2cd7c,ar_naming_serializer,AR,AR,-0.0028027744283463107,-6.002788543700717,-5.999985769272371,1
ar-ar_naming_serializer-i2-ar-o1-ll-c0-fe-85ebcdc9657b,ar_naming_serializer,AR,AR,-9.125230550765764,-0.00023410052381223068,9.124996450241952,1
ar-ar_naming_serializer-i2-ar-o1-ll-c0-fh-4996bca0823e,ar_naming_serializer,AR,AR,-3.89632725715569,-0.02162461372790858,3.8747026434277814,1
ar-ar_naming_serializer-i2-ar-o1-ll-c1-fe-8ed76930f541,ar_naming_serializer,AR,AR,-2.303499784320593,-0.11666061490541324,2.1868391694151796,1
ar-ar_naming_serializer-i2-ar-o1-ll-c1-fh-776243b99479,ar_naming_serializer,AR,AR,-3.897317408151139,-0.022446520961239003,3.8748708871899,1
ar-ar_naming_serializer-i2-ar-o1-ln-c0-fe-2358a55c94b3,ar_naming_serializer,AR,AR,-6.876232862472307,-0.0012788320455001667,6.874954030426807,1
ar-ar_naming_serializer-i2-ar-o1-ln-c0-fh-e35cdeb05fcb,ar_naming_serializer,AR,AR,-3.896144628524553,-0.021242205817543436,3.8749024227070095,1
ar-ar_naming_serializer-i2-ar-o1-ln-c1-fe-034aa671f411,ar_naming_serializer,AR,AR,-3.1755900303833187,-0.044834314481704496,3.130755715901614,1
ar-ar_naming_serializer-i2-ar-o1-ln-c1-fh-ce2e67e4ba9d,ar_naming_serializer,AR,AR,-3.7746328115017604,-0.024699319998035207,3.7499334915037252,1
ar-ar_naming_serializer-i2-ro-o0-ll-c0-fx-05834a1112ed,ar_naming_serializer,RO,AR,-1.1485786437975776,-0.39858040213039203,0.7499982416671855,1
ar-ar_naming_serializer-i2-ro-o0-ll-c1-fx-b25b28601b02,ar_naming_serializer,RO,AR,-0.007379663641472689,-5.13238286970909,-5.125003206067618,1
ar-ar_naming_serializer-i2-ro-o0-ln-c0-fx-1c342abea8bc,ar_naming_serializer,RO,AR,-1.4195622205727432,-0.2945630848387282,1.124999135734015,1
ar-ar_naming_serializer-i2-ro-o0-ln-c1-fx-1a836f583d0d,ar_naming_serializer,RO,AR,-0.009066255762718356,-4.884068012233456,-4.875001756470738,1
ar-ar_naming_serializer-i2-ro-o1-ll-c0-fx-f5c8a0dd5a10,ar_naming_serializer,RO,AR,-3.7760685681896575,-0.0260617379078667,3.750006830281791,1
ar-ar_naming_serializer-i2-ro-o1-ll-c1-fx-e9f7b1d0a627,ar_naming_serializer,RO,AR,-0.08490832893903644,-2.584905266760188,-2.4999969378211517,1
ar-ar_naming_serializer-i2-ro-o1-ln-c0-fx-b57b0141934d,ar_naming_serializer,RO,AR,-3.8978264331726677,-0.02282353490488731,3.8750028982677804,1
ar-ar_naming_serializer-i2-ro-o1-ln-c1-fx-a1d5df052510,ar_naming_serializer,RO,AR,-0.08503656834113826,-2.585035443305401,-2.4999988749642625,1
ar-ar_naming_serializer-i3-ar-o0-ll-c0-fe-b1d7261694bb,ar_naming_serializer,AR,AR,-0.005569685234604549,-5.643084025941789,-5.637514340707185,1
ar-ar_naming_serializer-i3-ar-o0-ll-c0-fh-92f314965034,ar_naming_serializer,AR,AR,-0.003915167915693019,-6.253943560397602,-6.250028392481909,1
ar-ar_naming_serializer-i3-ar-o0-ll-c1-fe-216025d2b737,ar_naming_serializer,AR,AR,-0.0001697400266493787,-12.250169634815165,-12.249999894788516,1
ar-ar_naming_serializer-i3-ar-o0-ll-c1-fh-d607adec4134,ar_naming_serializer,AR,AR,-0.0002679473504940688,-9.750266194342998,-9.749998246992504,1
ar-ar_naming_serializer-i3-ar-o0-ln-c0-fe-0298c4b08ad1,ar_naming_serializer,AR,AR,-0.003208042002370348,-6.25339743711811,-6.25018939511574,1
ar-ar_naming_serializer-i3-ar-o0-ln-c0-fh-87a323e374a3,ar_naming_serializer,AR,AR,-0.0031275358651328133,-6.253105282763499,-6.249977746898367,1
ar-ar_naming_serializer-i3-ar-o0-ln-c1-fe-7766c2b16670,ar_naming_serializer,AR,AR,-0.0002455424505569681,-9.12524032592728,-9.124994783476723,1
ar-ar_naming_serializer-i3-ar-o0-ln-c1-fh-38cc25ec4a85,ar_naming_serializer,AR,AR,-0.0013461661128530977,-6.876341223716395,-6.874995057603542,1
ar-ar_naming_serializer-i3-ar-o1-ll-c0-fe-5f491a0b5dfb,ar_naming_serializer,AR,AR,-9.000386595725956,-0.0003899782527696516,8.999996617473187,1
ar-ar_naming_serializer-i3-ar-o1-ll-c0-fh-12752847ffbb,ar_naming_serializer,AR,AR,-7.12627553939808,-0.0012816405856028723,7.124993898812477,1
ar-ar_naming_serializer-i3-ar-o1-ll-c1-fe-58be978324a8,ar_naming_serializer,AR,AR,-2.4706945730140433,-0.09501069012912922,2.375683882884914,1
ar-ar_naming_serializer-i3-ar-o1-ll-c1-fh-2169fddb8e09,ar_naming_serializer,AR,AR,-3.5338469743642236,-0.034274540725164115,3.4995724336390595,1
ar-ar_naming_serializer-i3-ar-o1-ln-c0-fe-7b4aa3555ed9,ar_naming_serializer,AR,AR,-6.626586198806734,-0.00161307384223619,6.624973124964498,1
ar-ar_naming_serializer-i3-ar-o1-ln-c0-fh-2defcd2e6b96,ar_naming_serializer,AR,AR,-5.131499528884859,-0.006588387543160934,5.124911141341698,1
ar-ar_naming_serializer-i3-ar-o1-ln-c1-fe-51e9ca86204f,ar_naming_serializer,AR,AR,-2.8144013751880266,-0.06462092901347205,2.7497804461745545,1
ar-ar_naming_serializer-i3-ar-o1-ln-c1-fh-084cada5c920,ar_naming_serializer,AR,AR,-3.531717419619781,-0.031824035140743945,3.499893384479037,1
ar-ar_naming_serializer-i3-ro-o0-ll-c0-fx-3ddcbdd43e74,ar_naming_serializer,RO,AR,-1.2347563505160224,-0.3597595989590445,0.8749967515569779,1
ar-ar_naming_serializer-i3-ro-o0-ll-c1-fx-f7a421b41301,ar_naming_serializer,RO,AR,-0.007724072782934854,-5.132727146137313,-5.125003073354378,1
ar-ar_naming_serializer-i3-ro-o0-ln-c0-fx-2d825bfb2962,ar_naming_serializer,RO,AR,-1.328537821769146,-0.32853898405778637,0.9999988377113596,1
ar-ar_naming_serializer-i3-ro-o0-ln-c1-fx-80698a5e434e,ar_naming_serializer,RO,AR,-0.013302169739176861,-4.513304233545568,-4.500002063806392,1
ar-ar_naming_serializer-i3-ro-o1-ll-c0-fx-a820695decc5,ar_naming_serializer,RO,AR,-3.654873847930503,-0.029867921022514565,3.6250059269079884,1
ar-ar_naming_serializer-i3-ro-o1-ll-c1-fx-9700007e1279,ar_naming_serializer,RO,AR,-0.049160957311869424,-3.1741558313349287,-3.1249948740230593,1
ar-ar_naming_serializer-i3-ro-o1-ln-c0-fx-11cc2a513f74,ar_naming_serializer,RO,AR,-3.776380300510482,-0.026377003638685892,3.750003296871796,1
ar-ar_naming_serializer-i3-ro-o1-ln-c1-fx-d461ffa38b63,ar_naming_serializer,RO,AR,-0.07804165035076949,-2.7030397653574028,-2.6249981150066333,1
ar-ar_naming_serializer-i4-ar-o0-ll-c0-fe-2a35e1e3c79e,ar_naming_serializer,AR,AR,-0.010730097697887686,-4.762415495933965,-4.751685398236077,1
ar-ar_naming_serializer-i4-ar-o0-ll-c0-fh-b055f1db2e4d,ar_naming_serializer,AR,AR,-0.00826783671072917,-5.008233427672167,-4.999965590961438,1
ar-ar_naming_serializer-i4-ar-o0-ll-c1-fe-b0e0900645b7,ar_naming_serializer,AR,AR,-0.0002271885391564865,-9.375221133231776,-9.37499394469262,1
ar-ar_naming_serializer-i4-ar-o0-ll-c1-fh-1ece5c608e7d,ar_naming_serializer,AR,AR,-0.002476934765581973,-6.252439737319264,-6.249962802553682,1
ar-ar_naming_serializer-i4-ar-o0-ln-c0-fe-17912cc45937,ar_naming_serializer,AR,AR,-0.007263299426995218,-5.132273791630723,-5.125010492203728,1
ar-ar_naming_serializer-i4-ar-o0-ln-c0-fh-0be4e9b4fa20,ar_naming_serializer,AR,AR,-0.008771936313678452,-4.8837636709054095,-4.874991734591731,1
ar-ar_naming_serializer-i4-ar-o0-ln-c1-fe-539842279496,ar_naming_serializer,AR,AR,-0.0013013347706873901,-6.87625515460951,-6.874953819838822,1
ar-ar_naming_serializer-i4-ar-o0-ln-c1-fh-71032139be03,ar_naming_serializer,AR,AR,-0.0037198392674326897,-5.753642916679041,-5.749923077411609,1
ar-ar_naming_serializer-i4-ar-o1-ll-c0-fe-26143936a607,ar_naming_serializer,AR,AR,-7.6257084608077434,-0.0007685279633733444,7.62493993284437,1
ar-ar_naming_serializer-i4-ar-o1-ll-c0-fh-5f9584171a86,ar_naming_serializer,AR,AR,-4.1420160531995975,-0.017222828144440427,4.124793225055157,1
ar-ar_naming_serializer-i4-ar-o1-ll-c1-fe-2e981daaac9c,ar_naming_serializer,AR,AR,-3.4116207311453763,-0.03667985129868612,3.3749408798466902,1
ar-ar_naming_serializer-i4-ar-o1-ll-c1-fh-d5a599437608,ar_naming_serializer,AR,AR,-3.410669088342729,-0.03592578583629802,3.374743302506431,1
ar-ar_naming_serializer-i4-ar-o1-ln-c0-fe-59a10ec4d838,ar_naming_serializer,AR,AR,-6.5017392635345175,-0.0022291303030215204,6.499510133231496,1
ar-ar_naming_serializer-i4-ar-o1-ln-c0-fh-b300d89b6f42,ar_naming_serializer,AR,AR,-4.388203501701298,-0.013834944635163993,4.374368557066134,1
ar-ar_naming_serializer-i4-ar-o1-ln-c1-fe-f78d42838d97,ar_naming_serializer,AR,AR,-3.53153157214183,-0.031715383447590284,3.49981618869424,1
ar-ar_naming_serializer-i4-ar-o1-ln-c1-fh-1f2921cfd034,ar_naming_serializer,AR,AR,-3.1696348190234858,-0.04471702130831545,3.1249177977151703,1
ar-ar_naming_serializer-i4-ro-o0-ll-c0-fx-fab5703837f0,ar_naming_serializer,RO,AR,-1.6100223064397596,-0.23502619562623295,1.3749961108135267,1
ar-ar_naming_serializer-i4-ro-o0-ll-c1-fx-2b70572ee023,ar_naming_serializer,RO,AR,-0.010472478344013325,-4.76047790048051,-4.750005422136496,1
ar-ar_naming_serializer-i4-ro-o0-ln-c0-fx-d33022eeab21,ar_naming_serializer,RO,AR,-1.6126652955996406,-0.2376670837347774,1.3749982118648632,1
ar-ar_naming_serializer-i4-ro-o0-ln-c1-fx-6be2c2a922b9,ar_naming_serializer,RO,AR,-0.010327245108328498,-4.760330080979202,-4.750002835870873,1
ar-ar_naming_serializer-i4-ro-o1-ll-c0-fx-7e6072fa7dfc,ar_naming_serializer,RO,AR,-3.291232228228182,-0.04122374206656332,3.2500084861616187,1
ar-ar_naming_serializer-i4-ro-o1-ll-c1-fx-32c952961e5d,ar_naming_serializer,RO,AR,-0.04269305987236294,-3.2926895618404615,-3.2499965019680985,1
ar-ar_naming_serializer-i4-ro-o1-ln-c0-fx-8714da43755b,ar_naming_serializer,RO,AR,-3.6538813114016193,-0.02887687645807091,3.6250044349435484,1
ar-ar_naming_serializer-i4-ro-o1-ln-c1-fx-0d504f29c890,ar_naming_serializer,RO,AR,-0.06727577745505187,-2.817274451254548,-2.749998673799496,1
ar-ar_seed_benchmark-i0-ar-o0-ll-c0-fe-4924b976155e,ar_seed_benchmark,AR,AR,-0.3315602093935013,-1.3183405040763319,-0.9867802946828306,1
ar-ar_seed_benchmark-i0-ar-o0-ll-c0-fh-df83cd5ab3ec,ar_seed_benchmark,AR,AR,-0.12037102086469531,-2.241928326213383,-2.121557305348688,1
ar-ar_seed_benchmark-i0-ar-o0-ll-c1-fe-51fdff149fa6,ar_seed_benchmark,AR,AR,-0.12970059737563133,-2.4666523933406097,-2.3369517959649784,1
ar-ar_seed_benchmark-i0-ar-o0-ll-c1-fh-042ecddae71f,ar_seed_benchmark,AR,AR,-0.08476592134684324,-2.6999982595440315,-2.6152323381971883,1
ar-ar_seed_benchmark-i0-ar-o0-ln-c0-fe-852ff7d6d322,ar_seed_benchmark,AR,AR,-0.21285121422261,-1.704134518862702,-1.491283304640092,1
ar-ar_seed_benchmark-i0-ar-o0-ln-c0-fh-c1f2a0cc5e7b,ar_seed_benchmark,AR,AR,-0.052229435998015106,-3.0509502876120678,-2.9987208516140527,1
ar-ar_seed_benchmark-i0-ar-o0-ln-c1-fe-8511d328f2eb,ar_seed_benchmark,AR,AR,-0.13986316695809364,-2.3518173694603774,-2.211954202502284,1
ar-ar_seed_benchmark-i0-ar-o0-ln-c1-fh-312d74611b86,ar_seed_benchmark,AR,AR,-0.0988944168202579,-2.4662811756132896,-2.3673867587930317,1
ar-ar_seed_benchmark-i0-ar-o1-ll-c0-fe-46e892fa9515,ar_seed_benchmark,AR,AR,-2.4667785167692955,-0.12153440341353416,2.3452441133557613,1
ar-ar_seed_benchmark-i0-ar-o1-ll-c0-fh-0d818e58f61b,ar_seed_benchmark,AR,AR,-2.3547978401182945,-0.11585217900574207,2.2389456611125524,1
ar-ar_seed_benchmark-i0-ar-o1-ll-c1-fe-04f31298df8b,ar_seed_benchmark,AR,AR,-1.1404824467608705,-0.4074557051062584,0.7330267416546121,1
ar-ar_seed_benchmark-i0-ar-o1-ll-c1-fh-ca62ed4e14ff,ar_seed_benchmark,AR,AR,-1.6041226376364648,-0.23500667000189424,1.3691159676345706,1
ar-ar_seed_benchmark-i0-ar-o1-ln-c0-fe-1ca63f8d8a98,ar_seed_benchmark,AR,AR,-2.1289099454878055,-0.1719125285744667,1.9569974169133388,1
ar-ar_seed_benchmark-i0-ar-o1-ln-c0-fh-3e13ede23a5a,ar_seed_benchmark,AR,AR,-2.352555990219088,-0.11361033376306295,2.238945656456025,1
ar-ar_seed_benchmark-i0-ar-o1-ln-c1-fe-5a28a820c170,ar_seed_benchmark,AR,AR,-1.0560343241668306,-0.44470560643821955,0.6113287177286111,1
ar-ar_seed_benchmark-i0-ar-o1-ln-c1-fh-29b4a112bb61,ar_seed_benchmark,AR,AR,-2.1294546125845955,-0.132243120810017,1.9972114917745785,1
ar-ar_seed_benchmark-i0-ro-o0-ll-c0-fx-d9422dd06bef,ar_seed_benchmark,RO,AR,-1.9235121011727188,-0.17351564763839633,1.7499964535343224,1
ar-ar_seed_benchmark-i0-ro-o0-ll-c1-fx-b6f5e7265757,ar_seed_benchmark,RO,AR,-0.02578654512637968,-3.7757939099865325,-3.750007364860153,1
ar-ar_seed_benchmark-i0-ro-o0-ln-c0-fx-d289bda9e2ab,ar_seed_benchmark,RO,AR,-1.713867068290142,-0.21387213466641697,1.499994933623725,1
ar-ar_seed_benchmark-i0-ro-o0-ln-c1-fx-6d2ff9a8b22e,ar_seed_benchmark,RO,AR,-0.03234061598709559,-3.5323455333518723,-3.5000049173647767,1
ar-ar_seed_benchmark-i0-ro-o1-ll-c0-fx-fc92586a7072,ar_seed_benchmark,RO,AR,-3.2906570434329296,-0.04065243527020357,3.250004608162726,1
ar-ar_seed_benchmark-i0-ro-o1-ll-c1-fx-8973c56dff5a,ar_seed_benchmark,RO,AR,-0.0987381562504197,-2.4737350940697524,-2.3749969378193327,1
ar-ar_seed_benchmark-i0-ro-o1-ln-c0-fx-85c4269c2c1e,ar_seed_benchmark,RO,AR,-3.0511507987862387,-0.05114836618031404,3.0000024326059247,1
ar-ar_seed_benchmark-i0-ro-o1-ln-c1-fx-cb5f3f799661,ar_seed_benchmark,RO,AR,-0.15252663194451088,-2.027524113654522,-1.874997481710011,1
ar-ar_seed_benchmark-i1-ar-o0-ll-c0-fe-f55a55c8953b,ar_seed_benchmark,AR,AR,-0.16981939366087317,-1.9467705115675926,-1.7769511179067194,1
ar-ar_seed_benchmark-i1-ar-o0-ll-c0-fh-0c3bb26f8e66,ar_seed_benchmark,AR,AR,-0.049082295736297965,-3.1755211097188294,-3.1264388139825314,1
ar-ar_seed_benchmark-i1-ar-o0-ll-c1-fe-729fb733df8a,ar_seed_benchmark,AR,AR,-0.05162815470248461,-3.290571808813752,-3.2389436541112673,1
ar-ar_seed_benchmark-i1-ar-o0-ll-c1-fh-5b1bae4625e0,ar_seed_benchmark,AR,AR,-0.0656936967279762,-2.9389803409574142,-2.873286644229438,1
ar-ar_seed_benchmark-i1-ar-o0-ln-c0-fe-6013a6dc5f15,ar_seed_benchmark,AR,AR,-0.1179484548047185,-2.2518673865124583,-2.13391893170774,1
ar-ar_seed_benchmark-i1-ar-o0-ln-c0-fh-d6d6b2c8b9a0,ar_seed_benchmark,AR,AR,-0.02598719741217792,-3.775669497466879,-3.749682300054701,1
ar-ar_seed_benchmark-i1-ar-o0-ln-c1-fe-18ff7058e0d5,ar_seed_benchmark,AR,AR,-0.06998078152537346,-2.813265919670812,-2.7432851381454384,1
ar-ar_seed_benchmark-i1-ar-o0-ln-c1-fh-baac206661cc,ar_seed_benchmark,AR,AR,-0.05734342540381476,-2.931712865829354,-2.8743694404255393,1
ar-ar_seed_benchmark-i1-ar-o1-ll-c0-fe-913427123c72,ar_seed_benchmark,AR,AR,-3.1706632375713752,-0.052385570015758276,3.118277667555617,1
ar-ar_seed_benchmark-i1-ar-o1-ll-c0-fh-31c81b747b7c,ar_seed_benchmark,AR,AR,-3.173913359641972,-0.0502455331152305,3.1236678265267415,1
ar-ar_seed_benchmark-i1-ar-o1-ll-c1-fe-25f731efae11,ar_seed_benchmark,AR,AR,-1.617477435618639,-0.23590922635048628,1.3815682092681527,1
ar-ar_seed_benchmark-i1-ar-o1-ll-c1-fh-95a8efde3ab9,ar_seed_benchmark,AR,AR,-2.5828243094147183,-0.08586147148162127,2.496962837933097,1
ar-ar_seed_benchmark-i1-ar-o1-ln-c0-fe-075a901342d2,ar_seed_benchmark,AR,AR,-2.580343484877858,-0.08627503598108888,2.494068448896769,1
ar-ar_seed_benchmark-i1-ar-o1-ln-c0-fh-9ac5d38adbdc,ar_seed_benchmark,AR,AR,-3.050242424011202,-0.050798834941815585,2.9994435890693865,1
ar-ar_seed_benchmark-i1-ar-o1-ln-c1-fe-4b8769535e7c,ar_seed_benchmark,AR,AR,-1.4132712613791227,-0.2889600987546146,1.1243111626245081,1
ar-ar_seed_benchmark-i1-ar-o1-ln-c1-fh-243d7da7f77f,ar_seed_benchmark,AR,AR,-3.0508214221481467,-0.05269841116387397,2.9981230109842727,1
ar-ar_seed_benchmark-i1-ro-o0-ll-c0-fx-b22b7017ea28,ar_seed_benchmark,RO,AR,-1.5283750295626533,-0.2783789634554523,1.249996066107201,1
ar-ar_seed_benchmark-i1-ro-o0-ll-c1-fx-b528e33d5712,ar_seed_benchmark,RO,AR,-0.02104539051492793,-4.021051645248008,-4.00000625473308,1
ar-ar_seed_benchmark-i1-ro-o0-ln-c0-fx-945da5159506,ar_seed_benchmark,RO,AR,-1.3349113464345237,-0.3349161445903519,0.9999952018441718,1
ar-ar_seed_benchmark-i1-ro-o0-ln-c1-fx-7efe8c89dd4b,ar_seed_benchmark,RO,AR,-0.032860692588201346,-3.5328648090171555,-3.500004116428954,1
ar-ar_seed_benchmark-i1-ro-o1-ll-c0-fx-e263a828bc5d,ar_seed_benchmark,RO,AR,-3.898060321788762,-0.02305633015703279,3.875003991631729,1
ar-ar_seed_benchmark-i1-ro-o1-ll-c1-fx-2307f81dd3c9,ar_seed_benchmark,RO,AR,-0.16003336011499414,-2.0350309610350905,-1.8749976009200964,1
ar-ar_seed_benchmark-i1-ro-o1-ln-c0-fx-0a6b88b1e9ac,ar_seed_benchmark,RO,AR,-3.291069388380947,-0.04106773808257458,3.2500016502983726,1
ar-ar_seed_benchmark-i1-ro-o1-ln-c1-fx-b96d1b38fcfc,ar_seed_benchmark,RO,AR,-0.217598572366569,-1.7175962924947044,-1.4999977201281354,1
ar-ar_seed_benchmark-i2-ar-o0-ll-c0-fe-3cfd54900f7e,ar_seed_benchmark,AR,AR,-0.21400719694793224,-1.707074339967221,-1.4930671430192888,1
ar-ar_seed_benchmark-i2-ar-o0-ll-c0-fh-8121c5f6a6d3,ar_seed_benchmark,AR,AR,-0.05639089015312493,-3.0528280727266974,-2.9964371825735725,1
ar-ar_seed_benchmark-i2-ar-o0-ll-c1-fe-48271f05e96a,ar_seed_benchmark,AR,AR,-0.10201666876673698,-2.583850264548005,-2.481833595781268,1
ar-ar_seed_benchmark-i2-ar-o0-ll-c1-fh-1a0fcaa25964,ar_seed_benchmark,AR,AR,-0.07285036984831095,-2.939220428466683,-2.8663700586183722,1
ar-ar_seed_benchmark-i2-ar-o0-ln-c0-fe-3882514139b3,ar_seed_benchmark,AR,AR,-0.14968129619956017,-2.0199434712412767,-1.8702621750417165,1
ar-ar_seed_benchmark-i2-ar-o0-ln-c0-fh-be84b83ddf0e,ar_seed_benchmark,AR,AR,-0.024784423992969096,-3.8978677987142873,-3.8730833747213183,1
ar-ar_seed_benchmark-i2-ar-o0-ln-c1-fe-eb1f853ac8e5,ar_seed_benchmark,AR,AR,-0.14933991245925426,-2.128790974614958,-1.9794510621557038,1
ar-ar_seed_benchmark-i2-ar-o0-ln-c1-fh-82f52d554c44,ar_seed_benchmark,AR,AR,-0.07755523547530174,-2.697313070297213,-2.619757834821911,1
ar-ar_seed_benchmark-i2-ar-o1-ll-c0-fe-8968f73ed69e,ar_seed_benchmark,AR,AR,-2.583910465240365,-0.09643130283802748,2.4874791624023374,1
ar-ar_seed_benchmark-i2-ar-o1-ll-c0-fh-6ad0dc6d6759,ar_seed_benchmark,AR,AR,-2.7018084526061728,-0.08442518580704927,2.6173832667991235,1
ar-ar_seed_benchmark-i2-ar-o1-ll-c1-fe-fc18a1318059,ar_seed_benchmark,AR,AR,-1.3171349542681128,-0.32746285293251276,0.9896721013356,1
ar-ar_seed_benchmark-i2-ar-o1-ll-c1-fh-385e2d001a56,ar_seed_benchmark,AR,AR,-2.3543341158692783,-0.11192664690315723,2.242407468966121,1
ar-ar_seed_benchmark-i2-ar-o1-ln-c0-fe-ae4f5605d71c,ar_seed_benchmark,AR,AR,-2.0197583436965374,-0.1680098231881857,1.8517485205083517,1
ar-ar_seed_benchmark-i2-ar-o1-ln-c0-fh-760f7a2d9f86,ar_seed_benchmark,AR,AR,-2.8141597509384084,-0.07088161911815405,2.7432781318202544,1
ar-ar_seed_benchmark-i2-ar-o1-ln-c1-fe-2729ad239e24,ar_seed_benchmark,AR,AR,-1.3153835509365308,-0.3229189715348184,0.9924645794017124,1
ar-ar_seed_benchmark-i2-ar-o1-ln-c1-fh-81c117e8eee5,ar_seed_benchmark,AR,AR,-3.0512394904835674,-0.055311521515250206,2.995927968968317,1
ar-ar_seed_benchmark-i2-ro-o0-ll-c0-fx-7cdab2afbac9,ar_seed_benchmark,RO,AR,-1.9270054101931464,-0.17700934408594549,1.749996066107201,1
ar-ar_seed_benchmark-i2-ro-o0-ll-c1-fx-62ede561611a,ar_seed_benchmark,RO,AR,-0.02591212279969568,-3.7759168147849778,-3.750004691985282,1
ar-ar_seed_benchmark-i2-ro-o0-ln-c0-fx-e220ece1a613,ar_seed_benchmark,RO,AR,-1.5191375017160453,-0.2691425680923203,1.249994933623725,1
ar-ar_seed_benchmark-i2-ro-o0-ln-c1-fx-48d82cf7e5a8,ar_seed_benchmark,RO,AR,-0.036270659415549744,-3.4112737178688803,-3.3750030584533306,1
ar-ar_seed_benchmark-i2-ro-o1-ll-c0-fx-7d6ede6a574a,ar_seed_benchmark,RO,AR,-3.5320897102164963,-0.03208518028134222,3.500004529935154,1
ar-ar_seed_benchmark-i2-ro-o1-ll-c1-fx-7abf8947e6b3,ar_seed_benchmark,RO,AR,-0.08062874524921426,-2.7056261301028144,-2.6249973848536,1
ar-ar_seed_benchmark-i2-ro-o1-ln-c0-fx-edc32bd811cf,ar_seed_benchmark,RO,AR,-3.0509340762978354,-0.05093118175705058,3.000002894540785,1
ar-ar_seed_benchmark-i2-ro-o1-ln-c1-fx-9d62f2b745de,ar_seed_benchmark,RO,AR,-0.12479183076948175,-2.249788641929058,-2.1249968111595763,1
ar-ar_seed_benchmark-i3-ar-o0-ll-c0-fe-938391c9b4d4,ar_seed_benchmark,AR,AR,-0.7797418348491192,-0.6390721953939646,0.14066963945515454,1
ar-ar_seed_benchmark-i3-ar-o0-ll-c0-fh-9f695cc75f1e,ar_seed_benchmark,AR,AR,-0.13652868510689586,-2.1349472393048927,-1.9984185541979969,1
ar-ar_seed_benchmark-i3-ar-o0-ll-c1-fe-d66e654a2044,ar_seed_benchmark,AR,AR,-0.09298261255025864,-2.9343303442000774,-2.841347731649819,1
ar-ar_seed_benchmark-i3-ar-o0-ll-c1-fh-eed9768333c6,ar_seed_benchmark,AR,AR,-0.05897724535316229,-3.3003532886504843,-3.241376043297322,1
ar-ar_seed_benchmark-i3-ar-o0-ln-c0-fe-c1eac5cf0412,ar_seed_benchmark,AR,AR,-0.3964997725561261,-1.1402230944950134,-0.7437233219388872,1
ar-ar_seed_benchmark-i3-ar-o0-ln-c0-fh-302c24b42130,ar_seed_benchmark,AR,AR,-0.07371703488752246,-2.6975643633104482,-2.623847328422926,1
ar-ar_seed_benchmark-i3-ar-o0-ln-c1-fe-bc0de91c73ca,ar_seed_benchmark,AR,AR,-0.1401502713561058,-2.3521057367323124,-2.2119554653762066,1
ar-ar_seed_benchmark-i3-ar-o0-ln-c1-fh-618e8ddec63b,ar_seed_benchmark,AR,AR,-0.0755886435508728,-2.8145351409911825,-2.7389464974403097,1
ar-ar_seed_benchmark-i3-ar-o1-ll-c0-fe-2f1e73a7ee0f,ar_seed_benchmark,AR,AR,-2.9349455833434774,-0.08319595083594322,2.851749632507534,1
ar-ar_seed_benchmark-i3-ar-o1-ll-c0-fh-1c368ee5198e,ar_seed_benchmark,AR,AR,-3.296481728553765,-0.05510204005986452,3.2413796884939003,1
ar-ar_seed_benchmark-i3-ar-o1-ll-c1-fe-cb75308531fe,ar_seed_benchmark,AR,AR,-0.5282014681724831,-0.9224133733659983,-0.3942119051935151,1
ar-ar_seed_benchmark-i3-ar-o1-ll-c1-fh-6e50131c7a20,ar_seed_benchmark,AR,AR,-1.6059592944657197,-0.23552102409303188,1.3704382703726878,1
ar-ar_seed_benchmark-i3-ar-o1-ln-c0-fe-6313be004b6b,ar_seed_benchmark,AR,AR,-2.1293852329253866,-0.16742900386452675,1.9619562290608599,1
ar-ar_seed_benchmark-i3-ar-o1-ln-c0-fh-9cc333249520,ar_seed_benchmark,AR,AR,-3.050777554512017,-0.061829802580177784,2.988947751931839,1
ar-ar_seed_benchmark-i3-ar-o1-ln-c1-fe-0fae078b3566,ar_seed_benchmark,AR,AR,-0.6956632388755679,-0.7062779804691672,-0.01061474159359932,1
ar-ar_seed_benchmark-i3-ar-o1-ln-c1-fh-ba41efefcdb8,ar_seed_benchmark,AR,AR,-2.240212678882017,-0.11739091691561043,2.1228217619664065,1
ar-ar_seed_benchmark-i3-ro-o0-ll-c0-fx-ada13d123daf,ar_seed_benchmark,RO,AR,-1.6268075704564353,-0.2518109381085196,1.3749966323479157,1
ar-ar_seed_benchmark-i3-ro-o0-ll-c1-fx-6af39d6cec77,ar_seed_benchmark,RO,AR,-0.02342582306891927,-3.8984286784884716,-3.8750028554195524,1
ar-ar_seed_benchmark-i3-ro-o0-ln-c0-fx-9251fb9e37df,ar_seed_benchmark,RO,AR,-1.6201789379109641,-0.24518442151520503,1.374994516395759,1
ar-ar_seed_benchmark-i3-ro-o0-ln-c1-fx-1188f60ade6e,ar_seed_benchmark,RO,AR,-0.036506034427020495,-3.4115085601615647,-3.375002525734544,1
ar-ar_seed_benchmark-i3-ro-o1-ll-c0-fx-b63b79218a1d,ar_seed_benchmark,RO,AR,-4.020394086822762,-0.02039200811941555,4.000002078703346,1
ar-ar_seed_benchmark-i3-ro-o1-ll-c1-fx-5b3ddcbabb10,ar_seed_benchmark,RO,AR,-0.19912935792990538,-1.8241279125203391,-1.6249985545904337,1
ar-ar_seed_benchmark-i3-ro-o1-ln-c0-fx-9e24c727b409,ar_seed_benchmark,RO,AR,-3.4110958576088706,-0.03609601407060836,3.374999843538262,1
ar-ar_seed_benchmark-i3-ro-o1-ln-c1-fx-c35468ca1c4e,ar_seed_benchmark,RO,AR,-0.21784529089245552,-1.7178430557240745,-1.499997764831619,1
ar-ar_seed_benchmark-i4-ar-o0-ll-c0-fe-c54a664de176,ar_seed_benchmark,AR,AR,-0.32202820014208555,-1.3162370209465735,-0.9942088208044879,1
ar-ar_seed_benchmark-i4-ar-o0-ll-c0-fh-ec35fbb560a2,ar_seed_benchmark,AR,AR,-0.10641086753457785,-2.3539929372491315,-2.2475820697145537,1
ar-ar_seed_benchmark-i4-ar-o0-ll-c1-fe-2c45ad651e4a,ar_seed_benchmark,AR,AR,-0.0975066889077425,-2.4657859802227904,-2.368279291315048,1
ar-ar_seed_benchmark-i4-ar-o0-ll-c1-fh-5b1c757ba154,ar_seed_benchmark,AR,AR,-0.11977744637988508,-2.2419655323027428,-2.1221880859228577,1
ar-ar_seed_benchmark-i4-ar-o0-ln-c0-fe-067f591d286b,ar_seed_benchmark,AR,AR,-0.1831946752499789,-1.8065698955906555,-1.6233752203406766,1
ar-ar_seed_benchmark-i4-ar-o0-ln-c0-fh-5313b163dc9d,ar_seed_benchmark,AR,AR,-0.045571920403745025,-3.1698772906020167,-3.1243053701982717,1
ar-ar_seed_benchmark-i4-ar-o0-ln-c1-fe-4cf4450806d4,ar_seed_benchmark,AR,AR,-0.13676493242383003,-2.1281490325879986,-1.9913841001641686,1
ar-ar_seed_benchmark-i4-ar-o0-ln-c1-fh-27a0fdfe0d48,ar_seed_benchmark,AR,AR,-0.1648281142115593,-1.9123486280441,-1.7475205138325407,1
ar-ar_seed_benchmark-i4-ar-o1-ll-c0-fe-531e6b252493,ar_seed_benchmark,AR,AR,-2.129305005073377,-0.13523792196065187,1.994067083112725,1
ar-ar_seed_benchmark-i4-ar-o1-ll-c0-fh-3f75f4252687,ar_seed_benchmark,AR,AR,-2.130260109901421,-0.1324490320403129,1.9978110778611082,1
ar-ar_seed_benchmark-i4-ar-o1-ll-c1-fe-6d11acc21eeb,ar_seed_benchmark,AR,AR,-1.1394051914685406,-0.39767703600227833,0.7417281554662623,1
ar-ar_seed_benchmark-i4-ar-o1-ll-c1-fh-b9bc5dd649b8,ar_seed_benchmark,AR,AR,-1.6036608216836612,-0.2332605025731027,1.3704003191105585,1
ar-ar_seed_benchmark-i4-ar-o1-ln-c0-fe-b792cc98c004,ar_seed_benchmark,AR,AR,-1.6020616292951786,-0.2395745487883687,1.3624870805068099,1
ar-ar_seed_benchmark-i4-ar-o1-ln-c0-fh-a49ebd701192,ar_seed_benchmark,AR,AR,-2.019586205482476,-0.14739384106360376,1.872192364418872,1
ar-ar_seed_benchmark-i4-ar-o1-ln-c1-fe-da914d8384b1,ar_seed_benchmark,AR,AR,-1.1385278531524818,-0.39357779920101166,0.7449500539514702,1
ar-ar_seed_benchmark-i4-ar-o1-ln-c1-fh-db05162486f6,ar_seed_benchmark,AR,AR,-2.1289418935530193,-0.1302611669525504,1.998680726600469,1
ar-ar_seed_benchmark-i4-ro-o0-ll-c0-fx-b7762f2adbde,ar_seed_benchmark,RO,AR,-2.0348733663546454,-0.1598795950103522,1.8749937713442932,1
ar-ar_seed_benchmark-i4-ro-o0-ll-c1-fx-b9e8613737e7,ar_seed_benchmark,RO,AR,-0.021002311258257578,-4.021010994860262,-4.000008683602005,1
ar-ar_seed_benchmark-i4-ro-o0-ln-c0-fx-97cc1a3b0a39,ar_seed_benchmark,RO,AR,-1.6156640052782905,-0.24067144091895898,1.3749925643593315,1
ar-ar_seed_benchmark-i4-ro-o0-ln-c1-fx-4de7185ffcd5,ar_seed_benchmark,RO,AR,-0.02908512018439069,-3.6540911197353125,-3.625005999550922,1
ar-ar_seed_benchmark-i4-ro-o1-ll-c0-fx-75dde377de1d,ar_seed_benchmark,RO,AR,-3.4115366935420752,-0.03653103112947065,3.3750056624126046,1
ar-ar_seed_benchmark-i4-ro-o1-ll-c1-fx-403beb751835,ar_seed_benchmark,RO,AR,-0.09162222592112812,-2.5916174650179755,-2.4999952390968474,1
ar-ar_seed_benchmark-i4-ro-o1-ln-c0-fx-0daec100aa2b,ar_seed_benchmark,RO,AR,-3.1708333492038037,-0.0458286553596281,3.1250046938441756,1
ar-ar_seed_benchmark-i4-ro-o1-ln-c1-fx-999e94d51e67,ar_seed_benchmark,RO,AR,-0.12245854733873784,-2.2474541664116714,-2.1249956190729336,1
ar-ar_taskorder_setup-i0-ar-o0-ll-c0-fe-723cd9e41873,ar_taskorder_setup,AR,AR,-0.14954249002039433,-2.020848080603173,-1.8713055905827787,1
ar-ar_taskorder_setup-i0-ar-o0-ll-c0-fh-0876d6f91973,ar_taskorder_setup,AR,AR,-0.0475080773467198,-3.17101671587443,-3.12350863852771,1
ar-ar_taskorder_setup-i0-ar-o0-ll-c1-fe-1af68c78ae70,ar_taskorder_setup,AR,AR,-0.16307653486728668,-2.1294223070085536,-1.966345772141267,1
ar-ar_taskorder_setup-i0-ar-o0-ll-c1-fh-2f8d39d3c97c,ar_taskorder_setup,AR,AR,-0.0648792190477252,-2.931255936616708,-2.8663767175689827,1
ar-ar_taskorder_setup-i0-ar-o0-ln-c0-fe-371b26a26fb3,ar_taskorder_setup,AR,AR,-0.1473604142665863,-2.01991212327448,-1.8725517090078938,1
ar-ar_taskorder_setup-i0-ar-o0-ln-c0-fh-62c0d71fc9ee,ar_taskorder_setup,AR,AR,-0.04530382435768843,-3.1699937578359823,-3.124689933478294,1
ar-ar_taskorder_setup-i0-ar-o0-ln-c1-fe-48bfdd5ec608,ar_taskorder_setup,AR,AR,-0.14285579044371843,-2.1286745071363384,-1.98581871669262,1
ar-ar_taskorder_setup-i0-ar-o0-ln-c1-fh-bb0f32d3438a,ar_taskorder_setup,AR,AR,-0.06545892241410911,-2.812967181199838,-2.7475082587857287,1
ar-ar_taskorder_setup-i0-ar-o1-ll-c0-fe-3c502cb21fd8,ar_taskorder_setup,AR,AR,-0.5283104181221461,-1.0302542001008987,-0.5019437819787527,1
ar-ar_taskorder_setup-i0-ar-o1-ll-c0-fh-b153438cf7cb,ar_taskorder_setup,AR,AR,-0.5269388556446302,-1.183135211467743,-0.6561963558231128,1
ar-ar_taskorder_setup-i0-ar-o1-ll-c1-fe-1d4b285f5699,ar_taskorder_setup,AR,AR,-0.18143138430605177,-1.8295158501714468,-1.648084465865395,1
ar-ar_taskorder_setup-i0-ar-o1-ll-c1-fh-929ebc53dbb3,ar_taskorder_setup,AR,AR,-0.22690564307777095,-1.639908954501152,-1.413003311423381,1
ar-ar_taskorder_setup-i0-ar-o1-ln-c0-fe-303c0f066fc9,ar_taskorder_setup,AR,AR,-0.5266206264461744,-0.9806472137570381,-0.45402658731086376,1
ar-ar_taskorder_setup-i0-ar-o1-ln-c0-fh-9b3c60450b6d,ar_taskorder_setup,AR,AR,-0.47670739888803837,-1.077496774494648,-0.6007893756066096,1
ar-ar_taskorder_setup-i0-ar-o1-ln-c1-fe-40be6f36015a,ar_taskorder_setup,AR,AR,-0.3501946327942278,-1.2349310396239161,-0.8847364068296883,1
ar-ar_taskorder_setup-i0-ar-o1-ln-c1-fh-fd32671194cc,ar_taskorder_setup,AR,AR,-0.38864660261424433,-1.1453576502390206,-0.7567110476247763,1
ar-ar_taskorder_setup-i0-ro-o0-ll-c0-fx-07f13518540a,ar_taskorder_setup,RO,AR,-1.6241230964419628,-0.24912509318164666,1.3749980032603162,1
ar-ar_taskorder_setup-i0-ro-o0-ll-c1-fx-6a26b09a11ef,ar_taskorder_setup,RO,AR,-0.007933453645364352,-5.132936716048789,-5.125003262403425,1
ar-ar_taskorder_setup-i0-ro-o0-ln-c0-fx-a8288f02cafc,ar_taskorder_setup,RO,AR,-1.5200724601554612,-0.27007326481270866,1.2499991953427525,1
ar-ar_taskorder_setup-i0-ro-o0-ln-c1-fx-2c07df07907a,ar_taskorder_setup,RO,AR,-0.008295281782011443,-5.008296012867049,-5.000000731085038,1
ar-ar_taskorder_setup-i0-ro-o1-ll-c0-fx-28b99337a913,ar_taskorder_setup,RO,AR,-1.4177972078014136,-0.292797237603736,1.1249999701976776,1
ar-ar_taskorder_setup-i0-ro-o1-ll-c1-fx-6ce27f7a75d0,ar_taskorder_setup,RO,AR,-0.022926796196770738,-4.272925615286567,-4.249998819089797,1
ar-ar_taskorder_setup-i0-ro-o1-ln-c0-fx-5ad961a61084,ar_taskorder_setup,RO,AR,-1.9159328937462305,-0.16593362390040056,1.74999926984583,1
ar-ar_taskorder_setup-i0-ro-o1-ln-c1-fx-53a32c47279c,ar_taskorder_setup,RO,AR,-0.03797560184057147,-3.537974476807449,-3.4999988749668773,1
ar-ar_taskorder_setup-i1-ar-o0-ll-c0-fe-54547f58bdb9,ar_taskorder_setup,AR,AR,-0.17135339323431253,-1.9137514829412794,-1.7423980897069669,1
ar-ar_taskorder_setup-i1-ar-o0-ll-c0-fh-d0be991915d6,ar_taskorder_setup,AR,AR,-0.06603878643363714,-2.9324355124435897,-2.8663967260099525,1
ar-ar_taskorder_setup-i1-ar-o0-ll-c1-fe-3b61686e5e1f,ar_taskorder_setup,AR,AR,-0.3056279867887497,-1.7054053544973158,-1.399777367708566,1
ar-ar_taskorder_setup-i1-ar-o0-ll-c1-fh-fcc38b15c57d,ar_taskorder_setup,AR,AR,-0.09679352212697268,-2.584270596492388,-2.4874770743654153,1
ar-ar_taskorder_setup-i1-ar-o0-ln-c0-fe-2c513ff18d2d,ar_taskorder_setup,AR,AR,-0.13591688266023993,-2.1292035579608637,-1.9932866753006238,1
ar-ar_taskorder_setup-i1-ar-o0-ln-c0-fh-5edae7f10532,ar_taskorder_setup,AR,AR,-0.05344117968343198,-3.0502666234824574,-2.9968254437990254,1
ar-ar_taskorder_setup-i1-ar-o0-ln-c1-fe-58e3352ac1cf,ar_taskorder_setup,AR,AR,-0.2924761325120926,-1.7035263776765532,-1.4110502451644606,1
ar-ar_taskorder_setup-i1-ar-o0-ln-c1-fh-1658dc797d40,ar_taskorder_setup,AR,AR,-0.061711262445896864,-2.930776476856181,-2.869065214410284,1
ar-ar_taskorder_setup-i1-ar-o1-ll-c0-fe-b4a5ce287a7c,ar_taskorder_setup,AR,AR,-0.3550897836657896,-1.806045651435852,-1.4509558677700625,1
ar-ar_taskorder_setup-i1-ar-o1-ll-c0-fh-c18a5bafdcfa,ar_taskorder_setup,AR,AR,-0.39319670198756285,-1.3686300814151764,-0.9754333794276135,1
ar-ar_taskorder_setup-i1-ar-o1-ll-c1-fe-b205110ebc95,ar_taskorder_setup,AR,AR,-0.4320671558189133,-1.1119468733668327,-0.6798797175479194,1
ar-ar_taskorder_setup-i1-ar-o1-ll-c1-fh-3114ed3dff28,ar_taskorder_setup,AR,AR,-0.695702552730836,-0.8383704572916031,-0.14266790456076706,1
ar-ar_taskorder_setup-i1-ar-o1-ln-c0-fe-ba5a602843a7,ar_taskorder_setup,AR,AR,-0.5796083211882888,-1.1780659854412079,-0.5984576642529191,1
ar-ar_taskorder_setup-i1-ar-o1-ln-c0-fh-340f918ba98a,ar_taskorder_setup,AR,AR,-0.9002584218944776,-0.6380962505936623,0.2621621713008153,1
ar-ar_taskorder_setup-i1-ar-o1-ln-c1-fe-62ff164add86,ar_taskorder_setup,AR,AR,-0.5782672166769771,-0.8712653890252113,-0.2929981723482342,1
ar-ar_taskorder_setup-i1-ar-o1-ln-c1-fh-1f322523576d,ar_taskorder_setup,AR,AR,-0.7596473693702137,-0.6726857125759125,0.08696165679430123,1
ar-ar_taskorder_setup-i1-ro-o0-ll-c0-fx-de639b9bcf9e,ar_taskorder_setup,RO,AR,-1.7232275008755096,-0.22323159865027264,1.499995902225237,1
ar-ar_taskorder_setup-i1-ro-o0-ll-c1-fx-852d57f62455,ar_taskorder_setup,RO,AR,-0.01992306112379083,-4.144926786391807,-4.125003725268016,1
ar-ar_taskorder_setup-i1-ro-o0-ln-c0-fx-7dbf18ee5603,ar_taskorder_setup,RO,AR,-1.0768626928138474,-0.4518654346065887,0.6249972582072587,1
ar-ar_taskorder_setup-i1-ro-o0-ln-c1-fx-cc4aa17c5506,ar_taskorder_setup,RO,AR,-0.016729956484596187,-4.266730189314785,-4.250000232830189,1
ar-ar_taskorder_setup-i1-ro-o1-ll-c0-fx-95e6771424f4,ar_taskorder_setup,RO,AR,-0.7066857814133982,-0.7066832780437835,2.5033696147147566e-06,1
ar-ar_taskorder_setup-i1-ro-o1-ll-c1-fx-028cc6811eac,ar_taskorder_setup,RO,AR,-0.017015926499880152,-4.517013788199165,-4.499997861699285,1
ar-ar_taskorder_setup-i1-ro-o1-ln-c0-fx-2db61e752510,ar_taskorder_setup,RO,AR,-1.5097100734597007,-0.2597130238709724,1.2499970495887283,1
ar-ar_taskorder_setup-i1-ro-o1-ln-c1-fx-82e86ca247da,ar_taskorder_setup,RO,AR,-0.05871516092474849,-3.0587140321663355,-2.999998871241587,1
ar-ar_taskorder_setup-i2-ar-o0-ll-c0-fe-3e12e0ea1a3d,ar_taskorder_setup,AR,AR,-0.15253054769709706,-2.0237895119935274,-1.8712589642964303,1
ar-ar_taskorder_setup-i2-ar-o0-ll-c0-fh-a08ebc3e2752,ar_taskorder_setup,AR,AR,-0.045170686673372984,-3.2951741190627217,-3.2500034323893487,1
ar-ar_taskorder_setup-i2-ar-o0-ll-c1-fe-967b4f8d7822,ar_taskorder_setup,AR,AR,-0.24191931635141373,-1.913023233412673,-1.6711039170612594,1
ar-ar_taskorder_setup-i2-ar-o0-ll-c1-fh-cee9ace10de4,ar_taskorder_setup,AR,AR,-0.08497541770339012,-2.697462558737243,-2.612487141033853,1
ar-ar_taskorder_setup-i2-ar-o0-ln-c0-fe-560fb07339af,ar_taskorder_setup,AR,AR,-0.1686134752817452,-1.9131746278726496,-1.7445611525909044,1
ar-ar_taskorder_setup-i2-ar-o0-ln-c0-fh-dc348d979bf3,ar_taskorder_setup,AR,AR,-0.04101411602459848,-3.2905079870834015,-3.249493871058803,1
ar-ar_taskorder_setup-i2-ar-o0-ln-c1-fe-960794cb8e2e,ar_taskorder_setup,AR,AR,-0.19338009506464005,-2.2394844293585265,-2.0461043342938865,1
ar-ar_taskorder_setup-i2-ar-o0-ln-c1-fh-616925ec21d8,ar_taskorder_setup,AR,AR,-0.0685082133859396,-2.930994510648361,-2.8624862972624214,1
ar-ar_taskorder_setup-i2-ar-o1-ll-c0-fe-5e44e7ea5917,ar_taskorder_setup,AR,AR,-0.699273049829344,-0.8595031499862671,-0.16023010015692307,1
ar-ar_taskorder_setup-i2-ar-o1-ll-c0-fh-0ad1cde9da03,ar_taskorder_setup,AR,AR,-0.5286899805005305,-1.1556278765201569,-0.6269378960196264,1
ar-ar_taskorder_setup-i2-ar-o1-ll-c1-fe-3eb798059bc4,ar_taskorder_setup,AR,AR,-0.7625933130620979,-0.6631827559322119,0.099410557129886,1
ar-ar_taskorder_setup-i2-ar-o1-ll-c1-fh-b84afdee945a,ar_taskorder_setup,AR,AR,-0.8303964121150784,-0.6494206413626671,0.18097577075241134,1
ar-ar_taskorder_setup-i2-ar-o1-ln-c0-fe-601a04c169c4,ar_taskorder_setup,AR,AR,-0.8295252919178893,-0.7397575378417969,0.08976775407609239,1
ar-ar_taskorder_setup-i2-ar-o1-ln-c0-fh-ca913ef87dbe,ar_taskorder_setup,AR,AR,-0.7603555321659314,-0.795595183968544,-0.03523965180261257,1
ar-ar_taskorder_setup-i2-ar-o1-ln-c1-fe-c166df7d56c5,ar_taskorder_setup,AR,AR,-0.8289499606034951,-0.5928811971098185,0.23606876349367667,1
ar-ar_taskorder_setup-i2-ar-o1-ln-c1-fh-4901373c156b,ar_taskorder_setup,AR,AR,-0.9008573191822506,-0.5367635572329164,0.3640937619493343,1
ar-ar_taskorder_setup-i2-ro-o0-ll-c0-fx-40b66c8a633b,ar_taskorder_setup,RO,AR,-2.9386980532945017,-0.06369949123745755,2.874998562057044,1
ar-ar_taskorder_setup-i2-ro-o0-ll-c1-fx-c5c4ffcff42b,ar_taskorder_setup,RO,AR,-0.0199360586552757,-4.1449382304836035,-4.125002171828328,1
ar-ar_taskorder_setup-i2-ro-o0-ln-c0-fx-1ff20fd39f90,ar_taskorder_setup,RO,AR,-2.47410190102255,-0.09910293664506753,2.3749989643774825,1
ar-ar_taskorder_setup-i2-ro-o0-ln-c1-fx-5ead4d07107b,ar_taskorder_setup,RO,AR,-0.01961988023640515,-4.144620299330654,-4.125000419094249,1
ar-ar_taskorder_setup-i2-ro-o1-ll-c0-fx-d3f2d891b8e5,ar_taskorder_setup,RO,AR,-1.5148593186931976,-0.2648581862140418,1.2500011324791558,1
ar-ar_taskorder_setup-i2-ro-o1-ll-c1-fx-a914eddd74c2,ar_taskorder_setup,RO,AR,-0.009341525820673269,-5.259342431991172,-5.250000906170499,1
ar-ar_taskorder_setup-i2-ro-o1-ln-c0-fx-563829f92487,ar_taskorder_setup,RO,AR,-2.2446602582845117,-0.11966338005913713,2.1249968782253745,1
ar-ar_taskorder_setup-i2-ro-o1-ln-c1-fx-e97ee03cdc3d,ar_taskorder_setup,RO,AR,-0.01710056885394806,-4.392102599128066,-4.375002030274118,1
ar-ar_taskorder_setup-i3-ar-o0-ll-c0-fe-7e85aafda294,ar_taskorder_setup,AR,AR,-0.17107539996504784,-1.9145943840267137,-1.7435189840616658,1
ar-ar_taskorder_setup-i3-ar-o0-ll-c0-fh-4460043f70a5,ar_taskorder_setup,AR,AR,-0.0514540527947247,-3.171950333249697,-3.1204962804549723,1
ar-ar_taskorder_setup-i3-ar-o0-ll-c1-fe-0ec51b10126b,ar_taskorder_setup,AR,AR,-0.32147303968667984,-3.290306210515382,-2.9688331708287024,1
ar-ar_taskorder_setup-i3-ar-o0-ll-c1-fh-845963a033a7,ar_taskorder_setup,AR,AR,-0.07441728003323078,-4.019505143153765,-3.945087863120534,1
ar-ar_taskorder_setup-i3-ar-o0-ln-c0-fe-76e6308b1364,ar_taskorder_setup,AR,AR,-0.17038400331512094,-1.9136855600627314,-1.7433015567476104,1
ar-ar_taskorder_setup-i3-ar-o0-ln-c0-fh-5f8181b0e24d,ar_taskorder_setup,AR,AR,-0.06649114296305925,-2.815464138956486,-2.7489729959934266,1
ar-ar_taskorder_setup-i3-ar-o0-ln-c1-fe-bd9ea84d2910,ar_taskorder_setup,AR,AR,-0.2516403794288635,-3.050151705739836,-2.7985113263109724,1
ar-ar_taskorder_setup-i3-ar-o0-ln-c1-fh-dc065d594d5f,ar_taskorder_setup,AR,AR,-0.06122438609600067,-3.4098592996538173,-3.3486349135578166,1
ar-ar_taskorder_setup-i3-ar-o1-ll-c0-fe-b7e8b875c98e,ar_taskorder_setup,AR,AR,-0.43691697715985356,-2.198803424835205,-1.7618864476753515,1
ar-ar_taskorder_setup-i3-ar-o1-ll-c0-fh-b434982d8097,ar_taskorder_setup,AR,AR,-0.3529515862305743,-2.202065944671631,-1.8491143584410565,1
ar-ar_taskorder_setup-i3-ar-o1-ll-c1-fe-638e56e57387,ar_taskorder_setup,AR,AR,-0.08038188505815924,-2.650305524468422,-2.5699236394102627,1
ar-ar_taskorder_setup-i3-ar-o1-ll-c1-fh-f10ce116fa24,ar_taskorder_setup,AR,AR,-0.1441977321755985,-2.108132302761078,-1.9639345705854794,1
ar-ar_taskorder_setup-i3-ar-o1-ln-c0-fe-bcd3c2f44ea7,ar_taskorder_setup,AR,AR,-0.5289683341934506,-1.5973432064056396,-1.068374872212189,1
ar-ar_taskorder_setup-i3-ar-o1-ln-c0-fh-776c479815b1,ar_taskorder_setup,AR,AR,-0.35253742336635696,-1.8604933023452759,-1.507955878978919,1
ar-ar_taskorder_setup-i3-ar-o1-ln-c1-fe-444700a1b099,ar_taskorder_setup,AR,AR,-0.162115246036592,-1.932651847600937,-1.770536601564345,1
ar-ar_taskorder_setup-i3-ar-o1-ln-c1-fh-63ea2cc39604,ar_taskorder_setup,AR,AR,-0.14426602422281576,-2.0374130867421627,-1.893147062519347,1
ar-ar_taskorder_setup-i3-ro-o0-ll-c0-fx-f86780a7c2bb,ar_taskorder_setup,RO,AR,-1.833826541869712,-0.2088302820247918,1.6249962598449201,1
ar-ar_taskorder_setup-i3-ro-o0-ll-c1-fx-c11ee5a6c152,ar_taskorder_setup,RO,AR,-0.014483176152680244,-4.51448822014936,-4.50000504399668,1
ar-ar_taskorder_setup-i3-ro-o0-ln-c0-fx-eb27b48eeb43,ar_taskorder_setup,RO,AR,-2.0370388030855793,-0.1620412766615118,1.8749975264240675,1
ar-ar_taskorder_setup-i3-ro-o0-ln-c1-fx-2b8701bcdfa5,ar_taskorder_setup,RO,AR,-0.015161610186169128,-4.390161871885539,-4.37500026169937,1
ar-ar_taskorder_setup-i3-ro-o1-ll-c0-fx-88e7b5cb3218,ar_taskorder_setup,RO,AR,-0.3993789850819667,-1.1493749618130096,-0.7499959767310429,1
ar-ar_taskorder_setup-i3-ro-o1-ll-c1-fx-fd63ea2e50fe,ar_taskorder_setup,RO,AR,-0.008828269266814459,-5.6338251828901775,-5.624996913623363,1
ar-ar_taskorder_setup-i3-ro-o1-ln-c0-fx-c2a2890379dd,ar_taskorder_setup,RO,AR,-0.983203291873906,-0.48320341108228604,0.49999988079161994,1
ar-ar_taskorder_setup-i3-ro-o1-ln-c1-fx-c45194a6d20c,ar_taskorder_setup,RO,AR,-0.016302566963986465,-4.6413015127113795,-4.624998945747393,1
ar-ar_taskorder_setup-i4-ar-o0-ll-c0-fe-039df45cddcb,ar_taskorder_setup,AR,AR,-0.13599918223917484,-2.130864257509529,-1.9948650752703543,1
ar-ar_taskorder_setup-i4-ar-o0-ll-c0-fh-f7babfd952a0,ar_taskorder_setup,AR,AR,-0.041393912862986326,-3.4113446300907526,-3.3699507172277663,1
ar-ar_taskorder_setup-i4-ar-o0-ll-c1-fe-f29d08adbd72,ar_taskorder_setup,AR,AR,-0.13970240578055382,-2.4661074876764815,-2.3264050818959277,1
ar-ar_taskorder_setup-i4-ar-o0-ll-c1-fh-fb3ff7b9525a,ar_taskorder_setup,AR,AR,-0.04725944343954325,-3.411209464057265,-3.3639500206177217,1
ar-ar_taskorder_setup-i4-ar-o0-ln-c0-fe-5b270992ec84,ar_taskorder_setup,AR,AR,-0.13614337099716067,-2.1294411419812604,-1.9932977709840998,1
ar-ar_taskorder_setup-i4-ar-o0-ln-c0-fh-3afd8bee55b9,ar_taskorder_setup,AR,AR,-0.04195263946894556,-3.2900410888923943,-3.2480884494234488,1
ar-ar_taskorder_setup-i4-ar-o0-ln-c1-fe-e96bb09f3927,ar_taskorder_setup,AR,AR,-0.14564436674118042,-2.4657533168774535,-2.320108950136273,1
ar-ar_taskorder_setup-i4-ar-o0-ln-c1-fh-02386b0bb172,ar_taskorder_setup,AR,AR,-0.03689900692552328,-3.652140021314608,-3.6152410143890847,1
ar-ar_taskorder_setup-i4-ar-o1-ll-c0-fe-b877f477b772,ar_taskorder_setup,AR,AR,-0.3553668856598051,-1.7535018920898438,-1.3981350064300386,1
ar-ar_taskorder_setup-i4-ar-o1-ll-c0-fh-84a0a24b6176,ar_taskorder_setup,AR,AR,-0.2298333048747736,-2.078918993473053,-1.8490856885982794,1
ar-ar_taskorder_setup-i4-ar-o1-ll-c1-fe-f17f7afd5dd9,ar_taskorder_setup,AR,AR,-0.16243165723790298,-2.039350301027298,-1.876918643789395,1
ar-ar_taskorder_setup-i4-ar-o1-ll-c1-fh-c2e867f9b03e,ar_taskorder_setup,AR,AR,-0.25351217384650226,-1.7846562564373016,-1.5311440825907994,1
ar-ar_taskorder_setup-i4-ar-o1-ln-c0-fe-3a2e58e83d45,ar_taskorder_setup,AR,AR,-0.5278917551015638,-1.3769905269145966,-0.8490987718130327,1
ar-ar_taskorder_setup-i4-ar-o1-ln-c0-fh-95c4af6882f1,ar_taskorder_setup,AR,AR,-0.47682785987581155,-1.4999821186065674,-1.0231542587307558,1
ar-ar_taskorder_setup-i4-ar-o1-ln-c1-fe-e857b133542c,ar_taskorder_setup,AR,AR,-0.22726371882708918,-1.6642272621393204,-1.4369635433122312,1
ar-ar_taskorder_setup-i4-ar-o1-ln-c1-fh-74573a42ac93,ar_taskorder_setup,AR,AR,-0.25333291291462956,-1.573266938328743,-1.3199340254141134,1
ar-ar_taskorder_setup-i4-ro-o0-ll-c0-fx-ec214cbf3004,ar_taskorder_setup,RO,AR,-1.549501180617881,-0.299506276761349,1.249994903856532,1
ar-ar_taskorder_setup-i4-ro-o0-ll-c1-fx-0010b65f2a85,ar_taskorder_setup,RO,AR,-0.009779225084457721,-5.00978219505123,-5.000002969966772,1
ar-ar_taskorder_setup-i4-ro-o0-ln-c0-fx-853d9c4ccd7b,ar_taskorder_setup,RO,AR,-1.2524684667396286,-0.3774724304166739,0.8749960363229548,1
ar-ar_taskorder_setup-i4-ro-o0-ln-c1-fx-aae4030ec57b,ar_taskorder_setup,RO,AR,-0.010761614875718806,-4.760761260974959,-4.749999646099241,1
ar-ar_taskorder_setup-i4-ro-o1-ll-c0-fx-c525e1bf6a40,ar_taskorder_setup,RO,AR,-0.5381380914795955,-0.9131419061195629,-0.37500381463996746,1
ar-ar_taskorder_setup-i4-ro-o1-ll-c1-fx-18e1ebb15931,ar_taskorder_setup,RO,AR,-0.009918423329509096,-5.509917497603965,-5.499999074274456,1
ar-ar_taskorder_setup-i4-ro-o1-ln-c0-fx-bd0c13f8fc95,ar_taskorder_setup,RO,AR,-1.414139866809819,-0.2891442477139208,1.1249956190958983,1
ar-ar_taskorder_setup-i4-ro-o1-ln-c1-fx-e50575082e3e,ar_taskorder_setup,RO,AR,-0.030075896519974776,-3.9050747156074976,-3.874998819087523,1
ar-ar_testfix_suite-i0-ar-o0-ll-c0-fe-e37e2f0b3ce3,ar_testfix_suite,AR,AR,-0.10335766905336641,-2.7013773024082184,-2.598019633354852,1
ar-ar_testfix_suite-i0-ar-o0-ll-c0-fh-c40b63247c57,ar_testfix_suite,AR,AR,-0.04128473606215266,-3.3249144852161407,-3.283629749153988,1
ar-ar_testfix_suite-i0-ar-o0-ll-c1-fe-b39cae5d044b,ar_testfix_suite,AR,AR,-0.03768974542617798,-3.775176882743665,-3.737487137317487,1
ar-ar_testfix_suite-i0-ar-o0-ll-c1-fh-5f121b726422,ar_testfix_suite,AR,AR,-0.03598272707313299,-3.655746221542131,-3.619763494468998,1
ar-ar_testfix_suite-i0-ar-o0-ln-c0-fe-2bb9937ba476,ar_testfix_suite,AR,AR,-0.10245466463675257,-2.53204545378685,-2.4295907891500974,1
ar-ar_testfix_suite-i0-ar-o0-ln-c0-fh-0313868e0420,ar_testfix_suite,AR,AR,-0.032609075305117585,-3.5507585536688566,-3.518149478363739,1
ar-ar_testfix_suite-i0-ar-o0-ln-c1-fe-2074f30cf6e7,ar_testfix_suite,AR,AR,-0.058138905093073845,-3.4098917245863163,-3.3517528194932424,1
ar-ar_testfix_suite-i0-ar-o0-ln-c1-fh-ebc4f47ea155,ar_testfix_suite,AR,AR,-0.03226675186306238,-3.774659156799288,-3.7423924049362256,1
ar-ar_testfix_suite-i0-ar-o1-ll-c0-fe-dd7ecb477be1,ar_testfix_suite,AR,AR,-1.0624663829794372,-0.6894075274467468,0.37305885553269036,1
ar-ar_testfix_suite-i0-ar-o1-ll-c0-fh-bf6041050d52,ar_testfix_suite,AR,AR,-0.83399009704533,-0.7637472152709961,0.07024288177433391,1
ar-ar_testfix_suite-i0-ar-o1-ll-c1-fe-9efac543ac1a,ar_testfix_suite,AR,AR,-0.4192685503512621,-1.1536807231605053,-0.7344121728092432,1
ar-ar_testfix_suite-i0-ar-o1-ll-c1-fh-bbb9056f7efe,ar_testfix_suite,AR,AR,-0.5305667531210929,-0.9031353292521089,-0.372568576131016,1
ar-ar_testfix_suite-i0-ar-o1-ln-c0-fe-e83d1226ea64,ar_testfix_suite,AR,AR,-0.9783876538270988,-0.9070946872234344,0.07129296660366435,1
ar-ar_testfix_suite-i0-ar-o1-ln-c0-fh-450b47b5bd43,ar_testfix_suite,AR,AR,-1.1417363882063682,-0.6436761617660522,0.498060226440316,1
ar-ar_testfix_suite-i0-ar-o1-ln-c1-fe-8ea1ad9ceda1,ar_testfix_suite,AR,AR,-0.5027990099042654,-0.9805747419595718,-0.47777573205530643,1
ar-ar_testfix_suite-i0-ar-o1-ln-c1-fh-bd348dc6d179,ar_testfix_suite,AR,AR,-0.7646593835670501,-0.6380408966215327,0.12661848694551736,1
ar-ar_testfix_suite-i0-ro-o0-ll-c0-fx-6797ed175f4f,ar_testfix_suite,RO,AR,-2.2517864704127533,-0.12678925692353005,2.124997213489223,1
ar-ar_testfix_suite-i0-ro-o0-ll-c1-fx-990abc626c45,ar_testfix_suite,RO,AR,-0.013597277922372086,-4.5136013030814865,-4.5000040251591145,1
ar-ar_testfix_suite-i0-ro-o0-ln-c0-fx-e981e5ec045e,ar_testfix_suite,RO,AR,-1.5234266519545372,-0.2734276950346839,1.2499989569198533,1
ar-ar_testfix_suite-i0-ro-o0-ln-c1-fx-be9359b9c69f,ar_testfix_suite,RO,AR,-0.018622240050035543,-4.1436231136287915,-4.125000873578756,1
ar-ar_testfix_suite-i0-ro-o1-ll-c0-fx-51b6fbb2ce52,ar_testfix_suite,RO,AR,-2.4698512553977707,-0.09484841673975097,2.3750028386580198,1
ar-ar_testfix_suite-i0-ro-o1-ll-c1-fx-820870386a62,ar_testfix_suite,RO,AR,-0.026805140074657174,-3.901803493499301,-3.874998353424644,1
ar-ar_testfix_suite-i0-ro-o1-ln-c0-fx-f0a7394d37dd,ar_testfix_suite,RO,AR,-2.3555541038458614,-0.10555280744802076,2.2500012963978406,1
ar-ar_testfix_suite-i0-ro-o1-ln-c1-fx-5c0b57fbfe46,ar_testfix_suite,RO,AR,-0.06507025659016108,-2.9400695562360966,-2.8749992996459355,1
ar-ar_testfix_suite-i1-ar-o0-ll-c0-fe-3a0b1b54f907,ar_testfix_suite,AR,AR,-0.1040955942007713,-2.701637923717499,-2.5975423295167275,1
ar-ar_testfix_suite-i1-ar-o0-ll-c0-fh-c7a2866e540a,ar_testfix_suite,AR,AR,-0.033395375565305585,-3.559668568894267,-3.5262731933289615,1
ar-ar_testfix_suite-i1-ar-o0-ll-c1-fe-8f8fb6079dc5,ar_testfix_suite,AR,AR,-0.03409165609627962,-3.7754746675489628,-3.741383011452683,1
ar-ar_testfix_suite-i1-ar-o0-ll-c1-fh-e8d7f7d3c242,ar_testfix_suite,AR,AR,-0.03280435863416642,-3.6558741331099895,-3.623069774475823,1
ar-ar_testfix_suite-i1-ar-o0-ln-c0-fe-18eae4eadaef,ar_testfix_suite,AR,AR,-0.10276867533684708,-2.3757220674306154,-2.2729533920937683,1
ar-ar_testfix_suite-i1-ar-o0-ln-c0-fh-d718d91ec872,ar_testfix_suite,AR,AR,-0.026208972542463016,-3.777907468494959,-3.751698495952496,1
ar-ar_testfix_suite-i1-ar-o0-ln-c1-fe-a3b2c1a5aa93,ar_testfix_suite,AR,AR,-0.05884234141558409,-3.1696773767470745,-3.1108350353314904,1
ar-ar_testfix_suite-i1-ar-o0-ln-c1-fh-219cd4727ec7,ar_testfix_suite,AR,AR,-0.04198150185402483,-3.290654897689791,-3.248673395835766,1
ar-ar_testfix_suite-i1-ar-o1-ll-c0-fe-325ac916f82c,ar_testfix_suite,AR,AR,-1.6108853816979263,-0.2907758615911007,1.3201095201068256,1
ar-ar_testfix_suite-i1-ar-o1-ll-c0-fh-eddcffff88c8,ar_testfix_suite,AR,AR,-2.0336067676541916,-0.16384334955364466,1.869763418100547,1
ar-ar_testfix_suite-i1-ar-o1-ll-c1-fe-a8efb66a45c8,ar_testfix_suite,AR,AR,-1.5762017965316772,-0.35592938191257417,1.220272414619103,1
ar-ar_testfix_suite-i1-ar-o1-ll-c1-fh-8fc5c3237ed7,ar_testfix_suite,AR,AR,-2.7391811907291412,-0.07622099305444863,2.6629601976746926,1
ar-ar_testfix_suite-i1-ar-o1-ln-c0-fe-0bda5b7af24d,ar_testfix_suite,AR,AR,-1.410919427871363,-0.34789158776402473,1.0630278401073383,1
ar-ar_testfix_suite-i1-ar-o1-ln-c0-fh-f667b2efece5,ar_testfix_suite,AR,AR,-2.1327774524687584,-0.13740139221772552,1.9953760602510329,1
ar-ar_testfix_suite-i1-ar-o1-ln-c1-fe-246ba1023453,ar_testfix_suite,AR,AR,-1.3545784167945385,-0.31744510092539713,1.0371333158691414,1
ar-ar_testfix_suite-i1-ar-o1-ln-c1-fh-2b1efc46f914,ar_testfix_suite,AR,AR,-2.7085001096129417,-0.074890509222314,2.6336096003906277,1
ar-ar_testfix_suite-i1-ro-o0-ll-c0-fx-c84ac4ab8db3,ar_testfix_suite,RO,AR,-2.1436492204664432,-0.1436508297895216,1.9999983906769216,1
ar-ar_testfix_suite-i1-ro-o0-ll-c1-fx-1a3820ba6b0f,ar_testfix_suite,RO,AR,-0.01782061718370187,-4.267823576920364,-4.250002959736662,1
ar-ar_testfix_suite-i1-ro-o0-ln-c0-fx-fca9293cdf47,ar_testfix_suite,RO,AR,-1.434100151061898,-0.3091008067125358,1.1249993443493622,1
ar-ar_testfix_suite-i1-ro-o0-ln-c1-fx-24f87080a1d9,ar_testfix_suite,RO,AR,-0.019426813348673022,-4.144427895543913,-4.12500108219524,1
ar-ar_testfix_suite-i1-ro-o1-ll-c0-fx-0d4156244300,ar_testfix_suite,RO,AR,-3.0550811290650017,-0.05507849156731481,3.000002637497687,1
ar-ar_testfix_suite-i1-ro-o1-ll-c1-fx-fbf85643f987,ar_testfix_suite,RO,AR,-0.09337799995887508,-2.593376159667855,-2.49999815970898,1
ar-ar_testfix_suite-i1-ro-o1-ln-c0-fx-6b945dc271a5,ar_testfix_suite,RO,AR,-3.413256525990846,-0.03825558349399216,3.375000942496854,1
ar-ar_testfix_suite-i1-ro-o1-ln-c1-fx-67b983e322e0,ar_testfix_suite,RO,AR,-0.24775439500649554,-1.6227530241012005,-1.374998629094705,1
ar-ar_testfix_suite-i2-ar-o0-ll-c0-fe-b26244b8eac0,ar_testfix_suite,AR,AR,-0.09223067632410675,-2.470232070190832,-2.3780013938667253,1
ar-ar_testfix_suite-i2-ar-o0-ll-c0-fh-d00f00798a90,ar_testfix_suite,AR,AR,-0.0419023446211213,-3.2921554695349187,-3.2502531249137974,1
ar-ar_testfix_suite-i2-ar-o0-ll-c1-fe-0a65f6bf7096,ar_testfix_suite,AR,AR,-0.033278240356594324,-3.775669574737435,-3.742391334380841,1
ar-ar_testfix_suite-i2-ar-o0-ll-c1-fh-dcac5e77da6e,ar_testfix_suite,AR,AR,-0.034413688350468874,-3.776804566383305,-3.742390878032836,1
ar-ar_testfix_suite-i2-ar-o0-ln-c0-fe-b76adec24097,ar_testfix_suite,AR,AR,-0.05700884634279646,-2.9330013076541945,-2.875992461311398,1
ar-ar_testfix_suite-i2-ar-o0-ln-c0-fh-7b644c88532b,ar_testfix_suite,AR,AR,-0.025954397394343687,-3.775972842973715,-3.7500184455793715,1
ar-ar_testfix_suite-i2-ar-o0-ln-c1-fe-c9007b37940b,ar_testfix_suite,AR,AR,-0.055513180792331696,-3.40996956825245,-3.354456387460118,1
ar-ar_testfix_suite-i2-ar-o0-ln-c1-fh-776727632ef7,ar_testfix_suite,AR,AR,-0.03588665556162596,-3.774837255477877,-3.738950599916251,1
ar-ar_testfix_suite-i2-ar-o1-ll-c0-fe-9508decfde50,ar_testfix_suite,AR,AR,-0.9842200279234703,-0.8326846957206726,0.1515353322027977,1
ar-ar_testfix_suite-i2-ar-o1-ll-c0-fh-b37b5a15b14f,ar_testfix_suite,AR,AR,-0.7692220211028484,-1.0311120450496674,-0.26189002394681893,1
ar-ar_testfix_suite-i2-ar-o1-ll-c1-fe-3a1058faa6f0,ar_testfix_suite,AR,AR,-0.4326245600823313,-1.0646038837730885,-0.6319793236907572,1
ar-ar_testfix_suite-i2-ar-o1-ll-c1-fh-e08a3ac83a6b,ar_testfix_suite,AR,AR,-0.527857599357958,-0.9032784103765152,-0.3754208110185573,1
ar-ar_testfix_suite-i2-ar-o1-ln-c0-fe-bf4aa3270be9,ar_testfix_suite,AR,AR,-1.141250491142216,-0.9143848121166229,0.22686567902559318,1
ar-ar_testfix_suite-i2-ar-o1-ln-c0-fh-d9c0a1e27cff,ar_testfix_suite,AR,AR,-1.3187005519866872,-0.7927936017513275,0.5259069502353597,1
ar-ar_testfix_suite-i2-ar-o1-ln-c1-fe-a01bb594c1f8,ar_testfix_suite,AR,AR,-0.9011959761701291,-0.5291425695177168,0.3720534066524124,1
ar-ar_testfix_suite-i2-ar-o1-ln-c1-fh-e336d61e696f,ar_testfix_suite,AR,AR,-1.0584084987276583,-0.4334514723814209,0.6249570263462374,1
ar-ar_testfix_suite-i2-ro-o0-ll-c0-fx-827ff9d72420,ar_testfix_suite,RO,AR,-2.0302181243891937,-0.1552198678220975,1.8749982565670962,1
ar-ar_testfix_suite-i2-ro-o0-ll-c1-fx-24226b9b7ea8,ar_testfix_suite,RO,AR,-0.02398806065161807,-3.898993372892619,-3.875005312241001,1
ar-ar_testfix_suite-i2-ro-o0-ln-c0-fx-eddd8e3c4ba0,ar_testfix_suite,RO,AR,-1.3328169584272018,-0.33281764387982093,0.9999993145473809,1
ar-ar_testfix_suite-i2-ro-o0-ln-c1-fx-e35a4a7a4231,ar_testfix_suite,RO,AR,-0.02383243478732311,-3.898834228510168,-3.875001793722845,1
ar-ar_testfix_suite-i2-ro-o1-ll-c0-fx-8bbcca528ae7,ar_testfix_suite,RO,AR,-1.813992619489909,-0.18898822366850254,1.6250043958214064,1
ar-ar_testfix_suite-i2-ro-o1-ll-c1-fx-67ba79d3f50b,ar_testfix_suite,RO,AR,-0.05182963609490798,-3.1768287420267143,-3.1249991059318063,1
ar-ar_testfix_suite-i2-ro-o1-ln-c0-fx-99be14d35691,ar_testfix_suite,RO,AR,-2.0249340534155635,-0.14993290602910747,1.875001147386456,1
ar-ar_testfix_suite-i2-ro-o1-ln-c1-fx-cb5325843d45,ar_testfix_suite,RO,AR,-0.1114537566894569,-2.361453294753801,-2.249999538064344,1
ar-ar_testfix_suite-i3-ar-o0-ll-c0-fe-42a8097bc104,ar_testfix_suite,AR,AR,-0.44080722564831376,-1.3454588949680328,-0.9046516693197191,1
ar-ar_testfix_suite-i3-ar-o0-ll-c0-fh-7d52523ebcc5,ar_testfix_suite,AR,AR,-0.1890676730326959,-1.8569849096238613,-1.6679172365911654,1
ar-ar_testfix_suite-i3-ar-o0-ll-c1-fe-5c3601c6bc23,ar_testfix_suite,AR,AR,-0.07022089138627052,-3.0541796684264,-2.9839587770401295,1
ar-ar_testfix_suite-i3-ar-o0-ll-c1-fh-93e2b8a592de,ar_testfix_suite,AR,AR,-0.06838306674035266,-2.817892909049931,-2.7495098423095783,1
ar-ar_testfix_suite-i3-ar-o0-ln-c0-fe-4eb27245b71f,ar_testfix_suite,AR,AR,-0.28542467948864214,-1.6353534311056137,-1.3499287516169716,1
ar-ar_testfix_suite-i3-ar-o0-ln-c0-fh-1a0c05b807d3,ar_testfix_suite,AR,AR,-0.1481425314277658,-2.041281532496214,-1.8931390010684481,1
ar-ar_testfix_suite-i3-ar-o0-ln-c1-fe-b97d2414a223,ar_testfix_suite,AR,AR,-0.07845237199217081,-2.8142837285994915,-2.7358313566073207,1
ar-ar_testfix_suite-i3-ar-o0-ln-c1-fh-593e43e020ac,ar_testfix_suite,AR,AR,-0.10803341004066169,-2.356861948966973,-2.248828538926311,1
ar-ar_testfix_suite-i3-ar-o1-ll-c0-fe-456977674ee8,ar_testfix_suite,AR,AR,-1.9200917482370414,-0.21869362145662308,1.7013981267804184,1
ar-ar_testfix_suite-i3-ar-o1-ll-c0-fh-565bb18d547c,ar_testfix_suite,AR,AR,-1.149877548217546,-0.40581006510183215,0.7440674831157139,1
ar-ar_testfix_suite-i3-ar-o1-ll-c1-fe-f727083c866f,ar_testfix_suite,AR,AR,-0.6335806250572205,-1.3239154235925525,-0.6903347985353321,1
ar-ar_testfix_suite-i3-ar-o1-ll-c1-fh-d8b5327f5a88,ar_testfix_suite,AR,AR,-0.38969729095697403,-1.2323762907180935,-0.8426789997611195,1
ar-ar_testfix_suite-i3-ar-o1-ln-c0-fe-099576bc14df,ar_testfix_suite,AR,AR,-1.8086681365964523,-0.22670210152864456,1.5819660350678078,1
ar-ar_testfix_suite-i3-ar-o1-ln-c0-fh-9626a2239593,ar_testfix_suite,AR,AR,-0.8416666984557821,-0.612230783328414,0.22943591512736816,1
ar-ar_testfix_suite-i3-ar-o1-ln-c1-fe-b2015ea1d740,ar_testfix_suite,AR,AR,-0.864582896232605,-0.9794098534621298,-0.11482695722952485,1
ar-ar_testfix_suite-i3-ar-o1-ln-c1-fh-b255e20f4b8b,ar_testfix_suite,AR,AR,-0.5605858638882637,-0.9060947553371079,-0.3455088914488442,1
ar-ar_testfix_suite-i3-ro-o0-ll-c0-fx-d7fc9204f8e6,ar_testfix_suite,RO,AR,-1.9315146207807743,-0.18151521682671046,1.7499994039540638,1
ar-ar_testfix_suite-i3-ro-o0-ll-c1-fx-51475dc02f47,ar_testfix_suite,RO,AR,-0.04543761536410784,-3.2954390048946607,-3.250001389530553,1
ar-ar_testfix_suite-i3-ro-o0-ln-c0-fx-e7b7911a1267,ar_testfix_suite,RO,AR,-1.011486411094495,-0.5114866495129036,0.49999976158159143,1
ar-ar_testfix_suite-i3-ro-o0-ln-c1-fx-dfa4c1fec809,ar_testfix_suite,RO,AR,-0.024941818788079217,-3.899942159651687,-3.8750003408636076,1
ar-ar_testfix_suite-i3-ro-o1-ll-c0-fx-8e10591794ce,ar_testfix_suite,RO,AR,-2.362771153443191,-0.11276859044960474,2.2500025629935863,1
ar-ar_testfix_suite-i3-ro-o1-ll-c1-fx-9240faab5a01,ar_testfix_suite,RO,AR,-0.0677831396444617,-2.942782044410535,-2.8749989047660733,1
ar-ar_testfix_suite-i3-ro-o1-ln-c0-fx-decc964d21ee,ar_testfix_suite,RO,AR,-2.93676459789026,-0.06176410615307759,2.8750004917371825,1
ar-ar_testfix_suite-i3-ro-o1-ln-c1-fx-e6f2922cfb4f,ar_testfix_suite,RO,AR,-0.17903406917980647,-1.9290332794188885,-1.749999210239082,1
ar-ar_testfix_suite-i4-ar-o0-ll-c0-fe-acbd145a7a86,ar_testfix_suite,AR,AR,-0.4816312938928604,-1.0777631998062134,-0.596131905913353,1
ar-ar_testfix_suite-i4-ar-o0-ll-c0-fh-46905f7badc7,ar_testfix_suite,AR,AR,-0.3182730377011467,-1.3607864156365395,-1.0425133779353928,1
ar-ar_testfix_suite-i4-ar-o0-ll-c1-fe-ec5cc3cd65db,ar_testfix_suite,AR,AR,-0.1143490020185709,-2.4688047170638967,-2.354455715045326,1
ar-ar_testfix_suite-i4-ar-o0-ll-c1-fh-5394b7d4824e,ar_testfix_suite,AR,AR,-0.2113037183880806,-1.9183018207549765,-1.7069981023668959,1
ar-ar_testfix_suite-i4-ar-o0-ln-c0-fe-8286060f848a,ar_testfix_suite,AR,AR,-0.256815159926191,-1.631561890244484,-1.374746730318293,1
ar-ar_testfix_suite-i4-ar-o0-ln-c0-fh-ae4fbb1b994b,ar_testfix_suite,AR,AR,-0.18408910759535502,-1.8295745383948088,-1.6454854307994538,1
ar-ar_testfix_suite-i4-ar-o0-ln-c1-fe-10fb7af78860,ar_testfix_suite,AR,AR,-0.1632077470421791,-2.12955951690671,-1.9663517698645308,1
ar-ar_testfix_suite-i4-ar-o0-ln-c1-fh-e533d716349a,ar_testfix_suite,AR,AR,-0.16477256640791893,-2.24117982387542,-2.076407257467501,1
ar-ar_testfix_suite-i4-ar-o1-ll-c0-fe-4948e738d1b1,ar_testfix_suite,AR,AR,-0.8413876295077216,-0.7711363136768341,0.0702513158308875,1
ar-ar_testfix_suite-i4-ar-o1-ll-c0-fh-924cd208801f,ar_testfix_suite,AR,AR,-0.8417152166359756,-0.7931323349475861,0.048582881688389534,1
ar-ar_testfix_suite-i4-ar-o1-ll-c1-fe-a629c950ebf3,ar_testfix_suite,AR,AR,-0.9003785103559494,-0.6009814478456974,0.299397062510252,1
ar-ar_testfix_suite-i4-ar-o1-ll-c1-fh-0ea09aae34fa,ar_testfix_suite,AR,AR,-1.4457277655601501,-0.28988480125553906,1.155842964304611,1
ar-ar_testfix_suite-i4-ar-o1-ln-c0-fe-72603ed288ec,ar_testfix_suite,AR,AR,-0.7660388350368521,-0.9894954264163971,-0.223456591379545,1
ar-ar_testfix_suite-i4-ar-o1-ln-c0-fh-66b36fb7da38,ar_testfix_suite,AR,AR,-1.1483331918714157,-0.7116264402866364,0.43670675158477934,1
ar-ar_testfix_suite-i4-ar-o1-ln-c1-fe-95d2c11f98a7,ar_testfix_suite,AR,AR,-1.479655236005783,-0.294472211971879,1.185183024033904,1
ar-ar_testfix_suite-i4-ar-o1-ln-c1-fh-fe31b49b1d99,ar_testfix_suite,AR,AR,-1.8400439023971558,-0.18558734739781357,1.6544565549993422,1
ar-ar_testfix_suite-i4-ro-o0-ll-c0-fx-14229ff8bce6,ar_testfix_suite,RO,AR,-2.7076885700223556,-0.08268991857562469,2.624998651446731,1
ar-ar_testfix_suite-i4-ro-o0-ll-c1-fx-60e81fe3c342,ar_testfix_suite,RO,AR,-0.06842809915485759,-2.8184307813576197,-2.750002682202762,1
ar-ar_testfix_suite-i4-ro-o0-ln-c0-fx-070240fba695,ar_testfix_suite,RO,AR,-1.9259861707685673,-0.17598663270416637,1.749999538064401,1
ar-ar_testfix_suite-i4-ro-o0-ln-c1-fx-44324fd06c54,ar_testfix_suite,RO,AR,-0.05330459400943255,-3.0533055067041914,-3.000000912694759,1
ar-ar_testfix_suite-i4-ro-o1-ll-c0-fx-546a5b937571,ar_testfix_suite,RO,AR,-1.919192314141128,-0.1691903620942412,1.7500019520468868,1
ar-ar_testfix_suite-i4-ro-o1-ll-c1-fx-50614995e0c3,ar_testfix_suite,RO,AR,-0.05367730930242942,-3.178675770759412,-3.1249984614569826,1
ar-ar_testfix_suite-i4-ro-o1-ln-c0-fx-4dd80f6403e8,ar_testfix_suite,RO,AR,-2.133908867833952,-0.13390830159085,2.000000566243102,1
ar-ar_testfix_suite-i4-ro-o1-ln-c1-fx-378c5e97b2e4,ar_testfix_suite,RO,AR,-0.12652543187073206,-2.251524567604008,-2.124999135733276,1
ar-ar_traversal_indexer-i0-ar-o0-ll-c0-fe-90fc54d03ff0,ar_traversal_indexer,AR,AR,-0.10331202670931816,-2.667234480381012,-2.563922453671694,1
ar-ar_traversal_indexer-i0-ar-o0-ll-c0-fh-07e937b778a8,ar_traversal_indexer,AR,AR,-0.04762405273504555,-3.195768103003502,-3.1481440502684563,1
ar-ar_traversal_indexer-i0-ar-o0-ll-c1-fe-ae3315f1f0bd,ar_traversal_indexer,AR,AR,-0.20262885466217995,-1.807079076766513,-1.604450222104333,1
ar-ar_traversal_indexer-i0-ar-o0-ll-c1-fh-9b0200bc5cb7,ar_traversal_indexer,AR,AR,-0.09505195636302233,-2.4659579992278395,-2.370906042864817,1
ar-ar_traversal_indexer-i0-ar-o0-ln-c0-fe-be408ff58510,ar_traversal_indexer,AR,AR,-0.10422264062799513,-2.400344766676426,-2.296122126048431,1
ar-ar_traversal_indexer-i0-ar-o0-ln-c0-fh-5a5e05c9bf91,ar_traversal_indexer,AR,AR,-0.05678799282759428,-2.9371819854713976,-2.8803939926438034,1
ar-ar_traversal_indexer-i0-ar-o0-ln-c1-fe-36e73620f40c,ar_traversal_indexer,AR,AR,-0.20161890611052513,-1.8060739040369072,-1.604454997926382,1
ar-ar_traversal_indexer-i0-ar-o0-ln-c1-fh-f60314ec3f32,ar_traversal_indexer,AR,AR,-0.10413903347216547,-2.351322770116667,-2.2471837366445016,1
ar-ar_traversal_indexer-i0-ar-o1-ll-c0-fe-7db2bf713bf2,ar_traversal_indexer,AR,AR,-2.6963522434224387,-0.10111257061362267,2.595239672808816,1
ar-ar_traversal_indexer-i0-ar-o1-ll-c0-fh-5250c8e65016,ar_traversal_indexer,AR,AR,-2.465596556661467,-0.10037596710026264,2.365220589561204,1
ar-ar_traversal_indexer-i0-ar-o1-ll-c1-fe-59a222fdf891,ar_traversal_indexer,AR,AR,-3.360433578491211,-0.06532809138298035,3.2951054871082306,1
ar-ar_traversal_indexer-i0-ar-o1-ll-c1-fh-7d1594f5bed3,ar_traversal_indexer,AR,AR,-3.3297339975833893,-0.04729126673191786,3.2824427308514714,1
ar-ar_traversal_indexer-i0-ar-o1-ln-c0-fe-2dd5a56a7dcd,ar_traversal_indexer,AR,AR,-2.6956771612161674,-0.10872388258576393,2.5869532786304035,1
ar-ar_traversal_indexer-i0-ar-o1-ln-c0-fh-ffbfaa594600,ar_traversal_indexer,AR,AR,-2.4648381471617995,-0.09508762694895267,2.369750520212847,1
ar-ar_traversal_indexer-i0-ar-o1-ln-c1-fe-79f8d74f6b23,ar_traversal_indexer,AR,AR,-2.823304459452629,-0.07306894042994827,2.750235519022681,1
ar-ar_traversal_indexer-i0-ar-o1-ln-c1-fh-d7b09fb9a32d,ar_traversal_indexer,AR,AR,-2.8563688062131405,-0.06384240742772818,2.7925263987854123,1
ar-ar_traversal_indexer-i0-ro-o0-ll-c0-fx-56396d53939a,ar_traversal_indexer,RO,AR,-2.5844845771675864,-0.08449135713999567,2.4999932200275907,1
ar-ar_traversal_indexer-i0-ro-o0-ll-c1-fx-3b1fddd504de,ar_traversal_indexer,RO,AR,-0.05166376004308404,-3.0516684054236975,-3.0000046453806135,1
ar-ar_traversal_indexer-i0-ro-o0-ln-c0-fx-a85016b3e9fd,ar_traversal_indexer,RO,AR,-2.7002539634590903,-0.07525715973861224,2.624996803720478,1
ar-ar_traversal_indexer-i0-ro-o0-ln-c1-fx-62816ca31531,ar_traversal_indexer,RO,AR,-0.06490909305739478,-2.814911007841147,-2.750001914783752,1
ar-ar_traversal_indexer-i0-ro-o1-ll-c0-fx-c1e097f4ec75,ar_traversal_indexer,RO,AR,-2.933342575975985,-0.0583455040186891,2.8749970719572957,1
ar-ar_traversal_indexer-i0-ro-o1-ll-c1-fx-8bbbf54a111d,ar_traversal_indexer,RO,AR,-0.10604029875867127,-2.3560283183810498,-2.2499880196223785,1
ar-ar_traversal_indexer-i0-ro-o1-ln-c0-fx-34712d2efd87,ar_traversal_indexer,RO,AR,-3.170924663524602,-0.04592875758498849,3.1249959059396133,1
ar-ar_traversal_indexer-i0-ro-o1-ln-c1-fx-d70ce615e1a2,ar_traversal_indexer,RO,AR,-0.10565171382313565,-2.3556449413108567,-2.249993227487721,1
ar-ar_traversal_indexer-i1-ar-o0-ll-c0-fe-d94b480c882b,ar_traversal_indexer,AR,AR,-0.17760963644832373,-2.0136775821447372,-1.8360679456964135,1
ar-ar_traversal_indexer-i1-ar-o0-ll-c0-fh-5ecd732386df,ar_traversal_indexer,AR,AR,-0.1056932678911835,-2.375358423218131,-2.2696651553269476,1
ar-ar_traversal_indexer-i1-ar-o0-ll-c1-fe-a73abde551e3,ar_traversal_indexer,AR,AR,-0.0836831396445632,-2.697622656822034,-2.613939517177471,1
ar-ar_traversal_indexer-i1-ar-o0-ll-c1-fh-554edb9e8349,ar_traversal_indexer,AR,AR,-0.05299276392906904,-3.0505044460294357,-2.9975116821003667,1
ar-ar_traversal_indexer-i1-ar-o0-ln-c0-fe-edc4b6316f19,ar_traversal_indexer,AR,AR,-0.20715870428830385,-1.7372178994119167,-1.5300591951236129,1
ar-ar_traversal_indexer-i1-ar-o0-ln-c0-fh-911a886ec812,ar_traversal_indexer,AR,AR,-0.10299054370261729,-2.359285795595497,-2.2562952518928796,1
ar-ar_traversal_indexer-i1-ar-o0-ln-c1-fe-ba2d9e864e4d,ar_traversal_indexer,AR,AR,-0.09276742395013571,-2.5802501440044807,-2.487482720054345,1
ar-ar_traversal_indexer-i1-ar-o0-ln-c1-fh-fe654823be5d,ar_traversal_indexer,AR,AR,-0.06617461051791906,-2.8129843473431038,-2.7468097368251847,1
ar-ar_traversal_indexer-i1-ar-o1-ll-c0-fe-a6cb42dfd3ce,ar_traversal_indexer,AR,AR,-3.7747025489804855,-0.0372266536578536,3.737475895322632,1
ar-ar_traversal_indexer-i1-ar-o1-ll-c0-fh-009bf08bbc5b,ar_traversal_indexer,AR,AR,-3.4102203845973236,-0.03931549238041043,3.370904892216913,1
ar-ar_traversal_indexer-i1-ar-o1-ll-c1-fe-ad937241b7aa,ar_traversal_indexer,AR,AR,-2.9493517577648163,-0.0821561636403203,2.867195594124496,1
ar-ar_traversal_indexer-i1-ar-o1-ll-c1-fh-167984a79408,ar_traversal_indexer,AR,AR,-2.64557446539402,-0.0939859647769481,2.551588500617072,1
ar-ar_traversal_indexer-i1-ar-o1-ln-c0-fe-3f3436fad5b1,ar_traversal_indexer,AR,AR,-3.5306231975553146,-0.0487817358225584,3.481841461732756,1
ar-ar_traversal_indexer-i1-ar-o1-ln-c0-fh-0aab4a6f02f9,ar_traversal_indexer,AR,AR,-3.2888349294659065,-0.04244947666302323,3.2463854528028833,1
ar-ar_traversal_indexer-i1-ar-o1-ln-c1-fe-d5f326903619,ar_traversal_indexer,AR,AR,-2.4411644637584686,-0.1043965220451355,2.336767941713333,1
ar-ar_traversal_indexer-i1-ar-o1-ln-c1-fh-36c25ba1adc4,ar_traversal_indexer,AR,AR,-2.4217800945043564,-0.10285885026678443,2.318921244237572,1
ar-ar_traversal_indexer-i1-ro-o0-ll-c0-fx-5aa72604465f,ar_traversal_indexer,RO,AR,-3.053620576839421,-0.05362047253129276,3.0000001043081284,1
ar-ar_traversal_indexer-i1-ro-o0-ll-c1-fx-5c78ebc81932,ar_traversal_indexer,RO,AR,-0.05190701034553058,-3.0519093274560873,-3.0000023171105568,1
ar-ar_traversal_indexer-i1-ro-o0-ln-c0-fx-d22ff69d8c64,ar_traversal_indexer,RO,AR,-2.8162684440499106,-0.06626793741270376,2.750000506637207,1
ar-ar_traversal_indexer-i1-ro-o0-ln-c1-fx-da825d5f0d7f,ar_traversal_indexer,RO,AR,-0.0731614753294707,-2.6981604099032666,-2.624998934573796,1
ar-ar_traversal_indexer-i1-ro-o1-ll-c0-fx-634923a5f7da,ar_traversal_indexer,RO,AR,-3.05235707754764,-0.052357029118866194,3.000000048428774,1
ar-ar_traversal_indexer-i1-ro-o1-ll-c1-fx-66f1b8301faa,ar_traversal_indexer,RO,AR,-0.06659924228006275,-2.8165922164607764,-2.7499929741807136,1
ar-ar_traversal_indexer-i1-ro-o1-ln-c0-fx-c49812781d3b,ar_traversal_indexer,RO,AR,-3.290993213634465,-0.04099506881630077,3.2499981448181643,1
ar-ar_traversal_indexer-i1-ro-o1-ln-c1-fx-28ddc976d784,ar_traversal_indexer,RO,AR,-0.06588285413272388,-2.815881252269719,-2.749998398136995,1
ar-ar_traversal_indexer-i2-ar-o0-ll-c0-fe-7764cdd204db,ar_traversal_indexer,AR,AR,-0.14240090176463127,-2.2427369952201843,-2.100336093455553,1
ar-ar_traversal_indexer-i2-ar-o0-ll-c0-fh-7a0dbc23338f,ar_traversal_indexer,AR,AR,-0.0757608802523464,-2.705793426372111,-2.6300325461197644,1
ar-ar_traversal_indexer-i2-ar-o0-ll-c1-fe-b25fc1e053cb,ar_traversal_indexer,AR,AR,-0.18800417333841324,-1.9147511720655075,-1.7267469987270943,1
ar-ar_traversal_indexer-i2-ar-o0-ll-c1-fh-a8b15566dddf,ar_traversal_indexer,AR,AR,-0.15089585119858384,-2.0218039751049446,-1.8709081239063607,1
ar-ar_traversal_indexer-i2-ar-o0-ln-c0-fe-9d37ae2877dc,ar_traversal_indexer,AR,AR,-0.13238455937243998,-2.1493369322270155,-2.0169523728545755,1
ar-ar_traversal_indexer-i2-ar-o0-ln-c0-fh-4f3407c9308a,ar_traversal_indexer,AR,AR,-0.11595254193525761,-2.2409650643821806,-2.125012522446923,1
ar-ar_traversal_indexer-i2-ar-o0-ln-c1-fe-4b78c52d76d4,ar_traversal_indexer,AR,AR,-0.14075258187949657,-2.239446640014421,-2.0986940581349245,1
ar-ar_traversal_indexer-i2-ar-o0-ln-c1-fh-ec49dd2ccd36,ar_traversal_indexer,AR,AR,-0.13449940457940102,-2.1285567283625824,-1.9940573237831813,1
ar-ar_traversal_indexer-i2-ar-o1-ll-c0-fe-0f618fb843d3,ar_traversal_indexer,AR,AR,-3.2899520397176047,-0.06320521049201488,3.22674682922559,1
ar-ar_traversal_indexer-i2-ar-o1-ll-c0-fh-f58cb652f402,ar_traversal_indexer,AR,AR,-2.814041972159089,-0.06998654827475548,2.7440554238843333,1
ar-ar_traversal_indexer-i2-ar-o1-ll-c1-fe-604074e68342,ar_traversal_indexer,AR,AR,-3.2456165552139282,-0.06326103722676635,3.182355517987162,1
ar-ar_traversal_indexer-i2-ar-o1-ll-c1-fh-f17ded2b6ed7,ar_traversal_indexer,AR,AR,-3.402644895017147,-0.0413017796818167,3.3613431153353304,1
ar-ar_traversal_indexer-i2-ar-o1-ln-c0-fe-ef24fca97994,ar_traversal_indexer,AR,AR,-3.65206754207577,-0.06071954406797886,3.591347998007791,1
ar-ar_traversal_indexer-i2-ar-o1-ln-c0-fh-ff37c45c739a,ar_traversal_indexer,AR,AR,-3.1688948869699516,-0.04983971454203129,3.1190551724279203,1
ar-ar_traversal_indexer-i2-ar-o1-ln-c1-fe-03a4acd56d03,ar_traversal_indexer,AR,AR,-2.926473155617714,-0.0653406250057742,2.8611325306119397,1
ar-ar_traversal_indexer-i2-ar-o1-ln-c1-fh-c35d5a144bc3,ar_traversal_indexer,AR,AR,-2.7146542444825172,-0.07240054022986442,2.642253704252653,1
ar-ar_traversal_indexer-i2-ro-o0-ll-c0-fx-ca36ea6a64ce,ar_traversal_indexer,RO,AR,-3.292303800571517,-0.042306967048716615,3.2499968335228004,1
ar-ar_traversal_indexer-i2-ro-o0-ll-c1-fx-41a75f5f8fb3,ar_traversal_indexer,RO,AR,-0.07362140712029941,-2.6986225843029388,-2.6250011771826394,1
ar-ar_traversal_indexer-i2-ro-o0-ln-c0-fx-13396e791231,ar_traversal_indexer,RO,AR,-3.1724417209475178,-0.047442547957871284,3.1249991729896465,1
ar-ar_traversal_indexer-i2-ro-o0-ln-c1-fx-5f31eb7c6836,ar_traversal_indexer,RO,AR,-0.07281704990055005,-2.6978175639865185,-2.6250005140859685,1
ar-ar_traversal_indexer-i2-ro-o1-ll-c0-fx-7d8627c21361,ar_traversal_indexer,RO,AR,-3.4123836755352386,-0.03738491976946534,3.3749987557657732,1
ar-ar_traversal_indexer-i2-ro-o1-ll-c1-fx-9c3e56a90d69,ar_traversal_indexer,RO,AR,-0.09500268828742264,-2.469990730261543,-2.3749880419741203,1
ar-ar_traversal_indexer-i2-ro-o1-ln-c0-fx-00c7e58a7e4e,ar_traversal_indexer,RO,AR,-3.411653518661751,-0.03665700923284021,3.374996509428911,1
ar-ar_traversal_indexer-i2-ro-o1-ln-c1-fx-03a0287b5f32,ar_traversal_indexer,RO,AR,-0.11902654166988214,-2.244023799877141,-2.1249972582072587,1
ar-ar_traversal_indexer-i3-ar-o0-ll-c0-fe-bca16b42003b,ar_traversal_indexer,AR,AR,-0.15721031185239553,-2.101356513798237,-1.9441462019458413,1
ar-ar_traversal_indexer-i3-ar-o0-ll-c0-fh-29759a5d25f2,ar_traversal_indexer,AR,AR,-0.037464888649992645,-3.4376072827726603,-3.4001423941226676,1
ar-ar_traversal_indexer-i3-ar-o0-ll-c1-fe-1b4e548d2244,ar_traversal_indexer,AR,AR,-0.08495159819722176,-2.7040176391597015,-2.6190660409624797,1
ar-ar_traversal_indexer-i3-ar-o0-ll-c1-fh-440f66c8f601,ar_traversal_indexer,AR,AR,-0.02955442969687283,-3.6535155773158294,-3.6239611476189566,1
ar-ar_traversal_indexer-i3-ar-o0-ln-c0-fe-348c5f2de6b5,ar_traversal_indexer,AR,AR,-0.204767006856855,-1.7659390717744827,-1.5611720649176277,1
ar-ar_traversal_indexer-i3-ar-o0-ln-c0-fh-f46cd8d09afc,ar_traversal_indexer,AR,AR,-0.03137664345558733,-3.5422598868608475,-3.51088324340526,1
ar-ar_traversal_indexer-i3-ar-o0-ln-c1-fe-23c9110c0ca1,ar_traversal_indexer,AR,AR,-0.08031907211989164,-2.696699380874179,-2.6163803087542874,1
ar-ar_traversal_indexer-i3-ar-o0-ln-c1-fh-5997cad1c5ad,ar_traversal_indexer,AR,AR,-0.036587230511941016,-3.4096469879145843,-3.3730597574026433,1
ar-ar_traversal_indexer-i3-ar-o1-ll-c0-fe-309b186227bd,ar_traversal_indexer,AR,AR,-4.392708539945033,-0.024426786229014397,4.368281753716019,1
ar-ar_traversal_indexer-i3-ar-o1-ll-c0-fh-53a17e99f55d,ar_traversal_indexer,AR,AR,-4.38909614085992,-0.016910025849938393,4.372186115009981,1
ar-ar_traversal_indexer-i3-ar-o1-ll-c1-fe-b00a9696006f,ar_traversal_indexer,AR,AR,-2.7206299006938934,-0.09892192482948303,2.6217079758644104,1
ar-ar_traversal_indexer-i3-ar-o1-ll-c1-fh-e1c9921549a6,ar_traversal_indexer,AR,AR,-3.7839421331882477,-0.03255148814059794,3.7513906450476497,1
ar-ar_traversal_indexer-i3-ar-o1-ln-c0-fe-5f66aa61496b,ar_traversal_indexer,AR,AR,-4.26496541499705,-0.027481223456561565,4.237484191540489,1
ar-ar_traversal_indexer-i3-ar-o1-ln-c0-fh-d6e1e66b1fae,ar_traversal_indexer,AR,AR,-4.018872737883498,-0.022964059375226498,3.995908678508272,1
ar-ar_traversal_indexer-i3-ar-o1-ln-c1-fe-8ed9b3b2cfae,ar_traversal_indexer,AR,AR,-2.465556427836418,-0.11542809067759663,2.3501283371588215,1
ar-ar_traversal_indexer-i3-ar-o1-ln-c1-fh-829fd45cde46,ar_traversal_indexer,AR,AR,-3.631439782679081,-0.03134062471508514,3.600099157963996,1
ar-ar_traversal_indexer-i3-ro-o0-ll-c0-fx-d8ef491c0ec8,ar_traversal_indexer,RO,AR,-2.9361972808796963,-0.06120324875882943,2.874994032120867,1
ar-ar_traversal_indexer-i3-ro-o0-ll-c1-fx-187e06a61481,ar_traversal_indexer,RO,AR,-0.11978235835704254,-2.2447776794283527,-2.12499532107131,1
ar-ar_traversal_indexer-i3-ro-o0-ln-c0-fx-07e63990603f,ar_traversal_indexer,RO,AR,-2.13581895827906,-0.13582178948809087,1.9999971687909692,1
ar-ar_traversal_indexer-i3-ro-o0-ln-c1-fx-3fcc3c8a2a33,ar_traversal_indexer,RO,AR,-0.13210809225529374,-2.132102489460067,-1.9999943972047731,1
ar-ar_traversal_indexer-i3-ro-o1-ll-c0-fx-49d11bad064e,ar_traversal_indexer,RO,AR,-3.053445219984951,-0.05345118413242744,2.9999940358525237,1
ar-ar_traversal_indexer-i3-ro-o1-ll-c1-fx-e6eff142c67f,ar_traversal_indexer,RO,AR,-0.13505682342474756,-2.1350481510121426,-1.999991327587395,1
ar-ar_traversal_indexer-i3-ro-o1-ln-c0-fx-7bbd40752803,ar_traversal_indexer,RO,AR,-3.1716017723028926,-0.046610038659309794,3.124991733643583,1
ar-ar_traversal_indexer-i3-ro-o1-ln-c1-fx-b2fecd1f2a9e,ar_traversal_indexer,RO,AR,-0.32399043437726505,-1.3239854574162564,-0.9999950230389913,1
ar-ar_traversal_indexer-i4-ar-o0-ll-c0-fe-2c8717d2a990,ar_traversal_indexer,AR,AR,-0.1001333063468337,-2.593464285135269,-2.4933309787884355,1
ar-ar_traversal_indexer-i4-ar-o0-ll-c0-fh-372e8e89a5b3,ar_traversal_indexer,AR,AR,-0.05936361034400761,-2.9696257896721363,-2.9102621793281287,1
ar-ar_traversal_indexer-i4-ar-o0-ll-c1-fe-a5bc37f5e501,ar_traversal_indexer,AR,AR,-0.17495268303900957,-1.9138983488078338,-1.7389456657688243,1
ar-ar_traversal_indexer-i4-ar-o0-ll-c1-fh-2b61520fb08a,ar_traversal_indexer,AR,AR,-0.0936281478498131,-2.465808510778743,-2.3721803629289298,1
ar-ar_traversal_indexer-i4-ar-o0-ln-c0-fe-903816e81ce0,ar_traversal_indexer,AR,AR,-0.0820109200431034,-2.5915656397119164,-2.509554719668813,1
ar-ar_traversal_indexer-i4-ar-o0-ln-c0-fh-52a24a142aab,ar_traversal_indexer,AR,AR,-0.07166708560544066,-2.6975150243379176,-2.625847938732477,1
ar-ar_traversal_indexer-i4-ar-o0-ln-c1-fe-b146ca014cec,ar_traversal_indexer,AR,AR,-0.12270395644009113,-2.2390851974480483,-2.116381241007957,1
ar-ar_traversal_indexer-i4-ar-o0-ln-c1-fh-aa48852ab6be,ar_traversal_indexer,AR,AR,-0.0814655477879569,-2.579951643942195,-2.498486096154238,1
ar-ar_traversal_indexer-i4-ar-o1-ll-c0-fe-caf28dc80afe,ar_traversal_indexer,AR,AR,-3.1698101758925077,-0.05898014549165964,3.110830030400848,1
ar-ar_traversal_indexer-i4-ar-o1-ll-c0-fh-fd30fe86f5d7,ar_traversal_indexer,AR,AR,-2.9311572313283705,-0.0647898968309164,2.866367334497454,1
ar-ar_traversal_indexer-i4-ar-o1-ll-c1-fe-650eae2baef0,ar_traversal_indexer,AR,AR,-3.8450640439987183,-0.037711215671151876,3.8073528283275664,1
ar-ar_traversal_indexer-i4-ar-o1-ll-c1-fh-1749892c7b6a,ar_traversal_indexer,AR,AR,-3.3493206799030304,-0.04702917532995343,3.302291504573077,1
ar-ar_traversal_indexer-i4-ar-o1-ln-c0-fe-af2e250a50bc,ar_traversal_indexer,AR,AR,-3.4093266725531066,-0.04849470034241676,3.36083197221069,1
ar-ar_traversal_indexer-i4-ar-o1-ln-c0-fh-e08345994a77,ar_traversal_indexer,AR,AR,-3.049349188803376,-0.052961253095418215,2.9963879357079577,1
ar-ar_traversal_indexer-i4-ar-o1-ln-c1-fe-553c13c149bf,ar_traversal_indexer,AR,AR,-3.4801809042692184,-0.03626772994175553,3.443913174327463,1
ar-ar_traversal_indexer-i4-ar-o1-ln-c1-fh-dda18c379663,ar_traversal_indexer,AR,AR,-2.9576522801071405,-0.05671753906062804,2.9009347410465125,1
ar-ar_traversal_indexer-i4-ro-o0-ll-c0-fx-3bd5effbac83,ar_traversal_indexer,RO,AR,-2.7014299631032372,-0.07643738382284937,2.624992579280388,1
ar-ar_traversal_indexer-i4-ro-o0-ll-c1-fx-bf5442de3472,ar_traversal_indexer,RO,AR,-0.08350373056418903,-2.583507299357734,-2.500003568793545,1
ar-ar_traversal_indexer-i4-ro-o0-ln-c0-fx-07d4299a09a1,ar_traversal_indexer,RO,AR,-2.701014280307845,-0.07601580021855625,2.624998480089289,1
ar-ar_traversal_indexer-i4-ro-o0-ln-c1-fx-40a4802ce95f,ar_traversal_indexer,RO,AR,-0.08251464364911953,-2.5825184583154623,-2.500003814666343,1
ar-ar_traversal_indexer-i4-ro-o1-ll-c0-fx-604ab6b5a870,ar_traversal_indexer,RO,AR,-2.8167357444108347,-0.06673575931017695,2.749999985100658,1
ar-ar_traversal_indexer-i4-ro-o1-ll-c1-fx-9bb4537ad02f,ar_traversal_indexer,RO,AR,-0.13522782903783082,-2.135215163210887,-1.9999873341730563,1
ar-ar_traversal_indexer-i4-ro-o1-ln-c0-fx-17306280a609,ar_traversal_indexer,RO,AR,-2.815720319723823,-0.06572253252943483,2.7499977871943884,1
ar-ar_traversal_indexer-i4-ro-o1-ln-c1-fx-ae92d76531b7,ar_traversal_indexer,RO,AR,-0.13363033528003143,-2.1336271762606884,-1.999996840980657,1
nc-nc_null_archive-i0-ar-o0-ll-c0-fe-28d6c4882c2f,nc_null_archive,AR,NC,-0.008204359328374267,-5.2662666738033295,-5.258062314474955,1
nc-nc_null_archive-i0-ar-o0-ll-c0-fh-b0f041e3771b,nc_null_archive,AR,NC,-0.006534859072417021,-5.50587928137611,-5.499344422303693,1
nc-nc_null_archive-i0-ar-o0-ll-c1-fe-e7d5604557b5,nc_null_archive,AR,NC,-0.003563462581951171,-7.625755071639986,-7.622191609058035,1
nc-nc_null_archive-i0-ar-o0-ll-c1-fh-5ff7b7646fe9,nc_null_archive,AR,NC,-0.0021799622918479145,-7.001465439796277,-6.999285477504429,1
nc-nc_null_archive-i0-ar-o0-ln-c0-fe-7b24669d14b7,nc_null_archive,AR,NC,-0.007319136057049036,-5.259752090321854,-5.252432954264805,1
nc-nc_null_archive-i0-ar-o0-ln-c0-fh-cf762d2d5bed,nc_null_archive,AR,NC,-0.007758014224236831,-5.132705922944297,-5.12494790872006,1
nc-nc_null_archive-i0-ar-o0-ln-c1-fe-876cf78cbf7b,nc_null_archive,AR,NC,-0.006384638953022659,-7.001147508621187,-6.994762869668165,1
nc-nc_null_archive-i0-ar-o0-ln-c1-fh-22b5d8dfb8f2,nc_null_archive,AR,NC,-0.0028996384935453534,-6.62686264514906,-6.623963006655515,1
nc-nc_null_archive-i0-ar-o1-ll-c0-fe-584020d80130,nc_null_archive,AR,NC,-7.625755071639986,-0.003563462581951171,7.622191609058035,1
nc-nc_null_archive-i0-ar-o1-ll-c0-fh-dd15c7533c8a,nc_null_archive,AR,NC,-7.001465439796277,-0.0021799622918479145,6.999285477504429,1
nc-nc_null_archive-i0-ar-o1-ll-c1-fe-987f9164b490,nc_null_archive,AR,NC,-5.2662666738033295,-0.008204359328374267,5.258062314474955,1
nc-nc_null_archive-i0-ar-o1-ll-c1-fh-fd3686d509b9,nc_null_archive,AR,NC,-5.50587928137611,-0.006534859072417021,5.499344422303693,1
nc-nc_null_archive-i0-ar-o1-ln-c0-fe-07d44a1e0ad3,nc_null_archive,AR,NC,-7.001147508621187,-0.006384638953022659,6.994762869668165,1
nc-nc_null_archive-i0-ar-o1-ln-c0-fh-705655b9946e,nc_null_archive,AR,NC,-6.62686264514906,-0.0028996384935453534,6.623963006655515,1
nc-nc_null_archive-i0-ar-o1-ln-c1-fe-ce65aed3e081,nc_null_archive,AR,NC,-5.259752090321854,-0.007319136057049036,5.252432954264805,1
nc-nc_null_archive-i0-ar-o1-ln-c1-fh-33c11102bfac,nc_null_archive,AR,NC,-5.132705922944297,-0.007758014224236831,5.12494790872006,1
nc-nc_null_archive-i1-ar-o0-ll-c0-fe-28daefdaecd1,nc_null_archive,AR,NC,-0.0043966895318590105,-6.005301682162099,-6.00090499263024,1
nc-nc_null_archive-i1-ar-o0-ll-c0-fh-324bdaebbb9c,nc_null_archive,AR,NC,-0.004532474093139172,-6.253508090912874,-6.248975616819735,1
nc-nc_null_archive-i1-ar-o0-ll-c1-fe-07e8a0d211be,nc_null_archive,AR,NC,-0.003537056443747133,-8.500356078147831,-8.496819021704084,1
nc-nc_null_archive-i1-ar-o0-ll-c1-fh-7e08c628023a,nc_null_archive,AR,NC,-0.0024376421933993697,-7.376105427741834,-7.3736677855484345,1
nc-nc_null_archive-i1-ar-o0-ln-c0-fe-092dc938717a,nc_null_archive,AR,NC,-0.004526943695964292,-5.755269791930914,-5.75074284823495,1
nc-nc_null_archive-i1-ar-o0-ln-c0-fh-164e9c6360d2,nc_null_archive,AR,NC,-0.004767727252328768,-5.879392862295845,-5.874625135043516,1
nc-nc_null_archive-i1-ar-o0-ln-c1-fe-e906b5bc2e72,nc_null_archive,AR,NC,-0.007441051828209311,-7.500722646713228,-7.493281594885019,1
nc-nc_null_archive-i1-ar-o0-ln-c1-fh-4a12bf1cd62a,nc_null_archive,AR,NC,-0.00357863528188318,-7.00138771533949,-6.997809080057607,1
nc-nc_null_archive-i1-ar-o1-ll-c0-fe-a225fa813ab4,nc_null_archive,AR,NC,-8.500356078147831,-0.003537056443747133,8.496819021704084,1
nc-nc_null_archive-i1-ar-o1-ll-c0-fh-5d45ebffdf85,nc_null_archive,AR,NC,-7.376105427741834,-0.0024376421933993697,7.3736677855484345,1
nc-nc_null_archive-i1-ar-o1-ll-c1-fe-32fd1a3cd227,nc_null_archive,AR,NC,-6.005301682162099,-0.0043966895318590105,6.00090499263024,1
nc-nc_null_archive-i1-ar-o1-ll-c1-fh-639025219536,nc_null_archive,AR,NC,-6.253508090912874,-0.004532474093139172,6.248975616819735,1
nc-nc_null_archive-i1-ar-o1-ln-c0-fe-ddc356a537e7,nc_null_archive,AR,NC,-7.500722646713228,-0.007441051828209311,7.493281594885019,1
nc-nc_null_archive-i1-ar-o1-ln-c0-fh-6896e2013b08,nc_null_archive,AR,NC,-7.00138771533949,-0.00357863528188318,6.997809080057607,1
nc-nc_null_archive-i1-ar-o1-ln-c1-fe-9f6c058ec34b,nc_null_archive,AR,NC,-5.755269791930914,-0.004526943695964292,5.75074284823495,1
nc-nc_null_archive-i1-ar-o1-ln-c1-fh-921bb8ee79f3,nc_null_archive,AR,NC,-5.879392862295845,-0.004767727252328768,5.874625135043516,1
nc-nc_null_archive-i2-ar-o0-ll-c0-fe-64966b7106c6,nc_null_archive,AR,NC,-0.003717686631716788,-6.253569425840396,-6.24985173920868,1
nc-nc_null_archive-i2-ar-o0-ll-c0-fh-653e37e26241,nc_null_archive,AR,NC,-0.0044391738483682275,-6.003952741616558,-5.99951356776819,1
nc-nc_null_archive-i2-ar-o0-ll-c1-fe-1acfd3d40ab0,nc_null_archive,AR,NC,-0.0019982380617875606,-9.000293135642949,-8.998294897581161,1
nc-nc_null_archive-i2-ar-o0-ll-c1-fh-6181a1e49b53,nc_null_archive,AR,NC,-0.001630823127925396,-7.625916719436418,-7.624285896308493,1
nc-nc_null_archive-i2-ar-o0-ln-c0-fe-57771cdaba3d,nc_null_archive,AR,NC,-0.002862540044588968,-6.377587197384855,-6.374724657340266,1
nc-nc_null_archive-i2-ar-o0-ln-c0-fh-2a613afc61c7,nc_null_archive,AR,NC,-0.005686936332494952,-5.505508780475566,-5.499821844143071,1
nc-nc_null_archive-i2-ar-o0-ln-c1-fe-209b2783d895,nc_null_archive,AR,NC,-0.005139599088579416,-8.000516176223726,-7.995376577135147,1
nc-nc_null_archive-i2-ar-o0-ln-c1-fh-a1530664abe8,nc_null_archive,AR,NC,-0.001961933448910713,-7.376045465469133,-7.374083532020222,1
nc-nc_null_archive-i2-ar-o1-ll-c0-fe-64c5fc7acfb2,nc_null_archive,AR,NC,-9.000293135642949,-0.0019982380617875606,8.998294897581161,1
nc-nc_null_archive-i2-ar-o1-ll-c0-fh-42b9f8e38d16,nc_null_archive,AR,NC,-7.625916719436418,-0.001630823127925396,7.624285896308493,1
nc-nc_null_archive-i2-ar-o1-ll-c1-fe-8c0cad041351,nc_null_archive,AR,NC,-6.253569425840396,-0.003717686631716788,6.24985173920868,1
nc-nc_null_archive-i2-ar-o1-ll-c1-fh-9d389bea5f31,nc_null_archive,AR,NC,-6.003952741616558,-0.0044391738483682275,5.99951356776819,1
nc-nc_null_archive-i2-ar-o1-ln-c0-fe-7ade78418b01,nc_null_archive,AR,NC,-8.000516176223726,-0.005139599088579416,7.995376577135147,1
nc-nc_null_archive-i2-ar-o1-ln-c0-fh-c6e95a03516a,nc_null_archive,AR,NC,-7.376045465469133,-0.001961933448910713,7.374083532020222,1
nc-nc_null_archive-i2-ar-o1-ln-c1-fe-fbaa0fa88e95,nc_null_archive,AR,NC,-6.377587197384855,-0.002862540044588968,6.374724657340266,1
nc-nc_null_archive-i2-ar-o1-ln-c1-fh-9545f5ad4651,nc_null_archive,AR,NC,-5.505508780475566,-0.005686936332494952,5.499821844143071,1
nc-nc_null_archive-i3-ar-o0-ll-c0-fe-aa7b0a4d7b80,nc_null_archive,AR,NC,-0.007431032368913293,-5.6397335240617394,-5.632302491692826,1
nc-nc_null_archive-i3-ar-o0-ll-c0-fh-ec2538ffad0e,nc_null_archive,AR,NC,-0.00769175635650754,-5.756100648271968,-5.74840889191546,1
nc-nc_null_archive-i3-ar-o0-ll-c1-fe-7e920d33d384,nc_null_archive,AR,NC,-0.0011839838116429746,-8.375692844390755,-8.374508860579112,1
nc-nc_null_archive-i3-ar-o0-ll-c1-fh-40801ad65935,nc_null_archive,AR,NC,-0.00338155182544142,-7.626449108123666,-7.623067556298224,1
nc-nc_null_archive-i3-ar-o0-ln-c0-fe-6b03a4371d89,nc_null_archive,AR,NC,-0.005676115280948579,-5.50704869616311,-5.501372580882162,1
nc-nc_null_archive-i3-ar-o0-ln-c0-fh-7c8419c28821,nc_null_archive,AR,NC,-0.007091888721333817,-5.506726503252139,-5.499634614530805,1
nc-nc_null_archive-i3-ar-o0-ln-c1-fe-78aac0677345,nc_null_archive,AR,NC,-0.002908076683524996,-7.875718951225224,-7.872810874541699,1
nc-nc_null_archive-i3-ar-o0-ln-c1-fh-35a4dd5553aa,nc_null_archive,AR,NC,-0.0048185891937464476,-7.876637816429081,-7.871819227235335,1
nc-nc_null_archive-i3-ar-o1-ll-c0-fe-ab058a6a2caf,nc_null_archive,AR,NC,-8.375692844390755,-0.0011839838116429746,8.374508860579112,1
nc-nc_null_archive-i3-ar-o1-ll-c0-fh-088eaf108632,nc_null_archive,AR,NC,-7.626449108123666,-0.00338155182544142,7.623067556298224,1
nc-nc_null_archive-i3-ar-o1-ll-c1-fe-d189dad3420d,nc_null_archive,AR,NC,-5.6397335240617394,-0.007431032368913293,5.632302491692826,1
nc-nc_null_archive-i3-ar-o1-ll-c1-fh-e1631d8346cb,nc_null_archive,AR,NC,-5.756100648271968,-0.00769175635650754,5.74840889191546,1
nc-nc_null_archive-i3-ar-o1-ln-c0-fe-13335ac114d6,nc_null_archive,AR,NC,-7.875718951225224,-0.002908076683524996,7.872810874541699,1
nc-nc_null_archive-i3-ar-o1-ln-c0-fh-2ab0e791f265,nc_null_archive,AR,NC,-7.876637816429081,-0.0048185891937464476,7.871819227235335,1
nc-nc_null_archive-i3-ar-o1-ln-c1-fe-332ce91cdf53,nc_null_archive,AR,NC,-5.50704869616311,-0.005676115280948579,5.501372580882162,1
nc-nc_null_archive-i3-ar-o1-ln-c1-fh-0976e15266dd,nc_null_archive,AR,NC,-5.506726503252139,-0.007091888721333817,5.499634614530805,1
nc-nc_null_archive-i4-ar-o0-ll-c0-fe-ed648a1ec9b2,nc_null_archive,AR,NC,-0.004585445683915168,-6.0041152237190545,-5.999529778035139,1
nc-nc_null_archive-i4-ar-o0-ll-c0-fh-ea2bae9ad4e4,nc_null_archive,AR,NC,-0.00437291496200487,-6.253885388371145,-6.2495124734091405,1
nc-nc_null_archive-i4-ar-o0-ll-c1-fe-95db7d81b680,nc_null_archive,AR,NC,-0.0008187995408661664,-8.625384688377324,-8.624565888836457,1
nc-nc_null_archive-i4-ar-o0-ll-c1-fh-928828ceeac4,nc_null_archive,AR,NC,-0.0008817194975563325,-8.000781655311414,-7.999899935813858,1
nc-nc_null_archive-i4-ar-o0-ln-c0-fe-03891afa51fa,nc_null_archive,AR,NC,-0.0043458660948090255,-5.754145503037307,-5.749799636942498,1
nc-nc_null_archive-i4-ar-o0-ln-c0-fh-fef27ea44fcd,nc_null_archive,AR,NC,-0.004680439145886339,-5.879541277882936,-5.87486083873705,1
nc-nc_null_archive-i4-ar-o0-ln-c1-fe-892b002e7611,nc_null_archive,AR,NC,-0.0017387722618877888,-7.875565290451021,-7.873826518189134,1
nc-nc_null_archive-i4-ar-o0-ln-c1-fh-656523f2710c,nc_null_archive,AR,NC,-0.0011895261268364266,-7.626026630401498,-7.624837104274661,1
nc-nc_null_archive-i4-ar-o1-ll-c0-fe-450bc7d42e1c,nc_null_archive,AR,NC,-8.625384688377324,-0.0008187995408661664,8.624565888836457,1
nc-nc_null_archive-i4-ar-o1-ll-c0-fh-4c6e04660a6e,nc_null_archive,AR,NC,-8.000781655311414,-0.0008817194975563325,7.999899935813858,1
nc-nc_null_archive-i4-ar-o1-ll-c1-fe-dc7d1f79616c,nc_null_archive,AR,NC,-6.0041152237190545,-0.004585445683915168,5.999529778035139,1
nc-nc_null_archive-i4-ar-o1-ll-c1-fh-ab34a665bae5,nc_null_archive,AR,NC,-6.253885388371145,-0.00437291496200487,6.2495124734091405,1
nc-nc_null_archive-i4-ar-o1-ln-c0-fe-a9e8d28c4d5c,nc_null_archive,AR,NC,-7.875565290451021,-0.0017387722618877888,7.873826518189134,1
nc-nc_null_archive-i4-ar-o1-ln-c0-fh-48f5222d3f75,nc_null_archive,AR,NC,-7.626026630401498,-0.0011895261268364266,7.624837104274661,1
nc-nc_null_archive-i4-ar-o1-ln-c1-fe-f6a937242f8a,nc_null_archive,AR,NC,-5.754145503037307,-0.0043458660948090255,5.749799636942498,1
nc-nc_null_archive-i4-ar-o1-ln-c1-fh-79df76addaba,nc_null_archive,AR,NC,-5.879541277882936,-0.004680439145886339,5.87486083873705,1
nc-nc_null_deploy-i0-ar-o0-ll-c0-fe-3e88fa109849,nc_null_deploy,AR,NC,-0.013492746278643608,-4.636507628893014,-4.62301488261437,1
nc-nc_null_deploy-i0-ar-o0-ll-c0-fh-5d1f37ac2357,nc_null_deploy,AR,NC,-0.008968912647105753,-5.008345723142611,-4.999376810495505,1
nc-nc_null_deploy-i0-ar-o0-ll-c1-fe-59166a5a2264,nc_null_deploy,AR,NC,-0.0038083625840954483,-7.750627875328007,-7.746819512743912,1
nc-nc_null_deploy-i0-ar-o0-ll-c1-fh-9c1fcef93e82,nc_null_deploy,AR,NC,-0.001981337438337505,-6.876491665839978,-6.874510328401641,1
nc-nc_null_deploy-i0-ar-o0-ln-c0-fe-c1c2ecaa4914,nc_null_deploy,AR,NC,-0.014781790901906788,-4.388697858878004,-4.373916067976097,1
nc-nc_null_deploy-i0-ar-o0-ln-c0-fh-d5ac7c4a2889,nc_null_deploy,AR,NC,-0.011528290080605075,-4.6362708806905175,-4.624742590609912,1
nc-nc_null_deploy-i0-ar-o0-ln-c1-fe-19d29e5771ab,nc_null_deploy,AR,NC,-0.007832536939531565,-7.00111508369443,-6.993282546754898,1
nc-nc_null_deploy-i0-ar-o0-ln-c1-fh-f3be947f4d75,nc_null_deploy,AR,NC,-0.002050978480838239,-6.876422405242806,-6.874371426761968,1
nc-nc_null_deploy-i0-ar-o1-ll-c0-fe-8a0f6b6f6ae7,nc_null_deploy,AR,NC,-7.750627875328007,-0.0038083625840954483,7.746819512743912,1
nc-nc_null_deploy-i0-ar-o1-ll-c0-fh-e71c5d542a34,nc_null_deploy,AR,NC,-6.876491665839978,-0.001981337438337505,6.874510328401641,1
nc-nc_null_deploy-i0-ar-o1-ll-c1-fe-c8dee575a80a,nc_null_deploy,AR,NC,-4.636507628893014,-0.013492746278643608,4.62301488261437,1
nc-nc_null_deploy-i0-ar-o1-ll-c1-fh-095ff8d7be75,nc_null_deploy,AR,NC,-5.008345723142611,-0.008968912647105753,4.999376810495505,1
nc-nc_null_deploy-i0-ar-o1-ln-c0-fe-309f870da3b8,nc_null_deploy,AR,NC,-7.00111508369443,-0.007832536939531565,6.993282546754898,1
nc-nc_null_deploy-i0-ar-o1-ln-c0-fh-e96bce4ac01f,nc_null_deploy,AR,NC,-6.876422405242806,-0.002050978480838239,6.874371426761968,1
nc-nc_null_deploy-i0-ar-o1-ln-c1-fe-ecaa584dc7d5,nc_null_deploy,AR,NC,-4.388697858878004,-0.014781790901906788,4.373916067976097,1
nc-nc_null_deploy-i0-ar-o1-ln-c1-fh-320e95126009,nc_null_deploy,AR,NC,-4.6362708806905175,-0.011528290080605075,4.624742590609912,1
nc-nc_null_deploy-i1-ar-o0-ll-c0-fe-cec5ae309f76,nc_null_deploy,AR,NC,-0.005714378319680691,-5.506712049944326,-5.500997671624646,1
nc-nc_null_deploy-i1-ar-o0-ll-c0-fh-457e7e639271,nc_null_deploy,AR,NC,-0.00528977025533095,-5.754496455117078,-5.749206684861747,1
nc-nc_null_deploy-i1-ar-o0-ll-c1-fe-7c7e0cd2c603,nc_null_deploy,AR,NC,-0.003147296200040728,-8.500340938568002,-8.49719364236796,1
nc-nc_null_deploy-i1-ar-o0-ll-c1-fh-7e6c355c45d8,nc_null_deploy,AR,NC,-0.002078986377455294,-7.126165032386609,-7.124086046009154,1
nc-nc_null_deploy-i1-ar-o0-ln-c0-fe-e491d0088608,nc_null_deploy,AR,NC,-0.008068133582128212,-5.008012677892111,-4.999944544309983,1
nc-nc_null_deploy-i1-ar-o0-ln-c0-fh-bc50eccaeeb8,nc_null_deploy,AR,NC,-0.0074810728401644155,-5.132257699935508,-5.124776627095343,1
nc-nc_null_deploy-i1-ar-o0-ln-c1-fe-18eb9fcd3ae1,nc_null_deploy,AR,NC,-0.008316339459270239,-7.5007088184356405,-7.49239247897637,1
nc-nc_null_deploy-i1-ar-o0-ln-c1-fh-247745082184,nc_null_deploy,AR,NC,-0.0024693170562386513,-7.126141071319466,-7.123671754263228,1
nc-nc_null_deploy-i1-ar-o1-ll-c0-fe-1c6f66094a45,nc_null_deploy,AR,NC,-8.500340938568002,-0.003147296200040728,8.49719364236796,1
nc-nc_null_deploy-i1-ar-o1-ll-c0-fh-401a7aae281e,nc_null_deploy,AR,NC,-7.126165032386609,-0.002078986377455294,7.124086046009154,1
nc-nc_null_deploy-i1-ar-o1-ll-c1-fe-8af36dd6ac62,nc_null_deploy,AR,NC,-5.506712049944326,-0.005714378319680691,5.500997671624646,1
nc-nc_null_deploy-i1-ar-o1-ll-c1-fh-bee2f710751e,nc_null_deploy,AR,NC,-5.754496455117078,-0.00528977025533095,5.749206684861747,1
nc-nc_null_deploy-i1-ar-o1-ln-c0-fe-840ac92f9503,nc_null_deploy,AR,NC,-7.5007088184356405,-0.008316339459270239,7.49239247897637,1
nc-nc_null_deploy-i1-ar-o1-ln-c0-fh-20df8eb6b41d,nc_null_deploy,AR,NC,-7.126141071319466,-0.0024693170562386513,7.123671754263228,1
nc-nc_null_deploy-i1-ar-o1-ln-c1-fe-648f0ebae0ca,nc_null_deploy,AR,NC,-5.008012677892111,-0.008068133582128212,4.999944544309983,1
nc-nc_null_deploy-i1-ar-o1-ln-c1-fh-0d1aeec07d27,nc_null_deploy,AR,NC,-5.132257699935508,-0.0074810728401644155,5.124776627095343,1
nc-nc_null_deploy-i2-ar-o0-ll-c0-fe-865d7fd410fb,nc_null_deploy,AR,NC,-0.006372499919962138,-5.381118014542153,-5.374745514622191,1
nc-nc_null_deploy-i2-ar-o0-ll-c0-fh-3596c0755608,nc_null_deploy,AR,NC,-0.007819423655746505,-5.132486581796002,-5.124667158140255,1
nc-nc_null_deploy-i2-ar-o0-ll-c1-fe-bdff75d99d83,nc_null_deploy,AR,NC,-0.003700542962178588,-8.00052106380457,-7.996820520842391,1
nc-nc_null_deploy-i2-ar-o0-ll-c1-fh-aaf886a5cf76,nc_null_deploy,AR,NC,-0.002046372159384191,-7.251011490821668,-7.248965118662284,1
nc-nc_null_deploy-i2-ar-o0-ln-c0-fe-7a965fd302f6,nc_null_deploy,AR,NC,-0.007278099481482059,-5.131933685392141,-5.124655585910659,1
nc-nc_null_deploy-i2-ar-o0-ln-c0-fh-b48c9691291c,nc_null_deploy,AR,NC,-0.01149037986760959,-4.636335015291024,-4.624844635423415,1
nc-nc_null_deploy-i2-ar-o0-ln-c1-fe-f7f3dcbce77b,nc_null_deploy,AR,NC,-0.012191122397780418,-7.001141786575289,-6.9889506641775085,1
nc-nc_null_deploy-i2-ar-o0-ln-c1-fh-9a2f315cb0d1,nc_null_deploy,AR,NC,-0.002432880108244717,-7.126105308532601,-7.123672428424356,1
nc-nc_null_deploy-i2-ar-o1-ll-c0-fe-9ca362bbaf81,nc_null_deploy,AR,NC,-8.00052106380457,-0.003700542962178588,7.996820520842391,1
nc-nc_null_deploy-i2-ar-o1-ll-c0-fh-7e04c3ddec45,nc_null_deploy,AR,NC,-7.251011490821668,-0.002046372159384191,7.248965118662284,1
nc-nc_null_deploy-i2-ar-o1-ll-c1-fe-2545a925f3d4,nc_null_deploy,AR,NC,-5.381118014542153,-0.006372499919962138,5.374745514622191,1
nc-nc_null_deploy-i2-ar-o1-ll-c1-fh-4c69c04dd2ef,nc_null_deploy,AR,NC,-5.132486581796002,-0.007819423655746505,5.124667158140255,1
nc-nc_null_deploy-i2-ar-o1-ln-c0-fe-7c426e7dc451,nc_null_deploy,AR,NC,-7.001141786575289,-0.012191122397780418,6.9889506641775085,1
nc-nc_null_deploy-i2-ar-o1-ln-c0-fh-b12542446c36,nc_null_deploy,AR,NC,-7.126105308532601,-0.002432880108244717,7.123672428424356,1
nc-nc_null_deploy-i2-ar-o1-ln-c1-fe-ab5b4fe0646e,nc_null_deploy,AR,NC,-5.131933685392141,-0.007278099481482059,5.124655585910659,1
nc-nc_null_deploy-i2-ar-o1-ln-c1-fh-0f1102a5fef3,nc_null_deploy,AR,NC,-4.636335015291024,-0.01149037986760959,4.624844635423415,1
nc-nc_null_deploy-i3-ar-o0-ll-c0-fe-7068d27a461e,nc_null_deploy,AR,NC,-0.01075177313759923,-5.134276458993554,-5.123524685855955,1
nc-nc_null_deploy-i3-ar-o0-ll-c0-fh-88260a93e9a7,nc_null_deploy,AR,NC,-0.013342633377760649,-5.009283184792366,-4.995940551414606,1
nc-nc_null_deploy-i3-ar-o0-ll-c1-fe-e1db5c3fd4d2,nc_null_deploy,AR,NC,-0.0016293549560941756,-8.000593543052616,-7.998964188096522,1
nc-nc_null_deploy-i3-ar-o0-ll-c1-fh-d8b8ff497d0f,nc_null_deploy,AR,NC,-0.0029944904381409287,-7.376064181327763,-7.373069690889622,1
nc-nc_null_deploy-i3-ar-o0-ln-c0-fe-e346632ba200,nc_null_deploy,AR,NC,-0.00822082452941686,-5.1322830645076465,-5.12406223997823,1
nc-nc_null_deploy-i3-ar-o0-ln-c0-fh-6199cc0e1f71,nc_null_deploy,AR,NC,-0.011413420317694545,-4.885252833312734,-4.873839412995039,1
nc-nc_null_deploy-i3-ar-o0-ln-c1-fe-76db2322bf39,nc_null_deploy,AR,NC,-0.00537226878805086,-7.625749349594088,-7.620377080806037,1
nc-nc_null_deploy-i3-ar-o0-ln-c1-fh-8ac76c92d840,nc_null_deploy,AR,NC,-0.003784170374274254,-7.750977754592867,-7.747193584218593,1
nc-nc_null_deploy-i3-ar-o1-ll-c0-fe-9aff8591784c,nc_null_deploy,AR,NC,-8.000593543052616,-0.0016293549560941756,7.998964188096522,1
nc-nc_null_deploy-i3-ar-o1-ll-c0-fh-174f3db0904d,nc_null_deploy,AR,NC,-7.376064181327763,-0.0029944904381409287,7.373069690889622,1
nc-nc_null_deploy-i3-ar-o1-ll-c1-fe-ca38b90fb59c,nc_null_deploy,AR,NC,-5.134276458993554,-0.01075177313759923,5.123524685855955,1
nc-nc_null_deploy-i3-ar-o1-ll-c1-fh-5c63853095e0,nc_null_deploy,AR,NC,-5.009283184792366,-0.013342633377760649,4.995940551414606,1
nc-nc_null_deploy-i3-ar-o1-ln-c0-fe-b17483e9f547,nc_null_deploy,AR,NC,-7.625749349594088,-0.00537226878805086,7.620377080806037,1
nc-nc_null_deploy-i3-ar-o1-ln-c0-fh-34681002cd13,nc_null_deploy,AR,NC,-7.750977754592867,-0.003784170374274254,7.747193584218593,1
nc-nc_null_deploy-i3-ar-o1-ln-c1-fe-d60ff337285b,nc_null_deploy,AR,NC,-5.1322830645076465,-0.00822082452941686,5.12406223997823,1
nc-nc_null_deploy-i3-ar-o1-ln-c1-fh-3828560cdf91,nc_null_deploy,AR,NC,-4.885252833312734,-0.011413420317694545,4.873839412995039,1
nc-nc_null_deploy-i4-ar-o0-ll-c0-fe-e20f8429258e,nc_null_deploy,AR,NC,-0.006887445284519345,-5.256395934113243,-5.249508488828724,1
nc-nc_null_deploy-i4-ar-o0-ll-c0-fh-6c6970d98490,nc_null_deploy,AR,NC,-0.006654053635429591,-5.3811684846818935,-5.374514431046464,1
nc-nc_null_deploy-i4-ar-o0-ll-c1-fe-2405f0899e03,nc_null_deploy,AR,NC,-0.0015323979896493256,-8.500359892845097,-8.498827494855448,1
nc-nc_null_deploy-i4-ar-o0-ll-c1-fh-cc142d01ce2c,nc_null_deploy,AR,NC,-0.000978984171524644,-7.625773429870492,-7.624794445698967,1
nc-nc_null_deploy-i4-ar-o0-ln-c0-fe-effd6def8a2c,nc_null_deploy,AR,NC,-0.00795275578275323,-5.007664083324926,-4.9997113275421725,1
nc-nc_null_deploy-i4-ar-o0-ln-c0-fh-7b9faf4d71cb,nc_null_deploy,AR,NC,-0.009248177913832478,-4.884093046180169,-4.874844868266337,1
nc-nc_null_deploy-i4-ar-o0-ln-c1-fe-d74ea0352ed7,nc_null_deploy,AR,NC,-0.004204389697406441,-7.750601887702935,-7.746397498005528,1
nc-nc_null_deploy-i4-ar-o0-ln-c1-fh-e0b321a1ad02,nc_null_deploy,AR,NC,-0.001311035972321406,-7.375929355621224,-7.374618319648903,1
nc-nc_null_deploy-i4-ar-o1-ll-c0-fe-274f7cb0cd7a,nc_null_deploy,AR,NC,-8.500359892845097,-0.0015323979896493256,8.498827494855448,1
nc-nc_null_deploy-i4-ar-o1-ll-c0-fh-2c5aa6d38c16,nc_null_deploy,AR,NC,-7.625773429870492,-0.000978984171524644,7.624794445698967,1
nc-nc_null_deploy-i4-ar-o1-ll-c1-fe-b72acdbc63d9,nc_null_deploy,AR,NC,-5.256395934113243,-0.006887445284519345,5.249508488828724,1
nc-nc_null_deploy-i4-ar-o1-ll-c1-fh-b4cf25ded66b,nc_null_deploy,AR,NC,-5.3811684846818935,-0.006654053635429591,5.374514431046464,1
nc-nc_null_deploy-i4-ar-o1-ln-c0-fe-ca4f076d5ea0,nc_null_deploy,AR,NC,-7.750601887702935,-0.004204389697406441,7.746397498005528,1
nc-nc_null_deploy-i4-ar-o1-ln-c0-fh-bb7013acaf06,nc_null_deploy,AR,NC,-7.375929355621224,-0.001311035972321406,7.374618319648903,1
nc-nc_null_deploy-i4-ar-o1-ln-c1-fe-52e2691c7f55,nc_null_deploy,AR,NC,-5.007664083324926,-0.00795275578275323,4.9997113275421725,1
nc-nc_null_deploy-i4-ar-o1-ln-c1-fh-2ac7ca9faf99,nc_null_deploy,AR,NC,-4.884093046180169,-0.009248177913832478,4.874844868266337,1
pc-pc_quality_config-i0-ar-o0-ll-c0-fe-f48acc86d03f,pc_quality_config,AR,PC,-0.025981689454056323,-4.60064035654068,-4.574658667086624,1
pc-pc_quality_config-i0-ar-o0-ll-c0-fh-6f0d521cde05,pc_quality_config,AR,PC,-0.02004404313629493,-4.062280889600515,-4.04223684646422,1
pc-pc_quality_config-i0-ar-o0-ll-c1-fe-6d5c1001e88e,pc_quality_config,AR,PC,-0.0012711201852653176,-7.250921487808,-7.249650367622735,1
pc-pc_quality_config-i0-ar-o0-ll-c1-fh-17279bd56ad8,pc_quality_config,AR,PC,-0.0036530740617308766,-5.75347650050594,-5.749823426444209,1
pc-pc_quality_config-i0-ar-o0-ln-c0-fe-bf38d2ce20c9,pc_quality_config,AR,PC,-0.02896408154629171,-4.228612661361694,-4.199648579815403,1
pc-pc_quality_config-i0-ar-o0-ln-c0-fh-ae1161e1476f,pc_quality_config,AR,PC,-0.02187335235066712,-3.9090716438367963,-3.887198291486129,1
pc-pc_quality_config-i0-ar-o0-ln-c1-fe-82cca958dfd9,pc_quality_config,AR,PC,-0.0023283479968085885,-7.3758149147032555,-7.373486566706447,1
pc-pc_quality_config-i0-ar-o0-ln-c1-fh-6cf04d748ca8,pc_quality_config,AR,PC,-0.0026303993217879906,-6.127413749692096,-6.124783350370308,1
pc-pc_quality_config-i0-ar-o1-ll-c0-fe-27faaed49cc2,pc_quality_config,AR,PC,-0.002173087792463946,-17.252220630645752,-17.250047542853288,1
pc-pc_quality_config-i0-ar-o1-ll-c0-fh-c64af43e3d1e,pc_quality_config,AR,PC,-0.0016454034483786018,-12.75576400756836,-12.75411860411998,1
pc-pc_quality_config-i0-ar-o1-ll-c1-fe-95aec11342e6,pc_quality_config,AR,PC,-9.357521230413113e-05,-19.250428199768066,-19.250334624555762,1
pc-pc_quality_config-i0-ar-o1-ll-c1-fh-b4d8393b5297,pc_quality_config,AR,PC,-0.00019012160555575974,-18.12531089782715,-18.125120776221593,1
pc-pc_quality_config-i0-ar-o1-ln-c0-fe-0326a1613966,pc_quality_config,AR,PC,-0.0033616484142768854,-16.378400802612305,-16.375039154198028,1
pc-pc_quality_config-i0-ar-o1-ln-c0-fh-d99e62caeebd,pc_quality_config,AR,PC,-0.0024707771371481613,-12.006100177764893,-12.003629400627744,1
pc-pc_quality_config-i0-ar-o1-ln-c1-fe-c09889bebcf9,pc_quality_config,AR,PC,-0.00010358810959587572,-16.690781593322754,-16.690678005213158,1
pc-pc_quality_config-i0-ar-o1-ln-c1-fh-e27e60436099,pc_quality_config,AR,PC,-7.927128376650217e-05,-16.254159450531006,-16.25408017924724,1
pc-pc_quality_config-i0-ro-o0-ll-c0-fx-09bf56d835ed,pc_quality_config,RO,PC,-0.6475490331595211,-0.772550463665084,-0.1250014305055629,1
pc-pc_quality_config-i0-ro-o0-ll-c1-fx-185a1e34e82f,pc_quality_config,RO,PC,-0.001656363228448754,-7.126655578594182,-7.124999215365733,1
pc-pc_quality_config-i0-ro-o0-ln-c0-fx-f2026572222e,pc_quality_config,RO,PC,-0.6449909210136866,-0.7699927091448444,-0.1250017881311578,1
pc-pc_quality_config-i0-ro-o0-ln-c1-fx-ec3d59ca52cd,pc_quality_config,RO,PC,-0.002097088589835039,-6.752095222461776,-6.749998133871941,1
pc-pc_quality_config-i0-ro-o1-ll-c0-fx-f5282baf258d,pc_quality_config,RO,PC,-0.00019810665730801702,-10.125223397819354,-10.125025291162046,1
pc-pc_quality_config-i0-ro-o1-ll-c1-fx-cd2cbc0aa11b,pc_quality_config,RO,PC,-0.00010001211148846778,-15.875099182117538,-15.874999170006049,1
pc-pc_quality_config-i0-ro-o1-ln-c0-fx-66861daada0c,pc_quality_config,RO,PC,-0.0018003486319457807,-6.626817583866796,-6.62501723523485,1
pc-pc_quality_config-i0-ro-o1-ln-c1-fx-118ffe5bd648,pc_quality_config,RO,PC,-0.0001853539365583856,-12.000185489645446,-12.000000135708888,1
pc-pc_quality_config-i1-ar-o0-ll-c0-fe-8cb18285a896,pc_quality_config,AR,PC,-0.02226077183149755,-4.5900880098342896,-4.567827238002792,1
pc-pc_quality_config-i1-ar-o0-ll-c0-fh-7a0cb765cdf7,pc_quality_config,AR,PC,-0.013700582421733998,-4.401010064408183,-4.387309481986449,1
pc-pc_quality_config-i1-ar-o0-ll-c1-fe-e96b02a4bc28,pc_quality_config,AR,PC,-0.00040501204057363793,-8.6253448724745,-8.624939860433926,1
pc-pc_quality_config-i1-ar-o0-ll-c1-fh-dfd43f5703c5,pc_quality_config,AR,PC,-0.0011589075293159112,-7.001133799551326,-6.99997489202201,1
pc-pc_quality_config-i1-ar-o0-ln-c0-fe-7c1e7887b732,pc_quality_config,AR,PC,-0.020004345220513642,-4.4480398297309875,-4.428035484510474,1
pc-pc_quality_config-i1-ar-o0-ln-c0-fh-9928db77172b,pc_quality_config,AR,PC,-0.013441934737784322,-4.39029062341433,-4.376848688676546,1
pc-pc_quality_config-i1-ar-o0-ln-c1-fe-0f829584c287,pc_quality_config,AR,PC,-0.000596307756495662,-8.375384926795789,-8.374788619039293,1
pc-pc_quality_config-i1-ar-o0-ln-c1-fh-69586f5d82c7,pc_quality_config,AR,PC,-0.000920495978789404,-7.250890016555104,-7.249969520576315,1
pc-pc_quality_config-i1-ar-o1-ll-c0-fe-a7514a9b0dbe,pc_quality_config,AR,PC,-0.001756079378509412,-18.251787185668945,-18.250031106290436,1
pc-pc_quality_config-i1-ar-o1-ll-c0-fh-610ca75859fb,pc_quality_config,AR,PC,-0.0012647261609686211,-16.251510620117188,-16.25024589395622,1
pc-pc_quality_config-i1-ar-o1-ll-c1-fe-b7c4c7ac7f0f,pc_quality_config,AR,PC,-7.617207484145183e-05,-24.000080108642578,-24.000003936567737,1
pc-pc_quality_config-i1-ar-o1-ll-c1-fh-d2a6bd363fba,pc_quality_config,AR,PC,-0.00010907087812483951,-21.312620162963867,-21.312511092085742,1
pc-pc_quality_config-i1-ar-o1-ln-c0-fe-464991c0ed3e,pc_quality_config,AR,PC,-0.0020537734962715604,-17.877073764801025,-17.875019991304754,1
pc-pc_quality_config-i1-ar-o1-ln-c0-fh-bc88fd3002e8,pc_quality_config,AR,PC,-0.0016584944678186275,-15.376898765563965,-15.375240271096146,1
pc-pc_quality_config-i1-ar-o1-ln-c1-fe-97ab8eb6ab02,pc_quality_config,AR,PC,-7.331141205213498e-05,-20.812774658203125,-20.812701346791073,1
pc-pc_quality_config-i1-ar-o1-ln-c1-fh-f0f9b7125e41,pc_quality_config,AR,PC,-6.127184360593674e-05,-19.250441551208496,-19.25038027936489,1
pc-pc_quality_config-i1-ro-o0-ll-c0-fx-0db3b4e49bc9,pc_quality_config,RO,PC,-0.26680076122033825,-1.5168021917274928,-1.2500014305071545,1
pc-pc_quality_config-i1-ro-o0-ll-c1-fx-65355a11d9f6,pc_quality_config,RO,PC,-0.0015913778765934694,-7.251590132704678,-7.249998754828084,1
pc-pc_quality_config-i1-ro-o0-ln-c0-fx-8d4fce246052,pc_quality_config,RO,PC,-0.2956459820254622,-1.4206475019400386,-1.1250015199145764,1
pc-pc_quality_config-i1-ro-o0-ln-c1-fx-c920f4614abb,pc_quality_config,RO,PC,-0.0017019419306052441,-7.126699805252883,-7.124997863322278,1
pc-pc_quality_config-i1-ro-o1-ll-c0-fx-a5c3398d3956,pc_quality_config,RO,PC,-0.0001265924355493553,-11.437665461671713,-11.437538869236164,1
pc-pc_quality_config-i1-ro-o1-ll-c1-fx-5e143c459db0,pc_quality_config,RO,PC,-7.462243547706748e-05,-16.375078797320384,-16.375004174884907,1
pc-pc_quality_config-i1-ro-o1-ln-c0-fx-c8f4d295708f,pc_quality_config,RO,PC,-0.0005990861096734079,-8.125623702671874,-8.1250246165622,1
pc-pc_quality_config-i1-ro-o1-ln-c1-fx-358344f07a2d,pc_quality_config,RO,PC,-0.00017438837426198006,-12.125175118440438,-12.125000730066176,1
pc-pc_quality_config-i2-ar-o0-ll-c0-fe-d82faa5c8216,pc_quality_config,AR,PC,-0.020407625299412757,-4.493970096111298,-4.473562470811885,1
pc-pc_quality_config-i2-ar-o0-ll-c0-fh-cabb4478c04e,pc_quality_config,AR,PC,-0.024703449264052324,-3.77914537768811,-3.7544419284240576,1
pc-pc_quality_config-i2-ar-o0-ll-c1-fe-b044aef62d0d,pc_quality_config,AR,PC,-0.000541439549124334,-8.250505805015507,-8.249964365466383,1
pc-pc_quality_config-i2-ar-o0-ll-c1-fh-f4a30c52c00b,pc_quality_config,AR,PC,-0.00352739024310722,-5.753491044041311,-5.749963653798204,1
pc-pc_quality_config-i2-ar-o0-ln-c0-fe-18ee986f03db,pc_quality_config,AR,PC,-0.022548762150108814,-4.178171515464783,-4.155622753314674,1
pc-pc_quality_config-i2-ar-o0-ln-c0-fh-face0d236ffd,pc_quality_config,AR,PC,-0.027509719628142193,-3.6526064715872053,-3.625096751959063,1
pc-pc_quality_config-i2-ar-o0-ln-c1-fe-6b3bd66c01fc,pc_quality_config,AR,PC,-0.0007649092731298879,-8.00055539607996,-7.99979048680683,1
pc-pc_quality_config-i2-ar-o0-ln-c1-fh-d366178c619e,pc_quality_config,AR,PC,-0.002810867204971146,-6.0027513504001035,-5.999940483195132,1
pc-pc_quality_config-i2-ar-o1-ll-c0-fe-43ed008fb0e6,pc_quality_config,AR,PC,-0.0032766964286494726,-15.878380298614502,-15.875103602185852,1
pc-pc_quality_config-i2-ar-o1-ll-c0-fh-08b2ab7e2136,pc_quality_config,AR,PC,-0.0019634757189805896,-13.004179000854492,-13.002215525135512,1
pc-pc_quality_config-i2-ar-o1-ll-c1-fe-59af72803cbd,pc_quality_config,AR,PC,-0.000102991666494745,-21.187661170959473,-21.187558179292978,1
pc-pc_quality_config-i2-ar-o1-ll-c1-fh-1ffda6cc0cc2,pc_quality_config,AR,PC,-0.00015984727042450686,-17.312996864318848,-17.312837017048423,1
pc-pc_quality_config-i2-ar-o1-ln-c0-fe-bf6e1176585a,pc_quality_config,AR,PC,-0.003547686384983706,-16.87857151031494,-16.875023823929958,1
pc-pc_quality_config-i2-ar-o1-ln-c0-fh-b1d2a11cf891,pc_quality_config,AR,PC,-0.002976157469646523,-12.130471229553223,-12.127495072083576,1
pc-pc_quality_config-i2-ar-o1-ln-c1-fe-b373671012d7,pc_quality_config,AR,PC,-7.47415954265307e-05,-20.000370979309082,-20.000296237713656,1
pc-pc_quality_config-i2-ar-o1-ln-c1-fh-f2ef3d6f1ec2,pc_quality_config,AR,PC,-7.927119941086858e-05,-15.570189952850342,-15.570110681650931,1
pc-pc_quality_config-i2-ro-o0-ll-c0-fx-e0048b490de4,pc_quality_config,RO,PC,-0.238430425521301,-1.6134325265770713,-1.3750021010557703,1
pc-pc_quality_config-i2-ro-o0-ll-c1-fx-2a907a0a8da2,pc_quality_config,RO,PC,-0.0018257002698192082,-6.876825213423672,-6.874999513153853,1
pc-pc_quality_config-i2-ro-o0-ln-c0-fx-763e36e1d2a2,pc_quality_config,RO,PC,-0.3262682855113326,-1.3262708187012322,-1.0000025331898996,1
pc-pc_quality_config-i2-ro-o0-ln-c1-fx-b045636e0725,pc_quality_config,RO,PC,-0.001957059476808354,-6.7519558668068385,-6.74999880733003,1
pc-pc_quality_config-i2-ro-o1-ll-c0-fx-d82a7e2b5521,pc_quality_config,RO,PC,-0.00013934611274635245,-10.750165938949067,-10.75002659283632,1
pc-pc_quality_config-i2-ro-o1-ll-c1-fx-699a50a2c1a9,pc_quality_config,RO,PC,-0.00011348126145094284,-15.375116586661079,-15.375003105399628,1
pc-pc_quality_config-i2-ro-o1-ln-c0-fx-44f7f8810f0b,pc_quality_config,RO,PC,-0.0004375219864414248,-8.500456929003121,-8.50001940701668,1
pc-pc_quality_config-i2-ro-o1-ln-c1-fx-65582142aeb0,pc_quality_config,RO,PC,-0.00023445794977305923,-11.500234961501064,-11.500000503551291,1
pc-pc_quality_config-i3-ar-o0-ll-c0-fe-37b6e8228334,pc_quality_config,AR,PC,-0.031134970718994737,-3.732247121632099,-3.7011121509131044,1
pc-pc_quality_config-i3-ar-o0-ll-c0-fh-4cd27cfc54ac,pc_quality_config,AR,PC,-0.033878655871376395,-3.5330122899031267,-3.4991336340317503,1
pc-pc_quality_config-i3-ar-o0-ll-c1-fe-c4c0ba2a8a2c,pc_quality_config,AR,PC,-0.0003439833180891583,-9.000330090522759,-8.99998610720467,1
pc-pc_quality_config-i3-ar-o0-ll-c1-fh-289a1f1581e6,pc_quality_config,AR,PC,-0.0008317584615724627,-7.500803112983533,-7.499971354521961,1
pc-pc_quality_config-i3-ar-o0-ln-c0-fe-198bbebcca57,pc_quality_config,AR,PC,-0.03356176940724254,-3.565039958804846,-3.5314781893976033,1
pc-pc_quality_config-i3-ar-o0-ln-c0-fh-d956e8e8a943,pc_quality_config,AR,PC,-0.028248666843865067,-3.6528336228220724,-3.6245849559782073,1
pc-pc_quality_config-i3-ar-o0-ln-c1-fe-07bd195420d3,pc_quality_config,AR,PC,-0.0006009338976582512,-8.500471234321587,-8.499870300423929,1
pc-pc_quality_config-i3-ar-o0-ln-c1-fh-22617e9b7660,pc_quality_config,AR,PC,-0.0008366751790163107,-7.50076234340662,-7.499925668227604,1
pc-pc_quality_config-i3-ar-o1-ll-c0-fe-b7b2901e03d7,pc_quality_config,AR,PC,-0.0022506404202360386,-19.12726402282715,-19.125013382406912,1
pc-pc_quality_config-i3-ar-o1-ll-c0-fh-bf6f1543b51f,pc_quality_config,AR,PC,-0.001573754358098256,-15.377074241638184,-15.375500487280085,1
pc-pc_quality_config-i3-ar-o1-ll-c1-fe-7ade442c6692,pc_quality_config,AR,PC,-0.00011014347444415762,-25.50011157989502,-25.500001436420575,1
pc-pc_quality_config-i3-ar-o1-ll-c1-fh-cc0863a9a7bf,pc_quality_config,AR,PC,-0.0001047796740749618,-23.56260585784912,-23.562501078175046,1
pc-pc_quality_config-i3-ar-o1-ln-c0-fe-776a47d81fe0,pc_quality_config,AR,PC,-0.0029866162221807713,-17.753002643585205,-17.750016027363024,1
pc-pc_quality_config-i3-ar-o1-ln-c0-fh-2c3c6ea45c5e,pc_quality_config,AR,PC,-0.0020792314317006344,-14.877422332763672,-14.875343101331971,1
pc-pc_quality_config-i3-ar-o1-ln-c1-fe-62d92fba6d1e,pc_quality_config,AR,PC,-8.499283626406395e-05,-21.437694549560547,-21.437609556724283,1
pc-pc_quality_config-i3-ar-o1-ln-c1-fh-0d5213c963b6,pc_quality_config,AR,PC,-5.8768562666955404e-05,-20.750263214111328,-20.75020444554866,1
pc-pc_quality_config-i3-ro-o0-ll-c0-fx-b2f862191ab1,pc_quality_config,RO,PC,-0.3697905242422621,-1.2447928190140374,-0.8750022947717753,1
pc-pc_quality_config-i3-ro-o0-ll-c1-fx-d9958b405955,pc_quality_config,RO,PC,-0.0021043394158368756,-6.877102732655885,-6.874998393240048,1
pc-pc_quality_config-i3-ro-o0-ln-c0-fx-aab18082b753,pc_quality_config,RO,PC,-0.3657244443872969,-1.2407267093567498,-0.8750022649694529,1
pc-pc_quality_config-i3-ro-o0-ln-c1-fx-b8044b4686a9,pc_quality_config,RO,PC,-0.002196650008954748,-6.752194166180061,-6.749997516171106,1
pc-pc_quality_config-i3-ro-o1-ll-c0-fx-bc0a00c06642,pc_quality_config,RO,PC,-0.00014184914414272498,-11.812662720447406,-11.812520871303263,1
pc-pc_quality_config-i3-ro-o1-ll-c1-fx-abc9f6400163,pc_quality_config,RO,PC,-0.00011050126522604842,-16.50011098383993,-16.500000482574706,1
pc-pc_quality_config-i3-ro-o1-ln-c0-fx-c8969eac44ee,pc_quality_config,RO,PC,-0.0003109690145493005,-9.250325560447891,-9.250014591433342,1
pc-pc_quality_config-i3-ro-o1-ln-c1-fx-07aa19548ee8,pc_quality_config,RO,PC,-0.00027342949351805146,-11.500273466106819,-11.5000000366133,1
pc-pc_quality_config-i4-ar-o0-ll-c0-fe-d44cc5d2a1c9,pc_quality_config,AR,PC,-0.011528362985700369,-5.3937801122665405,-5.38225174928084,1
pc-pc_quality_config-i4-ar-o0-ll-c0-fh-748ce518726f,pc_quality_config,AR,PC,-0.009950526029570028,-4.793388195335865,-4.783437669306295,1
pc-pc_quality_config-i4-ar-o0-ll-c1-fe-562950fd744b,pc_quality_config,AR,PC,-0.000571476251934655,-8.000510692596322,-7.999939216344387,1
pc-pc_quality_config-i4-ar-o0-ll-c1-fh-27293beba19f,pc_quality_config,AR,PC,-0.0017961909688892774,-6.501723885533011,-6.499927694564121,1
pc-pc_quality_config-i4-ar-o0-ln-c0-fe-f4cdf4b7cf6f,pc_quality_config,AR,PC,-0.011115726112620905,-4.917002707719803,-4.905886981607182,1
pc-pc_quality_config-i4-ar-o0-ln-c0-fh-e75eecf4c17f,pc_quality_config,AR,PC,-0.015229546173941344,-4.276224112138152,-4.260994565964211,1
pc-pc_quality_config-i4-ar-o0-ln-c1-fe-583fcc4f3fc4,pc_quality_config,AR,PC,-0.0011674535053316504,-7.250898599624605,-7.249731146119274,1
pc-pc_quality_config-i4-ar-o0-ln-c1-fh-bcabb970bac1,pc_quality_config,AR,PC,-0.0018095446284860373,-6.501721382139294,-6.499911837510808,1
pc-pc_quality_config-i4-ar-o1-ll-c0-fe-5be1a42f38dd,pc_quality_config,AR,PC,-0.002686465391882109,-17.877708435058594,-17.87502196966671,1
pc-pc_quality_config-i4-ar-o1-ll-c0-fh-ac6527d8ed86,pc_quality_config,AR,PC,-0.001471390598396738,-15.50174856185913,-15.500277171260734,1
pc-pc_quality_config-i4-ar-o1-ll-c1-fe-4844e4b1dfe5,pc_quality_config,AR,PC,-0.00016437680960734724,-18.187997817993164,-18.187833441183557,1
pc-pc_quality_config-i4-ar-o1-ll-c1-fh-85769dd9f784,pc_quality_config,AR,PC,-0.00015555670370304142,-18.062832832336426,-18.062677275632723,1
pc-pc_quality_config-i4-ar-o1-ln-c0-fe-a1d283443370,pc_quality_config,AR,PC,-0.003730245633043694,-17.503743648529053,-17.50001340289601,1
pc-pc_quality_config-i4-ar-o1-ln-c0-fh-fc7ef5f8049a,pc_quality_config,AR,PC,-0.002453533932538221,-14.752696514129639,-14.7502429801971,1
pc-pc_quality_config-i4-ar-o1-ln-c1-fe-5bce7a81e4d7,pc_quality_config,AR,PC,-0.00013577118534158217,-16.190436840057373,-16.19030106887203,1
pc-pc_quality_config-i4-ar-o1-ln-c1-fh-88c295782036,pc_quality_config,AR,PC,-9.21449013731035e-05,-16.315396785736084,-16.31530464083471,1
pc-pc_quality_config-i4-ro-o0-ll-c0-fx-b467f5292f4d,pc_quality_config,RO,PC,-0.5411726236288814,-0.9161735772995598,-0.3750009536706784,1
pc-pc_quality_config-i4-ro-o0-ll-c1-fx-e54229e7fb78,pc_quality_config,RO,PC,-0.0013781943889625836,-7.501374244678573,-7.49999605028961,1
pc-pc_quality_config-i4-ro-o0-ln-c0-fx-a0dbd580400b,pc_quality_config,RO,PC,-0.48831427096979496,-0.9883153438499903,-0.5000010728801954,1
pc-pc_quality_config-i4-ro-o0-ln-c1-fx-aa755780a1cc,pc_quality_config,RO,PC,-0.0016226843818003545,-7.12661874293417,-7.1249960585523695,1
pc-pc_quality_config-i4-ro-o1-ll-c0-fx-5cb2b6b5f6c4,pc_quality_config,RO,PC,-0.0001062099969431074,-12.250164149438206,-12.250057939441263,1
pc-pc_quality_config-i4-ro-o1-ll-c1-fx-47212c0f6e3b,pc_quality_config,RO,PC,-9.548269508741214e-05,-16.000094771360637,-15.999999288665549,1
pc-pc_quality_config-i4-ro-o1-ln-c0-fx-8a4e8a3a2584,pc_quality_config,RO,PC,-0.000374843278791559,-8.750394582533772,-8.75001973925498,1
pc-pc_quality_config-i4-ro-o1-ln-c1-fx-300a2c5f4796,pc_quality_config,RO,PC,-0.00021586587490673992,-11.875215649592974,-11.874999783718067,1
pc-pc_quality_tests-i0-ar-o0-ll-c0-fe-752c76e594c7,pc_quality_tests,AR,PC,-0.009578654600773007,-4.901831578463316,-4.892252923862543,1
pc-pc_quality_tests-i0-ar-o0-ll-c0-fh-6f80ec4464b2,pc_quality_tests,AR,PC,-0.006434973396608257,-5.260016950080171,-5.253581976683563,1
pc-pc_quality_tests-i0-ar-o0-ll-c1-fe-9d6864ead571,pc_quality_tests,AR,PC,-0.0023900094092823565,-6.37705218791956,-6.3746621785102775,1
pc-pc_quality_tests-i0-ar-o0-ll-c1-fh-15ecaec394bf,pc_quality_tests,AR,PC,-0.003415732047869824,-5.878337144851457,-5.874921412803587,1
pc-pc_quality_tests-i0-ar-o0-ln-c0-fe-d695881de0f8,pc_quality_tests,AR,PC,-0.017541708191856742,-4.27611930295825,-4.258577594766393,1
pc-pc_quality_tests-i0-ar-o0-ln-c0-fh-2b6774979a8a,pc_quality_tests,AR,PC,-0.007626375459949486,-5.009314270922914,-5.001687895462965,1
pc-pc_quality_tests-i0-ar-o0-ln-c1-fe-1d459f95a3d2,pc_quality_tests,AR,PC,-0.015660868491977453,-4.883052110671969,-4.867391242179991,1
pc-pc_quality_tests-i0-ar-o0-ln-c1-fh-3871fa10ffc4,pc_quality_tests,AR,PC,-0.005705130308342632,-5.255644679069462,-5.24993954876112,1
pc-pc_quality_tests-i0-ar-o1-ll-c0-fe-430afce18b60,pc_quality_tests,AR,PC,-0.03260577470063453,-6.227547645568848,-6.194941870868213,1
pc-pc_quality_tests-i0-ar-o1-ll-c0-fh-aee52d1d60c5,pc_quality_tests,AR,PC,-0.014030399732178012,-5.7023173570632935,-5.6882869573311154,1
pc-pc_quality_tests-i0-ar-o1-ll-c1-fe-7ef2a8512d11,pc_quality_tests,AR,PC,-0.011449545596406097,-6.529120683670044,-6.517671138073638,1
pc-pc_quality_tests-i0-ar-o1-ll-c1-fh-650a25133614,pc_quality_tests,AR,PC,-0.026637945312813827,-5.1535727977752686,-5.126934852462455,1
pc-pc_quality_tests-i0-ar-o1-ln-c0-fe-7ce28750cb31,pc_quality_tests,AR,PC,-0.04444637894624748,-6.099331855773926,-6.054885476827678,1
pc-pc_quality_tests-i0-ar-o1-ln-c0-fh-8d610a68ce15,pc_quality_tests,AR,PC,-0.034888718277187536,-4.546773791313171,-4.511885073035984,1
pc-pc_quality_tests-i0-ar-o1-ln-c1-fe-8c80fded40b1,pc_quality_tests,AR,PC,-0.02092780171233244,-4.870004057884216,-4.849076256171884,1
pc-pc_quality_tests-i0-ar-o1-ln-c1-fh-9a9dd0695dac,pc_quality_tests,AR,PC,-0.026618033644808747,-3.9327700436115265,-3.9061520099667177,1
pc-pc_quality_tests-i0-ro-o0-ll-c0-fx-86ddd75d8a97,pc_quality_tests,RO,PC,-1.078269362449305,-0.45327872032794403,0.6249906421213609,1
pc-pc_quality_tests-i0-ro-o0-ll-c1-fx-9c3374d1e7e0,pc_quality_tests,RO,PC,-0.0008241127354722266,-8.000829935049751,-8.000005822314279,1
pc-pc_quality_tests-i0-ro-o0-ln-c0-fx-d2087f6a4698,pc_quality_tests,RO,PC,-1.326311945914881,-0.3263172507095078,0.9999946952053733,1
pc-pc_quality_tests-i0-ro-o0-ln-c1-fx-4e01b87ea03b,pc_quality_tests,RO,PC,-0.0013921116474193695,-7.126394629471633,-7.125002517824214,1
pc-pc_quality_tests-i0-ro-o1-ll-c0-fx-76df76fa1f5b,pc_quality_tests,RO,PC,-0.014890313137129851,-4.3898944854327056,-4.375004172295576,1
pc-pc_quality_tests-i0-ro-o1-ll-c1-fx-f169b09aa12e,pc_quality_tests,RO,PC,-0.0002613946780911647,-14.00025165080865,-13.999990256130559,1
pc-pc_quality_tests-i0-ro-o1-ln-c0-fx-385dc7666dc3,pc_quality_tests,RO,PC,-0.164803355928143,-1.9148032665214032,-1.7499999105932602,1
pc-pc_quality_tests-i0-ro-o1-ln-c1-fx-f25c0a7001e0,pc_quality_tests,RO,PC,-0.00041857825044644414,-10.625413060187725,-10.624994481937279,1
pc-pc_quality_tests-i1-ar-o0-ll-c0-fe-c78d4b3c437b,pc_quality_tests,AR,PC,-0.0033938134147319943,-6.261589402332902,-6.25819558891817,1
pc-pc_quality_tests-i1-ar-o0-ll-c0-fh-bfa077852e67,pc_quality_tests,AR,PC,-0.0023219405356940115,-6.627601577114547,-6.625279636578853,1
pc-pc_quality_tests-i1-ar-o0-ll-c1-fe-904fe47b1e04,pc_quality_tests,AR,PC,-0.0013132881576893851,-7.00122666358925,-6.999913375431561,1
pc-pc_quality_tests-i1-ar-o0-ll-c1-fh-a01e8b70492c,pc_quality_tests,AR,PC,-0.0011975827846981701,-7.001191496848719,-6.999993914064021,1
pc-pc_quality_tests-i1-ar-o0-ln-c0-fe-1dac09b5d2da,pc_quality_tests,AR,PC,-0.005413351638708264,-5.509486446622759,-5.504073094984051,1
pc-pc_quality_tests-i1-ar-o0-ln-c0-fh-4d36c29430d6,pc_quality_tests,AR,PC,-0.002420510514639318,-6.377449630701449,-6.3750291201868095,1
pc-pc_quality_tests-i1-ar-o0-ln-c1-fe-246e03f12692,pc_quality_tests,AR,PC,-0.005411444813944399,-5.753480315208378,-5.748068870394434,1
pc-pc_quality_tests-i1-ar-o0-ln-c1-fh-5e8c0ee7b634,pc_quality_tests,AR,PC,-0.0021730996509177203,-6.252168297767469,-6.249995198116551,1
pc-pc_quality_tests-i1-ar-o1-ll-c0-fe-c4279c15a6e8,pc_quality_tests,AR,PC,-0.02519791759544887,-5.500617265701294,-5.475419348105845,1
pc-pc_quality_tests-i1-ar-o1-ll-c0-fh-a650fa5fefd5,pc_quality_tests,AR,PC,-0.011606908403166472,-5.32977819442749,-5.318171286024324,1
pc-pc_quality_tests-i1-ar-o1-ll-c1-fe-0a2dc141709f,pc_quality_tests,AR,PC,-0.009002500200040231,-8.047040224075317,-8.038037723875277,1
pc-pc_quality_tests-i1-ar-o1-ll-c1-fh-3a3ecb65fe0c,pc_quality_tests,AR,PC,-0.018427558235089236,-6.948313236236572,-6.929885678001483,1
pc-pc_quality_tests-i1-ar-o1-ln-c0-fe-9cfd5d5059d8,pc_quality_tests,AR,PC,-0.06409974396217422,-4.831777334213257,-4.767677590251083,1
pc-pc_quality_tests-i1-ar-o1-ln-c0-fh-9ef10de31b70,pc_quality_tests,AR,PC,-0.05001327022904434,-3.573148787021637,-3.5231355167925926,1
pc-pc_quality_tests-i1-ar-o1-ln-c1-fe-95ad7202f4c3,pc_quality_tests,AR,PC,-0.014476343046226248,-5.766403555870056,-5.75192721282383,1
pc-pc_quality_tests-i1-ar-o1-ln-c1-fh-432d7c48efea,pc_quality_tests,AR,PC,-0.03008369542340006,-4.106025755405426,-4.075942059982026,1
pc-pc_quality_tests-i1-ro-o0-ll-c0-fx-d909c5573163,pc_quality_tests,RO,PC,-0.7146217823024017,-0.7146286964107276,-6.914108325872803e-06,1
pc-pc_quality_tests-i1-ro-o0-ll-c1-fx-9c70988387b4,pc_quality_tests,RO,PC,-0.0009265428521985086,-7.750928878778723,-7.750002335926524,1
pc-pc_quality_tests-i1-ro-o0-ln-c0-fx-8f1cfcf432f0,pc_quality_tests,RO,PC,-0.8415078520773136,-0.591512739643349,0.24999511243396455,1
pc-pc_quality_tests-i1-ro-o0-ln-c1-fx-4d62adcece84,pc_quality_tests,RO,PC,-0.0015154328427797736,-7.001516342162063,-7.000000909319283,1
pc-pc_quality_tests-i1-ro-o1-ll-c0-fx-064d5d0ebadd,pc_quality_tests,RO,PC,-0.013213023537900881,-4.513216018657658,-4.5000029951197575,1
pc-pc_quality_tests-i1-ro-o1-ll-c1-fx-b8befe4b360e,pc_quality_tests,RO,PC,-0.0005828872363053961,-11.250577092168669,-11.249994204932364,1
pc-pc_quality_tests-i1-ro-o1-ln-c0-fx-156ce0cc6f23,pc_quality_tests,RO,PC,-0.18441034853299243,-1.8094105720499556,-1.6250002235169632,1
pc-pc_quality_tests-i1-ro-o1-ln-c1-fx-ffbb898898cb,pc_quality_tests,RO,PC,-0.001399616699472972,-8.126396417617116,-8.124996800917643,1
pc-pc_quality_tests-i2-ar-o0-ll-c0-fe-9a74171f0864,pc_quality_tests,AR,PC,-0.012179014825960621,-4.512694695673417,-4.500515680847457,1
pc-pc_quality_tests-i2-ar-o0-ll-c0-fh-90efc6d3d79f,pc_quality_tests,AR,PC,-0.006294813459589932,-5.256295442563442,-5.250000629103852,1
pc-pc_quality_tests-i2-ar-o0-ll-c1-fe-49bc0cd67d76,pc_quality_tests,AR,PC,-0.0010019000983447768,-7.375902414321672,-7.374900514223327,1
pc-pc_quality_tests-i2-ar-o0-ll-c1-fh-b5a466acc8f4,pc_quality_tests,AR,PC,-0.003027697917787009,-6.00300264358475,-5.999974945666963,1
pc-pc_quality_tests-i2-ar-o0-ln-c0-fe-a827b099fd37,pc_quality_tests,AR,PC,-0.015639231249224395,-4.265728931699414,-4.250089700450189,1
pc-pc_quality_tests-i2-ar-o0-ln-c0-fh-e474b986a018,pc_quality_tests,AR,PC,-0.00943397636183363,-4.759432792656298,-4.749998816294465,1
pc-pc_quality_tests-i2-ar-o0-ln-c1-fe-a2ae2af0547c,pc_quality_tests,AR,PC,-0.003424532536882907,-6.1275089979171184,-6.1240844653802355,1
pc-pc_quality_tests-i2-ar-o0-ln-c1-fh-2fc1d9111f3b,pc_quality_tests,AR,PC,-0.003978069478762336,-5.628950715064832,-5.62497264558607,1
pc-pc_quality_tests-i2-ar-o1-ll-c0-fe-265305c7489f,pc_quality_tests,AR,PC,-0.01003459189086442,-10.265273571014404,-10.25523897912354,1
pc-pc_quality_tests-i2-ar-o1-ll-c0-fh-466d11c64ff0,pc_quality_tests,AR,PC,-0.010828784666841784,-7.33974027633667,-7.328911491669828,1
pc-pc_quality_tests-i2-ar-o1-ll-c1-fe-6d6b0ef24d4e,pc_quality_tests,AR,PC,-0.0034853282827498333,-8.565452814102173,-8.561967485819423,1
pc-pc_quality_tests-i2-ar-o1-ll-c1-fh-ec47e83a2dac,pc_quality_tests,AR,PC,-0.012810944575448957,-5.361903607845306,-5.349092663269857,1
pc-pc_quality_tests-i2-ar-o1-ln-c0-fe-3e7dc7b79926,pc_quality_tests,AR,PC,-0.01250639464705472,-9.892130374908447,-9.879623980261393,1
pc-pc_quality_tests-i2-ar-o1-ln-c0-fh-9e14f43b7bdb,pc_quality_tests,AR,PC,-0.022135691717238615,-5.598567605018616,-5.576431913301377,1
pc-pc_quality_tests-i2-ar-o1-ln-c1-fe-b9f7282fb75d,pc_quality_tests,AR,PC,-0.0038301311406030436,-7.330243349075317,-7.326413217934714,1
pc-pc_quality_tests-i2-ar-o1-ln-c1-fh-7b79d6f33e26,pc_quality_tests,AR,PC,-0.0088550141072119,-4.885787531733513,-4.876932517626301,1
pc-pc_quality_tests-i2-ro-o0-ll-c0-fx-3ad492468474,pc_quality_tests,RO,PC,-0.4044106304629622,-1.1544166803050757,-0.7500060498421135,1
pc-pc_quality_tests-i2-ro-o0-ll-c1-fx-753930523b2c,pc_quality_tests,RO,PC,-0.0006607981039223887,-8.250666856734824,-8.250006058630902,1
pc-pc_quality_tests-i2-ro-o0-ln-c0-fx-3876401b0dc3,pc_quality_tests,RO,PC,-0.59018385410252,-0.8401864767006373,-0.25000262259811734,1
pc-pc_quality_tests-i2-ro-o0-ln-c1-fx-de027bdff8f1,pc_quality_tests,RO,PC,-0.001166498753605083,-7.376170158374862,-7.375003659621257,1
pc-pc_quality_tests-i2-ro-o1-ll-c0-fx-383a965d363e,pc_quality_tests,RO,PC,-0.0024623484159747022,-6.5024623870658615,-6.500000038649887,1
pc-pc_quality_tests-i2-ro-o1-ll-c1-fx-d4fc774d865f,pc_quality_tests,RO,PC,-0.00036257170540920924,-12.93785762786456,-12.93749505615915,1
pc-pc_quality_tests-i2-ro-o1-ln-c0-fx-f97c8e02eba7,pc_quality_tests,RO,PC,-0.015784021461513476,-4.265781998633088,-4.249997977171574,1
pc-pc_quality_tests-i2-ro-o1-ln-c1-fx-35223fc83362,pc_quality_tests,RO,PC,-0.0007497872461499355,-10.125746369360627,-10.124996582114477,1
pc-pc_quality_tests-i3-ar-o0-ll-c0-fe-cfe3ad23ef05,pc_quality_tests,AR,PC,-0.02036571758799255,-4.143602831289172,-4.12323711370118,1
pc-pc_quality_tests-i3-ar-o0-ll-c0-fh-c32843bbc5c9,pc_quality_tests,AR,PC,-0.010630042786942795,-4.760454416264565,-4.749824373477622,1
pc-pc_quality_tests-i3-ar-o0-ll-c1-fe-1a1bca766bbc,pc_quality_tests,AR,PC,-0.0013625941801365116,-7.001358270644914,-6.999995676464778,1
pc-pc_quality_tests-i3-ar-o0-ll-c1-fh-d9394ec65beb,pc_quality_tests,AR,PC,-0.0020791217575606424,-6.627074718475228,-6.6249955967176675,1
pc-pc_quality_tests-i3-ar-o0-ln-c0-fe-8b9cf17625dc,pc_quality_tests,AR,PC,-0.015011629555374384,-4.388891146983951,-4.373879517428577,1
pc-pc_quality_tests-i3-ar-o0-ln-c0-fh-e6e28c093af3,pc_quality_tests,AR,PC,-0.008786229533143342,-4.883748412128398,-4.8749621825952545,1
pc-pc_quality_tests-i3-ar-o0-ln-c1-fe-066d7c555442,pc_quality_tests,AR,PC,-0.0036025132867507637,-5.753515958785982,-5.749913445499232,1
pc-pc_quality_tests-i3-ar-o0-ln-c1-fh-ceacc3e50e29,pc_quality_tests,AR,PC,-0.0025187155451931176,-6.1275117397308065,-6.124993024185613,1
pc-pc_quality_tests-i3-ar-o1-ll-c0-fe-a3cdc6443e18,pc_quality_tests,AR,PC,-0.011773859150700616,-5.579936742782593,-5.568162883631892,1
pc-pc_quality_tests-i3-ar-o1-ll-c0-fh-85118e1ace8d,pc_quality_tests,AR,PC,-0.012203908525350471,-5.024128884077072,-5.011924975551722,1
pc-pc_quality_tests-i3-ar-o1-ll-c1-fe-12682b55908a,pc_quality_tests,AR,PC,-0.009326246564569374,-9.146835803985596,-9.137509557421026,1
pc-pc_quality_tests-i3-ar-o1-ll-c1-fh-0523dcf25da2,pc_quality_tests,AR,PC,-0.04354735835659085,-5.186227321624756,-5.142679963268165,1
pc-pc_quality_tests-i3-ar-o1-ln-c0-fe-34a122cf29a1,pc_quality_tests,AR,PC,-0.009685902856283235,-6.56443727016449,-6.5547513673082065,1
pc-pc_quality_tests-i3-ar-o1-ln-c0-fh-a14dbd42d462,pc_quality_tests,AR,PC,-0.02784162014719982,-4.039733976125717,-4.011892355978517,1
pc-pc_quality_tests-i3-ar-o1-ln-c1-fe-1074da18b6df,pc_quality_tests,AR,PC,-0.016351426018445636,-5.946097731590271,-5.929746305571825,1
pc-pc_quality_tests-i3-ar-o1-ln-c1-fh-df186529e714,pc_quality_tests,AR,PC,-0.07948284596045596,-2.8314147889614105,-2.7519319430009546,1
pc-pc_quality_tests-i3-ro-o0-ll-c0-fx-c5595827842a,pc_quality_tests,RO,PC,-1.460258483886264,-0.3352653681922675,1.1249931156939965,1
pc-pc_quality_tests-i3-ro-o0-ll-c1-fx-71a9874d14fa,pc_quality_tests,RO,PC,-0.0019657360388691814,-6.876969218245449,-6.87500348220658,1
pc-pc_quality_tests-i3-ro-o0-ln-c0-fx-d55692045a4d,pc_quality_tests,RO,PC,-0.9186303019519073,-0.5436348318903583,0.374995470061549,1
pc-pc_quality_tests-i3-ro-o0-ln-c1-fx-b60b5a9ddc5d,pc_quality_tests,RO,PC,-0.002466140314709264,-6.377467274663786,-6.375001134349077,1
pc-pc_quality_tests-i3-ro-o1-ll-c0-fx-b7977f7122e2,pc_quality_tests,RO,PC,-0.002721189282965497,-6.6277234554140705,-6.625002266131105,1
pc-pc_quality_tests-i3-ro-o1-ll-c1-fx-0d8050cd983d,pc_quality_tests,RO,PC,-0.000521170009051275,-12.188016295430543,-12.187495125421492,1
pc-pc_quality_tests-i3-ro-o1-ln-c0-fx-a238591c62b8,pc_quality_tests,RO,PC,-0.022712737319352527,-3.897714853277648,-3.8750021159582957,1
pc-pc_quality_tests-i3-ro-o1-ln-c1-fx-c1b607f253bc,pc_quality_tests,RO,PC,-0.0008172083571480471,-9.750812053679397,-9.749994845322249,1
pc-pc_quality_tests-i4-ar-o0-ll-c0-fe-4498e3242293,pc_quality_tests,AR,PC,-0.005956860579317436,-5.384711945895106,-5.378755085315788,1
pc-pc_quality_tests-i4-ar-o0-ll-c0-fh-6f2f712f3b72,pc_quality_tests,AR,PC,-0.004645992608857341,-5.629634976245143,-5.624988983636285,1
pc-pc_quality_tests-i4-ar-o0-ll-c1-fe-ad44657ad1fc,pc_quality_tests,AR,PC,-0.002070680003726011,-6.37706434726698,-6.374993667263254,1
pc-pc_quality_tests-i4-ar-o0-ll-c1-fh-59f3b1ce04cb,pc_quality_tests,AR,PC,-0.004083951249413076,-5.629063725471326,-5.624979774221913,1
pc-pc_quality_tests-i4-ar-o0-ln-c0-fe-0c88e50f372b,pc_quality_tests,AR,PC,-0.010263548174407333,-4.769316892139614,-4.759053343965206,1
pc-pc_quality_tests-i4-ar-o0-ln-c0-fh-f99e445d3c65,pc_quality_tests,AR,PC,-0.008516653351762216,-4.883515238691871,-4.8749985853401085,1
pc-pc_quality_tests-i4-ar-o0-ln-c1-fe-2201fd8ab5d8,pc_quality_tests,AR,PC,-0.0065034447179641575,-5.13136124610898,-5.124857801391016,1
pc-pc_quality_tests-i4-ar-o0-ln-c1-fh-deff789bdc27,pc_quality_tests,AR,PC,-0.007157490507779585,-5.007145166397066,-4.999987675889287,1
pc-pc_quality_tests-i4-ar-o1-ll-c0-fe-07187a0a97a9,pc_quality_tests,AR,PC,-0.0261150002479269,-4.912999629974365,-4.886884629726438,1
pc-pc_quality_tests-i4-ar-o1-ll-c0-fh-5f8d7d5b5126,pc_quality_tests,AR,PC,-0.03194267675269202,-4.055100858211517,-4.023158181458825,1
pc-pc_quality_tests-i4-ar-o1-ll-c1-fe-6987796978a6,pc_quality_tests,AR,PC,-0.02688910624692653,-4.875331997871399,-4.848442891624472,1
pc-pc_quality_tests-i4-ar-o1-ll-c1-fh-8151cc181a46,pc_quality_tests,AR,PC,-0.0490781888283891,-3.681682527065277,-3.632604338236888,1
pc-pc_quality_tests-i4-ar-o1-ln-c0-fe-4f36544c8f24,pc_quality_tests,AR,PC,-0.0395565889775682,-5.199786067008972,-5.160229478031404,1
pc-pc_quality_tests-i4-ar-o1-ln-c0-fh-86e11b83ff09,pc_quality_tests,AR,PC,-0.11475097388026256,-2.553028553724289,-2.4382775798440264,1
pc-pc_quality_tests-i4-ar-o1-ln-c1-fe-2586ce885779,pc_quality_tests,AR,PC,-0.03408713265730512,-3.9322107434272766,-3.8981236107699715,1
pc-pc_quality_tests-i4-ar-o1-ln-c1-fh-9cd4cc7dbf77,pc_quality_tests,AR,PC,-0.07047289609681684,-2.795680411159992,-2.7252075150631754,1
pc-pc_quality_tests-i4-ro-o0-ll-c0-fx-8f50831822a2,pc_quality_tests,RO,PC,-1.1546645164479514,-0.4046761392701228,0.7499883771778286,1
pc-pc_quality_tests-i4-ro-o0-ll-c1-fx-b9171865e5fb,pc_quality_tests,RO,PC,-0.0009501241726184162,-7.750954866394295,-7.750004742221677,1
pc-pc_quality_tests-i4-ro-o0-ln-c0-fx-1cffd39b35e9,pc_quality_tests,RO,PC,-1.3257181644436287,-0.3257252275634528,0.9999929368801759,1
pc-pc_quality_tests-i4-ro-o0-ln-c1-fx-d514deed286e,pc_quality_tests,RO,PC,-0.0018807844024308906,-6.751882433888795,-6.750001649486364,1
pc-pc_quality_tests-i4-ro-o1-ll-c0-fx-73c951b3f0cb,pc_quality_tests,RO,PC,-0.018753787495825236,-4.143753886216018,-4.125000098720193,1
pc-pc_quality_tests-i4-ro-o1-ll-c1-fx-8d49b899de4c,pc_quality_tests,RO,PC,-0.0005074694126960821,-11.687998890874724,-11.687491421462028,1
pc-pc_quality_tests-i4-ro-o1-ln-c0-fx-e66fd2cdbf80,pc_quality_tests,RO,PC,-0.16497585177262408,-1.9149751663202323,-1.7499993145476083,1
pc-pc_quality_tests-i4-ro-o1-ln-c1-fx-1b8890596877,pc_quality_tests,RO,PC,-0.0009233320988641935,-9.12591850757542,-9.124995175476556,1
pc-pc_safety_cleanup-i0-ar-o0-ll-c0-fe-1d22e26683f3,pc_safety_cleanup,AR,PC,-0.024823667481541634,-4.407056748867035,-4.382233081385493,1
pc-pc_safety_cleanup-i0-ar-o0-ll-c0-fh-5f6b6f0e6592,pc_safety_cleanup,AR,PC,-0.013493258560629329,-4.640403509140015,-4.626910250579385,1
pc-pc_safety_cleanup-i0-ar-o0-ll-c1-fe-d9006197b7d4,pc_safety_cleanup,AR,PC,-0.015625005355104804,-4.264912724483111,-4.249287719128006,1
pc-pc_safety_cleanup-i0-ar-o0-ll-c1-fh-8a3eceeddbc3,pc_safety_cleanup,AR,PC,-0.014988533574069152,-4.264938235271984,-4.249949701697915,1
pc-pc_safety_cleanup-i0-ar-o0-ln-c0-fe-3aeec1379e7b,pc_safety_cleanup,AR,PC,-0.03115017262462061,-3.673605337738991,-3.64245516511437,1
pc-pc_safety_cleanup-i0-ar-o0-ln-c0-fh-f202b34a0256,pc_safety_cleanup,AR,PC,-0.014917800118382729,-4.313505478203297,-4.298587678084914,1
pc-pc_safety_cleanup-i0-ar-o0-ln-c1-fe-f0554220b53e,pc_safety_cleanup,AR,PC,-0.015304987609852105,-4.264597654321733,-4.249292666711881,1
pc-pc_safety_cleanup-i0-ar-o0-ln-c1-fh-14dc751b4f79,pc_safety_cleanup,AR,PC,-0.018682859456021106,-4.018660068500594,-3.999977209044573,1
pc-pc_safety_cleanup-i0-ar-o1-ll-c0-fe-0d6ce387c671,pc_safety_cleanup,AR,PC,-0.00801833160210208,-11.010504722595215,-11.002486390993113,1
pc-pc_safety_cleanup-i0-ar-o1-ll-c0-fh-b1b59a2d926c,pc_safety_cleanup,AR,PC,-0.05648479238118398,-4.068454384803772,-4.011969592422588,1
pc-pc_safety_cleanup-i0-ar-o1-ll-c1-fe-5eec1bc3978f,pc_safety_cleanup,AR,PC,-0.011432660634454805,-5.73487663269043,-5.723443972055975,1
pc-pc_safety_cleanup-i0-ar-o1-ll-c1-fh-2ffd4f02acdd,pc_safety_cleanup,AR,PC,-0.04345506056051818,-3.4496155083179474,-3.406160447757429,1
pc-pc_safety_cleanup-i0-ar-o1-ln-c0-fe-6253b9fd89aa,pc_safety_cleanup,AR,PC,-0.02173451147967853,-8.160908222198486,-8.139173710718808,1
pc-pc_safety_cleanup-i0-ar-o1-ln-c0-fh-254734ba309b,pc_safety_cleanup,AR,PC,-0.16151621937734717,-2.2248551547527313,-2.063338935375384,1
pc-pc_safety_cleanup-i0-ar-o1-ln-c1-fe-d0c409748d22,pc_safety_cleanup,AR,PC,-0.02373334573894681,-4.20243713259697,-4.178703786858023,1
pc-pc_safety_cleanup-i0-ar-o1-ln-c1-fh-d65d3bb382e7,pc_safety_cleanup,AR,PC,-0.06250529734688826,-2.8914011865854263,-2.828895889238538,1
pc-pc_safety_cleanup-i0-ro-o0-ll-c0-fx-3043a6f43a4a,pc_safety_cleanup,RO,PC,-0.13632887601841048,-2.1363321542671656,-2.000003278248755,1
pc-pc_safety_cleanup-i0-ro-o0-ll-c1-fx-9f59af942e19,pc_safety_cleanup,RO,PC,-0.0010321787545990446,-7.626033782953527,-7.625001604198928,1
pc-pc_safety_cleanup-i0-ro-o0-ln-c0-fx-5b4767b610e2,pc_safety_cleanup,RO,PC,-0.1679055988787468,-1.9179077148403394,-1.7500021159615926,1
pc-pc_safety_cleanup-i0-ro-o0-ln-c1-fx-54fb3294baa9,pc_safety_cleanup,RO,PC,-0.002025937195185179,-6.627026438711482,-6.625000501516297,1
pc-pc_safety_cleanup-i0-ro-o1-ll-c0-fx-26c0a4f370d6,pc_safety_cleanup,RO,PC,-0.028167907141778414,-3.653173208195767,-3.6250053010539887,1
pc-pc_safety_cleanup-i0-ro-o1-ll-c1-fx-d25d80365ddd,pc_safety_cleanup,RO,PC,-0.00019727283824977349,-12.687694430349666,-12.687497157511416,1
pc-pc_safety_cleanup-i0-ro-o1-ln-c0-fx-7b8be9702320,pc_safety_cleanup,RO,PC,-0.1465583145563869,-2.0215640067644927,-1.8750056922081058,1
pc-pc_safety_cleanup-i0-ro-o1-ln-c1-fx-5b20f90eea0e,pc_safety_cleanup,RO,PC,-0.0006893913264320872,-8.75068736076014,-8.749997969433707,1
pc-pc_safety_cleanup-i1-ar-o0-ll-c0-fe-ec03cbf05ea5,pc_safety_cleanup,AR,PC,-0.010910654003964737,-5.609823703765869,-5.598913049761904,1
pc-pc_safety_cleanup-i1-ar-o0-ll-c0-fh-497f66e9aaba,pc_safety_cleanup,AR,PC,-0.01514566484183888,-4.61356520652771,-4.598419541685871,1
pc-pc_safety_cleanup-i1-ar-o0-ll-c1-fe-54c23604aeaa,pc_safety_cleanup,AR,PC,-0.0050401690787111875,-5.380051135620306,-5.375010966541595,1
pc-pc_safety_cleanup-i1-ar-o0-ll-c1-fh-95ffdc6846f2,pc_safety_cleanup,AR,PC,-0.00821275991256698,-4.88320231434227,-4.874989554429703,1
pc-pc_safety_cleanup-i1-ar-o0-ln-c0-fe-9186f19aa099,pc_safety_cleanup,AR,PC,-0.013702923897653818,-4.61402028799057,-4.600317364092916,1
pc-pc_safety_cleanup-i1-ar-o0-ln-c0-fh-c69a2d11acbe,pc_safety_cleanup,AR,PC,-0.013376161401538411,-4.4885923862457275,-4.475216224844189,1
pc-pc_safety_cleanup-i1-ar-o0-ln-c1-fe-a33c18587fa4,pc_safety_cleanup,AR,PC,-0.005544689021917293,-5.255580542267126,-5.250035853245208,1
pc-pc_safety_cleanup-i1-ar-o0-ln-c1-fh-f4d61b501b83,pc_safety_cleanup,AR,PC,-0.010209374976511754,-4.635206818524239,-4.624997443547727,1
pc-pc_safety_cleanup-i1-ar-o1-ll-c0-fe-679b34f75df9,pc_safety_cleanup,AR,PC,-0.0058049447833923296,-10.387537002563477,-10.381732057780084,1
pc-pc_safety_cleanup-i1-ar-o1-ll-c0-fh-276e633d5884,pc_safety_cleanup,AR,PC,-0.05051729828107909,-3.87654185295105,-3.8260245546699707,1
pc-pc_safety_cleanup-i1-ar-o1-ll-c1-fe-c506be6750e7,pc_safety_cleanup,AR,PC,-0.008912673114537029,-6.165059328079224,-6.156146654964687,1
pc-pc_safety_cleanup-i1-ar-o1-ll-c1-fh-67383c4cece6,pc_safety_cleanup,AR,PC,-0.03013593516061519,-3.917017340660095,-3.88688140549948,1
pc-pc_safety_cleanup-i1-ar-o1-ln-c0-fe-eebd33e7c1a3,pc_safety_cleanup,AR,PC,-0.01716754026708145,-7.430224418640137,-7.413056878373055,1
pc-pc_safety_cleanup-i1-ar-o1-ln-c0-fh-19dff08229c1,pc_safety_cleanup,AR,PC,-0.22721441090095595,-1.7292020916938782,-1.5019876807929222,1
pc-pc_safety_cleanup-i1-ar-o1-ln-c1-fe-5c94bc3b997f,pc_safety_cleanup,AR,PC,-0.020972320780856535,-4.28284552693367,-4.2618732061528135,1
pc-pc_safety_cleanup-i1-ar-o1-ln-c1-fh-77c205a1941b,pc_safety_cleanup,AR,PC,-0.04910980163640488,-3.1493204161524773,-3.1002106145160724,1
pc-pc_safety_cleanup-i1-ro-o0-ll-c0-fx-ecfa1c7864dd,pc_safety_cleanup,RO,PC,-0.06255806237453498,-2.937561035150793,-2.875002972776258,1
pc-pc_safety_cleanup-i1-ro-o0-ll-c1-fx-7c9b609001bb,pc_safety_cleanup,RO,PC,-0.0013037774474469188,-7.376304984090211,-7.375001206642764,1
pc-pc_safety_cleanup-i1-ro-o0-ln-c0-fx-e18ead03fa13,pc_safety_cleanup,RO,PC,-0.108675889670792,-2.358677506444792,-2.250001616774,1
pc-pc_safety_cleanup-i1-ro-o0-ln-c1-fx-3a18143af4ad,pc_safety_cleanup,RO,PC,-0.0016335030080654178,-7.001633763312043,-7.0000002603039775,1
pc-pc_safety_cleanup-i1-ro-o1-ll-c0-fx-85f5a1f60fd3,pc_safety_cleanup,RO,PC,-0.008057260880377726,-5.0080640315482015,-5.000006770667824,1
pc-pc_safety_cleanup-i1-ro-o1-ll-c1-fx-9c824bbd7e88,pc_safety_cleanup,RO,PC,-0.00030000585729794693,-11.625298023222854,-11.624998017365556,1
pc-pc_safety_cleanup-i1-ro-o1-ln-c0-fx-fd9634930b8b,pc_safety_cleanup,RO,PC,-0.08240243791988178,-2.5824081897326323,-2.5000057518127505,1
pc-pc_safety_cleanup-i1-ro-o1-ln-c1-fx-ff12ea6599df,pc_safety_cleanup,RO,PC,-0.0013047334437032987,-7.751302838323454,-7.749998104879751,1
pc-pc_safety_cleanup-i2-ar-o0-ll-c0-fe-a365d932d4f6,pc_safety_cleanup,AR,PC,-0.024820507736876607,-4.20320188999176,-4.178381382254884,1
pc-pc_safety_cleanup-i2-ar-o0-ll-c0-fh-a394326fd12e,pc_safety_cleanup,AR,PC,-0.021739526520832442,-4.283553719520569,-4.261814192999736,1
pc-pc_safety_cleanup-i2-ar-o0-ll-c1-fe-4031d6e1f363,pc_safety_cleanup,AR,PC,-0.0077331460488494486,-5.00730466839741,-4.99957152234856,1
pc-pc_safety_cleanup-i2-ar-o0-ll-c1-fh-134a7bb6cdb1,pc_safety_cleanup,AR,PC,-0.01525112090894254,-4.265142440741329,-4.249891319832386,1
pc-pc_safety_cleanup-i2-ar-o0-ln-c0-fe-338a6c09942c,pc_safety_cleanup,AR,PC,-0.02779662937973626,-3.765425816178322,-3.7376291867985856,1
pc-pc_safety_cleanup-i2-ar-o0-ln-c0-fh-2f55b5e7e7b6,pc_safety_cleanup,AR,PC,-0.01905700723909831,-4.1192555874586105,-4.100198580219512,1
pc-pc_safety_cleanup-i2-ar-o0-ln-c1-fe-505fc2247430,pc_safety_cleanup,AR,PC,-0.005773859738837928,-5.379968881603645,-5.374195021864807,1
pc-pc_safety_cleanup-i2-ar-o0-ln-c1-fh-46b5f4e44a71,pc_safety_cleanup,AR,PC,-0.016716935286240187,-4.141603589048373,-4.1248866537621325,1
pc-pc_safety_cleanup-i2-ar-o1-ll-c0-fe-a412f0fa5c3e,pc_safety_cleanup,AR,PC,-0.008110686205213824,-9.890726089477539,-9.882615403272325,1
pc-pc_safety_cleanup-i2-ar-o1-ll-c0-fh-e3f20bc08ac3,pc_safety_cleanup,AR,PC,-0.031097263097535688,-5.658068895339966,-5.62697163224243,1
pc-pc_safety_cleanup-i2-ar-o1-ll-c1-fe-2ee5304a3096,pc_safety_cleanup,AR,PC,-0.012919754687573004,-5.524794578552246,-5.511874823864673,1
pc-pc_safety_cleanup-i2-ar-o1-ll-c1-fh-967408792a2a,pc_safety_cleanup,AR,PC,-0.026669040313208825,-4.227622210979462,-4.200953170666253,1
pc-pc_safety_cleanup-i2-ar-o1-ln-c0-fe-5f18852c33db,pc_safety_cleanup,AR,PC,-0.021867478266301532,-8.161039113998413,-8.139171635732112,1
pc-pc_safety_cleanup-i2-ar-o1-ln-c0-fh-c939633d20df,pc_safety_cleanup,AR,PC,-0.16165547072870368,-2.669344663619995,-2.5076891928912914,1
pc-pc_safety_cleanup-i2-ar-o1-ln-c1-fe-51c208fafc85,pc_safety_cleanup,AR,PC,-0.030302200442292815,-3.8787503838539124,-3.8484481834116195,1
pc-pc_safety_cleanup-i2-ar-o1-ln-c1-fh-6a8778862255,pc_safety_cleanup,AR,PC,-0.04904906077990745,-3.1917306929826736,-3.142681632202766,1
pc-pc_safety_cleanup-i2-ro-o0-ll-c0-fx-8b614fb7f287,pc_safety_cleanup,RO,PC,-0.12326312065113143,-2.248266339295242,-2.1250032186441103,1
pc-pc_safety_cleanup-i2-ro-o0-ll-c1-fx-0612f9375184,pc_safety_cleanup,RO,PC,-0.0017423954554942611,-6.876743435857634,-6.8750010404021396,1
pc-pc_safety_cleanup-i2-ro-o0-ln-c0-fx-cd33186cfe5b,pc_safety_cleanup,RO,PC,-0.1704112440347103,-1.9204137325245938,-1.7500024884898835,1
pc-pc_safety_cleanup-i2-ro-o0-ln-c1-fx-0307ad3b5891,pc_safety_cleanup,RO,PC,-0.0025396272538387166,-6.377540707586945,-6.3750010803331065,1
pc-pc_safety_cleanup-i2-ro-o1-ll-c0-fx-c96ae8688e8d,pc_safety_cleanup,RO,PC,-0.012391054066029028,-4.512394905064866,-4.500003850998837,1
pc-pc_safety_cleanup-i2-ro-o1-ll-c1-fx-a3905b9e94f6,pc_safety_cleanup,RO,PC,-0.0002811764893522195,-11.68777835368951,-11.687497177200157,1
pc-pc_safety_cleanup-i2-ro-o1-ln-c0-fx-f9954df79939,pc_safety_cleanup,RO,PC,-0.08191544562032504,-2.5819190740339764,-2.5000036284136513,1
pc-pc_safety_cleanup-i2-ro-o1-ln-c1-fx-477b785f8916,pc_safety_cleanup,RO,PC,-0.0010464724505254708,-8.126044034954475,-8.12499756250395,1
pc-pc_safety_cleanup-i3-ar-o0-ll-c0-fe-b8561cb74273,pc_safety_cleanup,AR,PC,-0.04506618843879551,-3.3297483921051025,-3.284682203666307,1
pc-pc_safety_cleanup-i3-ar-o0-ll-c0-fh-a5736907d369,pc_safety_cleanup,AR,PC,-0.01351494462142,-4.531169444322586,-4.517654499701166,1
pc-pc_safety_cleanup-i3-ar-o0-ll-c1-fe-a1c452c487fe,pc_safety_cleanup,AR,PC,-0.008894798607798293,-4.883594870566412,-4.874700071958614,1
pc-pc_safety_cleanup-i3-ar-o0-ll-c1-fh-f394d0c1797a,pc_safety_cleanup,AR,PC,-0.003872658828186104,-5.753838896744583,-5.7499662379163965,1
pc-pc_safety_cleanup-i3-ar-o0-ln-c0-fe-769f8a537c30,pc_safety_cleanup,AR,PC,-0.027721970589482225,-3.6822487860918045,-3.6545268155023223,1
pc-pc_safety_cleanup-i3-ar-o0-ln-c0-fh-9e98122903e7,pc_safety_cleanup,AR,PC,-0.010583658676296182,-4.705529265105724,-4.694945606429428,1
pc-pc_safety_cleanup-i3-ar-o0-ln-c1-fe-3c37e9b3ca0e,pc_safety_cleanup,AR,PC,-0.008953840879257768,-4.883145809173129,-4.8741919682938715,1
pc-pc_safety_cleanup-i3-ar-o0-ln-c1-fh-a6547ba774c5,pc_safety_cleanup,AR,PC,-0.004579874861519784,-5.504535317409136,-5.499955442547616,1
pc-pc_safety_cleanup-i3-ar-o1-ll-c0-fe-acacc2717b6c,pc_safety_cleanup,AR,PC,-0.005216322373570392,-13.880451679229736,-13.875235356856166,1
pc-pc_safety_cleanup-i3-ar-o1-ll-c0-fh-4971c99c43dc,pc_safety_cleanup,AR,PC,-0.010012995451660345,-7.928046703338623,-7.918033707886963,1
pc-pc_safety_cleanup-i3-ar-o1-ll-c1-fe-6edec95dfa70,pc_safety_cleanup,AR,PC,-0.004344206298583231,-8.19928503036499,-8.194940824066407,1
pc-pc_safety_cleanup-i3-ar-o1-ll-c1-fh-39c6bdb2658b,pc_safety_cleanup,AR,PC,-0.014512847174955823,-5.1626476645469666,-5.148134817372011,1
pc-pc_safety_cleanup-i3-ar-o1-ln-c0-fe-f791178e93b3,pc_safety_cleanup,AR,PC,-0.009699126705498884,-12.135332584381104,-12.125633457675605,1
pc-pc_safety_cleanup-i3-ar-o1-ln-c0-fh-0dd96caccab2,pc_safety_cleanup,AR,PC,-0.03936154767868061,-5.416331768035889,-5.376970220357208,1
pc-pc_safety_cleanup-i3-ar-o1-ln-c1-fe-091dc174acf6,pc_safety_cleanup,AR,PC,-0.01146495155080629,-5.2046191692352295,-5.193154217684423,1
pc-pc_safety_cleanup-i3-ar-o1-ln-c1-fh-19967b559ee8,pc_safety_cleanup,AR,PC,-0.020941780871453375,-4.097363397479057,-4.076421616607604,1
pc-pc_safety_cleanup-i3-ro-o0-ll-c0-fx-39d57b913da6,pc_safety_cleanup,RO,PC,-0.0722757056354908,-2.8222801685219565,-2.7500044628864657,1
pc-pc_safety_cleanup-i3-ro-o0-ll-c1-fx-7d23abe58724,pc_safety_cleanup,RO,PC,-0.0011704284687539257,-7.501171827312874,-7.50000139884412,1
pc-pc_safety_cleanup-i3-ro-o0-ln-c0-fx-51e7bad027ec,pc_safety_cleanup,RO,PC,-0.08967060595745124,-2.5896730422932706,-2.5000024363358193,1
pc-pc_safety_cleanup-i3-ro-o0-ln-c1-fx-aeff2e159914,pc_safety_cleanup,RO,PC,-0.0017473939799401705,-6.87674844264734,-6.8750010486674,1
pc-pc_safety_cleanup-i3-ro-o1-ll-c0-fx-da8f55c3467c,pc_safety_cleanup,RO,PC,-0.0046147843802373245,-5.629623174614608,-5.62500839023437,1
pc-pc_safety_cleanup-i3-ro-o1-ll-c1-fx-f299282415ca,pc_safety_cleanup,RO,PC,-0.00021085989101266023,-13.187708497046174,-13.187497637155161,1
pc-pc_safety_cleanup-i3-ro-o1-ln-c0-fx-77d2424b7c8a,pc_safety_cleanup,RO,PC,-0.022754464295076104,-3.89776682842421,-3.875012364129134,1
pc-pc_safety_cleanup-i3-ro-o1-ln-c1-fx-7f84e99e6579,pc_safety_cleanup,RO,PC,-0.0007097629522831994,-9.37570559978326,-9.374995836830976,1
pc-pc_safety_cleanup-i4-ar-o0-ll-c0-fe-41f5ddd6243e,pc_safety_cleanup,AR,PC,-0.017282124179473612,-4.774787724018097,-4.757505599838623,1
pc-pc_safety_cleanup-i4-ar-o0-ll-c0-fh-587fd7cafc06,pc_safety_cleanup,AR,PC,-0.024332766250154236,-4.248383343219757,-4.224050576969603,1
pc-pc_safety_cleanup-i4-ar-o0-ll-c1-fe-ec6fde1060cc,pc_safety_cleanup,AR,PC,-0.0040493005435564555,-5.629000782943422,-5.624951482399865,1
pc-pc_safety_cleanup-i4-ar-o0-ll-c1-fh-3d854486a285,pc_safety_cleanup,AR,PC,-0.008301115813083015,-4.8832689523524095,-4.8749678365393265,1
pc-pc_safety_cleanup-i4-ar-o0-ln-c0-fe-9972a2d611f1,pc_safety_cleanup,AR,PC,-0.024388584588450613,-3.9757825434207916,-3.951393958832341,1
pc-pc_safety_cleanup-i4-ar-o0-ln-c0-fh-eb8e7bdcc161,pc_safety_cleanup,AR,PC,-0.021378222831572202,-4.039063543081284,-4.017685320249711,1
pc-pc_safety_cleanup-i4-ar-o0-ln-c1-fe-3e0252872003,pc_safety_cleanup,AR,PC,-0.005014058966480661,-5.379905581469075,-5.374891522502594,1
pc-pc_safety_cleanup-i4-ar-o0-ln-c1-fh-b9843701dbc7,pc_safety_cleanup,AR,PC,-0.013043456521700136,-4.388026118276002,-4.374982661754302,1
pc-pc_safety_cleanup-i4-ar-o1-ll-c0-fe-8a42312577c1,pc_safety_cleanup,AR,PC,-0.0057158134877397515,-10.635958671569824,-10.630242858082084,1
pc-pc_safety_cleanup-i4-ar-o1-ll-c0-fh-a277906e9c41,pc_safety_cleanup,AR,PC,-0.039506293833198924,-4.695722460746765,-4.656216166913566,1
pc-pc_safety_cleanup-i4-ar-o1-ll-c1-fe-c50153a8dc1e,pc_safety_cleanup,AR,PC,-0.011395597781302058,-5.917545318603516,-5.906149720822214,1
pc-pc_safety_cleanup-i4-ar-o1-ll-c1-fh-591b9ce1bdee,pc_safety_cleanup,AR,PC,-0.03406346960400697,-3.7959448993206024,-3.7618814297165954,1
pc-pc_safety_cleanup-i4-ar-o1-ln-c0-fe-84bec5be9f9e,pc_safety_cleanup,AR,PC,-0.01530803646889467,-8.900074005126953,-8.884765968658058,1
pc-pc_safety_cleanup-i4-ar-o1-ln-c0-fh-4f225313b73f,pc_safety_cleanup,AR,PC,-0.1616851538419155,-2.3858777284622192,-2.2241925746203037,1
pc-pc_safety_cleanup-i4-ar-o1-ln-c1-fe-64b161adc7c8,pc_safety_cleanup,AR,PC,-0.023752734033223533,-4.247831106185913,-4.2240783721526896,1
pc-pc_safety_cleanup-i4-ar-o1-ln-c1-fh-33ac85823839,pc_safety_cleanup,AR,PC,-0.055423386383608886,-3.030635342001915,-2.975211955618306,1
pc-pc_safety_cleanup-i4-ro-o0-ll-c0-fx-70bd38d5b004,pc_safety_cleanup,RO,PC,-0.13754376769060173,-2.1375476121816064,-2.0000038444910047,1
pc-pc_safety_cleanup-i4-ro-o0-ll-c1-fx-1102c1ec24fc,pc_safety_cleanup,RO,PC,-0.0011367308900389617,-7.626137971874641,-7.625001240984602,1
pc-pc_safety_cleanup-i4-ro-o0-ln-c0-fx-4b40e7ee4cef,pc_safety_cleanup,RO,PC,-0.16977517306798973,-1.9197770357106947,-1.750001862642705,1
pc-pc_safety_cleanup-i4-ro-o0-ln-c1-fx-54e55b426e9b,pc_safety_cleanup,RO,PC,-0.0017840452487689618,-6.876784682272273,-6.875000637023504,1
pc-pc_safety_cleanup-i4-ro-o1-ll-c0-fx-0dd887cbe2b2,pc_safety_cleanup,RO,PC,-0.018036218355973688,-4.143046736629913,-4.125010518273939,1
pc-pc_safety_cleanup-i4-ro-o1-ll-c1-fx-01550b3ab150,pc_safety_cleanup,RO,PC,-0.00025722176678755204,-12.0002545118316,-11.999997290064812,1
pc-pc_safety_cleanup-i4-ro-o1-ln-c0-fx-91721fdf1851,pc_safety_cleanup,RO,PC,-0.11732790618452782,-2.242335677079609,-2.125007770895081,1
pc-pc_safety_cleanup-i4-ro-o1-ln-c1-fx-5b71659206bd,pc_safety_cleanup,RO,PC,-0.0007684885554226639,-8.750766158101442,-8.749997669546019,1
pc-pc_safety_creds-i0-ar-o0-ll-c0-fe-fcd4242c0c46,pc_safety_creds,AR,PC,-0.04523617937229574,-3.5977936685085297,-3.552557489136234,1
pc-pc_safety_creds-i0-ar-o0-ll-c0-fh-cd60f45d8501,pc_safety_creds,AR,PC,-0.01059532271756325,-4.724410675466061,-4.713815352748497,1
pc-pc_safety_creds-i0-ar-o0-ll-c1-fe-5b70fbff9c71,pc_safety_creds,AR,PC,-0.0035991294571431354,-5.75349950789041,-5.749900378433267,1
pc-pc_safety_creds-i0-ar-o0-ll-c1-fh-d337914c92fc,pc_safety_creds,AR,PC,-0.0032220896100625396,-5.87803482970412,-5.8748127400940575,1
pc-pc_safety_creds-i0-ar-o0-ln-c0-fe-3359e2e27d52,pc_safety_creds,AR,PC,-0.044436454511014745,-3.420951694250107,-3.376515239739092,1
pc-pc_safety_creds-i0-ar-o0-ln-c0-fh-84a9216e3447,pc_safety_creds,AR,PC,-0.010441542061016662,-4.651454957202077,-4.64101341514106,1
pc-pc_safety_creds-i0-ar-o0-ln-c1-fe-25529f5f58cc,pc_safety_creds,AR,PC,-0.0072693637339398265,-5.007039666149467,-4.999770302415527,1
pc-pc_safety_creds-i0-ar-o0-ln-c1-fh-01f136ba2891,pc_safety_creds,AR,PC,-0.006236998742679134,-5.131182431798152,-5.124945433055473,1
pc-pc_safety_creds-i0-ar-o1-ll-c0-fe-27dcda549022,pc_safety_creds,AR,PC,-0.03182847425335922,-6.461736679077148,-6.429908204823789,1
pc-pc_safety_creds-i0-ar-o1-ll-c0-fh-01ed59b42529,pc_safety_creds,AR,PC,-0.16186851263034896,-3.6133052110671997,-3.4514366984368507,1
pc-pc_safety_creds-i0-ar-o1-ll-c1-fe-5e5228c0ec5b,pc_safety_creds,AR,PC,-0.0023216640402097255,-7.600481271743774,-7.598159607703565,1
pc-pc_safety_creds-i0-ar-o1-ll-c1-fh-56c9b2bc6548,pc_safety_creds,AR,PC,-0.07055528458749905,-3.3281566500663757,-3.2576013654788767,1
pc-pc_safety_creds-i0-ar-o1-ln-c0-fe-a32143b19ee3,pc_safety_creds,AR,PC,-0.039585128426494975,-6.6985273361206055,-6.6589422076941105,1
pc-pc_safety_creds-i0-ar-o1-ln-c0-fh-c4423f1ffc1c,pc_safety_creds,AR,PC,-0.12816210091111202,-4.366106748580933,-4.237944647669821,1
pc-pc_safety_creds-i0-ar-o1-ln-c1-fe-740e8b7e3e77,pc_safety_creds,AR,PC,-0.001965556981303962,-6.952901542186737,-6.950935985205433,1
pc-pc_safety_creds-i0-ar-o1-ln-c1-fh-5bfb26818d86,pc_safety_creds,AR,PC,-0.055410563940313295,-3.3172885179519653,-3.261877954011652,1
pc-pc_safety_creds-i0-ro-o0-ll-c0-fx-095120213a4a,pc_safety_creds,RO,PC,-0.5839649438803463,-0.8339670896380085,-0.2500021457576622,1
pc-pc_safety_creds-i0-ro-o0-ll-c1-fx-cb016b92242c,pc_safety_creds,RO,PC,-0.003463367906988424,-6.003459453577307,-5.999996085670318,1
pc-pc_safety_creds-i0-ro-o0-ln-c0-fx-9595833ab6f5,pc_safety_creds,RO,PC,-0.6399172544454359,-0.764918327326086,-0.1250010728806501,1
pc-pc_safety_creds-i0-ro-o0-ln-c1-fx-8f1bebcddf45,pc_safety_creds,RO,PC,-0.0028791820946025837,-6.252877593033645,-6.2499984109390425,1
pc-pc_safety_creds-i0-ro-o1-ll-c0-fx-5e4e80a4c6c2,pc_safety_creds,RO,PC,-0.02418891899128539,-3.899198770454859,-3.875009851463574,1
pc-pc_safety_creds-i0-ro-o1-ll-c1-fx-8a089249da03,pc_safety_creds,RO,PC,-0.0005011509592804941,-9.875503420813857,-9.875002269854576,1
pc-pc_safety_creds-i0-ro-o1-ln-c0-fx-6890fb60499a,pc_safety_creds,RO,PC,-0.0468218401069862,-3.171831726968776,-3.1250098868617897,1
pc-pc_safety_creds-i0-ro-o1-ln-c1-fx-81b4b11816f4,pc_safety_creds,RO,PC,-0.00036948118781765515,-9.87537348268961,-9.875004001501793,1
pc-pc_safety_creds-i1-ar-o0-ll-c0-fe-62e70b69b76c,pc_safety_creds,AR,PC,-0.04516286385478452,-3.59798526763916,-3.5528224037843756,1
pc-pc_safety_creds-i1-ar-o0-ll-c0-fh-357013e43b42,pc_safety_creds,AR,PC,-0.009478433596086688,-4.859580986201763,-4.8501025526056765,1
pc-pc_safety_creds-i1-ar-o0-ll-c1-fe-bebe0ea16c44,pc_safety_creds,AR,PC,-0.0037274279166013002,-5.7535214423910475,-5.749794014474446,1
pc-pc_safety_creds-i1-ar-o0-ll-c1-fh-8dc6767b650a,pc_safety_creds,AR,PC,-0.00567729672184214,-5.255661123497703,-5.2499838267758605,1
pc-pc_safety_creds-i1-ar-o0-ln-c0-fe-0144809a04f2,pc_safety_creds,AR,PC,-0.03116868031793274,-3.6734358221292496,-3.642267141811317,1
pc-pc_safety_creds-i1-ar-o0-ln-c0-fh-c3320c2767d5,pc_safety_creds,AR,PC,-0.009402546187629923,-4.777523988857865,-4.768121442670235,1
pc-pc_safety_creds-i1-ar-o0-ln-c1-fe-c215ca5ab543,pc_safety_creds,AR,PC,-0.005954182124696672,-5.255530118855859,-5.249575936731162,1
pc-pc_safety_creds-i1-ar-o0-ln-c1-fh-45955258287a,pc_safety_creds,AR,PC,-0.008055182843236253,-4.883022063680983,-4.874966880837746,1
pc-pc_safety_creds-i1-ar-o1-ll-c0-fe-84ad12b6c786,pc_safety_creds,AR,PC,-0.04043257981516035,-5.640681266784668,-5.600248686969508,1
pc-pc_safety_creds-i1-ar-o1-ll-c0-fh-0d03c9bd6b47,pc_safety_creds,AR,PC,-0.08094492554647559,-4.28238832950592,-4.201443403959445,1
pc-pc_safety_creds-i1-ar-o1-ll-c1-fe-bd822b4724bd,pc_safety_creds,AR,PC,-0.006044537294656038,-5.978631138801575,-5.972586601506919,1
pc-pc_safety_creds-i1-ar-o1-ll-c1-fh-4bf65554da60,pc_safety_creds,AR,PC,-0.06279727814262515,-3.2868797183036804,-3.2240824401610553,1
pc-pc_safety_creds-i1-ar-o1-ln-c0-fe-e6284e5e9831,pc_safety_creds,AR,PC,-0.07183602452266769,-5.7458038330078125,-5.673967808485145,1
pc-pc_safety_creds-i1-ar-o1-ln-c0-fh-20b1b17650e4,pc_safety_creds,AR,PC,-0.11456262320277233,-4.366682529449463,-4.252119906246691,1
pc-pc_safety_creds-i1-ar-o1-ln-c1-fe-fd5ffde9868c,pc_safety_creds,AR,PC,-0.005797255420475267,-5.457055926322937,-5.451258670902462,1
pc-pc_safety_creds-i1-ar-o1-ln-c1-fh-a8d625389acf,pc_safety_creds,AR,PC,-0.06271329521723601,-3.038131147623062,-2.975417852405826,1
pc-pc_safety_creds-i1-ro-o0-ll-c0-fx-2089062ea684,pc_safety_creds,RO,PC,-0.7063103318173489,-0.7063117623238213,-1.4305064723885152e-06,1
pc-pc_safety_creds-i1-ro-o0-ll-c1-fx-8f36b97150c9,pc_safety_creds,RO,PC,-0.004025471851036855,-5.879024386399124,-5.874998914548087,1
pc-pc_safety_creds-i1-ro-o0-ln-c0-fx-4665845e730d,pc_safety_creds,RO,PC,-0.7043406367281477,-0.7043412327732312,-5.960450835118536e-07,1
pc-pc_safety_creds-i1-ro-o0-ln-c1-fx-285bd2a9fc22,pc_safety_creds,RO,PC,-0.003996860220013332,-5.878993988033017,-5.874997127813003,1
pc-pc_safety_creds-i1-ro-o1-ll-c0-fx-02dbd046bcb1,pc_safety_creds,RO,PC,-0.03104608505896067,-3.6560553311765034,-3.6250092461175427,1
pc-pc_safety_creds-i1-ro-o1-ll-c1-fx-d44d9a5f0d2f,pc_safety_creds,RO,PC,-0.0007017792622718844,-9.87570273875508,-9.875000959492809,1
pc-pc_safety_creds-i1-ro-o1-ln-c0-fx-4eeda21369d2,pc_safety_creds,RO,PC,-0.03386246785504454,-3.5338720082727377,-3.500009540417693,1
pc-pc_safety_creds-i1-ro-o1-ln-c1-fx-2006eaecdb3f,pc_safety_creds,RO,PC,-0.0005061544931095341,-9.750507354732235,-9.750001200239126,1
pc-pc_safety_creds-i2-ar-o0-ll-c0-fe-09c8164833b4,pc_safety_creds,AR,PC,-0.11572766210883856,-2.5204097032546997,-2.404682041145861,1
pc-pc_safety_creds-i2-ar-o0-ll-c0-fh-53561ac4b8de,pc_safety_creds,AR,PC,-0.030727390199899673,-3.657527834177017,-3.6268004439771175,1
pc-pc_safety_creds-i2-ar-o0-ll-c1-fe-3f31a05b24fc,pc_safety_creds,AR,PC,-0.003191497096850071,-5.878117799756637,-5.874926302659787,1
pc-pc_safety_creds-i2-ar-o0-ll-c1-fh-042d1c941bf8,pc_safety_creds,AR,PC,-0.004972799681127071,-5.379972453738446,-5.374999654057319,1
pc-pc_safety_creds-i2-ar-o0-ln-c0-fe-021453c0d8e5,pc_safety_creds,AR,PC,-0.07122691844415385,-2.7749371752142906,-2.7037102567701368,1
pc-pc_safety_creds-i2-ar-o0-ln-c0-fh-263c2bb4c128,pc_safety_creds,AR,PC,-0.024051759304711595,-3.794600423425436,-3.7705486641207244,1
pc-pc_safety_creds-i2-ar-o0-ln-c1-fe-acd9023d8273,pc_safety_creds,AR,PC,-0.004430396555108018,-5.504343152040292,-5.499912755485184,1
pc-pc_safety_creds-i2-ar-o0-ln-c1-fh-5b200162cc4d,pc_safety_creds,AR,PC,-0.007044499536277726,-5.007117141867639,-5.000072642331361,1
pc-pc_safety_creds-i2-ar-o1-ll-c0-fe-7685819075b5,pc_safety_creds,AR,PC,-0.050486009567919155,-4.855272054672241,-4.804786045104322,1
pc-pc_safety_creds-i2-ar-o1-ll-c0-fh-1ea27e3cbdc0,pc_safety_creds,AR,PC,-0.14422577619541244,-3.824002265930176,-3.6797764897347633,1
pc-pc_safety_creds-i2-ar-o1-ll-c1-fe-7bbb6f656f31,pc_safety_creds,AR,PC,-0.0023823859519325197,-7.2025246024131775,-7.200142216461245,1
pc-pc_safety_creds-i2-ar-o1-ll-c1-fh-8c01c4179af6,pc_safety_creds,AR,PC,-0.03852776798703417,-3.8116480708122253,-3.773120302825191,1
pc-pc_safety_creds-i2-ar-o1-ln-c0-fe-eb810570942b,pc_safety_creds,AR,PC,-0.06357710808514838,-5.508584022521973,-5.445006914436824,1
pc-pc_safety_creds-i2-ar-o1-ln-c0-fh-99dadb4d6975,pc_safety_creds,AR,PC,-0.14405204355713863,-4.369340896606445,-4.225288853049307,1
pc-pc_safety_creds-i2-ar-o1-ln-c1-fe-92047078a0d2,pc_safety_creds,AR,PC,-0.002823565107973991,-6.1825277507305145,-6.1797041856225405,1
pc-pc_safety_creds-i2-ar-o1-ln-c1-fh-f85450277c64,pc_safety_creds,AR,PC,-0.030218502497518784,-3.7316368967294693,-3.7014183942319505,1
pc-pc_safety_creds-i2-ro-o0-ll-c0-fx-71e864784674,pc_safety_creds,RO,PC,-0.6424038410132198,-0.767404317848559,-0.1250004768353392,1
pc-pc_safety_creds-i2-ro-o0-ll-c1-fx-3c7da7d1497e,pc_safety_creds,RO,PC,-0.00479551634452946,-5.629790306087216,-5.624994789742686,1
pc-pc_safety_creds-i2-ro-o0-ln-c0-fx-f03681f4ea97,pc_safety_creds,RO,PC,-0.7662261724447035,-0.6412265300716626,0.12499964237304084,1
pc-pc_safety_creds-i2-ro-o0-ln-c1-fx-dd6e513d19c5,pc_safety_creds,RO,PC,-0.0047644208966630686,-5.629760861394743,-5.62499644049808,1
pc-pc_safety_creds-i2-ro-o1-ll-c0-fx-483db0ff2314,pc_safety_creds,RO,PC,-0.007364043499251238,-5.257376074703643,-5.250012031204392,1
pc-pc_safety_creds-i2-ro-o1-ll-c1-fx-486b31787e1c,pc_safety_creds,RO,PC,-0.0005756164875947434,-9.875578641876473,-9.875003025388878,1
pc-pc_safety_creds-i2-ro-o1-ln-c0-fx-15b1cfc916e5,pc_safety_creds,RO,PC,-0.01071380358166607,-4.760725378914685,-4.750011575333019,1
pc-pc_safety_creds-i2-ro-o1-ln-c1-fx-cdf2e03c2c0f,pc_safety_creds,RO,PC,-0.00047040908145845606,-9.625472664827157,-9.625002255745699,1
pc-pc_safety_creds-i3-ar-o0-ll-c0-fe-7521effc8f5a,pc_safety_creds,AR,PC,-0.0730316104600206,-3.1706388890743256,-3.097607278614305,1
pc-pc_safety_creds-i3-ar-o0-ll-c0-fh-fad95c65628e,pc_safety_creds,AR,PC,-0.008752637484576553,-4.996363237500191,-4.987610600015614,1
pc-pc_safety_creds-i3-ar-o0-ll-c1-fe-2f37263f54e8,pc_safety_creds,AR,PC,-0.004789084385265596,-5.504713535304745,-5.49992445091948,1
pc-pc_safety_creds-i3-ar-o0-ll-c1-fh-9cf416e56619,pc_safety_creds,AR,PC,-0.002582728207926266,-6.127561329576565,-6.124978601368639,1
pc-pc_safety_creds-i3-ar-o0-ln-c0-fe-baea579e3686,pc_safety_creds,AR,PC,-0.027752048859838396,-3.8537557721138,-3.8260037232539617,1
pc-pc_safety_creds-i3-ar-o0-ln-c0-fh-a43daee25f2e,pc_safety_creds,AR,PC,-0.00539938973452081,-5.4101279601454735,-5.404728570410953,1
pc-pc_safety_creds-i3-ar-o0-ln-c1-fe-a1ce8b1b91da,pc_safety_creds,AR,PC,-0.008354441000847146,-4.883173227305406,-4.874818786304559,1
pc-pc_safety_creds-i3-ar-o0-ln-c1-fh-3e7b305d37bf,pc_safety_creds,AR,PC,-0.003195533761754632,-5.878180260529916,-5.874984726768162,1
pc-pc_safety_creds-i3-ar-o1-ll-c0-fe-dfb1ddce8fe7,pc_safety_creds,AR,PC,-0.016377789899593154,-7.196306467056274,-7.179928677156681,1
pc-pc_safety_creds-i3-ar-o1-ll-c0-fh-9036dbe288fc,pc_safety_creds,AR,PC,-0.07243527472013511,-4.50221312046051,-4.429777845740375,1
pc-pc_safety_creds-i3-ar-o1-ll-c1-fe-5e79230e299a,pc_safety_creds,AR,PC,-0.005309495725668967,-6.322158336639404,-6.316848840913735,1
pc-pc_safety_creds-i3-ar-o1-ll-c1-fh-0397a15c750e,pc_safety_creds,AR,PC,-0.07078898679355916,-3.124484121799469,-3.05369513500591,1
pc-pc_safety_creds-i3-ar-o1-ln-c0-fe-68730ef432de,pc_safety_creds,AR,PC,-0.04024913907048244,-7.064295768737793,-7.0240466296673105,1
pc-pc_safety_creds-i3-ar-o1-ln-c0-fh-a8623cdc9a39,pc_safety_creds,AR,PC,-0.11495162546631832,-4.7040183544158936,-4.589066728949575,1
pc-pc_safety_creds-i3-ar-o1-ln-c1-fe-59b3ded6a760,pc_safety_creds,AR,PC,-0.0073263676022179425,-5.259036988019943,-5.251710620417725,1
pc-pc_safety_creds-i3-ar-o1-ln-c1-fh-c17ba0c0bb52,pc_safety_creds,AR,PC,-0.10117293892653834,-2.5765912532806396,-2.4754183143541013,1
pc-pc_safety_creds-i3-ro-o0-ll-c0-fx-f727d716d069,pc_safety_creds,RO,PC,-0.7079196572269666,-0.707921326151336,-1.6689243693690514e-06,1
pc-pc_safety_creds-i3-ro-o0-ll-c1-fx-21a8c8465129,pc_safety_creds,RO,PC,-0.005461351429403294,-5.505454540247229,-5.499993188817825,1
pc-pc_safety_creds-i3-ro-o0-ln-c0-fx-83f003ba0367,pc_safety_creds,RO,PC,-0.5362774729708235,-0.911278784269598,-0.37500131129877445,1
pc-pc_safety_creds-i3-ro-o0-ln-c1-fx-c326a2c17aa6,pc_safety_creds,RO,PC,-0.005089577262879175,-5.630085587496978,-5.624996010234099,1
pc-pc_safety_creds-i3-ro-o1-ll-c0-fx-0e23678ca1e6,pc_safety_creds,RO,PC,-0.01162341050746818,-4.7616373299442785,-4.75001391943681,1
pc-pc_safety_creds-i3-ro-o1-ll-c1-fx-6da3402537c7,pc_safety_creds,RO,PC,-0.0005124701374370488,-10.438014149654009,-10.437501679516572,1
pc-pc_safety_creds-i3-ro-o1-ln-c0-fx-9169116713a9,pc_safety_creds,RO,PC,-0.016969377174746114,-4.266986608345178,-4.250017231170432,1
pc-pc_safety_creds-i3-ro-o1-ln-c1-fx-12acf4a41a1c,pc_safety_creds,RO,PC,-0.0005122310818705955,-10.000513911240432,-10.000001680158562,1
pc-pc_safety_creds-i4-ar-o0-ll-c0-fe-882c88b0775f,pc_safety_creds,AR,PC,-0.05735754268243909,-3.279798448085785,-3.222440905403346,1
pc-pc_safety_creds-i4-ar-o0-ll-c0-fh-facbecd9f463,pc_safety_creds,AR,PC,-0.018914421139925253,-4.1986353397369385,-4.179720918597013,1
pc-pc_safety_creds-i4-ar-o0-ll-c1-fe-bfa8ab464df3,pc_safety_creds,AR,PC,-0.004773101914906874,-5.504388809185002,-5.499615707270095,1
pc-pc_safety_creds-i4-ar-o0-ll-c1-fh-f2f4ef7394c6,pc_safety_creds,AR,PC,-0.004518845016718842,-5.504322528749981,-5.499803683733262,1
pc-pc_safety_creds-i4-ar-o0-ln-c0-fe-b1a11f0d5671,pc_safety_creds,AR,PC,-0.044362257118336856,-3.2960528880357742,-3.2516906309174374,1
pc-pc_safety_creds-i4-ar-o0-ln-c0-fh-40faafd94372,pc_safety_creds,AR,PC,-0.018817383767782303,-4.045120343565941,-4.0263029597981586,1
pc-pc_safety_creds-i4-ar-o0-ln-c1-fe-2be75b547fda,pc_safety_creds,AR,PC,-0.005965265387203544,-5.255476117110902,-5.249510851723699,1
pc-pc_safety_creds-i4-ar-o0-ln-c1-fh-32d62a1c7b86,pc_safety_creds,AR,PC,-0.00906220889010001,-4.758894204958779,-4.749831996068679,1
pc-pc_safety_creds-i4-ar-o1-ll-c0-fe-a811bab61aef,pc_safety_creds,AR,PC,-0.09179760515672797,-3.9687747955322266,-3.8769771903754986,1
pc-pc_safety_creds-i4-ar-o1-ll-c0-fh-bc06460e21f9,pc_safety_creds,AR,PC,-0.14474444091302985,-3.8245134353637695,-3.6797689944507397,1
pc-pc_safety_creds-i4-ar-o1-ll-c1-fe-9012452d5660,pc_safety_creds,AR,PC,-0.018457460217177868,-4.490277603268623,-4.4718201430514455,1
pc-pc_safety_creds-i4-ar-o1-ll-c1-fh-a23a4693442f,pc_safety_creds,AR,PC,-0.07072827886804589,-2.897112488746643,-2.826384209878597,1
pc-pc_safety_creds-i4-ar-o1-ln-c0-fe-0d25c7b8702f,pc_safety_creds,AR,PC,-0.11480815708634395,-4.4779863357543945,-4.363178178668051,1
pc-pc_safety_creds-i4-ar-o1-ln-c0-fh-7dc02b2a1954,pc_safety_creds,AR,PC,-0.18125744163984336,-3.8240665197372437,-3.6428090780974003,1
pc-pc_safety_creds-i4-ar-o1-ln-c1-fe-d346fa34ad7c,pc_safety_creds,AR,PC,-0.016952053032582626,-4.230508886277676,-4.213556833245093,1
pc-pc_safety_creds-i4-ar-o1-ln-c1-fh-d4d93b9af191,pc_safety_creds,AR,PC,-0.10102090237887751,-2.405902024358511,-2.3048811219796335,1
pc-pc_safety_creds-i4-ro-o0-ll-c0-fx-78f6cfe8aaf0,pc_safety_creds,RO,PC,-0.7695850729887752,-0.6445872187464374,0.12499785424233778,1
pc-pc_safety_creds-i4-ro-o0-ll-c1-fx-c7a9f5dabc57,pc_safety_creds,RO,PC,-0.00560100000075181,-5.505594491955208,-5.499993491954456,1
pc-pc_safety_creds-i4-ro-o0-ln-c0-fx-19912c0cb2f0,pc_safety_creds,RO,PC,-0.7029638886417615,-0.7029646038954525,-7.152536909416085e-07,1
pc-pc_safety_creds-i4-ro-o0-ln-c1-fx-fbbc288cb54e,pc_safety_creds,RO,PC,-0.004804172994226974,-5.629799008367399,-5.6249948353731725,1
pc-pc_safety_creds-i4-ro-o1-ll-c0-fx-6c11ab3017c8,pc_safety_creds,RO,PC,-0.024874147027162508,-3.8998899458401866,-3.875015798813024,1
pc-pc_safety_creds-i4-ro-o1-ll-c1-fx-d73cec5c136a,pc_safety_creds,RO,PC,-0.0007236979984099889,-9.875725388517367,-9.875001690518957,1
pc-pc_safety_creds-i4-ro-o1-ln-c0-fx-56213914d502,pc_safety_creds,RO,PC,-0.05957125127292784,-2.934584617515611,-2.8750133662426833,1
pc-pc_safety_creds-i4-ro-o1-ln-c1-fx-4faed4dce76d,pc_safety_creds,RO,PC,-0.0008497216609839597,-8.62585151194844,-8.625001790287456,1
pc-pc_social_ack-i0-ar-o0-ll-c0-fe-9660513514e8,pc_social_ack,AR,PC,-0.005400742011261173,-5.630398630755735,-5.624997888744474,1
pc-pc_social_ack-i0-ar-o0-ll-c0-fh-e4ac70c45b23,pc_social_ack,AR,PC,-0.00220521073265445,-6.752219199986939,-6.750013989254285,1
pc-pc_social_ack-i0-ar-o0-ll-c1-fe-b78625c37b4d,pc_social_ack,AR,PC,-0.0004832792783417972,-8.000480413435525,-7.999997134157184,1
pc-pc_social_ack-i0-ar-o0-ll-c1-fh-28e679ba459e,pc_social_ack,AR,PC,-0.0006759280199730711,-7.500675201414992,-7.499999273395019,1
pc-pc_social_ack-i0-ar-o0-ln-c0-fe-894e1122bbb1,pc_social_ack,AR,PC,-0.006073248794564279,-5.381073474633013,-5.375000225838448,1
pc-pc_social_ack-i0-ar-o0-ln-c0-fh-d0f46d4e9e2f,pc_social_ack,AR,PC,-0.002654130104019714,-6.3776605128932715,-6.375006382789252,1
pc-pc_social_ack-i0-ar-o0-ln-c1-fe-839e1682c67e,pc_social_ack,AR,PC,-0.0007704009522058186,-7.37575900554566,-7.3749886045934545,1
pc-pc_social_ack-i0-ar-o0-ln-c1-fh-95a5d7f8512f,pc_social_ack,AR,PC,-0.0007458549180228147,-7.375743985175518,-7.374998130257495,1
pc-pc_social_ack-i0-ar-o1-ll-c0-fe-ce8b667d7285,pc_social_ack,AR,PC,-0.046226799488039205,-6.701020240783691,-6.654793441295652,1
pc-pc_social_ack-i0-ar-o1-ll-c0-fh-a9b7e8ffbbbd,pc_social_ack,AR,PC,-0.014661432243855188,-5.147363841533661,-5.132702409289806,1
pc-pc_social_ack-i0-ar-o1-ll-c1-fe-ad7347f75e9f,pc_social_ack,AR,PC,-0.0010513510782175217,-11.159707307815552,-11.158655956737334,1
pc-pc_social_ack-i0-ar-o1-ll-c1-fh-f7e011119a6d,pc_social_ack,AR,PC,-0.0004258444529341432,-11.00787901878357,-11.007453174330635,1
pc-pc_social_ack-i0-ar-o1-ln-c0-fe-84d1cf232a8b,pc_social_ack,AR,PC,-0.050067018717470546,-6.21810507774353,-6.16803805902606,1
pc-pc_social_ack-i0-ar-o1-ln-c0-fh-b84db4ed3b7d,pc_social_ack,AR,PC,-0.024530690163345525,-4.123038500547409,-4.0985078103840635,1
pc-pc_social_ack-i0-ar-o1-ln-c1-fe-b854e3b54ace,pc_social_ack,AR,PC,-0.0009769216972017603,-7.600065231323242,-7.59908830962604,1
pc-pc_social_ack-i0-ar-o1-ln-c1-fh-01d147af7bf0,pc_social_ack,AR,PC,-0.000333730625698081,-8.475548908114433,-8.475215177488735,1
pc-pc_social_ack-i0-ro-o0-ll-c0-fx-4bd77d89970a,pc_social_ack,RO,PC,-0.6406358480412564,-0.7656459807503779,-0.12501013270912154,1
pc-pc_social_ack-i0-ro-o0-ll-c1-fx-cb01784d4a5d,pc_social_ack,RO,PC,-0.002054846611713401,-6.752058744415535,-6.750003897803822,1
pc-pc_social_ack-i0-ro-o0-ln-c0-fx-628981cbe26e,pc_social_ack,RO,PC,-1.1450910568196377,-0.39509612318761356,0.7499949336320242,1
pc-pc_social_ack-i0-ro-o0-ln-c1-fx-a2eb29426e1a,pc_social_ack,RO,PC,-0.0021975960091822344,-6.627199530592861,-6.625001934583679,1
pc-pc_social_ack-i0-ro-o1-ll-c0-fx-081bd9377186,pc_social_ack,RO,PC,-0.0009714481175251422,-8.375973105390585,-8.37500165727306,1
pc-pc_social_ack-i0-ro-o1-ll-c1-fx-f0e1fd5c4855,pc_social_ack,RO,PC,-0.0001869035654635809,-12.56268835065839,-12.562501447092927,1
pc-pc_social_ack-i0-ro-o1-ln-c0-fx-2e9aecab9749,pc_social_ack,RO,PC,-0.003840120955828752,-6.00383996961591,-5.999999848660082,1
pc-pc_social_ack-i0-ro-o1-ln-c1-fx-b226817f062f,pc_social_ack,RO,PC,-0.0003274158402746252,-10.500327110279159,-10.499999694438884,1
pc-pc_social_ack-i1-ar-o0-ll-c0-fe-5fc1b406d907,pc_social_ack,AR,PC,-0.004888739003945375,-5.8799153535292135,-5.875026614525268,1
pc-pc_social_ack-i1-ar-o0-ll-c0-fh-6931084fdece,pc_social_ack,AR,PC,-0.0022004542329341348,-6.8772149084270495,-6.875014454194115,1
pc-pc_social_ack-i1-ar-o0-ll-c1-fe-838b4cb383fb,pc_social_ack,AR,PC,-0.0004947177831127192,-8.125491976736384,-8.124997258953272,1
pc-pc_social_ack-i1-ar-o0-ll-c1-fh-f7bb6861f804,pc_social_ack,AR,PC,-0.0003208607633951033,-8.500320315359431,-8.499999454596036,1
pc-pc_social_ack-i1-ar-o0-ln-c0-fe-439c1ec21f84,pc_social_ack,AR,PC,-0.005556499339945731,-5.50562965413701,-5.5000731547970645,1
pc-pc_social_ack-i1-ar-o0-ln-c0-fh-b550dfcf5c3b,pc_social_ack,AR,PC,-0.002655912190334675,-6.377670526384463,-6.375014614194129,1
pc-pc_social_ack-i1-ar-o0-ln-c1-fe-62c077a4f025,pc_social_ack,AR,PC,-0.0008783110356489487,-7.250873446463629,-7.24999513542798,1
pc-pc_social_ack-i1-ar-o0-ln-c1-fh-20eaaaf20c41,pc_social_ack,AR,PC,-0.0003650721027952386,-8.250364422797588,-8.249999350694793,1
pc-pc_social_ack-i1-ar-o1-ll-c0-fe-58f1586bef07,pc_social_ack,AR,PC,-0.047738604247541616,-6.221370220184326,-6.1736316159367846,1
pc-pc_social_ack-i1-ar-o1-ll-c0-fh-dbb8e04cab70,pc_social_ack,AR,PC,-0.03366779536005993,-3.8148951530456543,-3.7812273576855944,1
pc-pc_social_ack-i1-ar-o1-ll-c1-fe-2b278a6c280c,pc_social_ack,AR,PC,-0.0009240424247991541,-12.583974123001099,-12.5830500805763,1
pc-pc_social_ack-i1-ar-o1-ll-c1-fh-4ea0fcca1a9e,pc_social_ack,AR,PC,-0.00047219614452842507,-10.714428424835205,-10.713956228690677,1
pc-pc_social_ack-i1-ar-o1-ln-c0-fe-a7f4cbd941ea,pc_social_ack,AR,PC,-0.06354959309098263,-5.743459701538086,-5.679910108447103,1
pc-pc_social_ack-i1-ar-o1-ln-c0-fh-d35dbb036995,pc_social_ack,AR,PC,-0.05633997917172451,-2.9933385029435158,-2.9369985237717913,1
pc-pc_social_ack-i1-ar-o1-ln-c1-fe-a47c1fcacb7a,pc_social_ack,AR,PC,-0.0007014219254415366,-8.023836851119995,-8.023135429194554,1
pc-pc_social_ack-i1-ar-o1-ln-c1-fh-125916e410ef,pc_social_ack,AR,PC,-0.0004394286072511022,-8.062413588166237,-8.061974159558986,1
pc-pc_social_ack-i1-ro-o0-ll-c0-fx-9e29611942d9,pc_social_ack,RO,PC,-0.9846413135473995,-0.48464810843142914,0.49999320511597034,1
pc-pc_social_ack-i1-ro-o0-ll-c1-fx-76104dcbe0cc,pc_social_ack,RO,PC,-0.0022041357581201737,-6.752209901785591,-6.750005766027471,1
pc-pc_social_ack-i1-ro-o0-ln-c0-fx-ab45abe6e14c,pc_social_ack,RO,PC,-1.3219606876318721,-0.3219644129030712,0.9999962747288009,1
pc-pc_social_ack-i1-ro-o0-ln-c1-fx-314ea6a711f5,pc_social_ack,RO,PC,-0.0026303522738544416,-6.502633094776229,-6.5000027425023745,1
pc-pc_social_ack-i1-ro-o1-ll-c0-fx-72bfc70935c8,pc_social_ack,RO,PC,-0.0013515251675926265,-8.126354813524813,-8.12500328835722,1
pc-pc_social_ack-i1-ro-o1-ll-c1-fx-b5b82797e71d,pc_social_ack,RO,PC,-0.00020251715568520012,-12.625206351240195,-12.62500383408451,1
pc-pc_social_ack-i1-ro-o1-ln-c0-fx-c68e96502796,pc_social_ack,RO,PC,-0.004197263609512447,-6.004198074321721,-6.0000008107122085,1
pc-pc_social_ack-i1-ro-o1-ln-c1-fx-ee2124ec49ea,pc_social_ack,RO,PC,-0.00029428581501633744,-11.062797784774375,-11.062503498959359,1
pc-pc_social_ack-i2-ar-o0-ll-c0-fe-5616f21992f6,pc_social_ack,AR,PC,-0.0073445755551801994,-5.257363319000433,-5.250018743445253,1
pc-pc_social_ack-i2-ar-o0-ll-c0-fh-8125c2a92304,pc_social_ack,AR,PC,-0.003151937150505546,-6.253160118994856,-6.2500081818443505,1
pc-pc_social_ack-i2-ar-o0-ll-c1-fe-df148926de58,pc_social_ack,AR,PC,-0.00030608401357312687,-8.750302910803498,-8.749996826789925,1
pc-pc_social_ack-i2-ar-o0-ll-c1-fh-3f1886f24089,pc_social_ack,AR,PC,-0.000413809958672573,-8.125413298605963,-8.12499948864729,1
pc-pc_social_ack-i2-ar-o0-ln-c0-fe-85f64aebcc4d,pc_social_ack,AR,PC,-0.009150322482128104,-4.884165286721327,-4.875014964239199,1
pc-pc_social_ack-i2-ar-o0-ln-c0-fh-437122d351fb,pc_social_ack,AR,PC,-0.005095476749829686,-5.505101561521769,-5.50000608477194,1
pc-pc_social_ack-i2-ar-o0-ln-c1-fe-125f84d0dc87,pc_social_ack,AR,PC,-0.0004882859166173148,-8.000480055808112,-7.999991769891494,1
pc-pc_social_ack-i2-ar-o0-ln-c1-fh-c879349e58c0,pc_social_ack,AR,PC,-0.0004867333602760482,-7.875485420226596,-7.87499868686632,1
pc-pc_social_ack-i2-ar-o1-ll-c0-fe-dc581ed9166e,pc_social_ack,AR,PC,-0.05405878275632148,-8.06079912185669,-8.006740339100368,1
pc-pc_social_ack-i2-ar-o1-ll-c0-fh-487c5db8543c,pc_social_ack,AR,PC,-0.023380428552620458,-5.304596543312073,-5.281216114759452,1
pc-pc_social_ack-i2-ar-o1-ll-c1-fe-8c52d4040af5,pc_social_ack,AR,PC,-0.00047195784236464533,-15.12955617904663,-15.129084221204266,1
pc-pc_social_ack-i2-ar-o1-ll-c1-fh-b52e8cf0b220,pc_social_ack,AR,PC,-0.0002526919413412543,-11.766656160354614,-11.766403468413273,1
pc-pc_social_ack-i2-ar-o1-ln-c0-fe-54745e8af3df,pc_social_ack,AR,PC,-0.06373225897547741,-7.324810743331909,-7.261078484356432,1
pc-pc_social_ack-i2-ar-o1-ln-c0-fh-2ecfcc3cec37,pc_social_ack,AR,PC,-0.035073932260246465,-4.308250427246094,-4.273176494985847,1
pc-pc_social_ack-i2-ar-o1-ln-c1-fe-77733c7e8865,pc_social_ack,AR,PC,-0.00029225894695628085,-9.848750352859497,-9.84845809391254,1
pc-pc_social_ack-i2-ar-o1-ln-c1-fh-0557c48507ea,pc_social_ack,AR,PC,-0.0001932197479845854,-9.18008216843009,-9.179888948682105,1
pc-pc_social_ack-i2-ro-o0-ll-c0-fx-1148646165fa,pc_social_ack,RO,PC,-0.7667557001079786,-0.641767859349784,0.12498784075819458,1
pc-pc_social_ack-i2-ro-o0-ll-c1-fx-2d160144e137,pc_social_ack,RO,PC,-0.0018811422627322827,-6.8768880366969825,-6.87500689443425,1
pc-pc_social_ack-i2-ro-o0-ln-c0-fx-c1c5bfbcaee9,pc_social_ack,RO,PC,-1.145116925234106,-0.3951205909006603,0.7499963343334457,1
pc-pc_social_ack-i2-ro-o0-ln-c1-fx-1d31ae83716e,pc_social_ack,RO,PC,-0.002213058060306139,-6.627215862262801,-6.625002804202495,1
pc-pc_social_ack-i2-ro-o1-ll-c0-fx-96b85f1ad816,pc_social_ack,RO,PC,-0.0009532265003144857,-8.375956177660555,-8.37500295116024,1
pc-pc_social_ack-i2-ro-o1-ll-c1-fx-e91f09afa04f,pc_social_ack,RO,PC,-0.00021765339442936238,-12.250220537161567,-12.250002883767138,1
pc-pc_social_ack-i2-ro-o1-ln-c0-fx-8b34f99f7fab,pc_social_ack,RO,PC,-0.004333059288455843,-5.879334688162544,-5.875001628874088,1
pc-pc_social_ack-i2-ro-o1-ln-c1-fx-5ce6f585f8ab,pc_social_ack,RO,PC,-0.00029726503089477774,-10.562798976879094,-10.5625017118482,1
pc-pc_social_ack-i3-ar-o0-ll-c0-fe-bdc483d63b5a,pc_social_ack,AR,PC,-0.013744086601946037,-4.513768907192571,-4.500024820590625,1
pc-pc_social_ack-i3-ar-o0-ll-c0-fh-e413c7b2eafb,pc_social_ack,AR,PC,-0.0028152198044608667,-6.627828001868693,-6.625012782064232,1
pc-pc_social_ack-i3-ar-o0-ll-c1-fe-38e6110cbce7,pc_social_ack,AR,PC,-0.00027462172556624864,-9.000271081923756,-8.99999646019819,1
pc-pc_social_ack-i3-ar-o0-ll-c1-fh-f98c6cc2a1c9,pc_social_ack,AR,PC,-0.0002863002573576523,-8.62528598308404,-8.624999682826683,1
pc-pc_social_ack-i3-ar-o0-ln-c0-fe-c8bcfcfe0692,pc_social_ack,AR,PC,-0.01450980576191796,-4.389620055007981,-4.375110249246063,1
pc-pc_social_ack-i3-ar-o0-ln-c0-fh-6c234c01ced2,pc_social_ack,AR,PC,-0.0028723939316250835,-6.5028755664743585,-6.500003172542733,1
pc-pc_social_ack-i3-ar-o0-ln-c1-fe-8ea19fb769f1,pc_social_ack,AR,PC,-0.00040416054616798647,-8.250395774840854,-8.249991614294686,1
pc-pc_social_ack-i3-ar-o0-ln-c1-fh-16a935810208,pc_social_ack,AR,PC,-0.0003289641156243306,-8.375328063964389,-8.374999099848765,1
pc-pc_social_ack-i3-ar-o1-ll-c0-fe-b5f26101989a,pc_social_ack,AR,PC,-0.03426974266766791,-7.798462629318237,-7.764192886650569,1
pc-pc_social_ack-i3-ar-o1-ll-c0-fh-bf5a47005a9c,pc_social_ack,AR,PC,-0.029542690142982053,-4.083306312561035,-4.053763622418053,1
pc-pc_social_ack-i3-ar-o1-ll-c1-fe-fcb74db6d132,pc_social_ack,AR,PC,-0.0006437618864083561,-11.312622547149658,-11.31197878526325,1
pc-pc_social_ack-i3-ar-o1-ll-c1-fh-8fea7c130d85,pc_social_ack,AR,PC,-0.0007747991473934235,-8.637663125991821,-8.636888326844428,1
pc-pc_social_ack-i3-ar-o1-ln-c0-fe-9a80d98e27af,pc_social_ack,AR,PC,-0.050815425813190984,-7.3149988651275635,-7.2641834393143725,1
pc-pc_social_ack-i3-ar-o1-ln-c0-fh-5442cfb527e3,pc_social_ack,AR,PC,-0.04490203037857299,-3.395358622074127,-3.350456591695554,1
pc-pc_social_ack-i3-ar-o1-ln-c1-fe-e4c5c72d5633,pc_social_ack,AR,PC,-0.000537966784463606,-8.304249197244644,-8.30371123046018,1
pc-pc_social_ack-i3-ar-o1-ln-c1-fh-c5db98b8cb26,pc_social_ack,AR,PC,-0.0005657268336562993,-7.780320445075631,-7.779754718241975,1
pc-pc_social_ack-i3-ro-o0-ll-c0-fx-0902714699f4,pc_social_ack,RO,PC,-0.5856857299788771,-0.835692882497824,-0.2500071525189469,1
pc-pc_social_ack-i3-ro-o0-ll-c1-fx-b22c5466785c,pc_social_ack,RO,PC,-0.0028266308347610902,-6.377830266937508,-6.375003636102747,1
pc-pc_social_ack-i3-ro-o0-ln-c0-fx-3eeb7307b94a,pc_social_ack,RO,PC,-0.9847735762571119,-0.4847782253978039,0.499995350859308,1
pc-pc_social_ack-i3-ro-o0-ln-c1-fx-7e2beff9b8b8,pc_social_ack,RO,PC,-0.0024066844464414316,-6.502407073970517,-6.500000389524075,1
pc-pc_social_ack-i3-ro-o1-ll-c0-fx-bc3e880b97a1,pc_social_ack,RO,PC,-0.0011014877727575367,-8.126103758787394,-8.125002271014637,1
pc-pc_social_ack-i3-ro-o1-ll-c1-fx-680a2dafa0b4,pc_social_ack,RO,PC,-0.0002282603777530312,-12.000229239455166,-12.000000979077413,1
pc-pc_social_ack-i3-ro-o1-ln-c0-fx-cfb1671717f7,pc_social_ack,RO,PC,-0.0031986439021238766,-6.253199458106337,-6.250000814204213,1
pc-pc_social_ack-i3-ro-o1-ln-c1-fx-8a1de0fc1440,pc_social_ack,RO,PC,-0.0003007208233611891,-10.625301241867874,-10.625000521044512,1
pc-pc_social_ack-i4-ar-o0-ll-c0-fe-ab1796d39cd4,pc_social_ack,AR,PC,-0.005097883722555707,-5.755109906003781,-5.750012022281226,1
pc-pc_social_ack-i4-ar-o0-ll-c0-fh-d51163ce2eda,pc_social_ack,AR,PC,-0.0026064538380978775,-6.502613186798044,-6.500006732959946,1
pc-pc_social_ack-i4-ar-o0-ll-c1-fe-ac5b378e2964,pc_social_ack,AR,PC,-0.00047636814042562037,-8.125473856924373,-8.124997488783947,1
pc-pc_social_ack-i4-ar-o0-ll-c1-fh-388df6f4ad5c,pc_social_ack,AR,PC,-0.0004090434501904383,-8.12541091441426,-8.12500187096407,1
pc-pc_social_ack-i4-ar-o0-ln-c0-fe-388a48198cca,pc_social_ack,AR,PC,-0.007370931550667592,-5.132388829928459,-5.125017898377791,1
pc-pc_social_ack-i4-ar-o0-ln-c0-fh-fd7ff2cfffc1,pc_social_ack,AR,PC,-0.0030885890590184317,-6.128094673134456,-6.125006084075437,1
pc-pc_social_ack-i4-ar-o0-ln-c1-fe-07af9bd75f14,pc_social_ack,AR,PC,-0.0005834832209075103,-7.750576496123244,-7.749993012902337,1
pc-pc_social_ack-i4-ar-o0-ln-c1-fh-73839cbcd8d2,pc_social_ack,AR,PC,-0.0005383246436849731,-7.750537872312634,-7.749999547668949,1
pc-pc_social_ack-i4-ar-o1-ll-c0-fe-808dcf9f3be6,pc_social_ack,AR,PC,-0.018154997378580617,-9.274897575378418,-9.256742577999837,1
pc-pc_social_ack-i4-ar-o1-ll-c0-fh-1e24aaaae241,pc_social_ack,AR,PC,-0.015521209686966131,-5.527480483055115,-5.511959273368149,1
pc-pc_social_ack-i4-ar-o1-ll-c1-fe-4d252ac8ddc7,pc_social_ack,AR,PC,-0.0005818109490292045,-13.214391946792603,-13.213810135843573,1
pc-pc_social_ack-i4-ar-o1-ll-c1-fh-00279130f6d7,pc_social_ack,AR,PC,-0.00032455445011692063,-10.11655569076538,-10.116231136315264,1
pc-pc_social_ack-i4-ar-o1-ln-c0-fe-a27c82739bd4,pc_social_ack,AR,PC,-0.022337734699242162,-7.670612096786499,-7.648274362087257,1
pc-pc_social_ack-i4-ar-o1-ln-c0-fh-f1dccbfb1705,pc_social_ack,AR,PC,-0.024876683950395773,-4.407539546489716,-4.38266286253932,1
pc-pc_social_ack-i4-ar-o1-ln-c1-fe-eccfe3bba108,pc_social_ack,AR,PC,-0.00032264808942272794,-9.036913603544235,-9.036590955454813,1
pc-pc_social_ack-i4-ar-o1-ln-c1-fh-49fdef56e899,pc_social_ack,AR,PC,-0.00018380398944373155,-9.333231778815389,-9.333047974825945,1
pc-pc_social_ack-i4-ro-o0-ll-c0-fx-789ba1505304,pc_social_ack,RO,PC,-0.7691795229891341,-0.644192278276023,0.12498724471311107,1
pc-pc_social_ack-i4-ro-o0-ll-c1-fx-d9e5d05c70c4,pc_social_ack,RO,PC,-0.00201380415614949,-6.7520196437526465,-6.750005839596497,1
pc-pc_social_ack-i4-ro-o0-ln-c0-fx-8cdb3b878765,pc_social_ack,RO,PC,-1.2329813241933607,-0.35798919195804046,0.8749921322353202,1
pc-pc_social_ack-i4-ro-o0-ln-c1-fx-f8934886fb43,pc_social_ack,RO,PC,-0.0022279270899616677,-6.6272306442147055,-6.625002717124744,1
pc-pc_social_ack-i4-ro-o1-ll-c0-fx-6124029fa1ca,pc_social_ack,RO,PC,-0.0009571558721290785,-8.500967502453932,-8.500010346581803,1
pc-pc_social_ack-i4-ro-o1-ll-c1-fx-ef761ac67c63,pc_social_ack,RO,PC,-0.00020287471079427633,-12.687705278365684,-12.68750240365489,1
pc-pc_social_ack-i4-ro-o1-ln-c0-fx-76c79687d10e,pc_social_ack,RO,PC,-0.0033974251596191607,-6.253401637037314,-6.250004211877695,1
pc-pc_social_ack-i4-ro-o1-ln-c1-fx-3cbb1516dc6a,pc_social_ack,RO,PC,-0.0002893994878832018,-11.062791466692943,-11.06250206720506,1
pc-pc_social_review-i0-ar-o0-ll-c0-fe-6e0f1494211a,pc_social_review,AR,PC,-0.007861900131501898,-5.045912604779005,-5.038050704647503,1
pc-pc_social_review-i0-ar-o0-ll-c0-fh-6ad82160799c,pc_social_review,AR,PC,-0.013438377528700585,-4.388439416883102,-4.375001039354402,1
pc-pc_social_review-i0-ar-o0-ll-c1-fe-cc37bfca0d66,pc_social_review,AR,PC,-0.00048315897242900974,-8.25048100948328,-8.249997850510852,1
pc-pc_social_review-i0-ar-o0-ll-c1-fh-a9f5407afc4e,pc_social_review,AR,PC,-0.0014335390862925124,-6.751432299613896,-6.749998760527603,1
pc-pc_social_review-i0-ar-o0-ln-c0-fe-1f349a2e7d0b,pc_social_review,AR,PC,-0.008621758776143906,-4.884533582429867,-4.875911823653723,1
pc-pc_social_review-i0-ar-o0-ln-c0-fh-124c59be616b,pc_social_review,AR,PC,-0.011906276456954856,-4.511907339095387,-4.500001062638432,1
pc-pc_social_review-i0-ar-o0-ln-c1-fe-aeb7a25903c3,pc_social_review,AR,PC,-0.0005721645120502217,-8.000564932823124,-7.999992768311074,1
pc-pc_social_review-i0-ar-o0-ln-c1-fh-e570d660e9cb,pc_social_review,AR,PC,-0.0024448551697560106,-6.127444028854342,-6.124999173684586,1
pc-pc_social_review-i0-ar-o1-ll-c0-fe-d6eda1f282c6,pc_social_review,AR,PC,-0.0008729462278935785,-17.688509941101074,-17.68763699487318,1
pc-pc_social_review-i0-ar-o1-ll-c0-fh-d68bdaf20cbb,pc_social_review,AR,PC,-0.0009609611588459188,-11.049598693847656,-11.04863773268881,1
pc-pc_social_review-i0-ar-o1-ll-c1-fe-7fffa5556299,pc_social_review,AR,PC,-7.045042207209917e-05,-19.375407218933105,-19.375336768511033,1
pc-pc_social_review-i0-ar-o1-ll-c1-fh-93b7765aed85,pc_social_review,AR,PC,-9.667417111813847e-05,-11.438395380973816,-11.438298706802698,1
pc-pc_social_review-i0-ar-o1-ln-c0-fe-1b97d6dc768e,pc_social_review,AR,PC,-0.0007239344413321191,-18.375828742980957,-18.375104808539625,1
pc-pc_social_review-i0-ar-o1-ln-c0-fh-98f0e2845d48,pc_social_review,AR,PC,-0.0006473353714611108,-10.830864191055298,-10.830216855683837,1
pc-pc_social_review-i0-ar-o1-ln-c1-fe-e587bbd33fa4,pc_social_review,AR,PC,-5.149724711372983e-05,-14.767741441726685,-14.76768994447957,1
pc-pc_social_review-i0-ar-o1-ln-c1-fh-89c047951b8b,pc_social_review,AR,PC,-5.650365312703798e-05,-11.689499318599701,-11.689442814946574,1
pc-pc_social_review-i0-ro-o0-ll-c0-fx-fa78ea177eaf,pc_social_review,RO,PC,-0.43722635507424457,-1.0622335671978362,-0.6250072121235917,1
pc-pc_social_review-i0-ro-o0-ll-c1-fx-c12d06bf043b,pc_social_review,RO,PC,-0.0009012935330474647,-8.2509050369149,-8.250003743381853,1
pc-pc_social_review-i0-ro-o0-ln-c0-fx-3def82bfcdd5,pc_social_review,RO,PC,-0.5851973891245734,-0.8352001309303887,-0.2500027418058153,1
pc-pc_social_review-i0-ro-o0-ln-c1-fx-69d87e611c2b,pc_social_review,RO,PC,-0.0009057006093371456,-7.750907421107968,-7.750001720498631,1
pc-pc_social_review-i0-ro-o1-ll-c0-fx-3310cb135d45,pc_social_review,RO,PC,-0.00048137130056602473,-9.312983393662307,-9.312502022361741,1
pc-pc_social_review-i0-ro-o1-ll-c1-fx-0e3e9d9e5b1e,pc_social_review,RO,PC,-8.690007416589651e-05,-15.625087261194494,-15.625000361120328,1
pc-pc_social_review-i0-ro-o1-ln-c0-fx-2179221b6c95,pc_social_review,RO,PC,-0.00047827316927850916,-8.687979102132203,-8.687500828962925,1
pc-pc_social_review-i0-ro-o1-ln-c1-fx-9acdef47a81b,pc_social_review,RO,PC,-0.00010203817259935022,-14.06260299682208,-14.06250095864948,1
pc-pc_social_review-i1-ar-o0-ll-c0-fe-262f9f1a9171,pc_social_review,AR,PC,-0.006038119005097542,-5.424040757119656,-5.418002638114558,1
pc-pc_social_review-i1-ar-o0-ll-c0-fh-73798a8a905a,pc_social_review,AR,PC,-0.01088956555850018,-4.635888099663134,-4.624998534104634,1
pc-pc_social_review-i1-ar-o0-ll-c1-fe-799a04121b8d,pc_social_review,AR,PC,-0.00024852106889738934,-10.000246763229143,-9.999998242160245,1
pc-pc_social_review-i1-ar-o0-ll-c1-fh-08cbc0077b60,pc_social_review,AR,PC,-0.0005099673855966103,-8.125509023666154,-8.124999056280558,1
pc-pc_social_review-i1-ar-o0-ln-c0-fe-a6f02fa84f1c,pc_social_review,AR,PC,-0.00623431051371881,-5.258414014708251,-5.252179704194532,1
pc-pc_social_review-i1-ar-o0-ln-c0-fh-cd970e809cda,pc_social_review,AR,PC,-0.010817594824857224,-4.635818600651419,-4.625001005826562,1
pc-pc_social_review-i1-ar-o0-ln-c1-fe-cc84f200e179,pc_social_review,AR,PC,-0.00030250935424191994,-9.25029611587513,-9.249993606520889,1
pc-pc_social_review-i1-ar-o0-ln-c1-fh-4de8882f77d8,pc_social_review,AR,PC,-0.0010525420068461244,-7.12605178356165,-7.124999241554804,1
pc-pc_social_review-i1-ar-o1-ll-c0-fe-afbd541d9b67,pc_social_review,AR,PC,-0.0010746903717233636,-18.063655853271484,-18.06258116289976,1
pc-pc_social_review-i1-ar-o1-ll-c0-fh-ca48a36e0abc,pc_social_review,AR,PC,-0.0014624628238095738,-11.274733066558838,-11.273270603735028,1
pc-pc_social_review-i1-ar-o1-ll-c1-fe-9cbc78b609e9,pc_social_review,AR,PC,-7.152333591875504e-05,-21.437636375427246,-21.437564852091327,1
pc-pc_social_review-i1-ar-o1-ll-c1-fh-e341a720a363,pc_social_review,AR,PC,-0.0001077595288734301,-12.526567220687866,-12.526459461158993,1
pc-pc_social_review-i1-ar-o1-ln-c0-fe-c2c2908a4b56,pc_social_review,AR,PC,-0.000831496727180081,-19.438365936279297,-19.437534439552117,1
pc-pc_social_review-i1-ar-o1-ln-c0-fh-33ce7ba7be67,pc_social_review,AR,PC,-0.0009243983658890897,-10.426276445388794,-10.425352047022905,1
pc-pc_social_review-i1-ar-o1-ln-c1-fe-f7fcbeeabb6b,pc_social_review,AR,PC,-5.686142276317696e-05,-17.07506799697876,-17.075011135555997,1
pc-pc_social_review-i1-ar-o1-ln-c1-fh-fb82a4556414,pc_social_review,AR,PC,-5.8410914107298595e-05,-11.813334822654724,-11.813276411740617,1
pc-pc_social_review-i1-ro-o0-ll-c0-fx-11147b92c316,pc_social_review,RO,PC,-0.3236194848998366,-1.3236255645442725,-1.0000060796444359,1
pc-pc_social_review-i1-ro-o0-ll-c1-fx-97aa746fe018,pc_social_review,RO,PC,-0.0008032675249296517,-8.375807762134627,-8.375004494609698,1
pc-pc_social_review-i1-ro-o0-ln-c0-fx-f729b873cc20,pc_social_review,RO,PC,-0.398943275211991,-1.1489465236550132,-0.7500032484430221,1
pc-pc_social_review-i1-ro-o0-ln-c1-fx-fb8c5d787a79,pc_social_review,RO,PC,-0.0008182760208228501,-7.875820636743811,-7.875002360722988,1
pc-pc_social_review-i1-ro-o1-ll-c0-fx-a181813e7c0f,pc_social_review,RO,PC,-0.0005079418754121434,-9.625511169422225,-9.625003227546813,1
pc-pc_social_review-i1-ro-o1-ll-c1-fx-fd6e12f259c0,pc_social_review,RO,PC,-8.89264292709413e-05,-16.562593698470664,-16.562504772041393,1
pc-pc_social_review-i1-ro-o1-ln-c0-fx-98dd7a5d4238,pc_social_review,RO,PC,-0.0004394286072511022,-9.125441312786506,-9.125001884179255,1
pc-pc_social_review-i1-ro-o1-ln-c1-fx-d30eaeaa2276,pc_social_review,RO,PC,-9.583984342498297e-05,-14.812599301326372,-14.812503461482947,1
pc-pc_social_review-i2-ar-o0-ll-c0-fe-486357346359,pc_social_review,AR,PC,-0.007328907955070463,-5.132764005131321,-5.125435097176251,1
pc-pc_social_review-i2-ar-o0-ll-c0-fh-40f00742282b,pc_social_review,AR,PC,-0.01206719223273467,-4.512066721915289,-4.499999529682555,1
pc-pc_social_review-i2-ar-o0-ll-c1-fe-ee88dce4831d,pc_social_review,AR,PC,-0.0003387361334716843,-8.937837243079969,-8.937498506946497,1
pc-pc_social_review-i2-ar-o0-ll-c1-fh-174c40f8d69a,pc_social_review,AR,PC,-0.0007668190503409278,-7.500765323638802,-7.499998504588461,1
pc-pc_social_review-i2-ar-o0-ln-c0-fe-a31bbb062228,pc_social_review,AR,PC,-0.006214361633283261,-5.256224274550732,-5.250009912917449,1
pc-pc_social_review-i2-ar-o0-ln-c0-fh-07ff59dcca0f,pc_social_review,AR,PC,-0.010658132843502699,-4.635658383368877,-4.625000250525375,1
pc-pc_social_review-i2-ar-o0-ln-c1-fe-3ffd19385ea6,pc_social_review,AR,PC,-0.0003887876587214123,-8.62538266181943,-8.624993874160708,1
pc-pc_social_review-i2-ar-o0-ln-c1-fh-28af24804113,pc_social_review,AR,PC,-0.0017764300564522273,-6.501775622367802,-6.49999919231135,1
pc-pc_social_review-i2-ar-o1-ll-c0-fe-a61efb1926b9,pc_social_review,AR,PC,-0.0008155358373116428,-19.9383487701416,-19.93753323430429,1
pc-pc_social_review-i2-ar-o1-ll-c0-fh-2f4da507b557,pc_social_review,AR,PC,-0.0012011465150791878,-12.138733863830566,-12.137532717315487,1
pc-pc_social_review-i2-ar-o1-ll-c1-fe-aaab850af33b,pc_social_review,AR,PC,-7.903296273070737e-05,-20.312718391418457,-20.312639358455726,1
pc-pc_social_review-i2-ar-o1-ll-c1-fh-33bd31e017d6,pc_social_review,AR,PC,-0.00013124097245054145,-10.875921845436096,-10.875790604463646,1
pc-pc_social_review-i2-ar-o1-ln-c0-fe-c1ba964d4d0a,pc_social_review,AR,PC,-0.0007437086314823205,-20.563265800476074,-20.562522091844592,1
pc-pc_social_review-i2-ar-o1-ln-c0-fh-edab5317e3ce,pc_social_review,AR,PC,-0.0008154167444374139,-11.971985578536987,-11.97117016179255,1
pc-pc_social_review-i2-ar-o1-ln-c1-fe-e8429bc8d285,pc_social_review,AR,PC,-5.185484656067274e-05,-15.401501893997192,-15.401450039150632,1
pc-pc_social_review-i2-ar-o1-ln-c1-fh-07d9a9725025,pc_social_review,AR,PC,-5.638445111344481e-05,-11.554816991090775,-11.554760606639661,1
pc-pc_social_review-i2-ro-o0-ll-c0-fx-5471ca640808,pc_social_review,RO,PC,-0.2336316108687697,-1.6086399554696982,-1.3750083446009285,1
pc-pc_social_review-i2-ro-o0-ll-c1-fx-71e77411749a,pc_social_review,RO,PC,-0.0007053515288362178,-8.375711679434517,-8.37500632790568,1
pc-pc_social_review-i2-ro-o0-ln-c0-fx-f6d7da0bf2f4,pc_social_review,RO,PC,-0.2897535860525977,-1.414756774890975,-1.1250031888383774,1
pc-pc_social_review-i2-ro-o0-ln-c1-fx-59c9c1a71f02,pc_social_review,RO,PC,-0.000617433396882916,-8.250620841968612,-8.250003408571729,1
pc-pc_social_review-i2-ro-o1-ll-c0-fx-e6d9f3b138e8,pc_social_review,RO,PC,-0.0003810403552506614,-10.2503864764858,-10.25000543613055,1
pc-pc_social_review-i2-ro-o1-ll-c1-fx-1f6806ed0f5e,pc_social_review,RO,PC,-8.773447370913345e-05,-16.000090837454536,-16.000003102980827,1
pc-pc_social_review-i2-ro-o1-ln-c0-fx-b97f339e7b83,pc_social_review,RO,PC,-0.00038544923722838575,-9.50038754939169,-9.500002100154461,1
pc-pc_social_review-i2-ro-o1-ln-c1-fx-24bf592f69b6,pc_social_review,RO,PC,-0.0001039453602516005,-14.250105381002868,-14.250001435642616,1
pc-pc_social_review-i3-ar-o0-ll-c0-fe-360da722c6fd,pc_social_review,AR,PC,-0.007387380569525703,-5.2213312312960625,-5.213943850726537,1
pc-pc_social_review-i3-ar-o0-ll-c0-fh-ff1908734c50,pc_social_review,AR,PC,-0.0077366088510189,-5.007742524120658,-5.0000059152696394,1
pc-pc_social_review-i3-ar-o0-ll-c1-fe-f4b4564a570a,pc_social_review,AR,PC,-0.00020656869901358732,-10.18770539760584,-10.187498828906826,1
pc-pc_social_review-i3-ar-o0-ll-c1-fh-1c4c8f3a0504,pc_social_review,AR,PC,-0.00043001526398711576,-8.250428557395878,-8.249998542131891,1
pc-pc_social_review-i3-ar-o0-ln-c0-fe-48feed154716,pc_social_review,AR,PC,-0.006359245621297305,-5.25806055101566,-5.251701305394363,1
pc-pc_social_review-i3-ar-o0-ln-c0-fh-8ccfeb2035f7,pc_social_review,AR,PC,-0.006145985331329484,-5.256147861477984,-5.250001876146655,1
pc-pc_social_review-i3-ar-o0-ln-c1-fe-295caf371a38,pc_social_review,AR,PC,-0.00025126287209786824,-9.375246286392183,-9.374995023520086,1
pc-pc_social_review-i3-ar-o0-ln-c1-fh-12721b0ce106,pc_social_review,AR,PC,-0.0011042233081752784,-7.0011031627654745,-6.999998939457299,1
pc-pc_social_review-i3-ar-o1-ll-c0-fe-b602e659035b,pc_social_review,AR,PC,-0.0009659631177711958,-18.626017570495605,-18.625051607377834,1
pc-pc_social_review-i3-ar-o1-ll-c0-fh-d3754bf73f35,pc_social_review,AR,PC,-0.0017564361914921278,-10.285430431365967,-10.283673995174475,1
pc-pc_social_review-i3-ar-o1-ll-c1-fe-1d6c38ddf13d,pc_social_review,AR,PC,-8.332405832334189e-05,-21.562620162963867,-21.562536838905544,1
pc-pc_social_review-i3-ar-o1-ll-c1-fh-0bb2b885aced,pc_social_review,AR,PC,-0.0001411339613923701,-11.00209105014801,-11.001949916186618,1
pc-pc_social_review-i3-ar-o1-ln-c0-fe-94b4f9ae0186,pc_social_review,AR,PC,-0.0008703258936222369,-18.500934600830078,-18.500064274936456,1
pc-pc_social_review-i3-ar-o1-ln-c0-fh-0bf7ea9ebb1d,pc_social_review,AR,PC,-0.0010958864586356754,-9.976326942443848,-9.975231055985212,1
pc-pc_social_review-i3-ar-o1-ln-c1-fe-6e845dcdf8af,pc_social_review,AR,PC,-5.614616270577244e-05,-16.4608051776886,-16.460749031525893,1
pc-pc_social_review-i3-ar-o1-ln-c1-fh-23fdbad38a21,pc_social_review,AR,PC,-5.590763225882256e-05,-11.423650704324245,-11.423594796691987,1
pc-pc_social_review-i3-ro-o0-ll-c0-fx-98806ae35031,pc_social_review,RO,PC,-0.3597860634314429,-1.2347923516917945,-0.8750062882603515,1
pc-pc_social_review-i3-ro-o0-ll-c1-fx-56bd6c32a45b,pc_social_review,RO,PC,-0.0009453601667246403,-8.125948429102209,-8.125003068935484,1
pc-pc_social_review-i3-ro-o0-ln-c0-fx-33a039f1b228,pc_social_review,RO,PC,-0.44179993867805933,-1.066802382462356,-0.6250024437842967,1
pc-pc_social_review-i3-ro-o0-ln-c1-fx-b682b79f222c,pc_social_review,RO,PC,-0.0008667534561936918,-7.875868201253297,-7.8750014477971035,1
pc-pc_social_review-i3-ro-o1-ll-c0-fx-188da27a76e7,pc_social_review,RO,PC,-0.0005852661555536542,-9.25058937071617,-9.250004104560617,1
pc-pc_social_review-i3-ro-o1-ll-c1-fx-f26743da6a66,pc_social_review,RO,PC,-9.166794666271016e-05,-15.562594413745956,-15.562502745799293,1
pc-pc_social_review-i3-ro-o1-ln-c0-fx-1adbf8ffedbb,pc_social_review,RO,PC,-0.000655436771580753,-8.313157558435705,-8.312502121664124,1
pc-pc_social_review-i3-ro-o1-ln-c1-fx-547a28e21492,pc_social_review,RO,PC,-0.00010537558341638942,-14.187607765190478,-14.187502389607062,1
pc-pc_social_review-i4-ar-o0-ll-c0-fe-5e3c34f30c7f,pc_social_review,AR,PC,-0.006021482858614036,-5.386954525485635,-5.380933042627021,1
pc-pc_social_review-i4-ar-o0-ll-c0-fh-235d4fcb34b8,pc_social_review,AR,PC,-0.008600474333206876,-4.883600354192595,-4.874999879859388,1
pc-pc_social_review-i4-ar-o0-ll-c1-fe-4e53ccca0c6e,pc_social_review,AR,PC,-0.00030381890064745676,-9.000302791595345,-8.999998972694698,1
pc-pc_social_review-i4-ar-o0-ll-c1-fh-967de27fc67e,pc_social_review,AR,PC,-0.0005713268174076802,-7.875570297241097,-7.87499897042369,1
pc-pc_social_review-i4-ar-o0-ln-c0-fe-16355bb31a7a,pc_social_review,AR,PC,-0.0063295057011600875,-5.256414886440325,-5.250085380739165,1
pc-pc_social_review-i4-ar-o0-ln-c0-fh-646294570c50,pc_social_review,AR,PC,-0.008499523624664107,-4.883500456809088,-4.875000933184424,1
pc-pc_social_review-i4-ar-o0-ln-c1-fe-26a4b46c295f,pc_social_review,AR,PC,-0.00043073158667539246,-8.375426769256478,-8.374996037669803,1
pc-pc_social_review-i4-ar-o0-ln-c1-fh-804a9a626ba8,pc_social_review,AR,PC,-0.0017307334341012393,-6.5017298460006145,-6.499999112566513,1
pc-pc_social_review-i4-ar-o1-ll-c0-fe-ad8d6106b9a6,pc_social_review,AR,PC,-0.0008126771426688606,-18.688393592834473,-18.687580915691804,1
pc-pc_social_review-i4-ar-o1-ll-c0-fh-6ca85fab7560,pc_social_review,AR,PC,-0.0013293726369667525,-10.789414167404175,-10.788084794767208,1
pc-pc_social_review-i4-ar-o1-ll-c1-fe-996a916bb8f2,pc_social_review,AR,PC,-7.426484353345586e-05,-18.75078821182251,-18.750713946978976,1
pc-pc_social_review-i4-ar-o1-ll-c1-fh-de74232fdc00,pc_social_review,AR,PC,-0.00010704428837016167,-11.188396215438843,-11.188289171150473,1
pc-pc_social_review-i4-ar-o1-ln-c0-fe-c626a212ab41,pc_social_review,AR,PC,-0.0006495988927710528,-19.688203811645508,-19.687554212752737,1
pc-pc_social_review-i4-ar-o1-ln-c0-fh-1e72d687bdf6,pc_social_review,AR,PC,-0.0007657457026581937,-10.851006746292114,-10.850241000589456,1
pc-pc_social_review-i4-ar-o1-ln-c1-fe-99a994470f14,pc_social_review,AR,PC,-4.9470749672764214e-05,-14.89273738861084,-14.892687917861167,1
pc-pc_social_review-i4-ar-o1-ln-c1-fh-04fb9856f2df,pc_social_review,AR,PC,-5.6026837910394534e-05,-11.38250232487917,-11.382446298041259,1
pc-pc_social_review-i4-ro-o0-ll-c0-fx-490b5b73a892,pc_social_review,RO,PC,-0.2909853160365401,-1.415995001727424,-1.125009685690884,1
pc-pc_social_review-i4-ro-o0-ll-c1-fx-050e5fc82f6c,pc_social_review,RO,PC,-0.0007683667934088589,-8.375773906688664,-8.375005539895255,1
pc-pc_social_review-i4-ro-o0-ln-c0-fx-36c9407b940e,pc_social_review,RO,PC,-0.2906791865815421,-1.4156839847373703,-1.1250047981558282,1
pc-pc_social_review-i4-ro-o0-ln-c1-fx-8529f9eb0c55,pc_social_review,RO,PC,-0.0006642526126370285,-8.250666975966396,-8.25000272335376,1
pc-pc_social_review-i4-ro-o1-ll-c0-fx-d73633a5239e,pc_social_review,RO,PC,-0.0004246532901106548,-9.75042939183686,-9.75000473854675,1
pc-pc_social_review-i4-ro-o1-ll-c1-fx-5c5a7b6b6759,pc_social_review,RO,PC,-8.535048436897341e-05,-16.125087499603524,-16.125002149119155,1
pc-pc_social_review-i4-ro-o1-ln-c0-fx-36e2b363537a,pc_social_review,RO,PC,-0.0004544423999277569,-8.937956690781448,-8.93750224838152,1
pc-pc_social_review-i4-ro-o1-ln-c1-fx-3fca9e522204,pc_social_review,RO,PC,-8.475438312416372e-05,-14.937586784355517,-14.937502029972393,1
