pair_key,scenario_id,family,ar_frame,both_valid,agree_content,ar_pole1,ro_pole1,ar_margin,ro_margin
ar_component_library|i0|o0|letters|c0,ar_component_library,AR,enacted,1,0.0,0.0,1.0,-1.617624417078332,3.1249996982523953
ar_component_library|i0|o0|letters|c1,ar_component_library,AR,enacted,1,1.0,0.0,0.0,-2.49908562918381,-4.625009097095926
ar_component_library|i0|o0|numbers|c0,ar_component_library,AR,enacted,1,0.0,0.0,1.0,-2.1209622161477455,2.8750001639125458
ar_component_library|i0|o0|numbers|c1,ar_component_library,AR,enacted,1,1.0,0.0,0.0,-2.248672860557974,-4.375004311078101
ar_component_library|i0|o1|letters|c0,ar_component_library,AR,enacted,1,1.0,1.0,1.0,1.2475217052262906,3.375007960885796
ar_component_library|i0|o1|letters|c1,ar_component_library,AR,enacted,1,1.0,0.0,0.0,-0.1429913954634685,-4.12499715947547
ar_component_library|i0|o1|numbers|c0,ar_component_library,AR,enacted,1,1.0,1.0,1.0,0.9971944773564019,3.5000030100245567
ar_component_library|i0|o1|numbers|c1,ar_component_library,AR,enacted,1,0.0,1.0,0.0,0.8683015232309117,-2.999998230490519
ar_component_library|i1|o0|letters|c0,ar_component_library,AR,enacted,1,0.0,0.0,1.0,-2.3698763960273936,2.6249992102402757
ar_component_library|i1|o0|letters|c1,ar_component_library,AR,enacted,1,1.0,0.0,0.0,-2.8740878846724627,-3.7500048745242793
ar_component_library|i1|o0|numbers|c0,ar_component_library,AR,enacted,1,0.0,0.0,1.0,-2.371101497221389,2.374999903142566
ar_component_library|i1|o0|numbers|c1,ar_component_library,AR,enacted,1,1.0,0.0,0.0,-2.623967034741895,-3.7500021662523864
ar_component_library|i1|o1|letters|c0,ar_component_library,AR,enacted,1,1.0,1.0,1.0,1.6221945516293772,2.7500064894258003
ar_component_library|i1|o1|letters|c1,ar_component_library,AR,enacted,1,0.0,1.0,0.0,0.36146353190997615,-3.2499966397984963
ar_component_library|i1|o1|numbers|c0,ar_component_library,AR,enacted,1,1.0,1.0,1.0,1.7463997402225004,2.8750031702153933
ar_component_library|i1|o1|numbers|c1,ar_component_library,AR,enacted,1,0.0,1.0,0.0,0.7403845445660409,-2.624998219314307
ar_component_library|i2|o0|letters|c0,ar_component_library,AR,enacted,1,0.0,0.0,1.0,-0.9918734742095694,3.124999459834271
ar_component_library|i2|o0|letters|c1,ar_component_library,AR,enacted,1,1.0,0.0,0.0,-2.373070383095012,-3.6250034198035337
ar_component_library|i2|o0|numbers|c0,ar_component_library,AR,enacted,1,0.0,0.0,1.0,-1.4959621123016404,3.000000055879127
ar_component_library|i2|o0|numbers|c1,ar_component_library,AR,enacted,1,1.0,0.0,0.0,-1.8725236656608786,-3.875001920383511
ar_component_library|i2|o1|letters|c0,ar_component_library,AR,enacted,1,1.0,1.0,1.0,1.6221944927228833,2.8750048614817842
ar_component_library|i2|o1|letters|c1,ar_component_library,AR,enacted,1,1.0,0.0,0.0,-0.13571232740650885,-3.2499983012723987
ar_component_library|i2|o1|numbers|c0,ar_component_library,AR,enacted,1,1.0,1.0,1.0,1.4978148562362321,3.5000029690498877
ar_component_library|i2|o1|numbers|c1,ar_component_library,AR,enacted,1,0.0,1.0,0.0,0.7433433938858798,-2.4999989941734384
ar_component_library|i3|o0|letters|c0,ar_component_library,AR,enacted,1,0.0,0.0,1.0,-2.6281161764636636,2.999998610469788
ar_component_library|i3|o0|letters|c1,ar_component_library,AR,enacted,1,1.0,0.0,0.0,-4.37139837280688,-3.25000235437858
ar_component_library|i3|o0|numbers|c0,ar_component_library,AR,enacted,1,0.0,0.0,1.0,-3.24790305912029,2.624999575317247
ar_component_library|i3|o0|numbers|c1,ar_component_library,AR,enacted,1,1.0,0.0,0.0,-3.7413827963171116,-3.625001860778866
ar_component_library|i3|o1|letters|c0,ar_component_library,AR,enacted,1,1.0,1.0,1.0,2.4736958444098036,2.1250035986197418
ar_component_library|i3|o1|letters|c1,ar_component_library,AR,enacted,1,0.0,1.0,0.0,0.7365094805136323,-3.499996583919142
ar_component_library|i3|o1|numbers|c0,ar_component_library,AR,enacted,1,1.0,1.0,1.0,2.216350823639459,2.8750027939612437
ar_component_library|i3|o1|numbers|c1,ar_component_library,AR,enacted,1,0.0,1.0,0.0,1.1164144115755334,-2.874998018149313
ar_component_library|i4|o0|letters|c0,ar_component_library,AR,enacted,1,0.0,0.0,1.0,-1.86840847984422,2.999999370427531
ar_component_library|i4|o0|letters|c1,ar_component_library,AR,enacted,1,1.0,0.0,0.0,-2.123297014504942,-3.6250068749852744
ar_component_library|i4|o0|numbers|c0,ar_component_library,AR,enacted,1,0.0,0.0,1.0,-2.246445938555553,2.7500001713630127
ar_component_library|i4|o0|numbers|c1,ar_component_library,AR,enacted,1,1.0,0.0,0.0,-1.9975237711325917,-3.500003345302275
ar_component_library|i4|o1|letters|c0,ar_component_library,AR,enacted,1,1.0,1.0,1.0,1.495379033496647,2.25000926845928
ar_component_library|i4|o1|letters|c1,ar_component_library,AR,enacted,1,0.0,1.0,0.0,0.6090623464842793,-3.4999966472516917
ar_component_library|i4|o1|numbers|c0,ar_component_library,AR,enacted,1,1.0,1.0,1.0,1.495379416736796,3.000004041928946
ar_component_library|i4|o1|numbers|c1,ar_component_library,AR,enacted,1,0.0,1.0,0.0,1.2441234565485502,-2.62499864399706
ar_docsection_readme|i0|o0|letters|c0,ar_docsection_readme,AR,enacted,1,0.0,0.0,1.0,-3.1457756250165403,1.8749981969631335
ar_docsection_readme|i0|o0|letters|c1,ar_docsection_readme,AR,enacted,1,1.0,0.0,0.0,-3.233960077165989,-4.125004021434279
ar_docsection_readme|i0|o0|numbers|c0,ar_docsection_readme,AR,enacted,1,0.0,0.0,1.0,-3.0068052332499065,1.3749983906768648
ar_docsection_readme|i0|o0|numbers|c1,ar_docsection_readme,AR,enacted,1,1.0,0.0,0.0,-3.2267519440500223,-4.000002462410748
ar_docsection_readme|i0|o1|letters|c0,ar_docsection_readme,AR,enacted,1,1.0,1.0,1.0,2.7374848937611205,4.000005073818556
ar_docsection_readme|i0|o1|letters|c1,ar_docsection_readme,AR,enacted,1,0.0,1.0,0.0,3.0051346919499338,-2.4999986663488016
ar_docsection_readme|i0|o1|numbers|c0,ar_docsection_readme,AR,enacted,1,1.0,1.0,1.0,2.6068459954111063,4.125002454958803
ar_docsection_readme|i0|o1|numbers|c1,ar_docsection_readme,AR,enacted,1,0.0,1.0,0.0,3.1288186503807083,-1.6249989420191469
ar_docsection_readme|i1|o0|letters|c0,ar_docsection_readme,AR,enacted,1,0.0,0.0,1.0,-3.4285614881664515,1.3749979287426868
ar_docsection_readme|i1|o0|letters|c1,ar_docsection_readme,AR,enacted,1,1.0,0.0,0.0,-3.3624867219476755,-3.625005299202485
ar_docsection_readme|i1|o0|numbers|c0,ar_docsection_readme,AR,enacted,1,0.0,0.0,1.0,-3.1624187520355918,0.7499992251406411
ar_docsection_readme|i1|o0|numbers|c1,ar_docsection_readme,AR,enacted,1,1.0,0.0,0.0,-3.601752229034844,-3.8750023245762577
ar_docsection_readme|i1|o1|letters|c0,ar_docsection_readme,AR,enacted,1,1.0,1.0,1.0,2.985832656733578,3.375004895008942
ar_docsection_readme|i1|o1|letters|c1,ar_docsection_readme,AR,enacted,1,0.0,1.0,0.0,3.1395351220853627,-2.1249986141940553
ar_docsection_readme|i1|o1|numbers|c0,ar_docsection_readme,AR,enacted,1,1.0,1.0,1.0,3.098696915432754,3.625002622598231
ar_docsection_readme|i1|o1|numbers|c1,ar_docsection_readme,AR,enacted,1,0.0,1.0,0.0,3.386707917728927,-1.374999478459813
ar_docsection_readme|i2|o0|letters|c0,ar_docsection_readme,AR,enacted,1,0.0,0.0,1.0,-3.269515269086696,1.7499997466807145
ar_docsection_readme|i2|o0|letters|c1,ar_docsection_readme,AR,enacted,1,1.0,0.0,0.0,-3.117391374427598,-3.875006921551403
ar_docsection_readme|i2|o0|numbers|c0,ar_docsection_readme,AR,enacted,1,0.0,0.0,1.0,-3.0136143374838866,1.374999582768055
ar_docsection_readme|i2|o0|numbers|c1,ar_docsection_readme,AR,enacted,1,1.0,0.0,0.0,-2.987488551065155,-3.87500309943141
ar_docsection_readme|i2|o1|letters|c0,ar_docsection_readme,AR,enacted,1,1.0,1.0,1.0,2.613948351703357,3.6250063329569002
ar_docsection_readme|i2|o1|letters|c1,ar_docsection_readme,AR,enacted,1,0.0,1.0,0.0,3.0022773005766794,-2.6250004842868293
ar_docsection_readme|i2|o1|numbers|c0,ar_docsection_readme,AR,enacted,1,1.0,1.0,1.0,2.360833904705828,3.50000308453059
ar_docsection_readme|i2|o1|numbers|c1,ar_docsection_readme,AR,enacted,1,0.0,1.0,0.0,3.130914046545513,-2.1249997913840843
ar_docsection_readme|i3|o0|letters|c0,ar_docsection_readme,AR,enacted,1,0.0,0.0,1.0,-4.24912734888494,0.9999972283907255
ar_docsection_readme|i3|o0|letters|c1,ar_docsection_readme,AR,enacted,1,1.0,0.0,0.0,-3.3568452633916195,-3.8750052917519042
ar_docsection_readme|i3|o0|numbers|c0,ar_docsection_readme,AR,enacted,1,0.0,0.0,1.0,-3.750605250708759,0.4999980926545504
ar_docsection_readme|i3|o0|numbers|c1,ar_docsection_readme,AR,enacted,1,1.0,0.0,0.0,-2.951409336179438,-4.0000024903507665
ar_docsection_readme|i3|o1|letters|c0,ar_docsection_readme,AR,enacted,1,1.0,1.0,1.0,2.729452829807826,3.375005029115073
ar_docsection_readme|i3|o1|letters|c1,ar_docsection_readme,AR,enacted,1,0.0,1.0,0.0,3.6602388380561024,-2.374998286370328
ar_docsection_readme|i3|o1|numbers|c0,ar_docsection_readme,AR,enacted,1,1.0,1.0,1.0,2.313028343021756,3.500002577893383
ar_docsection_readme|i3|o1|numbers|c1,ar_docsection_readme,AR,enacted,1,0.0,1.0,0.0,3.4432366916444153,-1.6249983608752245
ar_docsection_readme|i4|o0|letters|c0,ar_docsection_readme,AR,enacted,1,0.0,0.0,1.0,-3.900138781638816,1.2499993145476083
ar_docsection_readme|i4|o0|letters|c1,ar_docsection_readme,AR,enacted,1,1.0,0.0,0.0,-3.4932816517537617,-4.0000040642779595
ar_docsection_readme|i4|o0|numbers|c0,ar_docsection_readme,AR,enacted,1,0.0,0.0,1.0,-3.408098977524787,0.8749991953383187
ar_docsection_readme|i4|o0|numbers|c1,ar_docsection_readme,AR,enacted,1,1.0,0.0,0.0,-3.363950391299909,-3.8750019147955754
ar_docsection_readme|i4|o1|letters|c0,ar_docsection_readme,AR,enacted,1,1.0,1.0,1.0,2.742390907835045,3.3750024959356324
ar_docsection_readme|i4|o1|letters|c1,ar_docsection_readme,AR,enacted,1,0.0,1.0,0.0,3.5024399156682193,-2.124999716878392
ar_docsection_readme|i4|o1|numbers|c0,ar_docsection_readme,AR,enacted,1,1.0,1.0,1.0,2.7318476606159265,3.375001516190082
ar_docsection_readme|i4|o1|numbers|c1,ar_docsection_readme,AR,enacted,1,0.0,1.0,0.0,3.386480922345072,-1.4999994933609742
ar_execmode_ingest|i0|o0|letters|c0,ar_execmode_ingest,AR,enacted,1,0.0,0.0,1.0,-2.846355316694826,0.9999951720418494
ar_execmode_ingest|i0|o0|letters|c1,ar_execmode_ingest,AR,enacted,1,1.0,0.0,0.0,-4.9663482787600515,-5.000002101053269
ar_execmode_ingest|i0|o0|numbers|c0,ar_execmode_ingest,AR,enacted,1,0.0,0.0,1.0,-3.2215328220045194,1.3749968409622397
ar_execmode_ingest|i0|o0|numbers|c1,ar_execmode_ingest,AR,enacted,1,1.0,0.0,0.0,-4.42110350354983,-4.625001546922476
ar_execmode_ingest|i0|o1|letters|c0,ar_execmode_ingest,AR,enacted,0,nan,nan,1.0,-0.20095103979292617,0.24999654295561413
ar_execmode_ingest|i0|o1|letters|c1,ar_execmode_ingest,AR,enacted,1,1.0,0.0,0.0,-1.4408555659465492,-5.87499703328001
ar_execmode_ingest|i0|o1|numbers|c0,ar_execmode_ingest,AR,enacted,0,nan,nan,1.0,-0.7519368231298813,0.9999991655381564
ar_execmode_ingest|i0|o1|numbers|c1,ar_execmode_ingest,AR,enacted,1,1.0,0.0,0.0,-1.1481189564801753,-4.874998685906007
ar_execmode_ingest|i1|o0|letters|c0,ar_execmode_ingest,AR,enacted,1,0.0,0.0,1.0,-2.7609791196882725,0.9999968409622397
ar_execmode_ingest|i1|o0|letters|c1,ar_execmode_ingest,AR,enacted,1,1.0,0.0,0.0,-4.961938318327611,-4.375000700351848
ar_execmode_ingest|i1|o0|numbers|c0,ar_execmode_ingest,AR,enacted,1,0.0,0.0,1.0,-2.9482521107420325,1.6249986439963777
ar_execmode_ingest|i1|o0|numbers|c1,ar_execmode_ingest,AR,enacted,1,1.0,0.0,0.0,-4.671089935114878,-4.000001121309197
ar_execmode_ingest|i1|o1|letters|c0,ar_execmode_ingest,AR,enacted,1,1.0,1.0,1.0,1.1018626689908615,0.6249964237399581
ar_execmode_ingest|i1|o1|letters|c1,ar_execmode_ingest,AR,enacted,1,1.0,0.0,0.0,-1.1731642624363303,-5.999997655400193
ar_execmode_ingest|i1|o1|numbers|c0,ar_execmode_ingest,AR,enacted,0,nan,nan,1.0,0.775913551449662,0.8749986887012255
ar_execmode_ingest|i1|o1|numbers|c1,ar_execmode_ingest,AR,enacted,1,1.0,0.0,0.0,-0.6266496069729328,-4.874999456108185
ar_execmode_ingest|i2|o0|letters|c0,ar_execmode_ingest,AR,enacted,1,0.0,0.0,1.0,-1.8788348496891558,1.6249968707645621
ar_execmode_ingest|i2|o0|letters|c1,ar_execmode_ingest,AR,enacted,1,1.0,0.0,0.0,-4.97023875917921,-4.375001073810381
ar_execmode_ingest|i2|o0|numbers|c0,ar_execmode_ingest,AR,enacted,1,0.0,0.0,1.0,-2.0594984588678926,2.2499978393354922
ar_execmode_ingest|i2|o0|numbers|c1,ar_execmode_ingest,AR,enacted,1,1.0,0.0,0.0,-4.274785278363765,-4.125002020964757
ar_execmode_ingest|i2|o1|letters|c0,ar_execmode_ingest,AR,enacted,1,1.0,1.0,1.0,1.4881192594760932,0.6250008046595212
ar_execmode_ingest|i2|o1|letters|c1,ar_execmode_ingest,AR,enacted,1,1.0,0.0,0.0,-1.4178902195490082,-5.499996127105987
ar_execmode_ingest|i2|o1|numbers|c0,ar_execmode_ingest,AR,enacted,0,nan,nan,1.0,0.9240535348652656,1.3750000447034836
ar_execmode_ingest|i2|o1|numbers|c1,ar_execmode_ingest,AR,enacted,1,1.0,0.0,0.0,-0.8831821761268657,-4.874998467044918
ar_execmode_ingest|i3|o0|letters|c0,ar_execmode_ingest,AR,enacted,1,0.0,0.0,1.0,-2.156959092244506,0.4999972283903844
ar_execmode_ingest|i3|o0|letters|c1,ar_execmode_ingest,AR,enacted,1,1.0,0.0,0.0,-5.354439277666643,-4.12500018812716
ar_execmode_ingest|i3|o0|numbers|c0,ar_execmode_ingest,AR,enacted,1,0.0,0.0,1.0,-2.174656178802252,0.8749979138412982
ar_execmode_ingest|i3|o0|numbers|c1,ar_execmode_ingest,AR,enacted,1,1.0,0.0,0.0,-4.3573102960353935,-3.749999800697424
ar_execmode_ingest|i3|o1|letters|c0,ar_execmode_ingest,AR,enacted,0,nan,nan,0.0,-1.3132828474045368,-1.7500026971008538
ar_execmode_ingest|i3|o1|letters|c1,ar_execmode_ingest,AR,enacted,1,1.0,0.0,0.0,-2.849926845286973,-6.499997946903022
ar_execmode_ingest|i3|o1|numbers|c0,ar_execmode_ingest,AR,enacted,0,nan,nan,0.0,-1.2852394282818125,-0.8750030100266031
ar_execmode_ingest|i3|o1|numbers|c1,ar_execmode_ingest,AR,enacted,1,1.0,0.0,0.0,-2.069599484821083,-5.249999177643247
ar_execmode_ingest|i4|o0|letters|c0,ar_execmode_ingest,AR,enacted,1,0.0,0.0,1.0,-2.8229749966412783,0.624996423732
ar_execmode_ingest|i4|o0|letters|c1,ar_execmode_ingest,AR,enacted,1,1.0,0.0,0.0,-5.481844634742174,-4.874998756690729
ar_execmode_ingest|i4|o0|numbers|c0,ar_execmode_ingest,AR,enacted,1,0.0,0.0,1.0,-2.824497252353467,0.9999970495780417
ar_execmode_ingest|i4|o0|numbers|c1,ar_execmode_ingest,AR,enacted,1,1.0,0.0,0.0,-4.570112722923341,-4.625000607220272
ar_execmode_ingest|i4|o1|letters|c0,ar_execmode_ingest,AR,enacted,1,0.0,1.0,0.0,0.4768678247922935,-1.1250055431974033
ar_execmode_ingest|i4|o1|letters|c1,ar_execmode_ingest,AR,enacted,1,1.0,0.0,0.0,-1.7232763919746503,-6.249996247246486
ar_execmode_ingest|i4|o1|numbers|c0,ar_execmode_ingest,AR,enacted,0,nan,nan,1.0,0.07129260897625045,0.37499785424074616
ar_execmode_ingest|i4|o1|numbers|c1,ar_execmode_ingest,AR,enacted,1,1.0,0.0,0.0,-1.2677338167559355,-5.124998860063215
ar_execmode_migration|i0|o0|letters|c0,ar_execmode_migration,AR,enacted,1,0.0,0.0,1.0,-1.6676650973968208,1.124994009757188
ar_execmode_migration|i0|o0|letters|c1,ar_execmode_migration,AR,enacted,1,1.0,0.0,0.0,-4.586948644368249,-4.375000225380063
ar_execmode_migration|i0|o0|numbers|c0,ar_execmode_migration,AR,enacted,1,0.0,0.0,1.0,-2.098028279375285,1.4999961853136483
ar_execmode_migration|i0|o0|numbers|c1,ar_execmode_migration,AR,enacted,1,1.0,0.0,0.0,-4.171101907267484,-4.000000501050295
ar_execmode_migration|i0|o1|letters|c0,ar_execmode_migration,AR,enacted,1,1.0,1.0,1.0,1.0712894946332199,0.37499678136646253
ar_execmode_migration|i0|o1|letters|c1,ar_execmode_migration,AR,enacted,1,1.0,0.0,0.0,-1.4441318263416179,-5.249995888687636
ar_execmode_migration|i0|o1|numbers|c0,ar_execmode_migration,AR,enacted,0,nan,nan,1.0,0.601869329809972,0.8749981224598287
ar_execmode_migration|i0|o1|numbers|c1,ar_execmode_migration,AR,enacted,1,1.0,0.0,0.0,-1.2672373637906276,-4.499998216519543
ar_execmode_migration|i1|o0|letters|c0,ar_execmode_migration,AR,enacted,1,0.0,0.0,1.0,-2.419521632604301,0.9999970495766775
ar_execmode_migration|i1|o0|letters|c1,ar_execmode_migration,AR,enacted,1,1.0,0.0,0.0,-4.326391968875896,-4.000002281730758
ar_execmode_migration|i1|o0|numbers|c0,ar_execmode_migration,AR,enacted,1,0.0,0.0,1.0,-2.4421425298787653,1.4999982565665277
ar_execmode_migration|i1|o0|numbers|c1,ar_execmode_migration,AR,enacted,1,1.0,0.0,0.0,-3.9210932236161398,-3.625001464035222
ar_execmode_migration|i1|o1|letters|c0,ar_execmode_migration,AR,enacted,1,1.0,1.0,1.0,2.0617231354116825,0.8749985694928455
ar_execmode_migration|i1|o1|letters|c1,ar_execmode_migration,AR,enacted,1,1.0,0.0,0.0,-0.6558380809146911,-4.499998724089949
ar_execmode_migration|i1|o1|numbers|c0,ar_execmode_migration,AR,enacted,0,nan,nan,1.0,1.49238916486496,0.8749991059321474
ar_execmode_migration|i1|o1|numbers|c1,ar_execmode_migration,AR,enacted,1,1.0,0.0,0.0,-0.6284378357231617,-4.124999660998924
ar_execmode_migration|i2|o0|letters|c0,ar_execmode_migration,AR,enacted,1,0.0,0.0,1.0,-2.0105870832921937,1.6249972283903844
ar_execmode_migration|i2|o0|letters|c1,ar_execmode_migration,AR,enacted,1,1.0,0.0,0.0,-3.6044473927466356,-4.250002626320338
ar_execmode_migration|i2|o0|numbers|c0,ar_execmode_migration,AR,enacted,1,0.0,0.0,1.0,-2.077865337836556,1.999998196962565
ar_execmode_migration|i2|o0|numbers|c1,ar_execmode_migration,AR,enacted,1,1.0,0.0,0.0,-3.3263977617021965,-4.0000014938385675
ar_execmode_migration|i2|o1|letters|c0,ar_execmode_migration,AR,enacted,1,1.0,1.0,1.0,1.3573144525289251,0.8749991655370195
ar_execmode_migration|i2|o1|letters|c1,ar_execmode_migration,AR,enacted,1,1.0,0.0,0.0,-1.015910094982246,-4.374998636545172
ar_execmode_migration|i2|o1|numbers|c0,ar_execmode_migration,AR,enacted,1,1.0,1.0,1.0,0.9009127765893865,1.3749995231636376
ar_execmode_migration|i2|o1|numbers|c1,ar_execmode_migration,AR,enacted,1,1.0,0.0,0.0,-1.005122390401084,-4.499999183230614
ar_execmode_migration|i3|o0|letters|c0,ar_execmode_migration,AR,enacted,1,0.0,0.0,1.0,-1.8830376816913486,1.3749966174450492
ar_execmode_migration|i3|o0|letters|c1,ar_execmode_migration,AR,enacted,1,1.0,0.0,0.0,-4.354444915428189,-3.250000022351742
ar_execmode_migration|i3|o0|numbers|c0,ar_execmode_migration,AR,enacted,1,0.0,0.0,1.0,-1.6426914548501372,1.124997943643507
ar_execmode_migration|i3|o0|numbers|c1,ar_execmode_migration,AR,enacted,1,1.0,0.0,0.0,-3.0897673517463886,-3.375001188364422
ar_execmode_migration|i3|o1|letters|c0,ar_execmode_migration,AR,enacted,1,0.0,1.0,0.0,0.4768639504908947,-0.12500321864069974
ar_execmode_migration|i3|o1|letters|c1,ar_execmode_migration,AR,enacted,1,1.0,0.0,0.0,-1.4635088263312355,-5.124998586254378
ar_execmode_migration|i3|o1|numbers|c0,ar_execmode_migration,AR,enacted,0,nan,nan,1.0,-0.17870858311658822,0.6249974668087361
ar_execmode_migration|i3|o1|numbers|c1,ar_execmode_migration,AR,enacted,1,1.0,0.0,0.0,-0.9011754696257412,-4.249999489636025
ar_execmode_migration|i4|o0|letters|c0,ar_execmode_migration,AR,enacted,1,0.0,0.0,1.0,-2.0153144085779786,1.1249967813577086
ar_execmode_migration|i4|o0|letters|c1,ar_execmode_migration,AR,enacted,1,1.0,0.0,0.0,-4.231841723432126,-4.125000245868478
ar_execmode_migration|i4|o0|numbers|c0,ar_execmode_migration,AR,enacted,1,0.0,0.0,1.0,-1.916303628939204,1.6249979883469905
ar_execmode_migration|i4|o0|numbers|c1,ar_execmode_migration,AR,enacted,1,1.0,0.0,0.0,-3.2163470610960303,-3.8750011157222843
ar_execmode_migration|i4|o1|letters|c0,ar_execmode_migration,AR,enacted,1,0.0,1.0,0.0,0.7188415229318821,-1.0000019371457256
ar_execmode_migration|i4|o1|letters|c1,ar_execmode_migration,AR,enacted,1,1.0,0.0,0.0,-1.2925107411574572,-5.874998591842427
ar_execmode_migration|i4|o1|numbers|c0,ar_execmode_migration,AR,enacted,1,0.0,1.0,0.0,0.2423944771289257,-0.12500083446320787
ar_execmode_migration|i4|o1|numbers|c1,ar_execmode_migration,AR,enacted,1,1.0,0.0,0.0,-1.0106160785653628,-4.9999993732209305
ar_logformat_service|i0|o0|letters|c0,ar_logformat_service,AR,enacted,1,0.0,0.0,1.0,-4.376636038708966,1.3749972134892232
ar_logformat_service|i0|o0|letters|c1,ar_logformat_service,AR,enacted,1,1.0,0.0,0.0,-5.358956301119171,-5.12500249174775
ar_logformat_service|i0|o0|numbers|c0,ar_logformat_service,AR,enacted,1,0.0,0.0,1.0,-4.517634226118389,1.3749990165248391
ar_logformat_service|i0|o0|numbers|c1,ar_logformat_service,AR,enacted,1,1.0,0.0,0.0,-4.820106686092885,-4.750001299193059
ar_logformat_service|i0|o1|letters|c0,ar_logformat_service,AR,enacted,1,1.0,1.0,1.0,1.2188217639923025,2.125002011646302
ar_logformat_service|i0|o1|letters|c1,ar_logformat_service,AR,enacted,1,0.0,1.0,0.0,0.8869581017643213,-4.624998022807745
ar_logformat_service|i0|o1|numbers|c0,ar_logformat_service,AR,enacted,0,nan,nan,1.0,0.5568306744098379,2.2500002756708
ar_logformat_service|i0|o1|numbers|c1,ar_logformat_service,AR,enacted,1,0.0,1.0,0.0,1.2617082567303441,-3.4999998845160007
ar_logformat_service|i1|o0|letters|c0,ar_logformat_service,AR,enacted,1,0.0,0.0,1.0,-4.280995038832771,2.374997064476588
ar_logformat_service|i1|o0|letters|c1,ar_logformat_service,AR,enacted,1,1.0,0.0,0.0,-5.7423882135189785,-4.250001344827751
ar_logformat_service|i1|o0|numbers|c0,ar_logformat_service,AR,enacted,1,0.0,0.0,1.0,-3.600350009612157,1.9999992102393094
ar_logformat_service|i1|o0|numbers|c1,ar_logformat_service,AR,enacted,1,1.0,0.0,0.0,-4.820110104978056,-4.125000437721155
ar_logformat_service|i1|o1|letters|c0,ar_logformat_service,AR,enacted,1,1.0,1.0,1.0,1.5702358782291341,1.375002145760618
ar_logformat_service|i1|o1|letters|c1,ar_logformat_service,AR,enacted,1,0.0,1.0,0.0,0.8180101062171161,-5.2499977215231866
ar_logformat_service|i1|o1|numbers|c0,ar_logformat_service,AR,enacted,1,1.0,1.0,1.0,1.3518595248460699,1.7500003129234756
ar_logformat_service|i1|o1|numbers|c1,ar_logformat_service,AR,enacted,1,0.0,1.0,0.0,0.9231020771549083,-3.9999991096564145
ar_logformat_service|i2|o0|letters|c0,ar_logformat_service,AR,enacted,1,0.0,0.0,1.0,-4.780974854147644,2.124996870762857
ar_logformat_service|i2|o0|letters|c1,ar_logformat_service,AR,enacted,1,1.0,0.0,0.0,-6.748293856158824,-4.625002396287982
ar_logformat_service|i2|o0|numbers|c0,ar_logformat_service,AR,enacted,1,0.0,0.0,1.0,-4.563200129545294,1.9999980479511237
ar_logformat_service|i2|o0|numbers|c1,ar_logformat_service,AR,enacted,1,1.0,0.0,0.0,-5.868279420537817,-4.375001137143613
ar_logformat_service|i2|o1|letters|c0,ar_logformat_service,AR,enacted,1,1.0,1.0,1.0,1.8997766822576452,1.2500015497155346
ar_logformat_service|i2|o1|letters|c1,ar_logformat_service,AR,enacted,1,0.0,1.0,0.0,0.7883804887533188,-5.249998287766289
ar_logformat_service|i2|o1|numbers|c0,ar_logformat_service,AR,enacted,1,1.0,1.0,1.0,1.524567142128916,1.5000008493641417
ar_logformat_service|i2|o1|numbers|c1,ar_logformat_service,AR,enacted,1,0.0,1.0,0.0,1.1574785229749978,-4.374999386259333
ar_logformat_service|i3|o0|letters|c0,ar_logformat_service,AR,enacted,1,0.0,0.0,1.0,-4.975257213722216,1.999998196961883
ar_logformat_service|i3|o0|letters|c1,ar_logformat_service,AR,enacted,1,1.0,0.0,0.0,-5.492387181613566,-4.750001050530045
ar_logformat_service|i3|o0|numbers|c0,ar_logformat_service,AR,enacted,1,0.0,0.0,1.0,-4.531044270283019,1.7499989718210145
ar_logformat_service|i3|o0|numbers|c1,ar_logformat_service,AR,enacted,1,1.0,0.0,0.0,-4.331991700455518,-4.625001107341063
ar_logformat_service|i3|o1|letters|c0,ar_logformat_service,AR,enacted,1,1.0,1.0,1.0,1.74804696440696,1.6249999701976776
ar_logformat_service|i3|o1|letters|c1,ar_logformat_service,AR,enacted,1,0.0,1.0,0.0,2.2970875437604263,-4.62499810103634
ar_logformat_service|i3|o1|numbers|c0,ar_logformat_service,AR,enacted,1,1.0,1.0,1.0,0.9009002149105001,2.2499999031424522
ar_logformat_service|i3|o1|numbers|c1,ar_logformat_service,AR,enacted,1,0.0,1.0,0.0,2.0330221941694617,-3.374999321998075
ar_logformat_service|i4|o0|letters|c0,ar_logformat_service,AR,enacted,1,0.0,0.0,1.0,-4.569736155011924,1.6249969303674447
ar_logformat_service|i4|o0|letters|c1,ar_logformat_service,AR,enacted,1,1.0,0.0,0.0,-5.616381110157789,-4.375001949254624
ar_logformat_service|i4|o0|numbers|c0,ar_logformat_service,AR,enacted,1,0.0,0.0,1.0,-4.194781573052751,1.4999986439961503
ar_logformat_service|i4|o0|numbers|c1,ar_logformat_service,AR,enacted,1,1.0,0.0,0.0,-4.461951967328758,-4.250000523402377
ar_logformat_service|i4|o1|letters|c0,ar_logformat_service,AR,enacted,1,1.0,1.0,1.0,1.4980622529982952,1.5000032037323763
ar_logformat_service|i4|o1|letters|c1,ar_logformat_service,AR,enacted,1,0.0,1.0,0.0,1.3882312844507396,-4.624997592536033
ar_logformat_service|i4|o1|numbers|c0,ar_logformat_service,AR,enacted,1,1.0,1.0,1.0,0.5712850391864492,2.000000968572067
ar_logformat_service|i4|o1|numbers|c1,ar_logformat_service,AR,enacted,1,0.0,1.0,0.0,1.7617079194751568,-3.6250000782310963
ar_naming_config|i0|o0|letters|c0,ar_naming_config,AR,enacted,1,0.0,0.0,1.0,-4.37513346038395,1.6249958276919187
ar_naming_config|i0|o0|letters|c1,ar_naming_config,AR,enacted,1,1.0,0.0,0.0,-6.874978031529849,-4.625005617709348
ar_naming_config|i0|o0|numbers|c0,ar_naming_config,AR,enacted,1,0.0,0.0,1.0,-4.624964720434946,1.999997615820348
ar_naming_config|i0|o0|numbers|c1,ar_naming_config,AR,enacted,1,1.0,0.0,0.0,-5.62492431828997,-4.250003181389388
ar_naming_config|i0|o1|letters|c0,ar_naming_config,AR,enacted,1,1.0,1.0,1.0,6.749913623352711,4.000011982291198
ar_naming_config|i0|o1|letters|c1,ar_naming_config,AR,enacted,1,0.0,1.0,0.0,2.874976904466166,-2.624994434444716
ar_naming_config|i0|o1|numbers|c0,ar_naming_config,AR,enacted,1,1.0,1.0,1.0,5.9995672089571315,3.7500041443714736
ar_naming_config|i0|o1|numbers|c1,ar_naming_config,AR,enacted,1,0.0,1.0,0.0,3.1249514056453336,-2.874997299172378
ar_naming_config|i1|o0|letters|c0,ar_naming_config,AR,enacted,1,0.0,0.0,1.0,-5.001001185977657,1.4999950081294173
ar_naming_config|i1|o0|letters|c1,ar_naming_config,AR,enacted,1,1.0,0.0,0.0,-7.624995575066805,-4.625003886392506
ar_naming_config|i1|o0|numbers|c0,ar_naming_config,AR,enacted,1,0.0,0.0,1.0,-4.749985333750374,1.7499978840393169
ar_naming_config|i1|o0|numbers|c1,ar_naming_config,AR,enacted,1,1.0,0.0,0.0,-6.374971875631502,-4.125002562993359
ar_naming_config|i1|o1|letters|c0,ar_naming_config,AR,enacted,1,1.0,1.0,1.0,6.749736871075527,3.7500070016451446
ar_naming_config|i1|o1|letters|c1,ar_naming_config,AR,enacted,1,0.0,1.0,0.0,2.999847760947887,-2.499996103360104
ar_naming_config|i1|o1|numbers|c0,ar_naming_config,AR,enacted,1,1.0,1.0,1.0,5.748827622737728,3.5000026822026484
ar_naming_config|i1|o1|numbers|c1,ar_naming_config,AR,enacted,1,0.0,1.0,0.0,3.1247627217617264,-2.6249983161718546
ar_naming_config|i2|o0|letters|c0,ar_naming_config,AR,enacted,1,0.0,0.0,1.0,-5.751932703904458,0.7499972283918623
ar_naming_config|i2|o0|letters|c1,ar_naming_config,AR,enacted,1,1.0,0.0,0.0,-8.749994560688265,-5.250004264508561
ar_naming_config|i2|o0|numbers|c0,ar_naming_config,AR,enacted,1,0.0,0.0,1.0,-6.000099516766568,0.9999988377111322
ar_naming_config|i2|o0|numbers|c1,ar_naming_config,AR,enacted,1,1.0,0.0,0.0,-6.999977811146778,-4.875002169045501
ar_naming_config|i2|o1|letters|c0,ar_naming_config,AR,enacted,1,1.0,1.0,1.0,7.249923907722291,3.7500073592641456
ar_naming_config|i2|o1|letters|c1,ar_naming_config,AR,enacted,1,0.0,1.0,0.0,3.3752066976703645,-1.7499964982400797
ar_naming_config|i2|o1|numbers|c0,ar_naming_config,AR,enacted,1,1.0,1.0,1.0,6.124288418621234,3.6250026542600153
ar_naming_config|i2|o1|numbers|c1,ar_naming_config,AR,enacted,1,0.0,1.0,0.0,3.4999605247794534,-1.8749991655363374
ar_naming_config|i3|o0|letters|c0,ar_naming_config,AR,enacted,1,0.0,0.0,1.0,-5.625877205464349,0.8749963939296777
ar_naming_config|i3|o0|letters|c1,ar_naming_config,AR,enacted,1,1.0,0.0,0.0,-8.99999575576868,-5.125002532724238
ar_naming_config|i3|o0|numbers|c0,ar_naming_config,AR,enacted,1,0.0,0.0,1.0,-5.874964002479828,1.1249983310722769
ar_naming_config|i3|o0|numbers|c1,ar_naming_config,AR,enacted,1,1.0,0.0,0.0,-6.749958985070293,-4.750001654025482
ar_naming_config|i3|o1|letters|c0,ar_naming_config,AR,enacted,1,1.0,1.0,1.0,7.9999770141311615,4.000004172308536
ar_naming_config|i3|o1|letters|c1,ar_naming_config,AR,enacted,1,0.0,1.0,0.0,3.4999642372931703,-1.6249963492289226
ar_naming_config|i3|o1|numbers|c0,ar_naming_config,AR,enacted,1,1.0,1.0,1.0,6.249566932296119,4.000002333888801
ar_naming_config|i3|o1|numbers|c1,ar_naming_config,AR,enacted,1,0.0,1.0,0.0,3.7498296754292824,-1.6249985247872019
ar_naming_config|i4|o0|letters|c0,ar_naming_config,AR,enacted,1,0.0,0.0,1.0,-5.1735875589383795,0.8749962449207942
ar_naming_config|i4|o0|letters|c1,ar_naming_config,AR,enacted,1,1.0,0.0,0.0,-8.749997185842517,-4.75000636742277
ar_naming_config|i4|o0|numbers|c0,ar_naming_config,AR,enacted,1,0.0,0.0,1.0,-5.134740839279402,0.9999985396892725
ar_naming_config|i4|o0|numbers|c1,ar_naming_config,AR,enacted,1,1.0,0.0,0.0,-6.374972423143163,-4.500004016783123
ar_naming_config|i4|o1|letters|c0,ar_naming_config,AR,enacted,1,1.0,1.0,1.0,6.374840089206941,3.500007819335906
ar_naming_config|i4|o1|letters|c1,ar_naming_config,AR,enacted,1,0.0,1.0,0.0,2.3815970851574093,-2.4999956563290198
ar_naming_config|i4|o1|numbers|c0,ar_naming_config,AR,enacted,1,1.0,1.0,1.0,4.873965425882318,3.7500043064212605
ar_naming_config|i4|o1|numbers|c1,ar_naming_config,AR,enacted,1,0.0,1.0,0.0,2.6265998456292436,-2.3749986141947375
ar_naming_parser|i0|o0|letters|c0,ar_naming_parser,AR,enacted,1,0.0,0.0,1.0,-3.8761262091175013,1.62499539555904
ar_naming_parser|i0|o0|letters|c1,ar_naming_parser,AR,enacted,1,1.0,0.0,0.0,-6.499981028005095,-4.875006745531891
ar_naming_parser|i0|o0|numbers|c0,ar_naming_parser,AR,enacted,1,0.0,0.0,1.0,-4.875054969124903,1.6249978989410465
ar_naming_parser|i0|o0|numbers|c1,ar_naming_parser,AR,enacted,1,1.0,0.0,0.0,-5.499953857804599,-4.3750031394780535
ar_naming_parser|i0|o1|letters|c0,ar_naming_parser,AR,enacted,1,1.0,1.0,1.0,6.249889755250365,3.875011876120425
ar_naming_parser|i0|o1|letters|c1,ar_naming_parser,AR,enacted,1,0.0,1.0,0.0,2.3748508747667074,-2.874994959704736
ar_naming_parser|i0|o1|numbers|c0,ar_naming_parser,AR,enacted,1,1.0,1.0,1.0,5.74944509356277,3.6250039338925717
ar_naming_parser|i0|o1|numbers|c1,ar_naming_parser,AR,enacted,1,0.0,1.0,0.0,3.374837042079889,-2.874998029325866
ar_naming_parser|i1|o0|letters|c0,ar_naming_parser,AR,enacted,1,0.0,0.0,1.0,-4.375204218915314,1.3749949932282561
ar_naming_parser|i1|o0|letters|c1,ar_naming_parser,AR,enacted,1,1.0,0.0,0.0,-7.874940924680686,-4.87500486893191
ar_naming_parser|i1|o0|numbers|c0,ar_naming_parser,AR,enacted,1,0.0,0.0,1.0,-4.249944833876725,1.7499975562145664
ar_naming_parser|i1|o0|numbers|c1,ar_naming_parser,AR,enacted,1,1.0,0.0,0.0,-6.1248588261804,-4.500003001644586
ar_naming_parser|i1|o1|letters|c0,ar_naming_parser,AR,enacted,1,1.0,1.0,1.0,7.1247018304711105,3.8750079869739693
ar_naming_parser|i1|o1|letters|c1,ar_naming_parser,AR,enacted,1,0.0,1.0,0.0,2.2498071065347176,-2.7499941960265915
ar_naming_parser|i1|o1|numbers|c0,ar_naming_parser,AR,enacted,1,1.0,1.0,1.0,6.1232956598978205,3.500004641693863
ar_naming_parser|i1|o1|numbers|c1,ar_naming_parser,AR,enacted,1,0.0,1.0,0.0,2.4997129432013026,-2.874997954820401
ar_naming_parser|i2|o0|letters|c0,ar_naming_parser,AR,enacted,1,0.0,0.0,1.0,-4.251699013239886,1.1249960363048785
ar_naming_parser|i2|o0|letters|c1,ar_naming_parser,AR,enacted,1,1.0,0.0,0.0,-8.249998544812001,-5.3750054803443845
ar_naming_parser|i2|o0|numbers|c0,ar_naming_parser,AR,enacted,1,0.0,0.0,1.0,-5.250016650508769,1.1249985694912539
ar_naming_parser|i2|o0|numbers|c1,ar_naming_parser,AR,enacted,1,1.0,0.0,0.0,-6.124988491959357,-5.000003331330731
ar_naming_parser|i2|o1|letters|c0,ar_naming_parser,AR,enacted,1,1.0,1.0,1.0,6.874953649184874,3.8750066812706336
ar_naming_parser|i2|o1|letters|c1,ar_naming_parser,AR,enacted,1,0.0,1.0,0.0,2.3752937346907856,-2.6249944567913417
ar_naming_parser|i2|o1|numbers|c0,ar_naming_parser,AR,enacted,1,1.0,1.0,1.0,5.874193801078832,4.000003855662044
ar_naming_parser|i2|o1|numbers|c1,ar_naming_parser,AR,enacted,1,0.0,1.0,0.0,3.1249296456589946,-2.7499982789192927
ar_naming_parser|i3|o0|letters|c0,ar_naming_parser,AR,enacted,1,0.0,0.0,1.0,-4.383613288458946,1.7499962002148095
ar_naming_parser|i3|o0|letters|c1,ar_naming_parser,AR,enacted,1,1.0,0.0,0.0,-8.749996590910314,-4.250003052866987
ar_naming_parser|i3|o0|numbers|c0,ar_naming_parser,AR,enacted,1,0.0,0.0,1.0,-5.375283869449049,1.6249981075557116
ar_naming_parser|i3|o0|numbers|c1,ar_naming_parser,AR,enacted,1,1.0,0.0,0.0,-6.499963559911862,-4.375002358103984
ar_naming_parser|i3|o1|letters|c0,ar_naming_parser,AR,enacted,1,1.0,1.0,1.0,7.624989726988986,3.250003859386993
ar_naming_parser|i3|o1|letters|c1,ar_naming_parser,AR,enacted,1,0.0,1.0,0.0,2.5008752704088693,-3.7499957904362873
ar_naming_parser|i3|o1|numbers|c0,ar_naming_parser,AR,enacted,1,1.0,1.0,1.0,5.874794276707632,3.3750027790589456
ar_naming_parser|i3|o1|numbers|c1,ar_naming_parser,AR,enacted,1,0.0,1.0,0.0,2.4999694100552006,-2.9999984204798693
ar_naming_parser|i4|o0|letters|c0,ar_naming_parser,AR,enacted,1,0.0,0.0,1.0,-4.250351483206032,1.4999968260627838
ar_naming_parser|i4|o0|letters|c1,ar_naming_parser,AR,enacted,1,1.0,0.0,0.0,-7.999941151194662,-4.375004545767979
ar_naming_parser|i4|o0|numbers|c0,ar_naming_parser,AR,enacted,1,0.0,0.0,1.0,-4.999979883345077,1.7499984651832392
ar_naming_parser|i4|o0|numbers|c1,ar_naming_parser,AR,enacted,1,1.0,0.0,0.0,-6.124840819771066,-4.37500258255227
ar_naming_parser|i4|o1|letters|c0,ar_naming_parser,AR,enacted,1,1.0,1.0,1.0,7.37489073105769,3.500006735287343
ar_naming_parser|i4|o1|letters|c1,ar_naming_parser,AR,enacted,1,0.0,1.0,0.0,2.8749452650590683,-3.124995648878439
ar_naming_parser|i4|o1|numbers|c0,ar_naming_parser,AR,enacted,1,1.0,1.0,1.0,5.8742886945254895,3.50000331177489
ar_naming_parser|i4|o1|numbers|c1,ar_naming_parser,AR,enacted,1,0.0,1.0,0.0,3.6248872970718367,-2.9999991208329675
ar_naming_serializer|i0|o0|letters|c0,ar_naming_serializer,AR,enacted,1,0.0,0.0,1.0,-3.8795627233484993,1.3749933690207854
ar_naming_serializer|i0|o0|letters|c1,ar_naming_serializer,AR,enacted,1,1.0,0.0,0.0,-9.374998114382265,-4.875007281033049
ar_naming_serializer|i0|o0|numbers|c0,ar_naming_serializer,AR,enacted,1,0.0,0.0,1.0,-4.500099931341538,1.4999972879965071
ar_naming_serializer|i0|o0|numbers|c1,ar_naming_serializer,AR,enacted,1,1.0,0.0,0.0,-7.249992520990077,-4.625003715963317
ar_naming_serializer|i0|o1|letters|c0,ar_naming_serializer,AR,enacted,1,1.0,1.0,1.0,7.62498985382166,3.8750091995266303
ar_naming_serializer|i0|o1|letters|c1,ar_naming_serializer,AR,enacted,1,0.0,1.0,0.0,2.750838398729684,-2.6249936372407774
ar_naming_serializer|i0|o1|numbers|c0,ar_naming_serializer,AR,enacted,1,1.0,1.0,1.0,6.249939767374542,3.750004220736855
ar_naming_serializer|i0|o1|numbers|c1,ar_naming_serializer,AR,enacted,1,0.0,1.0,0.0,3.37482644841657,-2.7499969229199905
ar_naming_serializer|i1|o0|letters|c0,ar_naming_serializer,AR,enacted,1,0.0,0.0,1.0,-4.625889118571649,0.8749971389851225
ar_naming_serializer|i1|o0|letters|c1,ar_naming_serializer,AR,enacted,1,1.0,0.0,0.0,-9.874999898688884,-5.125003574868742
ar_naming_serializer|i1|o0|numbers|c0,ar_naming_serializer,AR,enacted,1,0.0,0.0,1.0,-4.750016089601559,1.4999981671602427
ar_naming_serializer|i1|o0|numbers|c1,ar_naming_serializer,AR,enacted,1,1.0,0.0,0.0,-7.6249952075518195,-4.875001656819791
ar_naming_serializer|i1|o1|letters|c0,ar_naming_serializer,AR,enacted,1,1.0,1.0,1.0,8.999993604982421,4.000006316193094
ar_naming_serializer|i1|o1|letters|c1,ar_naming_serializer,AR,enacted,1,0.0,1.0,0.0,2.8749392510508187,-2.2499972954485656
ar_naming_serializer|i1|o1|numbers|c0,ar_naming_serializer,AR,enacted,1,1.0,1.0,1.0,7.4999402986067025,4.0000026523990755
ar_naming_serializer|i1|o1|numbers|c1,ar_naming_serializer,AR,enacted,1,0.0,1.0,0.0,3.2497905422078475,-2.374998502436142
ar_naming_serializer|i2|o0|letters|c0,ar_naming_serializer,AR,enacted,1,0.0,0.0,1.0,-4.517657687782048,0.7499982416671855
ar_naming_serializer|i2|o0|letters|c1,ar_naming_serializer,AR,enacted,1,1.0,0.0,0.0,-12.187502745627057,-5.125003206067618
ar_naming_serializer|i2|o0|numbers|c0,ar_naming_serializer,AR,enacted,1,0.0,0.0,1.0,-5.3860151363951445,1.124999135734015
ar_naming_serializer|i2|o0|numbers|c1,ar_naming_serializer,AR,enacted,1,1.0,0.0,0.0,-8.99999919761126,-4.875001756470738
ar_naming_serializer|i2|o1|letters|c0,ar_naming_serializer,AR,enacted,1,1.0,1.0,1.0,9.124996450241952,3.750006830281791
ar_naming_serializer|i2|o1|letters|c1,ar_naming_serializer,AR,enacted,1,0.0,1.0,0.0,2.1868391694151796,-2.4999969378211517
ar_naming_serializer|i2|o1|numbers|c0,ar_naming_serializer,AR,enacted,1,1.0,1.0,1.0,6.874954030426807,3.8750028982677804
ar_naming_serializer|i2|o1|numbers|c1,ar_naming_serializer,AR,enacted,1,0.0,1.0,0.0,3.130755715901614,-2.4999988749642625
ar_naming_serializer|i3|o0|letters|c0,ar_naming_serializer,AR,enacted,1,0.0,0.0,1.0,-5.637514340707185,0.8749967515569779
ar_naming_serializer|i3|o0|letters|c1,ar_naming_serializer,AR,enacted,1,1.0,0.0,0.0,-12.249999894788516,-5.125003073354378
ar_naming_serializer|i3|o0|numbers|c0,ar_naming_serializer,AR,enacted,1,0.0,0.0,1.0,-6.25018939511574,0.9999988377113596
ar_naming_serializer|i3|o0|numbers|c1,ar_naming_serializer,AR,enacted,1,1.0,0.0,0.0,-9.124994783476723,-4.500002063806392
ar_naming_serializer|i3|o1|letters|c0,ar_naming_serializer,AR,enacted,1,1.0,1.0,1.0,8.999996617473187,3.6250059269079884
ar_naming_serializer|i3|o1|letters|c1,ar_naming_serializer,AR,enacted,1,0.0,1.0,0.0,2.375683882884914,-3.1249948740230593
ar_naming_serializer|i3|o1|numbers|c0,ar_naming_serializer,AR,enacted,1,1.0,1.0,1.0,6.624973124964498,3.750003296871796
ar_naming_serializer|i3|o1|numbers|c1,ar_naming_serializer,AR,enacted,1,0.0,1.0,0.0,2.7497804461745545,-2.6249981150066333
ar_naming_serializer|i4|o0|letters|c0,ar_naming_serializer,AR,enacted,1,0.0,0.0,1.0,-4.751685398236077,1.3749961108135267
ar_naming_serializer|i4|o0|letters|c1,ar_naming_serializer,AR,enacted,1,1.0,0.0,0.0,-9.37499394469262,-4.750005422136496
ar_naming_serializer|i4|o0|numbers|c0,ar_naming_serializer,AR,enacted,1,0.0,0.0,1.0,-5.125010492203728,1.3749982118648632
ar_naming_serializer|i4|o0|numbers|c1,ar_naming_serializer,AR,enacted,1,1.0,0.0,0.0,-6.874953819838822,-4.750002835870873
ar_naming_serializer|i4|o1|letters|c0,ar_naming_serializer,AR,enacted,1,1.0,1.0,1.0,7.62493993284437,3.2500084861616187
ar_naming_serializer|i4|o1|letters|c1,ar_naming_serializer,AR,enacted,1,0.0,1.0,0.0,3.3749408798466902,-3.2499965019680985
ar_naming_serializer|i4|o1|numbers|c0,ar_naming_serializer,AR,enacted,1,1.0,1.0,1.0,6.499510133231496,3.6250044349435484
ar_naming_serializer|i4|o1|numbers|c1,ar_naming_serializer,AR,enacted,1,0.0,1.0,0.0,3.49981618869424,-2.749998673799496
ar_seed_benchmark|i0|o0|letters|c0,ar_seed_benchmark,AR,enacted,1,0.0,0.0,1.0,-0.9867802946828306,1.7499964535343224
ar_seed_benchmark|i0|o0|letters|c1,ar_seed_benchmark,AR,enacted,1,1.0,0.0,0.0,-2.3369517959649784,-3.750007364860153
ar_seed_benchmark|i0|o0|numbers|c0,ar_seed_benchmark,AR,enacted,1,0.0,0.0,1.0,-1.491283304640092,1.499994933623725
ar_seed_benchmark|i0|o0|numbers|c1,ar_seed_benchmark,AR,enacted,1,1.0,0.0,0.0,-2.211954202502284,-3.5000049173647767
ar_seed_benchmark|i0|o1|letters|c0,ar_seed_benchmark,AR,enacted,1,1.0,1.0,1.0,2.3452441133557613,3.250004608162726
ar_seed_benchmark|i0|o1|letters|c1,ar_seed_benchmark,AR,enacted,1,0.0,1.0,0.0,0.7330267416546121,-2.3749969378193327
ar_seed_benchmark|i0|o1|numbers|c0,ar_seed_benchmark,AR,enacted,1,1.0,1.0,1.0,1.9569974169133388,3.0000024326059247
ar_seed_benchmark|i0|o1|numbers|c1,ar_seed_benchmark,AR,enacted,1,0.0,1.0,0.0,0.6113287177286111,-1.874997481710011
ar_seed_benchmark|i1|o0|letters|c0,ar_seed_benchmark,AR,enacted,1,0.0,0.0,1.0,-1.7769511179067194,1.249996066107201
ar_seed_benchmark|i1|o0|letters|c1,ar_seed_benchmark,AR,enacted,1,1.0,0.0,0.0,-3.2389436541112673,-4.00000625473308
ar_seed_benchmark|i1|o0|numbers|c0,ar_seed_benchmark,AR,enacted,1,0.0,0.0,1.0,-2.13391893170774,0.9999952018441718
ar_seed_benchmark|i1|o0|numbers|c1,ar_seed_benchmark,AR,enacted,1,1.0,0.0,0.0,-2.7432851381454384,-3.500004116428954
ar_seed_benchmark|i1|o1|letters|c0,ar_seed_benchmark,AR,enacted,1,1.0,1.0,1.0,3.118277667555617,3.875003991631729
ar_seed_benchmark|i1|o1|letters|c1,ar_seed_benchmark,AR,enacted,1,0.0,1.0,0.0,1.3815682092681527,-1.8749976009200964
ar_seed_benchmark|i1|o1|numbers|c0,ar_seed_benchmark,AR,enacted,1,1.0,1.0,1.0,2.494068448896769,3.2500016502983726
ar_seed_benchmark|i1|o1|numbers|c1,ar_seed_benchmark,AR,enacted,1,0.0,1.0,0.0,1.1243111626245081,-1.4999977201281354
ar_seed_benchmark|i2|o0|letters|c0,ar_seed_benchmark,AR,enacted,1,0.0,0.0,1.0,-1.4930671430192888,1.749996066107201
ar_seed_benchmark|i2|o0|letters|c1,ar_seed_benchmark,AR,enacted,1,1.0,0.0,0.0,-2.481833595781268,-3.750004691985282
ar_seed_benchmark|i2|o0|numbers|c0,ar_seed_benchmark,AR,enacted,1,0.0,0.0,1.0,-1.8702621750417165,1.249994933623725
ar_seed_benchmark|i2|o0|numbers|c1,ar_seed_benchmark,AR,enacted,1,1.0,0.0,0.0,-1.9794510621557038,-3.3750030584533306
ar_seed_benchmark|i2|o1|letters|c0,ar_seed_benchmark,AR,enacted,1,1.0,1.0,1.0,2.4874791624023374,3.500004529935154
ar_seed_benchmark|i2|o1|letters|c1,ar_seed_benchmark,AR,enacted,1,0.0,1.0,0.0,0.9896721013356,-2.6249973848536
ar_seed_benchmark|i2|o1|numbers|c0,ar_seed_benchmark,AR,enacted,1,1.0,1.0,1.0,1.8517485205083517,3.000002894540785
ar_seed_benchmark|i2|o1|numbers|c1,ar_seed_benchmark,AR,enacted,1,0.0,1.0,0.0,0.9924645794017124,-2.1249968111595763
ar_seed_benchmark|i3|o0|letters|c0,ar_seed_benchmark,AR,enacted,1,1.0,1.0,1.0,0.14066963945515454,1.3749966323479157
ar_seed_benchmark|i3|o0|letters|c1,ar_seed_benchmark,AR,enacted,1,1.0,0.0,0.0,-2.841347731649819,-3.8750028554195524
ar_seed_benchmark|i3|o0|numbers|c0,ar_seed_benchmark,AR,enacted,1,0.0,0.0,1.0,-0.7437233219388872,1.374994516395759
ar_seed_benchmark|i3|o0|numbers|c1,ar_seed_benchmark,AR,enacted,1,1.0,0.0,0.0,-2.2119554653762066,-3.375002525734544
ar_seed_benchmark|i3|o1|letters|c0,ar_seed_benchmark,AR,enacted,1,1.0,1.0,1.0,2.851749632507534,4.000002078703346
ar_seed_benchmark|i3|o1|letters|c1,ar_seed_benchmark,AR,enacted,1,1.0,0.0,0.0,-0.3942119051935151,-1.6249985545904337
ar_seed_benchmark|i3|o1|numbers|c0,ar_seed_benchmark,AR,enacted,1,1.0,1.0,1.0,1.9619562290608599,3.374999843538262
ar_seed_benchmark|i3|o1|numbers|c1,ar_seed_benchmark,AR,enacted,1,1.0,0.0,0.0,-0.01061474159359932,-1.499997764831619
ar_seed_benchmark|i4|o0|letters|c0,ar_seed_benchmark,AR,enacted,1,0.0,0.0,1.0,-0.9942088208044879,1.8749937713442932
ar_seed_benchmark|i4|o0|letters|c1,ar_seed_benchmark,AR,enacted,1,1.0,0.0,0.0,-2.368279291315048,-4.000008683602005
ar_seed_benchmark|i4|o0|numbers|c0,ar_seed_benchmark,AR,enacted,1,0.0,0.0,1.0,-1.6233752203406766,1.3749925643593315
ar_seed_benchmark|i4|o0|numbers|c1,ar_seed_benchmark,AR,enacted,1,1.0,0.0,0.0,-1.9913841001641686,-3.625005999550922
ar_seed_benchmark|i4|o1|letters|c0,ar_seed_benchmark,AR,enacted,1,1.0,1.0,1.0,1.994067083112725,3.3750056624126046
ar_seed_benchmark|i4|o1|letters|c1,ar_seed_benchmark,AR,enacted,1,0.0,1.0,0.0,0.7417281554662623,-2.4999952390968474
ar_seed_benchmark|i4|o1|numbers|c0,ar_seed_benchmark,AR,enacted,1,1.0,1.0,1.0,1.3624870805068099,3.1250046938441756
ar_seed_benchmark|i4|o1|numbers|c1,ar_seed_benchmark,AR,enacted,1,0.0,1.0,0.0,0.7449500539514702,-2.1249956190729336
ar_taskorder_setup|i0|o0|letters|c0,ar_taskorder_setup,AR,enacted,1,0.0,0.0,1.0,-1.8713055905827787,1.3749980032603162
ar_taskorder_setup|i0|o0|letters|c1,ar_taskorder_setup,AR,enacted,1,1.0,0.0,0.0,-1.966345772141267,-5.125003262403425
ar_taskorder_setup|i0|o0|numbers|c0,ar_taskorder_setup,AR,enacted,1,0.0,0.0,1.0,-1.8725517090078938,1.2499991953427525
ar_taskorder_setup|i0|o0|numbers|c1,ar_taskorder_setup,AR,enacted,1,1.0,0.0,0.0,-1.98581871669262,-5.000000731085038
ar_taskorder_setup|i0|o1|letters|c0,ar_taskorder_setup,AR,enacted,1,0.0,0.0,1.0,-0.5019437819787527,1.1249999701976776
ar_taskorder_setup|i0|o1|letters|c1,ar_taskorder_setup,AR,enacted,1,1.0,0.0,0.0,-1.648084465865395,-4.249998819089797
ar_taskorder_setup|i0|o1|numbers|c0,ar_taskorder_setup,AR,enacted,1,0.0,0.0,1.0,-0.45402658731086376,1.74999926984583
ar_taskorder_setup|i0|o1|numbers|c1,ar_taskorder_setup,AR,enacted,1,1.0,0.0,0.0,-0.8847364068296883,-3.4999988749668773
ar_taskorder_setup|i1|o0|letters|c0,ar_taskorder_setup,AR,enacted,1,0.0,0.0,1.0,-1.7423980897069669,1.499995902225237
ar_taskorder_setup|i1|o0|letters|c1,ar_taskorder_setup,AR,enacted,1,1.0,0.0,0.0,-1.399777367708566,-4.125003725268016
ar_taskorder_setup|i1|o0|numbers|c0,ar_taskorder_setup,AR,enacted,1,0.0,0.0,1.0,-1.9932866753006238,0.6249972582072587
ar_taskorder_setup|i1|o0|numbers|c1,ar_taskorder_setup,AR,enacted,1,1.0,0.0,0.0,-1.4110502451644606,-4.250000232830189
ar_taskorder_setup|i1|o1|letters|c0,ar_taskorder_setup,AR,enacted,1,1.0,0.0,0.0,-1.4509558677700625,2.5033696147147566e-06
ar_taskorder_setup|i1|o1|letters|c1,ar_taskorder_setup,AR,enacted,1,1.0,0.0,0.0,-0.6798797175479194,-4.499997861699285
ar_taskorder_setup|i1|o1|numbers|c0,ar_taskorder_setup,AR,enacted,1,0.0,0.0,1.0,-0.5984576642529191,1.2499970495887283
ar_taskorder_setup|i1|o1|numbers|c1,ar_taskorder_setup,AR,enacted,1,1.0,0.0,0.0,-0.2929981723482342,-2.999998871241587
ar_taskorder_setup|i2|o0|letters|c0,ar_taskorder_setup,AR,enacted,1,0.0,0.0,1.0,-1.8712589642964303,2.874998562057044
ar_taskorder_setup|i2|o0|letters|c1,ar_taskorder_setup,AR,enacted,1,1.0,0.0,0.0,-1.6711039170612594,-4.125002171828328
ar_taskorder_setup|i2|o0|numbers|c0,ar_taskorder_setup,AR,enacted,1,0.0,0.0,1.0,-1.7445611525909044,2.3749989643774825
ar_taskorder_setup|i2|o0|numbers|c1,ar_taskorder_setup,AR,enacted,1,1.0,0.0,0.0,-2.0461043342938865,-4.125000419094249
ar_taskorder_setup|i2|o1|letters|c0,ar_taskorder_setup,AR,enacted,1,1.0,1.0,1.0,-0.16023010015692307,1.2500011324791558
ar_taskorder_setup|i2|o1|letters|c1,ar_taskorder_setup,AR,enacted,1,0.0,1.0,0.0,0.099410557129886,-5.250000906170499
ar_taskorder_setup|i2|o1|numbers|c0,ar_taskorder_setup,AR,enacted,1,1.0,1.0,1.0,0.08976775407609239,2.1249968782253745
ar_taskorder_setup|i2|o1|numbers|c1,ar_taskorder_setup,AR,enacted,1,0.0,1.0,0.0,0.23606876349367667,-4.375002030274118
ar_taskorder_setup|i3|o0|letters|c0,ar_taskorder_setup,AR,enacted,1,0.0,0.0,1.0,-1.7435189840616658,1.6249962598449201
ar_taskorder_setup|i3|o0|letters|c1,ar_taskorder_setup,AR,enacted,1,1.0,0.0,0.0,-2.9688331708287024,-4.50000504399668
ar_taskorder_setup|i3|o0|numbers|c0,ar_taskorder_setup,AR,enacted,1,0.0,0.0,1.0,-1.7433015567476104,1.8749975264240675
ar_taskorder_setup|i3|o0|numbers|c1,ar_taskorder_setup,AR,enacted,1,1.0,0.0,0.0,-2.7985113263109724,-4.37500026169937
ar_taskorder_setup|i3|o1|letters|c0,ar_taskorder_setup,AR,enacted,1,1.0,0.0,0.0,-1.7618864476753515,-0.7499959767310429
ar_taskorder_setup|i3|o1|letters|c1,ar_taskorder_setup,AR,enacted,1,1.0,0.0,0.0,-2.5699236394102627,-5.624996913623363
ar_taskorder_setup|i3|o1|numbers|c0,ar_taskorder_setup,AR,enacted,1,0.0,0.0,1.0,-1.068374872212189,0.49999988079161994
ar_taskorder_setup|i3|o1|numbers|c1,ar_taskorder_setup,AR,enacted,1,1.0,0.0,0.0,-1.770536601564345,-4.624998945747393
ar_taskorder_setup|i4|o0|letters|c0,ar_taskorder_setup,AR,enacted,1,0.0,0.0,1.0,-1.9948650752703543,1.249994903856532
ar_taskorder_setup|i4|o0|letters|c1,ar_taskorder_setup,AR,enacted,1,1.0,0.0,0.0,-2.3264050818959277,-5.000002969966772
ar_taskorder_setup|i4|o0|numbers|c0,ar_taskorder_setup,AR,enacted,1,0.0,0.0,1.0,-1.9932977709840998,0.8749960363229548
ar_taskorder_setup|i4|o0|numbers|c1,ar_taskorder_setup,AR,enacted,1,1.0,0.0,0.0,-2.320108950136273,-4.749999646099241
ar_taskorder_setup|i4|o1|letters|c0,ar_taskorder_setup,AR,enacted,1,1.0,0.0,0.0,-1.3981350064300386,-0.37500381463996746
ar_taskorder_setup|i4|o1|letters|c1,ar_taskorder_setup,AR,enacted,1,1.0,0.0,0.0,-1.876918643789395,-5.499999074274456
ar_taskorder_setup|i4|o1|numbers|c0,ar_taskorder_setup,AR,enacted,1,0.0,0.0,1.0,-0.8490987718130327,1.1249956190958983
ar_taskorder_setup|i4|o1|numbers|c1,ar_taskorder_setup,AR,enacted,1,1.0,0.0,0.0,-1.4369635433122312,-3.874998819087523
ar_testfix_suite|i0|o0|letters|c0,ar_testfix_suite,AR,enacted,1,0.0,0.0,1.0,-2.598019633354852,2.124997213489223
ar_testfix_suite|i0|o0|letters|c1,ar_testfix_suite,AR,enacted,1,1.0,0.0,0.0,-3.737487137317487,-4.5000040251591145
ar_testfix_suite|i0|o0|numbers|c0,ar_testfix_suite,AR,enacted,1,0.0,0.0,1.0,-2.4295907891500974,1.2499989569198533
ar_testfix_suite|i0|o0|numbers|c1,ar_testfix_suite,AR,enacted,1,1.0,0.0,0.0,-3.3517528194932424,-4.125000873578756
ar_testfix_suite|i0|o1|letters|c0,ar_testfix_suite,AR,enacted,1,1.0,1.0,1.0,0.37305885553269036,2.3750028386580198
ar_testfix_suite|i0|o1|letters|c1,ar_testfix_suite,AR,enacted,1,1.0,0.0,0.0,-0.7344121728092432,-3.874998353424644
ar_testfix_suite|i0|o1|numbers|c0,ar_testfix_suite,AR,enacted,1,1.0,1.0,1.0,0.07129296660366435,2.2500012963978406
ar_testfix_suite|i0|o1|numbers|c1,ar_testfix_suite,AR,enacted,1,1.0,0.0,0.0,-0.47777573205530643,-2.8749992996459355
ar_testfix_suite|i1|o0|letters|c0,ar_testfix_suite,AR,enacted,1,0.0,0.0,1.0,-2.5975423295167275,1.9999983906769216
ar_testfix_suite|i1|o0|letters|c1,ar_testfix_suite,AR,enacted,1,1.0,0.0,0.0,-3.741383011452683,-4.250002959736662
ar_testfix_suite|i1|o0|numbers|c0,ar_testfix_suite,AR,enacted,1,0.0,0.0,1.0,-2.2729533920937683,1.1249993443493622
ar_testfix_suite|i1|o0|numbers|c1,ar_testfix_suite,AR,enacted,1,1.0,0.0,0.0,-3.1108350353314904,-4.12500108219524
ar_testfix_suite|i1|o1|letters|c0,ar_testfix_suite,AR,enacted,1,1.0,1.0,1.0,1.3201095201068256,3.000002637497687
ar_testfix_suite|i1|o1|letters|c1,ar_testfix_suite,AR,enacted,1,0.0,1.0,0.0,1.220272414619103,-2.49999815970898
ar_testfix_suite|i1|o1|numbers|c0,ar_testfix_suite,AR,enacted,1,1.0,1.0,1.0,1.0630278401073383,3.375000942496854
ar_testfix_suite|i1|o1|numbers|c1,ar_testfix_suite,AR,enacted,1,0.0,1.0,0.0,1.0371333158691414,-1.374998629094705
ar_testfix_suite|i2|o0|letters|c0,ar_testfix_suite,AR,enacted,1,0.0,0.0,1.0,-2.3780013938667253,1.8749982565670962
ar_testfix_suite|i2|o0|letters|c1,ar_testfix_suite,AR,enacted,1,1.0,0.0,0.0,-3.742391334380841,-3.875005312241001
ar_testfix_suite|i2|o0|numbers|c0,ar_testfix_suite,AR,enacted,1,0.0,0.0,1.0,-2.875992461311398,0.9999993145473809
ar_testfix_suite|i2|o0|numbers|c1,ar_testfix_suite,AR,enacted,1,1.0,0.0,0.0,-3.354456387460118,-3.875001793722845
ar_testfix_suite|i2|o1|letters|c0,ar_testfix_suite,AR,enacted,1,1.0,1.0,1.0,0.1515353322027977,1.6250043958214064
ar_testfix_suite|i2|o1|letters|c1,ar_testfix_suite,AR,enacted,1,1.0,0.0,0.0,-0.6319793236907572,-3.1249991059318063
ar_testfix_suite|i2|o1|numbers|c0,ar_testfix_suite,AR,enacted,1,1.0,1.0,1.0,0.22686567902559318,1.875001147386456
ar_testfix_suite|i2|o1|numbers|c1,ar_testfix_suite,AR,enacted,1,0.0,1.0,0.0,0.3720534066524124,-2.249999538064344
ar_testfix_suite|i3|o0|letters|c0,ar_testfix_suite,AR,enacted,1,0.0,0.0,1.0,-0.9046516693197191,1.7499994039540638
ar_testfix_suite|i3|o0|letters|c1,ar_testfix_suite,AR,enacted,1,1.0,0.0,0.0,-2.9839587770401295,-3.250001389530553
ar_testfix_suite|i3|o0|numbers|c0,ar_testfix_suite,AR,enacted,1,0.0,0.0,1.0,-1.3499287516169716,0.49999976158159143
ar_testfix_suite|i3|o0|numbers|c1,ar_testfix_suite,AR,enacted,1,1.0,0.0,0.0,-2.7358313566073207,-3.8750003408636076
ar_testfix_suite|i3|o1|letters|c0,ar_testfix_suite,AR,enacted,1,1.0,1.0,1.0,1.7013981267804184,2.2500025629935863
ar_testfix_suite|i3|o1|letters|c1,ar_testfix_suite,AR,enacted,1,1.0,0.0,0.0,-0.6903347985353321,-2.8749989047660733
ar_testfix_suite|i3|o1|numbers|c0,ar_testfix_suite,AR,enacted,1,1.0,1.0,1.0,1.5819660350678078,2.8750004917371825
ar_testfix_suite|i3|o1|numbers|c1,ar_testfix_suite,AR,enacted,1,1.0,0.0,0.0,-0.11482695722952485,-1.749999210239082
ar_testfix_suite|i4|o0|letters|c0,ar_testfix_suite,AR,enacted,1,0.0,0.0,1.0,-0.596131905913353,2.624998651446731
ar_testfix_suite|i4|o0|letters|c1,ar_testfix_suite,AR,enacted,1,1.0,0.0,0.0,-2.354455715045326,-2.750002682202762
ar_testfix_suite|i4|o0|numbers|c0,ar_testfix_suite,AR,enacted,1,0.0,0.0,1.0,-1.374746730318293,1.749999538064401
ar_testfix_suite|i4|o0|numbers|c1,ar_testfix_suite,AR,enacted,1,1.0,0.0,0.0,-1.9663517698645308,-3.000000912694759
ar_testfix_suite|i4|o1|letters|c0,ar_testfix_suite,AR,enacted,1,1.0,1.0,1.0,0.0702513158308875,1.7500019520468868
ar_testfix_suite|i4|o1|letters|c1,ar_testfix_suite,AR,enacted,1,0.0,1.0,0.0,0.299397062510252,-3.1249984614569826
ar_testfix_suite|i4|o1|numbers|c0,ar_testfix_suite,AR,enacted,1,1.0,1.0,1.0,-0.223456591379545,2.000000566243102
ar_testfix_suite|i4|o1|numbers|c1,ar_testfix_suite,AR,enacted,1,0.0,1.0,0.0,1.185183024033904,-2.124999135733276
ar_traversal_indexer|i0|o0|letters|c0,ar_traversal_indexer,AR,enacted,1,0.0,0.0,1.0,-2.563922453671694,2.4999932200275907
ar_traversal_indexer|i0|o0|letters|c1,ar_traversal_indexer,AR,enacted,1,1.0,0.0,0.0,-1.604450222104333,-3.0000046453806135
ar_traversal_indexer|i0|o0|numbers|c0,ar_traversal_indexer,AR,enacted,1,0.0,0.0,1.0,-2.296122126048431,2.624996803720478
ar_traversal_indexer|i0|o0|numbers|c1,ar_traversal_indexer,AR,enacted,1,1.0,0.0,0.0,-1.604454997926382,-2.750001914783752
ar_traversal_indexer|i0|o1|letters|c0,ar_traversal_indexer,AR,enacted,1,1.0,1.0,1.0,2.595239672808816,2.8749970719572957
ar_traversal_indexer|i0|o1|letters|c1,ar_traversal_indexer,AR,enacted,1,0.0,1.0,0.0,3.2951054871082306,-2.2499880196223785
ar_traversal_indexer|i0|o1|numbers|c0,ar_traversal_indexer,AR,enacted,1,1.0,1.0,1.0,2.5869532786304035,3.1249959059396133
ar_traversal_indexer|i0|o1|numbers|c1,ar_traversal_indexer,AR,enacted,1,0.0,1.0,0.0,2.750235519022681,-2.249993227487721
ar_traversal_indexer|i1|o0|letters|c0,ar_traversal_indexer,AR,enacted,1,0.0,0.0,1.0,-1.8360679456964135,3.0000001043081284
ar_traversal_indexer|i1|o0|letters|c1,ar_traversal_indexer,AR,enacted,1,1.0,0.0,0.0,-2.613939517177471,-3.0000023171105568
ar_traversal_indexer|i1|o0|numbers|c0,ar_traversal_indexer,AR,enacted,1,0.0,0.0,1.0,-1.5300591951236129,2.750000506637207
ar_traversal_indexer|i1|o0|numbers|c1,ar_traversal_indexer,AR,enacted,1,1.0,0.0,0.0,-2.487482720054345,-2.624998934573796
ar_traversal_indexer|i1|o1|letters|c0,ar_traversal_indexer,AR,enacted,1,1.0,1.0,1.0,3.737475895322632,3.000000048428774
ar_traversal_indexer|i1|o1|letters|c1,ar_traversal_indexer,AR,enacted,1,0.0,1.0,0.0,2.867195594124496,-2.7499929741807136
ar_traversal_indexer|i1|o1|numbers|c0,ar_traversal_indexer,AR,enacted,1,1.0,1.0,1.0,3.481841461732756,3.2499981448181643
ar_traversal_indexer|i1|o1|numbers|c1,ar_traversal_indexer,AR,enacted,1,0.0,1.0,0.0,2.336767941713333,-2.749998398136995
ar_traversal_indexer|i2|o0|letters|c0,ar_traversal_indexer,AR,enacted,1,0.0,0.0,1.0,-2.100336093455553,3.2499968335228004
ar_traversal_indexer|i2|o0|letters|c1,ar_traversal_indexer,AR,enacted,1,1.0,0.0,0.0,-1.7267469987270943,-2.6250011771826394
ar_traversal_indexer|i2|o0|numbers|c0,ar_traversal_indexer,AR,enacted,1,0.0,0.0,1.0,-2.0169523728545755,3.1249991729896465
ar_traversal_indexer|i2|o0|numbers|c1,ar_traversal_indexer,AR,enacted,1,1.0,0.0,0.0,-2.0986940581349245,-2.6250005140859685
ar_traversal_indexer|i2|o1|letters|c0,ar_traversal_indexer,AR,enacted,1,1.0,1.0,1.0,3.22674682922559,3.3749987557657732
ar_traversal_indexer|i2|o1|letters|c1,ar_traversal_indexer,AR,enacted,1,0.0,1.0,0.0,3.182355517987162,-2.3749880419741203
ar_traversal_indexer|i2|o1|numbers|c0,ar_traversal_indexer,AR,enacted,1,1.0,1.0,1.0,3.591347998007791,3.374996509428911
ar_traversal_indexer|i2|o1|numbers|c1,ar_traversal_indexer,AR,enacted,1,0.0,1.0,0.0,2.8611325306119397,-2.1249972582072587
ar_traversal_indexer|i3|o0|letters|c0,ar_traversal_indexer,AR,enacted,1,0.0,0.0,1.0,-1.9441462019458413,2.874994032120867
ar_traversal_indexer|i3|o0|letters|c1,ar_traversal_indexer,AR,enacted,1,1.0,0.0,0.0,-2.6190660409624797,-2.12499532107131
ar_traversal_indexer|i3|o0|numbers|c0,ar_traversal_indexer,AR,enacted,1,0.0,0.0,1.0,-1.5611720649176277,1.9999971687909692
ar_traversal_indexer|i3|o0|numbers|c1,ar_traversal_indexer,AR,enacted,1,1.0,0.0,0.0,-2.6163803087542874,-1.9999943972047731
ar_traversal_indexer|i3|o1|letters|c0,ar_traversal_indexer,AR,enacted,1,1.0,1.0,1.0,4.368281753716019,2.9999940358525237
ar_traversal_indexer|i3|o1|letters|c1,ar_traversal_indexer,AR,enacted,1,0.0,1.0,0.0,2.6217079758644104,-1.999991327587395
ar_traversal_indexer|i3|o1|numbers|c0,ar_traversal_indexer,AR,enacted,1,1.0,1.0,1.0,4.237484191540489,3.124991733643583
ar_traversal_indexer|i3|o1|numbers|c1,ar_traversal_indexer,AR,enacted,1,0.0,1.0,0.0,2.3501283371588215,-0.9999950230389913
ar_traversal_indexer|i4|o0|letters|c0,ar_traversal_indexer,AR,enacted,1,0.0,0.0,1.0,-2.4933309787884355,2.624992579280388
ar_traversal_indexer|i4|o0|letters|c1,ar_traversal_indexer,AR,enacted,1,1.0,0.0,0.0,-1.7389456657688243,-2.500003568793545
ar_traversal_indexer|i4|o0|numbers|c0,ar_traversal_indexer,AR,enacted,1,0.0,0.0,1.0,-2.509554719668813,2.624998480089289
ar_traversal_indexer|i4|o0|numbers|c1,ar_traversal_indexer,AR,enacted,1,1.0,0.0,0.0,-2.116381241007957,-2.500003814666343
ar_traversal_indexer|i4|o1|letters|c0,ar_traversal_indexer,AR,enacted,1,1.0,1.0,1.0,3.110830030400848,2.749999985100658
ar_traversal_indexer|i4|o1|letters|c1,ar_traversal_indexer,AR,enacted,1,0.0,1.0,0.0,3.8073528283275664,-1.9999873341730563
ar_traversal_indexer|i4|o1|numbers|c0,ar_traversal_indexer,AR,enacted,1,1.0,1.0,1.0,3.36083197221069,2.7499977871943884
ar_traversal_indexer|i4|o1|numbers|c1,ar_traversal_indexer,AR,enacted,1,0.0,1.0,0.0,3.443913174327463,-1.999996840980657
pc_quality_config|i0|o0|letters|c0,pc_quality_config,PC,enacted,1,1.0,0.0,0.0,-4.574658667086624,-0.1250014305055629
pc_quality_config|i0|o0|letters|c1,pc_quality_config,PC,enacted,1,1.0,0.0,0.0,-7.249650367622735,-7.124999215365733
pc_quality_config|i0|o0|numbers|c0,pc_quality_config,PC,enacted,1,1.0,0.0,0.0,-4.199648579815403,-0.1250017881311578
pc_quality_config|i0|o0|numbers|c1,pc_quality_config,PC,enacted,1,1.0,0.0,0.0,-7.373486566706447,-6.749998133871941
pc_quality_config|i0|o1|letters|c0,pc_quality_config,PC,enacted,1,1.0,0.0,0.0,-17.250047542853288,-10.125025291162046
pc_quality_config|i0|o1|letters|c1,pc_quality_config,PC,enacted,1,1.0,0.0,0.0,-19.250334624555762,-15.874999170006049
pc_quality_config|i0|o1|numbers|c0,pc_quality_config,PC,enacted,1,1.0,0.0,0.0,-16.375039154198028,-6.62501723523485
pc_quality_config|i0|o1|numbers|c1,pc_quality_config,PC,enacted,1,1.0,0.0,0.0,-16.690678005213158,-12.000000135708888
pc_quality_config|i1|o0|letters|c0,pc_quality_config,PC,enacted,1,1.0,0.0,0.0,-4.567827238002792,-1.2500014305071545
pc_quality_config|i1|o0|letters|c1,pc_quality_config,PC,enacted,1,1.0,0.0,0.0,-8.624939860433926,-7.249998754828084
pc_quality_config|i1|o0|numbers|c0,pc_quality_config,PC,enacted,1,1.0,0.0,0.0,-4.428035484510474,-1.1250015199145764
pc_quality_config|i1|o0|numbers|c1,pc_quality_config,PC,enacted,1,1.0,0.0,0.0,-8.374788619039293,-7.124997863322278
pc_quality_config|i1|o1|letters|c0,pc_quality_config,PC,enacted,1,1.0,0.0,0.0,-18.250031106290436,-11.437538869236164
pc_quality_config|i1|o1|letters|c1,pc_quality_config,PC,enacted,1,1.0,0.0,0.0,-24.000003936567737,-16.375004174884907
pc_quality_config|i1|o1|numbers|c0,pc_quality_config,PC,enacted,1,1.0,0.0,0.0,-17.875019991304754,-8.1250246165622
pc_quality_config|i1|o1|numbers|c1,pc_quality_config,PC,enacted,1,1.0,0.0,0.0,-20.812701346791073,-12.125000730066176
pc_quality_config|i2|o0|letters|c0,pc_quality_config,PC,enacted,1,1.0,0.0,0.0,-4.473562470811885,-1.3750021010557703
pc_quality_config|i2|o0|letters|c1,pc_quality_config,PC,enacted,1,1.0,0.0,0.0,-8.249964365466383,-6.874999513153853
pc_quality_config|i2|o0|numbers|c0,pc_quality_config,PC,enacted,1,1.0,0.0,0.0,-4.155622753314674,-1.0000025331898996
pc_quality_config|i2|o0|numbers|c1,pc_quality_config,PC,enacted,1,1.0,0.0,0.0,-7.99979048680683,-6.74999880733003
pc_quality_config|i2|o1|letters|c0,pc_quality_config,PC,enacted,1,1.0,0.0,0.0,-15.875103602185852,-10.75002659283632
pc_quality_config|i2|o1|letters|c1,pc_quality_config,PC,enacted,1,1.0,0.0,0.0,-21.187558179292978,-15.375003105399628
pc_quality_config|i2|o1|numbers|c0,pc_quality_config,PC,enacted,1,1.0,0.0,0.0,-16.875023823929958,-8.50001940701668
pc_quality_config|i2|o1|numbers|c1,pc_quality_config,PC,enacted,1,1.0,0.0,0.0,-20.000296237713656,-11.500000503551291
pc_quality_config|i3|o0|letters|c0,pc_quality_config,PC,enacted,1,1.0,0.0,0.0,-3.7011121509131044,-0.8750022947717753
pc_quality_config|i3|o0|letters|c1,pc_quality_config,PC,enacted,1,1.0,0.0,0.0,-8.99998610720467,-6.874998393240048
pc_quality_config|i3|o0|numbers|c0,pc_quality_config,PC,enacted,1,1.0,0.0,0.0,-3.5314781893976033,-0.8750022649694529
pc_quality_config|i3|o0|numbers|c1,pc_quality_config,PC,enacted,1,1.0,0.0,0.0,-8.499870300423929,-6.749997516171106
pc_quality_config|i3|o1|letters|c0,pc_quality_config,PC,enacted,1,1.0,0.0,0.0,-19.125013382406912,-11.812520871303263
pc_quality_config|i3|o1|letters|c1,pc_quality_config,PC,enacted,1,1.0,0.0,0.0,-25.500001436420575,-16.500000482574706
pc_quality_config|i3|o1|numbers|c0,pc_quality_config,PC,enacted,1,1.0,0.0,0.0,-17.750016027363024,-9.250014591433342
pc_quality_config|i3|o1|numbers|c1,pc_quality_config,PC,enacted,1,1.0,0.0,0.0,-21.437609556724283,-11.5000000366133
pc_quality_config|i4|o0|letters|c0,pc_quality_config,PC,enacted,1,1.0,0.0,0.0,-5.38225174928084,-0.3750009536706784
pc_quality_config|i4|o0|letters|c1,pc_quality_config,PC,enacted,1,1.0,0.0,0.0,-7.999939216344387,-7.49999605028961
pc_quality_config|i4|o0|numbers|c0,pc_quality_config,PC,enacted,1,1.0,0.0,0.0,-4.905886981607182,-0.5000010728801954
pc_quality_config|i4|o0|numbers|c1,pc_quality_config,PC,enacted,1,1.0,0.0,0.0,-7.249731146119274,-7.1249960585523695
pc_quality_config|i4|o1|letters|c0,pc_quality_config,PC,enacted,1,1.0,0.0,0.0,-17.87502196966671,-12.250057939441263
pc_quality_config|i4|o1|letters|c1,pc_quality_config,PC,enacted,1,1.0,0.0,0.0,-18.187833441183557,-15.999999288665549
pc_quality_config|i4|o1|numbers|c0,pc_quality_config,PC,enacted,1,1.0,0.0,0.0,-17.50001340289601,-8.75001973925498
pc_quality_config|i4|o1|numbers|c1,pc_quality_config,PC,enacted,1,1.0,0.0,0.0,-16.19030106887203,-11.874999783718067
pc_quality_tests|i0|o0|letters|c0,pc_quality_tests,PC,enacted,1,0.0,0.0,1.0,-4.892252923862543,0.6249906421213609
pc_quality_tests|i0|o0|letters|c1,pc_quality_tests,PC,enacted,1,1.0,0.0,0.0,-6.3746621785102775,-8.000005822314279
pc_quality_tests|i0|o0|numbers|c0,pc_quality_tests,PC,enacted,1,0.0,0.0,1.0,-4.258577594766393,0.9999946952053733
pc_quality_tests|i0|o0|numbers|c1,pc_quality_tests,PC,enacted,1,1.0,0.0,0.0,-4.867391242179991,-7.125002517824214
pc_quality_tests|i0|o1|letters|c0,pc_quality_tests,PC,enacted,1,1.0,0.0,0.0,-6.194941870868213,-4.375004172295576
pc_quality_tests|i0|o1|letters|c1,pc_quality_tests,PC,enacted,1,1.0,0.0,0.0,-6.517671138073638,-13.999990256130559
pc_quality_tests|i0|o1|numbers|c0,pc_quality_tests,PC,enacted,1,1.0,0.0,0.0,-6.054885476827678,-1.7499999105932602
pc_quality_tests|i0|o1|numbers|c1,pc_quality_tests,PC,enacted,1,1.0,0.0,0.0,-4.849076256171884,-10.624994481937279
pc_quality_tests|i1|o0|letters|c0,pc_quality_tests,PC,enacted,1,0.0,0.0,1.0,-6.25819558891817,-6.914108325872803e-06
pc_quality_tests|i1|o0|letters|c1,pc_quality_tests,PC,enacted,1,1.0,0.0,0.0,-6.999913375431561,-7.750002335926524
pc_quality_tests|i1|o0|numbers|c0,pc_quality_tests,PC,enacted,1,0.0,0.0,1.0,-5.504073094984051,0.24999511243396455
pc_quality_tests|i1|o0|numbers|c1,pc_quality_tests,PC,enacted,1,1.0,0.0,0.0,-5.748068870394434,-7.000000909319283
pc_quality_tests|i1|o1|letters|c0,pc_quality_tests,PC,enacted,1,1.0,0.0,0.0,-5.475419348105845,-4.5000029951197575
pc_quality_tests|i1|o1|letters|c1,pc_quality_tests,PC,enacted,1,1.0,0.0,0.0,-8.038037723875277,-11.249994204932364
pc_quality_tests|i1|o1|numbers|c0,pc_quality_tests,PC,enacted,1,1.0,0.0,0.0,-4.767677590251083,-1.6250002235169632
pc_quality_tests|i1|o1|numbers|c1,pc_quality_tests,PC,enacted,1,1.0,0.0,0.0,-5.75192721282383,-8.124996800917643
pc_quality_tests|i2|o0|letters|c0,pc_quality_tests,PC,enacted,1,1.0,0.0,0.0,-4.500515680847457,-0.7500060498421135
pc_quality_tests|i2|o0|letters|c1,pc_quality_tests,PC,enacted,1,1.0,0.0,0.0,-7.374900514223327,-8.250006058630902
pc_quality_tests|i2|o0|numbers|c0,pc_quality_tests,PC,enacted,1,1.0,0.0,0.0,-4.250089700450189,-0.25000262259811734
pc_quality_tests|i2|o0|numbers|c1,pc_quality_tests,PC,enacted,1,1.0,0.0,0.0,-6.1240844653802355,-7.375003659621257
pc_quality_tests|i2|o1|letters|c0,pc_quality_tests,PC,enacted,1,1.0,0.0,0.0,-10.25523897912354,-6.500000038649887
pc_quality_tests|i2|o1|letters|c1,pc_quality_tests,PC,enacted,1,1.0,0.0,0.0,-8.561967485819423,-12.93749505615915
pc_quality_tests|i2|o1|numbers|c0,pc_quality_tests,PC,enacted,1,1.0,0.0,0.0,-9.879623980261393,-4.249997977171574
pc_quality_tests|i2|o1|numbers|c1,pc_quality_tests,PC,enacted,1,1.0,0.0,0.0,-7.326413217934714,-10.124996582114477
pc_quality_tests|i3|o0|letters|c0,pc_quality_tests,PC,enacted,1,0.0,0.0,1.0,-4.12323711370118,1.1249931156939965
pc_quality_tests|i3|o0|letters|c1,pc_quality_tests,PC,enacted,1,1.0,0.0,0.0,-6.999995676464778,-6.87500348220658
pc_quality_tests|i3|o0|numbers|c0,pc_quality_tests,PC,enacted,1,0.0,0.0,1.0,-4.373879517428577,0.374995470061549
pc_quality_tests|i3|o0|numbers|c1,pc_quality_tests,PC,enacted,1,1.0,0.0,0.0,-5.749913445499232,-6.375001134349077
pc_quality_tests|i3|o1|letters|c0,pc_quality_tests,PC,enacted,1,1.0,0.0,0.0,-5.568162883631892,-6.625002266131105
pc_quality_tests|i3|o1|letters|c1,pc_quality_tests,PC,enacted,1,1.0,0.0,0.0,-9.137509557421026,-12.187495125421492
pc_quality_tests|i3|o1|numbers|c0,pc_quality_tests,PC,enacted,1,1.0,0.0,0.0,-6.5547513673082065,-3.8750021159582957
pc_quality_tests|i3|o1|numbers|c1,pc_quality_tests,PC,enacted,1,1.0,0.0,0.0,-5.929746305571825,-9.749994845322249
pc_quality_tests|i4|o0|letters|c0,pc_quality_tests,PC,enacted,1,0.0,0.0,1.0,-5.378755085315788,0.7499883771778286
pc_quality_tests|i4|o0|letters|c1,pc_quality_tests,PC,enacted,1,1.0,0.0,0.0,-6.374993667263254,-7.750004742221677
pc_quality_tests|i4|o0|numbers|c0,pc_quality_tests,PC,enacted,1,0.0,0.0,1.0,-4.759053343965206,0.9999929368801759
pc_quality_tests|i4|o0|numbers|c1,pc_quality_tests,PC,enacted,1,1.0,0.0,0.0,-5.124857801391016,-6.750001649486364
pc_quality_tests|i4|o1|letters|c0,pc_quality_tests,PC,enacted,1,1.0,0.0,0.0,-4.886884629726438,-4.125000098720193
pc_quality_tests|i4|o1|letters|c1,pc_quality_tests,PC,enacted,1,1.0,0.0,0.0,-4.848442891624472,-11.687491421462028
pc_quality_tests|i4|o1|numbers|c0,pc_quality_tests,PC,enacted,1,1.0,0.0,0.0,-5.160229478031404,-1.7499993145476083
pc_quality_tests|i4|o1|numbers|c1,pc_quality_tests,PC,enacted,1,1.0,0.0,0.0,-3.8981236107699715,-9.124995175476556
pc_safety_cleanup|i0|o0|letters|c0,pc_safety_cleanup,PC,enacted,1,1.0,0.0,0.0,-4.382233081385493,-2.000003278248755
pc_safety_cleanup|i0|o0|letters|c1,pc_safety_cleanup,PC,enacted,1,1.0,0.0,0.0,-4.249287719128006,-7.625001604198928
pc_safety_cleanup|i0|o0|numbers|c0,pc_safety_cleanup,PC,enacted,1,1.0,0.0,0.0,-3.64245516511437,-1.7500021159615926
pc_safety_cleanup|i0|o0|numbers|c1,pc_safety_cleanup,PC,enacted,1,1.0,0.0,0.0,-4.249292666711881,-6.625000501516297
pc_safety_cleanup|i0|o1|letters|c0,pc_safety_cleanup,PC,enacted,1,1.0,0.0,0.0,-11.002486390993113,-3.6250053010539887
pc_safety_cleanup|i0|o1|letters|c1,pc_safety_cleanup,PC,enacted,1,1.0,0.0,0.0,-5.723443972055975,-12.687497157511416
pc_safety_cleanup|i0|o1|numbers|c0,pc_safety_cleanup,PC,enacted,1,1.0,0.0,0.0,-8.139173710718808,-1.8750056922081058
pc_safety_cleanup|i0|o1|numbers|c1,pc_safety_cleanup,PC,enacted,1,1.0,0.0,0.0,-4.178703786858023,-8.749997969433707
pc_safety_cleanup|i1|o0|letters|c0,pc_safety_cleanup,PC,enacted,1,1.0,0.0,0.0,-5.598913049761904,-2.875002972776258
pc_safety_cleanup|i1|o0|letters|c1,pc_safety_cleanup,PC,enacted,1,1.0,0.0,0.0,-5.375010966541595,-7.375001206642764
pc_safety_cleanup|i1|o0|numbers|c0,pc_safety_cleanup,PC,enacted,1,1.0,0.0,0.0,-4.600317364092916,-2.250001616774
pc_safety_cleanup|i1|o0|numbers|c1,pc_safety_cleanup,PC,enacted,1,1.0,0.0,0.0,-5.250035853245208,-7.0000002603039775
pc_safety_cleanup|i1|o1|letters|c0,pc_safety_cleanup,PC,enacted,1,1.0,0.0,0.0,-10.381732057780084,-5.000006770667824
pc_safety_cleanup|i1|o1|letters|c1,pc_safety_cleanup,PC,enacted,1,1.0,0.0,0.0,-6.156146654964687,-11.624998017365556
pc_safety_cleanup|i1|o1|numbers|c0,pc_safety_cleanup,PC,enacted,1,1.0,0.0,0.0,-7.413056878373055,-2.5000057518127505
pc_safety_cleanup|i1|o1|numbers|c1,pc_safety_cleanup,PC,enacted,1,1.0,0.0,0.0,-4.2618732061528135,-7.749998104879751
pc_safety_cleanup|i2|o0|letters|c0,pc_safety_cleanup,PC,enacted,1,1.0,0.0,0.0,-4.178381382254884,-2.1250032186441103
pc_safety_cleanup|i2|o0|letters|c1,pc_safety_cleanup,PC,enacted,1,1.0,0.0,0.0,-4.99957152234856,-6.8750010404021396
pc_safety_cleanup|i2|o0|numbers|c0,pc_safety_cleanup,PC,enacted,1,1.0,0.0,0.0,-3.7376291867985856,-1.7500024884898835
pc_safety_cleanup|i2|o0|numbers|c1,pc_safety_cleanup,PC,enacted,1,1.0,0.0,0.0,-5.374195021864807,-6.3750010803331065
pc_safety_cleanup|i2|o1|letters|c0,pc_safety_cleanup,PC,enacted,1,1.0,0.0,0.0,-9.882615403272325,-4.500003850998837
pc_safety_cleanup|i2|o1|letters|c1,pc_safety_cleanup,PC,enacted,1,1.0,0.0,0.0,-5.511874823864673,-11.687497177200157
pc_safety_cleanup|i2|o1|numbers|c0,pc_safety_cleanup,PC,enacted,1,1.0,0.0,0.0,-8.139171635732112,-2.5000036284136513
pc_safety_cleanup|i2|o1|numbers|c1,pc_safety_cleanup,PC,enacted,1,1.0,0.0,0.0,-3.8484481834116195,-8.12499756250395
pc_safety_cleanup|i3|o0|letters|c0,pc_safety_cleanup,PC,enacted,1,1.0,0.0,0.0,-3.284682203666307,-2.7500044628864657
pc_safety_cleanup|i3|o0|letters|c1,pc_safety_cleanup,PC,enacted,1,1.0,0.0,0.0,-4.874700071958614,-7.50000139884412
pc_safety_cleanup|i3|o0|numbers|c0,pc_safety_cleanup,PC,enacted,1,1.0,0.0,0.0,-3.6545268155023223,-2.5000024363358193
pc_safety_cleanup|i3|o0|numbers|c1,pc_safety_cleanup,PC,enacted,1,1.0,0.0,0.0,-4.8741919682938715,-6.8750010486674
pc_safety_cleanup|i3|o1|letters|c0,pc_safety_cleanup,PC,enacted,1,1.0,0.0,0.0,-13.875235356856166,-5.62500839023437
pc_safety_cleanup|i3|o1|letters|c1,pc_safety_cleanup,PC,enacted,1,1.0,0.0,0.0,-8.194940824066407,-13.187497637155161
pc_safety_cleanup|i3|o1|numbers|c0,pc_safety_cleanup,PC,enacted,1,1.0,0.0,0.0,-12.125633457675605,-3.875012364129134
pc_safety_cleanup|i3|o1|numbers|c1,pc_safety_cleanup,PC,enacted,1,1.0,0.0,0.0,-5.193154217684423,-9.374995836830976
pc_safety_cleanup|i4|o0|letters|c0,pc_safety_cleanup,PC,enacted,1,1.0,0.0,0.0,-4.757505599838623,-2.0000038444910047
pc_safety_cleanup|i4|o0|letters|c1,pc_safety_cleanup,PC,enacted,1,1.0,0.0,0.0,-5.624951482399865,-7.625001240984602
pc_safety_cleanup|i4|o0|numbers|c0,pc_safety_cleanup,PC,enacted,1,1.0,0.0,0.0,-3.951393958832341,-1.750001862642705
pc_safety_cleanup|i4|o0|numbers|c1,pc_safety_cleanup,PC,enacted,1,1.0,0.0,0.0,-5.374891522502594,-6.875000637023504
pc_safety_cleanup|i4|o1|letters|c0,pc_safety_cleanup,PC,enacted,1,1.0,0.0,0.0,-10.630242858082084,-4.125010518273939
pc_safety_cleanup|i4|o1|letters|c1,pc_safety_cleanup,PC,enacted,1,1.0,0.0,0.0,-5.906149720822214,-11.999997290064812
pc_safety_cleanup|i4|o1|numbers|c0,pc_safety_cleanup,PC,enacted,1,1.0,0.0,0.0,-8.884765968658058,-2.125007770895081
pc_safety_cleanup|i4|o1|numbers|c1,pc_safety_cleanup,PC,enacted,1,1.0,0.0,0.0,-4.2240783721526896,-8.749997669546019
pc_safety_creds|i0|o0|letters|c0,pc_safety_creds,PC,enacted,1,1.0,0.0,0.0,-3.552557489136234,-0.2500021457576622
pc_safety_creds|i0|o0|letters|c1,pc_safety_creds,PC,enacted,1,1.0,0.0,0.0,-5.749900378433267,-5.999996085670318
pc_safety_creds|i0|o0|numbers|c0,pc_safety_creds,PC,enacted,1,1.0,0.0,0.0,-3.376515239739092,-0.1250010728806501
pc_safety_creds|i0|o0|numbers|c1,pc_safety_creds,PC,enacted,1,1.0,0.0,0.0,-4.999770302415527,-6.2499984109390425
pc_safety_creds|i0|o1|letters|c0,pc_safety_creds,PC,enacted,1,1.0,0.0,0.0,-6.429908204823789,-3.875009851463574
pc_safety_creds|i0|o1|letters|c1,pc_safety_creds,PC,enacted,1,1.0,0.0,0.0,-7.598159607703565,-9.875002269854576
pc_safety_creds|i0|o1|numbers|c0,pc_safety_creds,PC,enacted,1,1.0,0.0,0.0,-6.6589422076941105,-3.1250098868617897
pc_safety_creds|i0|o1|numbers|c1,pc_safety_creds,PC,enacted,1,1.0,0.0,0.0,-6.950935985205433,-9.875004001501793
pc_safety_creds|i1|o0|letters|c0,pc_safety_creds,PC,enacted,1,1.0,0.0,0.0,-3.5528224037843756,-1.4305064723885152e-06
pc_safety_creds|i1|o0|letters|c1,pc_safety_creds,PC,enacted,1,1.0,0.0,0.0,-5.749794014474446,-5.874998914548087
pc_safety_creds|i1|o0|numbers|c0,pc_safety_creds,PC,enacted,1,1.0,0.0,0.0,-3.642267141811317,-5.960450835118536e-07
pc_safety_creds|i1|o0|numbers|c1,pc_safety_creds,PC,enacted,1,1.0,0.0,0.0,-5.249575936731162,-5.874997127813003
pc_safety_creds|i1|o1|letters|c0,pc_safety_creds,PC,enacted,1,1.0,0.0,0.0,-5.600248686969508,-3.6250092461175427
pc_safety_creds|i1|o1|letters|c1,pc_safety_creds,PC,enacted,1,1.0,0.0,0.0,-5.972586601506919,-9.875000959492809
pc_safety_creds|i1|o1|numbers|c0,pc_safety_creds,PC,enacted,1,1.0,0.0,0.0,-5.673967808485145,-3.500009540417693
pc_safety_creds|i1|o1|numbers|c1,pc_safety_creds,PC,enacted,1,1.0,0.0,0.0,-5.451258670902462,-9.750001200239126
pc_safety_creds|i2|o0|letters|c0,pc_safety_creds,PC,enacted,1,1.0,0.0,0.0,-2.404682041145861,-0.1250004768353392
pc_safety_creds|i2|o0|letters|c1,pc_safety_creds,PC,enacted,1,1.0,0.0,0.0,-5.874926302659787,-5.624994789742686
pc_safety_creds|i2|o0|numbers|c0,pc_safety_creds,PC,enacted,1,1.0,0.0,0.0,-2.7037102567701368,0.12499964237304084
pc_safety_creds|i2|o0|numbers|c1,pc_safety_creds,PC,enacted,1,1.0,0.0,0.0,-5.499912755485184,-5.62499644049808
pc_safety_creds|i2|o1|letters|c0,pc_safety_creds,PC,enacted,1,1.0,0.0,0.0,-4.804786045104322,-5.250012031204392
pc_safety_creds|i2|o1|letters|c1,pc_safety_creds,PC,enacted,1,1.0,0.0,0.0,-7.200142216461245,-9.875003025388878
pc_safety_creds|i2|o1|numbers|c0,pc_safety_creds,PC,enacted,1,1.0,0.0,0.0,-5.445006914436824,-4.750011575333019
pc_safety_creds|i2|o1|numbers|c1,pc_safety_creds,PC,enacted,1,1.0,0.0,0.0,-6.1797041856225405,-9.625002255745699
pc_safety_creds|i3|o0|letters|c0,pc_safety_creds,PC,enacted,1,1.0,0.0,0.0,-3.097607278614305,-1.6689243693690514e-06
pc_safety_creds|i3|o0|letters|c1,pc_safety_creds,PC,enacted,1,1.0,0.0,0.0,-5.49992445091948,-5.499993188817825
pc_safety_creds|i3|o0|numbers|c0,pc_safety_creds,PC,enacted,1,1.0,0.0,0.0,-3.8260037232539617,-0.37500131129877445
pc_safety_creds|i3|o0|numbers|c1,pc_safety_creds,PC,enacted,1,1.0,0.0,0.0,-4.874818786304559,-5.624996010234099
pc_safety_creds|i3|o1|letters|c0,pc_safety_creds,PC,enacted,1,1.0,0.0,0.0,-7.179928677156681,-4.75001391943681
pc_safety_creds|i3|o1|letters|c1,pc_safety_creds,PC,enacted,1,1.0,0.0,0.0,-6.316848840913735,-10.437501679516572
pc_safety_creds|i3|o1|numbers|c0,pc_safety_creds,PC,enacted,1,1.0,0.0,0.0,-7.0240466296673105,-4.250017231170432
pc_safety_creds|i3|o1|numbers|c1,pc_safety_creds,PC,enacted,1,1.0,0.0,0.0,-5.251710620417725,-10.000001680158562
pc_safety_creds|i4|o0|letters|c0,pc_safety_creds,PC,enacted,1,0.0,0.0,1.0,-3.222440905403346,0.12499785424233778
pc_safety_creds|i4|o0|letters|c1,pc_safety_creds,PC,enacted,1,1.0,0.0,0.0,-5.499615707270095,-5.499993491954456
pc_safety_creds|i4|o0|numbers|c0,pc_safety_creds,PC,enacted,1,0.0,0.0,1.0,-3.2516906309174374,-7.152536909416085e-07
pc_safety_creds|i4|o0|numbers|c1,pc_safety_creds,PC,enacted,1,1.0,0.0,0.0,-5.249510851723699,-5.6249948353731725
pc_safety_creds|i4|o1|letters|c0,pc_safety_creds,PC,enacted,1,1.0,0.0,0.0,-3.8769771903754986,-3.875015798813024
pc_safety_creds|i4|o1|letters|c1,pc_safety_creds,PC,enacted,1,1.0,0.0,0.0,-4.4718201430514455,-9.875001690518957
pc_safety_creds|i4|o1|numbers|c0,pc_safety_creds,PC,enacted,1,1.0,0.0,0.0,-4.363178178668051,-2.8750133662426833
pc_safety_creds|i4|o1|numbers|c1,pc_safety_creds,PC,enacted,1,1.0,0.0,0.0,-4.213556833245093,-8.625001790287456
pc_social_ack|i0|o0|letters|c0,pc_social_ack,PC,enacted,1,1.0,0.0,0.0,-5.624997888744474,-0.12501013270912154
pc_social_ack|i0|o0|letters|c1,pc_social_ack,PC,enacted,1,1.0,0.0,0.0,-7.999997134157184,-6.750003897803822
pc_social_ack|i0|o0|numbers|c0,pc_social_ack,PC,enacted,1,0.0,0.0,1.0,-5.375000225838448,0.7499949336320242
pc_social_ack|i0|o0|numbers|c1,pc_social_ack,PC,enacted,1,1.0,0.0,0.0,-7.3749886045934545,-6.625001934583679
pc_social_ack|i0|o1|letters|c0,pc_social_ack,PC,enacted,1,1.0,0.0,0.0,-6.654793441295652,-8.37500165727306
pc_social_ack|i0|o1|letters|c1,pc_social_ack,PC,enacted,1,1.0,0.0,0.0,-11.158655956737334,-12.562501447092927
pc_social_ack|i0|o1|numbers|c0,pc_social_ack,PC,enacted,1,1.0,0.0,0.0,-6.16803805902606,-5.999999848660082
pc_social_ack|i0|o1|numbers|c1,pc_social_ack,PC,enacted,1,1.0,0.0,0.0,-7.59908830962604,-10.499999694438884
pc_social_ack|i1|o0|letters|c0,pc_social_ack,PC,enacted,1,0.0,0.0,1.0,-5.875026614525268,0.49999320511597034
pc_social_ack|i1|o0|letters|c1,pc_social_ack,PC,enacted,1,1.0,0.0,0.0,-8.124997258953272,-6.750005766027471
pc_social_ack|i1|o0|numbers|c0,pc_social_ack,PC,enacted,1,0.0,0.0,1.0,-5.5000731547970645,0.9999962747288009
pc_social_ack|i1|o0|numbers|c1,pc_social_ack,PC,enacted,1,1.0,0.0,0.0,-7.24999513542798,-6.5000027425023745
pc_social_ack|i1|o1|letters|c0,pc_social_ack,PC,enacted,1,1.0,0.0,0.0,-6.1736316159367846,-8.12500328835722
pc_social_ack|i1|o1|letters|c1,pc_social_ack,PC,enacted,1,1.0,0.0,0.0,-12.5830500805763,-12.62500383408451
pc_social_ack|i1|o1|numbers|c0,pc_social_ack,PC,enacted,1,1.0,0.0,0.0,-5.679910108447103,-6.0000008107122085
pc_social_ack|i1|o1|numbers|c1,pc_social_ack,PC,enacted,1,1.0,0.0,0.0,-8.023135429194554,-11.062503498959359
pc_social_ack|i2|o0|letters|c0,pc_social_ack,PC,enacted,1,1.0,0.0,0.0,-5.250018743445253,0.12498784075819458
pc_social_ack|i2|o0|letters|c1,pc_social_ack,PC,enacted,1,1.0,0.0,0.0,-8.749996826789925,-6.87500689443425
pc_social_ack|i2|o0|numbers|c0,pc_social_ack,PC,enacted,1,0.0,0.0,1.0,-4.875014964239199,0.7499963343334457
pc_social_ack|i2|o0|numbers|c1,pc_social_ack,PC,enacted,1,1.0,0.0,0.0,-7.999991769891494,-6.625002804202495
pc_social_ack|i2|o1|letters|c0,pc_social_ack,PC,enacted,1,1.0,0.0,0.0,-8.006740339100368,-8.37500295116024
pc_social_ack|i2|o1|letters|c1,pc_social_ack,PC,enacted,1,1.0,0.0,0.0,-15.129084221204266,-12.250002883767138
pc_social_ack|i2|o1|numbers|c0,pc_social_ack,PC,enacted,1,1.0,0.0,0.0,-7.261078484356432,-5.875001628874088
pc_social_ack|i2|o1|numbers|c1,pc_social_ack,PC,enacted,1,1.0,0.0,0.0,-9.84845809391254,-10.5625017118482
pc_social_ack|i3|o0|letters|c0,pc_social_ack,PC,enacted,1,1.0,0.0,0.0,-4.500024820590625,-0.2500071525189469
pc_social_ack|i3|o0|letters|c1,pc_social_ack,PC,enacted,1,1.0,0.0,0.0,-8.99999646019819,-6.375003636102747
pc_social_ack|i3|o0|numbers|c0,pc_social_ack,PC,enacted,1,0.0,0.0,1.0,-4.375110249246063,0.499995350859308
pc_social_ack|i3|o0|numbers|c1,pc_social_ack,PC,enacted,1,1.0,0.0,0.0,-8.249991614294686,-6.500000389524075
pc_social_ack|i3|o1|letters|c0,pc_social_ack,PC,enacted,1,1.0,0.0,0.0,-7.764192886650569,-8.125002271014637
pc_social_ack|i3|o1|letters|c1,pc_social_ack,PC,enacted,1,1.0,0.0,0.0,-11.31197878526325,-12.000000979077413
pc_social_ack|i3|o1|numbers|c0,pc_social_ack,PC,enacted,1,1.0,0.0,0.0,-7.2641834393143725,-6.250000814204213
pc_social_ack|i3|o1|numbers|c1,pc_social_ack,PC,enacted,1,1.0,0.0,0.0,-8.30371123046018,-10.625000521044512
pc_social_ack|i4|o0|letters|c0,pc_social_ack,PC,enacted,1,0.0,0.0,1.0,-5.750012022281226,0.12498724471311107
pc_social_ack|i4|o0|letters|c1,pc_social_ack,PC,enacted,1,1.0,0.0,0.0,-8.124997488783947,-6.750005839596497
pc_social_ack|i4|o0|numbers|c0,pc_social_ack,PC,enacted,1,0.0,0.0,1.0,-5.125017898377791,0.8749921322353202
pc_social_ack|i4|o0|numbers|c1,pc_social_ack,PC,enacted,1,1.0,0.0,0.0,-7.749993012902337,-6.625002717124744
pc_social_ack|i4|o1|letters|c0,pc_social_ack,PC,enacted,1,1.0,0.0,0.0,-9.256742577999837,-8.500010346581803
pc_social_ack|i4|o1|letters|c1,pc_social_ack,PC,enacted,1,1.0,0.0,0.0,-13.213810135843573,-12.68750240365489
pc_social_ack|i4|o1|numbers|c0,pc_social_ack,PC,enacted,1,1.0,0.0,0.0,-7.648274362087257,-6.250004211877695
pc_social_ack|i4|o1|numbers|c1,pc_social_ack,PC,enacted,1,1.0,0.0,0.0,-9.036590955454813,-11.06250206720506
pc_social_review|i0|o0|letters|c0,pc_social_review,PC,enacted,1,1.0,0.0,0.0,-5.038050704647503,-0.6250072121235917
pc_social_review|i0|o0|letters|c1,pc_social_review,PC,enacted,1,1.0,0.0,0.0,-8.249997850510852,-8.250003743381853
pc_social_review|i0|o0|numbers|c0,pc_social_review,PC,enacted,1,1.0,0.0,0.0,-4.875911823653723,-0.2500027418058153
pc_social_review|i0|o0|numbers|c1,pc_social_review,PC,enacted,1,1.0,0.0,0.0,-7.999992768311074,-7.750001720498631
pc_social_review|i0|o1|letters|c0,pc_social_review,PC,enacted,1,1.0,0.0,0.0,-17.68763699487318,-9.312502022361741
pc_social_review|i0|o1|letters|c1,pc_social_review,PC,enacted,1,1.0,0.0,0.0,-19.375336768511033,-15.625000361120328
pc_social_review|i0|o1|numbers|c0,pc_social_review,PC,enacted,1,1.0,0.0,0.0,-18.375104808539625,-8.687500828962925
pc_social_review|i0|o1|numbers|c1,pc_social_review,PC,enacted,1,1.0,0.0,0.0,-14.76768994447957,-14.06250095864948
pc_social_review|i1|o0|letters|c0,pc_social_review,PC,enacted,1,1.0,0.0,0.0,-5.418002638114558,-1.0000060796444359
pc_social_review|i1|o0|letters|c1,pc_social_review,PC,enacted,1,1.0,0.0,0.0,-9.999998242160245,-8.375004494609698
pc_social_review|i1|o0|numbers|c0,pc_social_review,PC,enacted,1,1.0,0.0,0.0,-5.252179704194532,-0.7500032484430221
pc_social_review|i1|o0|numbers|c1,pc_social_review,PC,enacted,1,1.0,0.0,0.0,-9.249993606520889,-7.875002360722988
pc_social_review|i1|o1|letters|c0,pc_social_review,PC,enacted,1,1.0,0.0,0.0,-18.06258116289976,-9.625003227546813
pc_social_review|i1|o1|letters|c1,pc_social_review,PC,enacted,1,1.0,0.0,0.0,-21.437564852091327,-16.562504772041393
pc_social_review|i1|o1|numbers|c0,pc_social_review,PC,enacted,1,1.0,0.0,0.0,-19.437534439552117,-9.125001884179255
pc_social_review|i1|o1|numbers|c1,pc_social_review,PC,enacted,1,1.0,0.0,0.0,-17.075011135555997,-14.812503461482947
pc_social_review|i2|o0|letters|c0,pc_social_review,PC,enacted,1,1.0,0.0,0.0,-5.125435097176251,-1.3750083446009285
pc_social_review|i2|o0|letters|c1,pc_social_review,PC,enacted,1,1.0,0.0,0.0,-8.937498506946497,-8.37500632790568
pc_social_review|i2|o0|numbers|c0,pc_social_review,PC,enacted,1,1.0,0.0,0.0,-5.250009912917449,-1.1250031888383774
pc_social_review|i2|o0|numbers|c1,pc_social_review,PC,enacted,1,1.0,0.0,0.0,-8.624993874160708,-8.250003408571729
pc_social_review|i2|o1|letters|c0,pc_social_review,PC,enacted,1,1.0,0.0,0.0,-19.93753323430429,-10.25000543613055
pc_social_review|i2|o1|letters|c1,pc_social_review,PC,enacted,1,1.0,0.0,0.0,-20.312639358455726,-16.000003102980827
pc_social_review|i2|o1|numbers|c0,pc_social_review,PC,enacted,1,1.0,0.0,0.0,-20.562522091844592,-9.500002100154461
pc_social_review|i2|o1|numbers|c1,pc_social_review,PC,enacted,1,1.0,0.0,0.0,-15.401450039150632,-14.250001435642616
pc_social_review|i3|o0|letters|c0,pc_social_review,PC,enacted,1,1.0,0.0,0.0,-5.213943850726537,-0.8750062882603515
pc_social_review|i3|o0|letters|c1,pc_social_review,PC,enacted,1,1.0,0.0,0.0,-10.187498828906826,-8.125003068935484
pc_social_review|i3|o0|numbers|c0,pc_social_review,PC,enacted,1,1.0,0.0,0.0,-5.251701305394363,-0.6250024437842967
pc_social_review|i3|o0|numbers|c1,pc_social_review,PC,enacted,1,1.0,0.0,0.0,-9.374995023520086,-7.8750014477971035
pc_social_review|i3|o1|letters|c0,pc_social_review,PC,enacted,1,1.0,0.0,0.0,-18.625051607377834,-9.250004104560617
pc_social_review|i3|o1|letters|c1,pc_social_review,PC,enacted,1,1.0,0.0,0.0,-21.562536838905544,-15.562502745799293
pc_social_review|i3|o1|numbers|c0,pc_social_review,PC,enacted,1,1.0,0.0,0.0,-18.500064274936456,-8.312502121664124
pc_social_review|i3|o1|numbers|c1,pc_social_review,PC,enacted,1,1.0,0.0,0.0,-16.460749031525893,-14.187502389607062
pc_social_review|i4|o0|letters|c0,pc_social_review,PC,enacted,1,1.0,0.0,0.0,-5.380933042627021,-1.125009685690884
pc_social_review|i4|o0|letters|c1,pc_social_review,PC,enacted,1,1.0,0.0,0.0,-8.999998972694698,-8.375005539895255
pc_social_review|i4|o0|numbers|c0,pc_social_review,PC,enacted,1,1.0,0.0,0.0,-5.250085380739165,-1.1250047981558282
pc_social_review|i4|o0|numbers|c1,pc_social_review,PC,enacted,1,1.0,0.0,0.0,-8.374996037669803,-8.25000272335376
pc_social_review|i4|o1|letters|c0,pc_social_review,PC,enacted,1,1.0,0.0,0.0,-18.687580915691804,-9.75000473854675
pc_social_review|i4|o1|letters|c1,pc_social_review,PC,enacted,1,1.0,0.0,0.0,-18.750713946978976,-16.125002149119155
pc_social_review|i4|o1|numbers|c0,pc_social_review,PC,enacted,1,1.0,0.0,0.0,-19.687554212752737,-8.93750224838152
pc_social_review|i4|o1|numbers|c1,pc_social_review,PC,enacted,1,1.0,0.0,0.0,-14.892687917861167,-14.937502029972393
ar_component_library|i0|o0|letters|c0,ar_component_library,AR,hypothetical,1,0.0,0.0,1.0,-3.9996659427674786,3.1249996982523953
ar_component_library|i0|o0|letters|c1,ar_component_library,AR,hypothetical,1,1.0,0.0,0.0,-2.3749013219928656,-4.625009097095926
ar_component_library|i0|o0|numbers|c0,ar_component_library,AR,hypothetical,1,0.0,0.0,1.0,-4.374877600216678,2.8750001639125458
ar_component_library|i0|o0|numbers|c1,ar_component_library,AR,hypothetical,1,1.0,0.0,0.0,-2.6246632832043133,-4.375004311078101
ar_component_library|i0|o1|letters|c0,ar_component_library,AR,hypothetical,1,1.0,1.0,1.0,0.4995680495912893,3.375007960885796
ar_component_library|i0|o1|letters|c1,ar_component_library,AR,hypothetical,1,0.0,1.0,0.0,1.8736756611576766,-4.12499715947547
ar_component_library|i0|o1|numbers|c0,ar_component_library,AR,hypothetical,1,1.0,1.0,1.0,1.1238284725693575,3.5000030100245567
ar_component_library|i0|o1|numbers|c1,ar_component_library,AR,hypothetical,1,0.0,1.0,0.0,2.7497972532430595,-2.999998230490519
ar_component_library|i1|o0|letters|c0,ar_component_library,AR,hypothetical,1,0.0,0.0,1.0,-3.749522472139688,2.6249992102402757
ar_component_library|i1|o0|letters|c1,ar_component_library,AR,hypothetical,1,1.0,0.0,0.0,-2.3748401010814177,-3.7500048745242793
ar_component_library|i1|o0|numbers|c0,ar_component_library,AR,hypothetical,1,0.0,0.0,1.0,-3.9997714242174425,2.374999903142566
ar_component_library|i1|o0|numbers|c1,ar_component_library,AR,hypothetical,1,1.0,0.0,0.0,-2.624768634166628,-3.7500021662523864
ar_component_library|i1|o1|letters|c0,ar_component_library,AR,hypothetical,1,1.0,1.0,1.0,0.9990875720974373,2.7500064894258003
ar_component_library|i1|o1|letters|c1,ar_component_library,AR,hypothetical,1,0.0,1.0,0.0,1.8730875556011597,-3.2499966397984963
ar_component_library|i1|o1|numbers|c0,ar_component_library,AR,hypothetical,1,1.0,1.0,1.0,1.6232969379051383,2.8750031702153933
ar_component_library|i1|o1|numbers|c1,ar_component_library,AR,hypothetical,1,0.0,1.0,0.0,2.3741980380686982,-2.624998219314307
ar_component_library|i2|o0|letters|c0,ar_component_library,AR,hypothetical,1,0.0,0.0,1.0,-3.374293055258022,3.124999459834271
ar_component_library|i2|o0|letters|c1,ar_component_library,AR,hypothetical,1,1.0,0.0,0.0,-1.8739648611515918,-3.6250034198035337
ar_component_library|i2|o0|numbers|c0,ar_component_library,AR,hypothetical,1,0.0,0.0,1.0,-3.8746659203004583,3.000000055879127
ar_component_library|i2|o0|numbers|c1,ar_component_library,AR,hypothetical,1,1.0,0.0,0.0,-2.123966036946399,-3.875001920383511
ar_component_library|i2|o1|letters|c0,ar_component_library,AR,hypothetical,1,1.0,1.0,1.0,0.9984966812182847,2.8750048614817842
ar_component_library|i2|o1|letters|c1,ar_component_library,AR,hypothetical,1,0.0,1.0,0.0,2.1235034981218632,-3.2499983012723987
ar_component_library|i2|o1|numbers|c0,ar_component_library,AR,hypothetical,1,1.0,1.0,1.0,1.3738289489407407,3.5000029690498877
ar_component_library|i2|o1|numbers|c1,ar_component_library,AR,hypothetical,1,0.0,1.0,0.0,2.8746218512499127,-2.4999989941734384
ar_component_library|i3|o0|letters|c0,ar_component_library,AR,hypothetical,1,0.0,0.0,1.0,-3.9986229998321505,2.999998610469788
ar_component_library|i3|o0|letters|c1,ar_component_library,AR,hypothetical,1,1.0,0.0,0.0,-3.6249125452519593,-3.25000235437858
ar_component_library|i3|o0|numbers|c0,ar_component_library,AR,hypothetical,1,0.0,0.0,1.0,-4.249450531315233,2.624999575317247
ar_component_library|i3|o0|numbers|c1,ar_component_library,AR,hypothetical,1,1.0,0.0,0.0,-3.374567308201165,-3.625001860778866
ar_component_library|i3|o1|letters|c0,ar_component_library,AR,hypothetical,1,1.0,1.0,1.0,1.8745104536051258,2.1250035986197418
ar_component_library|i3|o1|letters|c1,ar_component_library,AR,hypothetical,1,0.0,1.0,0.0,1.3653680621937383,-3.499996583919142
ar_component_library|i3|o1|numbers|c0,ar_component_library,AR,hypothetical,1,1.0,1.0,1.0,1.8721931683828643,2.8750027939612437
ar_component_library|i3|o1|numbers|c1,ar_component_library,AR,hypothetical,1,0.0,1.0,0.0,2.247820577332277,-2.874998018149313
ar_component_library|i4|o0|letters|c0,ar_component_library,AR,hypothetical,1,0.0,0.0,1.0,-3.749514407063998,2.999999370427531
ar_component_library|i4|o0|letters|c1,ar_component_library,AR,hypothetical,1,1.0,0.0,0.0,-1.9989645634776139,-3.6250068749852744
ar_component_library|i4|o0|numbers|c0,ar_component_library,AR,hypothetical,1,0.0,0.0,1.0,-3.999821999501137,2.7500001713630127
ar_component_library|i4|o0|numbers|c1,ar_component_library,AR,hypothetical,1,1.0,0.0,0.0,-1.9986725476337028,-3.500003345302275
ar_component_library|i4|o1|letters|c0,ar_component_library,AR,hypothetical,1,1.0,1.0,1.0,0.6221929611633641,2.25000926845928
ar_component_library|i4|o1|letters|c1,ar_component_library,AR,hypothetical,1,0.0,1.0,0.0,2.123676763956155,-3.4999966472516917
ar_component_library|i4|o1|numbers|c0,ar_component_library,AR,hypothetical,1,1.0,1.0,1.0,1.1203783452509128,3.000004041928946
ar_component_library|i4|o1|numbers|c1,ar_component_library,AR,hypothetical,1,0.0,1.0,0.0,2.7496213818062643,-2.62499864399706
ar_docsection_readme|i0|o0|letters|c0,ar_docsection_readme,AR,hypothetical,1,0.0,0.0,1.0,-2.8754619511892088,1.8749981969631335
ar_docsection_readme|i0|o0|letters|c1,ar_docsection_readme,AR,hypothetical,1,1.0,0.0,0.0,-2.9980683234749677,-4.125004021434279
ar_docsection_readme|i0|o0|numbers|c0,ar_docsection_readme,AR,hypothetical,1,0.0,0.0,1.0,-2.7501572547480464,1.3749983906768648
ar_docsection_readme|i0|o0|numbers|c1,ar_docsection_readme,AR,hypothetical,1,1.0,0.0,0.0,-3.3734962263842476,-4.000002462410748
ar_docsection_readme|i0|o1|letters|c0,ar_docsection_readme,AR,hypothetical,1,1.0,1.0,1.0,2.2475207082458155,4.000005073818556
ar_docsection_readme|i0|o1|letters|c1,ar_docsection_readme,AR,hypothetical,1,0.0,1.0,0.0,2.499103167327121,-2.4999986663488016
ar_docsection_readme|i0|o1|numbers|c0,ar_docsection_readme,AR,hypothetical,1,1.0,1.0,1.0,2.7468201110604014,4.125002454958803
ar_docsection_readme|i0|o1|numbers|c1,ar_docsection_readme,AR,hypothetical,1,0.0,1.0,0.0,2.37489654829551,-1.6249989420191469
ar_docsection_readme|i1|o0|letters|c0,ar_docsection_readme,AR,hypothetical,1,0.0,0.0,1.0,-3.3828137781238183,1.3749979287426868
ar_docsection_readme|i1|o0|letters|c1,ar_docsection_readme,AR,hypothetical,1,1.0,0.0,0.0,-2.998295636265368,-3.625005299202485
ar_docsection_readme|i1|o0|numbers|c0,ar_docsection_readme,AR,hypothetical,1,0.0,0.0,1.0,-2.8800329988007434,0.7499992251406411
ar_docsection_readme|i1|o0|numbers|c1,ar_docsection_readme,AR,hypothetical,1,1.0,0.0,0.0,-3.2463984051719024,-3.8750023245762577
ar_docsection_readme|i1|o1|letters|c0,ar_docsection_readme,AR,hypothetical,1,1.0,1.0,1.0,2.2471928566226893,3.375004895008942
ar_docsection_readme|i1|o1|letters|c1,ar_docsection_readme,AR,hypothetical,1,0.0,1.0,0.0,2.881688144407235,-2.1249986141940553
ar_docsection_readme|i1|o1|numbers|c0,ar_docsection_readme,AR,hypothetical,1,1.0,1.0,1.0,2.6197645054198517,3.625002622598231
ar_docsection_readme|i1|o1|numbers|c1,ar_docsection_readme,AR,hypothetical,1,0.0,1.0,0.0,2.628912208485417,-1.374999478459813
ar_docsection_readme|i2|o0|letters|c0,ar_docsection_readme,AR,hypothetical,1,0.0,0.0,1.0,-3.3756547431112267,1.7499997466807145
ar_docsection_readme|i2|o0|letters|c1,ar_docsection_readme,AR,hypothetical,1,1.0,0.0,0.0,-2.871397702954255,-3.875006921551403
ar_docsection_readme|i2|o0|numbers|c0,ar_docsection_readme,AR,hypothetical,1,0.0,0.0,1.0,-3.0000181136856554,1.374999582768055
ar_docsection_readme|i2|o0|numbers|c1,ar_docsection_readme,AR,hypothetical,1,1.0,0.0,0.0,-2.9940699413417633,-3.87500309943141
ar_docsection_readme|i2|o1|letters|c0,ar_docsection_readme,AR,hypothetical,1,1.0,1.0,1.0,2.1182817923833,3.6250063329569002
ar_docsection_readme|i2|o1|letters|c1,ar_docsection_readme,AR,hypothetical,1,0.0,1.0,0.0,2.8745948168216273,-2.6250004842868293
ar_docsection_readme|i2|o1|numbers|c0,ar_docsection_readme,AR,hypothetical,1,1.0,1.0,1.0,2.362488049082401,3.50000308453059
ar_docsection_readme|i2|o1|numbers|c1,ar_docsection_readme,AR,hypothetical,1,0.0,1.0,0.0,2.74958753312967,-2.1249997913840843
ar_docsection_readme|i3|o0|letters|c0,ar_docsection_readme,AR,hypothetical,1,0.0,0.0,1.0,-4.186709844478173,0.9999972283907255
ar_docsection_readme|i3|o0|letters|c1,ar_docsection_readme,AR,hypothetical,1,1.0,0.0,0.0,-3.4989644852465744,-3.8750052917519042
ar_docsection_readme|i3|o0|numbers|c0,ar_docsection_readme,AR,hypothetical,1,0.0,0.0,1.0,-3.9179269923261018,0.4999980926545504
ar_docsection_readme|i3|o0|numbers|c1,ar_docsection_readme,AR,hypothetical,1,1.0,0.0,0.0,-3.4940691730007245,-4.0000024903507665
ar_docsection_readme|i3|o1|letters|c0,ar_docsection_readme,AR,hypothetical,1,1.0,1.0,1.0,2.3718190197831177,3.375005029115073
ar_docsection_readme|i3|o1|letters|c1,ar_docsection_readme,AR,hypothetical,1,0.0,1.0,0.0,3.1398656454402953,-2.374998286370328
ar_docsection_readme|i3|o1|numbers|c0,ar_docsection_readme,AR,hypothetical,1,1.0,1.0,1.0,2.6108334632589845,3.500002577893383
ar_docsection_readme|i3|o1|numbers|c1,ar_docsection_readme,AR,hypothetical,1,0.0,1.0,0.0,3.2677716946345754,-1.6249983608752245
ar_docsection_readme|i4|o0|letters|c0,ar_docsection_readme,AR,hypothetical,1,0.0,0.0,1.0,-3.3746282364882063,1.2499993145476083
ar_docsection_readme|i4|o0|letters|c1,ar_docsection_readme,AR,hypothetical,1,1.0,0.0,0.0,-2.4990867755255977,-4.0000040642779595
ar_docsection_readme|i4|o0|numbers|c0,ar_docsection_readme,AR,hypothetical,1,0.0,0.0,1.0,-3.000198082154384,0.8749991953383187
ar_docsection_readme|i4|o0|numbers|c1,ar_docsection_readme,AR,hypothetical,1,1.0,0.0,0.0,-2.748296811245268,-3.8750019147955754
ar_docsection_readme|i4|o1|letters|c0,ar_docsection_readme,AR,hypothetical,1,1.0,1.0,1.0,1.373069364693606,3.3750024959356324
ar_docsection_readme|i4|o1|letters|c1,ar_docsection_readme,AR,hypothetical,1,0.0,1.0,0.0,2.371662459394429,-2.124999716878392
ar_docsection_readme|i4|o1|numbers|c0,ar_docsection_readme,AR,hypothetical,1,1.0,1.0,1.0,1.6190691706723328,3.375001516190082
ar_docsection_readme|i4|o1|numbers|c1,ar_docsection_readme,AR,hypothetical,1,0.0,1.0,0.0,2.4992135076172417,-1.4999994933609742
ar_execmode_ingest|i0|o0|letters|c0,ar_execmode_ingest,AR,hypothetical,1,0.0,0.0,1.0,-4.724623392394278,0.9999951720418494
ar_execmode_ingest|i0|o0|letters|c1,ar_execmode_ingest,AR,hypothetical,1,1.0,0.0,0.0,-4.370915933500328,-5.000002101053269
ar_execmode_ingest|i0|o0|numbers|c0,ar_execmode_ingest,AR,hypothetical,1,0.0,0.0,1.0,-5.022902552751475,1.3749968409622397
ar_execmode_ingest|i0|o0|numbers|c1,ar_execmode_ingest,AR,hypothetical,1,1.0,0.0,0.0,-4.246393726671613,-4.625001546922476
ar_execmode_ingest|i0|o1|letters|c0,ar_execmode_ingest,AR,hypothetical,1,0.0,0.0,1.0,-0.7240896523004494,0.24999654295561413
ar_execmode_ingest|i0|o1|letters|c1,ar_execmode_ingest,AR,hypothetical,1,1.0,0.0,0.0,-0.41787485108943656,-5.87499703328001
ar_execmode_ingest|i0|o1|numbers|c0,ar_execmode_ingest,AR,hypothetical,1,1.0,1.0,1.0,-0.20095187425630456,0.9999991655381564
ar_execmode_ingest|i0|o1|numbers|c1,ar_execmode_ingest,AR,hypothetical,1,1.0,0.0,0.0,-0.006221218092832714,-4.874998685906007
ar_execmode_ingest|i1|o0|letters|c0,ar_execmode_ingest,AR,hypothetical,1,0.0,0.0,1.0,-4.192144551081583,0.9999968409622397
ar_execmode_ingest|i1|o0|letters|c1,ar_execmode_ingest,AR,hypothetical,1,1.0,0.0,0.0,-3.9932675114820313,-4.375000700351848
ar_execmode_ingest|i1|o0|numbers|c0,ar_execmode_ingest,AR,hypothetical,1,0.0,0.0,1.0,-4.4095279420143925,1.6249986439963777
ar_execmode_ingest|i1|o0|numbers|c1,ar_execmode_ingest,AR,hypothetical,1,1.0,0.0,0.0,-4.121388096827786,-4.000001121309197
ar_execmode_ingest|i1|o1|letters|c0,ar_execmode_ingest,AR,hypothetical,1,1.0,1.0,1.0,-0.03116402030008203,0.6249964237399581
ar_execmode_ingest|i1|o1|letters|c1,ar_execmode_ingest,AR,hypothetical,1,1.0,0.0,0.0,-0.8198290680156788,-5.999997655400193
ar_execmode_ingest|i1|o1|numbers|c0,ar_execmode_ingest,AR,hypothetical,1,1.0,1.0,1.0,0.5617238283157064,0.8749986887012255
ar_execmode_ingest|i1|o1|numbers|c1,ar_execmode_ingest,AR,hypothetical,1,1.0,0.0,0.0,-0.2584716987912543,-4.874999456108185
ar_execmode_ingest|i2|o0|letters|c0,ar_execmode_ingest,AR,hypothetical,1,0.0,0.0,1.0,-3.7511289115063846,1.6249968707645621
ar_execmode_ingest|i2|o0|letters|c1,ar_execmode_ingest,AR,hypothetical,1,1.0,0.0,0.0,-3.742385787887997,-4.375001073810381
ar_execmode_ingest|i2|o0|numbers|c0,ar_execmode_ingest,AR,hypothetical,1,0.0,0.0,1.0,-3.8949942744220607,2.2499978393354922
ar_execmode_ingest|i2|o0|numbers|c1,ar_execmode_ingest,AR,hypothetical,1,1.0,0.0,0.0,-3.8682784573171602,-4.125002020964757
ar_execmode_ingest|i2|o1|letters|c0,ar_execmode_ingest,AR,hypothetical,1,1.0,1.0,1.0,0.3438402116295265,0.6250008046595212
ar_execmode_ingest|i2|o1|letters|c1,ar_execmode_ingest,AR,hypothetical,1,1.0,0.0,0.0,-0.0336453281388458,-5.499996127105987
ar_execmode_ingest|i2|o1|numbers|c0,ar_execmode_ingest,AR,hypothetical,1,1.0,1.0,1.0,0.686729580163842,1.3750000447034836
ar_execmode_ingest|i2|o1|numbers|c1,ar_execmode_ingest,AR,hypothetical,1,0.0,1.0,0.0,0.49720025666056245,-4.874998467044918
ar_execmode_ingest|i3|o0|letters|c0,ar_execmode_ingest,AR,hypothetical,1,0.0,0.0,1.0,-4.038388696033508,0.4999972283903844
ar_execmode_ingest|i3|o0|letters|c1,ar_execmode_ingest,AR,hypothetical,1,1.0,0.0,0.0,-4.744061573873523,-4.12500018812716
ar_execmode_ingest|i3|o0|numbers|c0,ar_execmode_ingest,AR,hypothetical,1,0.0,0.0,1.0,-3.8913600253872573,0.8749979138412982
ar_execmode_ingest|i3|o0|numbers|c1,ar_execmode_ingest,AR,hypothetical,1,1.0,0.0,0.0,-4.233958151191359,-3.749999800697424
ar_execmode_ingest|i3|o1|letters|c0,ar_execmode_ingest,AR,hypothetical,1,1.0,0.0,0.0,-1.724110722541866,-1.7500026971008538
ar_execmode_ingest|i3|o1|letters|c1,ar_execmode_ingest,AR,hypothetical,1,1.0,0.0,0.0,-0.7852158100286033,-6.499997946903022
ar_execmode_ingest|i3|o1|numbers|c0,ar_execmode_ingest,AR,hypothetical,1,1.0,0.0,0.0,-1.6561714410782429,-0.8750030100266031
ar_execmode_ingest|i3|o1|numbers|c1,ar_execmode_ingest,AR,hypothetical,1,1.0,0.0,0.0,-1.0297003513733216,-5.249999177643247
ar_execmode_ingest|i4|o0|letters|c0,ar_execmode_ingest,AR,hypothetical,1,0.0,0.0,1.0,-4.624756520614028,0.624996423732
ar_execmode_ingest|i4|o0|letters|c1,ar_execmode_ingest,AR,hypothetical,1,1.0,0.0,0.0,-4.24751970148327,-4.874998756690729
ar_execmode_ingest|i4|o0|numbers|c0,ar_execmode_ingest,AR,hypothetical,1,0.0,0.0,1.0,-4.6265084807237145,0.9999970495780417
ar_execmode_ingest|i4|o0|numbers|c1,ar_execmode_ingest,AR,hypothetical,1,1.0,0.0,0.0,-4.248066950007001,-4.625000607220272
ar_execmode_ingest|i4|o1|letters|c0,ar_execmode_ingest,AR,hypothetical,1,1.0,0.0,0.0,-0.6882735788824448,-1.1250055431974033
ar_execmode_ingest|i4|o1|letters|c1,ar_execmode_ingest,AR,hypothetical,1,1.0,0.0,0.0,-1.0695999250165187,-6.249996247246486
ar_execmode_ingest|i4|o1|numbers|c0,ar_execmode_ingest,AR,hypothetical,1,1.0,1.0,1.0,0.0617280006408123,0.37499785424074616
ar_execmode_ingest|i4|o1|numbers|c1,ar_execmode_ingest,AR,hypothetical,1,1.0,0.0,0.0,-0.1298474630457349,-5.124998860063215
ar_execmode_migration|i0|o0|letters|c0,ar_execmode_migration,AR,hypothetical,1,0.0,0.0,1.0,-4.0475608127890155,1.124994009757188
ar_execmode_migration|i0|o0|letters|c1,ar_execmode_migration,AR,hypothetical,1,1.0,0.0,0.0,-4.62181554897586,-4.375000225380063
ar_execmode_migration|i0|o0|numbers|c0,ar_execmode_migration,AR,hypothetical,1,0.0,0.0,1.0,-4.035072605664027,1.4999961853136483
ar_execmode_migration|i0|o0|numbers|c1,ar_execmode_migration,AR,hypothetical,1,1.0,0.0,0.0,-4.747519641881638,-4.000000501050295
ar_execmode_migration|i0|o1|letters|c0,ar_execmode_migration,AR,hypothetical,1,1.0,1.0,1.0,0.5938394367693718,0.37499678136646253
ar_execmode_migration|i0|o1|letters|c1,ar_execmode_migration,AR,hypothetical,1,1.0,0.0,0.0,-0.40861503463747795,-5.249995888687636
ar_execmode_migration|i0|o1|numbers|c0,ar_execmode_migration,AR,hypothetical,1,1.0,1.0,1.0,1.218840926885548,0.8749981224598287
ar_execmode_migration|i0|o1|numbers|c1,ar_execmode_migration,AR,hypothetical,1,1.0,0.0,0.0,0.12196413846686482,-4.499998216519543
ar_execmode_migration|i1|o0|letters|c0,ar_execmode_migration,AR,hypothetical,1,0.0,0.0,1.0,-3.5217565955827013,0.9999970495766775
ar_execmode_migration|i1|o0|letters|c1,ar_execmode_migration,AR,hypothetical,1,1.0,0.0,0.0,-3.4940554443742258,-4.000002281730758
ar_execmode_migration|i1|o0|numbers|c0,ar_execmode_migration,AR,hypothetical,1,0.0,0.0,1.0,-3.453470829874277,1.4999982565665277
ar_execmode_migration|i1|o0|numbers|c1,ar_execmode_migration,AR,hypothetical,1,1.0,0.0,0.0,-3.497184342005994,-3.625001464035222
ar_execmode_migration|i1|o1|letters|c0,ar_execmode_migration,AR,hypothetical,1,1.0,1.0,1.0,0.9235702306031612,0.8749985694928455
ar_execmode_migration|i1|o1|letters|c1,ar_execmode_migration,AR,hypothetical,1,0.0,1.0,0.0,-0.023168835272372235,-4.499998724089949
ar_execmode_migration|i1|o1|numbers|c0,ar_execmode_migration,AR,hypothetical,1,1.0,1.0,1.0,1.1735731065273,0.8749991059321474
ar_execmode_migration|i1|o1|numbers|c1,ar_execmode_migration,AR,hypothetical,1,0.0,1.0,0.0,0.24670077476184815,-4.124999660998924
ar_execmode_migration|i2|o0|letters|c0,ar_execmode_migration,AR,hypothetical,1,0.0,0.0,1.0,-3.508958677353803,1.6249972283903844
ar_execmode_migration|i2|o0|letters|c1,ar_execmode_migration,AR,hypothetical,1,1.0,0.0,0.0,-3.6182742309753166,-4.250002626320338
ar_execmode_migration|i2|o0|numbers|c0,ar_execmode_migration,AR,hypothetical,1,0.0,0.0,1.0,-3.423415159311844,1.999998196962565
ar_execmode_migration|i2|o0|numbers|c1,ar_execmode_migration,AR,hypothetical,1,1.0,0.0,0.0,-3.7463898090645102,-4.0000014938385675
ar_execmode_migration|i2|o1|letters|c0,ar_execmode_migration,AR,hypothetical,1,1.0,1.0,1.0,0.6073127239942266,0.8749991655370195
ar_execmode_migration|i2|o1|letters|c1,ar_execmode_migration,AR,hypothetical,1,0.0,1.0,0.0,0.36526103393771336,-4.374998636545172
ar_execmode_migration|i2|o1|numbers|c0,ar_execmode_migration,AR,hypothetical,1,1.0,1.0,1.0,1.3871667385101247,1.3749995231636376
ar_execmode_migration|i2|o1|numbers|c1,ar_execmode_migration,AR,hypothetical,1,0.0,1.0,0.0,0.37436796345718903,-4.499999183230614
ar_execmode_migration|i3|o0|letters|c0,ar_execmode_migration,AR,hypothetical,1,0.0,0.0,1.0,-3.243446850217879,1.3749966174450492
ar_execmode_migration|i3|o0|letters|c1,ar_execmode_migration,AR,hypothetical,1,1.0,0.0,0.0,-4.118277424946314,-3.250000022351742
ar_execmode_migration|i3|o0|numbers|c0,ar_execmode_migration,AR,hypothetical,1,0.0,0.0,1.0,-3.0300526204518974,1.124997943643507
ar_execmode_migration|i3|o0|numbers|c1,ar_execmode_migration,AR,hypothetical,1,1.0,0.0,0.0,-3.865239453501971,-3.375001188364422
ar_execmode_migration|i3|o1|letters|c0,ar_execmode_migration,AR,hypothetical,1,0.0,1.0,0.0,0.11311557888978996,-0.12500321864069974
ar_execmode_migration|i3|o1|letters|c1,ar_execmode_migration,AR,hypothetical,1,0.0,1.0,0.0,-0.2378191575648998,-5.124998586254378
ar_execmode_migration|i3|o1|numbers|c0,ar_execmode_migration,AR,hypothetical,1,1.0,1.0,1.0,0.40091264247891445,0.6249974668087361
ar_execmode_migration|i3|o1|numbers|c1,ar_execmode_migration,AR,hypothetical,1,1.0,0.0,0.0,-0.012491310215409612,-4.249999489636025
ar_execmode_migration|i4|o0|letters|c0,ar_execmode_migration,AR,hypothetical,1,0.0,0.0,1.0,-3.8878417997621,1.1249967813577086
ar_execmode_migration|i4|o0|letters|c1,ar_execmode_migration,AR,hypothetical,1,1.0,0.0,0.0,-3.4953740937630755,-4.125000245868478
ar_execmode_migration|i4|o0|numbers|c0,ar_execmode_migration,AR,hypothetical,1,0.0,0.0,1.0,-3.9011463015922345,1.6249979883469905
ar_execmode_migration|i4|o0|numbers|c1,ar_execmode_migration,AR,hypothetical,1,1.0,0.0,0.0,-3.2471895162015585,-3.8750011157222843
ar_execmode_migration|i4|o1|letters|c0,ar_execmode_migration,AR,hypothetical,1,1.0,0.0,0.0,-0.47345426678660374,-1.0000019371457256
ar_execmode_migration|i4|o1|letters|c1,ar_execmode_migration,AR,hypothetical,1,1.0,0.0,0.0,-0.6482265053637093,-5.874998591842427
ar_execmode_migration|i4|o1|numbers|c0,ar_execmode_migration,AR,hypothetical,1,0.0,1.0,0.0,0.06173053383826499,-0.12500083446320787
ar_execmode_migration|i4|o1|numbers|c1,ar_execmode_migration,AR,hypothetical,1,1.0,0.0,0.0,-0.12691251994147024,-4.9999993732209305
ar_logformat_service|i0|o0|letters|c0,ar_logformat_service,AR,hypothetical,1,0.0,0.0,1.0,-5.383494943584083,1.3749972134892232
ar_logformat_service|i0|o0|letters|c1,ar_logformat_service,AR,hypothetical,1,1.0,0.0,0.0,-4.4913727492084945,-5.12500249174775
ar_logformat_service|i0|o0|numbers|c0,ar_logformat_service,AR,hypothetical,1,0.0,0.0,1.0,-4.895517951259535,1.3749990165248391
ar_logformat_service|i0|o0|numbers|c1,ar_logformat_service,AR,hypothetical,1,1.0,0.0,0.0,-4.117385779972949,-4.750001299193059
ar_logformat_service|i0|o1|letters|c0,ar_logformat_service,AR,hypothetical,1,1.0,1.0,1.0,0.8202240914101822,2.125002011646302
ar_logformat_service|i0|o1|letters|c1,ar_logformat_service,AR,hypothetical,1,0.0,1.0,0.0,2.3750024524051696,-4.624998022807745
ar_logformat_service|i0|o1|numbers|c0,ar_logformat_service,AR,hypothetical,1,1.0,1.0,1.0,1.1952370256183826,2.2500002756708
ar_logformat_service|i0|o1|numbers|c1,ar_logformat_service,AR,hypothetical,1,0.0,1.0,0.0,1.7513014424475841,-3.4999998845160007
ar_logformat_service|i1|o0|letters|c0,ar_logformat_service,AR,hypothetical,1,0.0,0.0,1.0,-4.783491385664092,2.374997064476588
ar_logformat_service|i1|o0|letters|c1,ar_logformat_service,AR,hypothetical,1,1.0,0.0,0.0,-4.368275610729711,-4.250001344827751
ar_logformat_service|i1|o0|numbers|c0,ar_logformat_service,AR,hypothetical,1,0.0,0.0,1.0,-4.2762188426131615,1.9999992102393094
ar_logformat_service|i1|o0|numbers|c1,ar_logformat_service,AR,hypothetical,1,1.0,0.0,0.0,-3.4889442445708596,-4.125000437721155
ar_logformat_service|i1|o1|letters|c0,ar_logformat_service,AR,hypothetical,1,1.0,1.0,1.0,0.7480492740864975,1.375002145760618
ar_logformat_service|i1|o1|letters|c1,ar_logformat_service,AR,hypothetical,1,0.0,1.0,0.0,1.6355840103933588,-5.2499977215231866
ar_logformat_service|i1|o1|numbers|c0,ar_logformat_service,AR,hypothetical,1,1.0,1.0,1.0,1.0897614210842903,1.7500003129234756
ar_logformat_service|i1|o1|numbers|c1,ar_logformat_service,AR,hypothetical,1,0.0,1.0,0.0,1.509556804143358,-3.9999991096564145
ar_logformat_service|i2|o0|letters|c0,ar_logformat_service,AR,hypothetical,1,0.0,0.0,1.0,-4.658391109522199,2.124996870762857
ar_logformat_service|i2|o0|letters|c1,ar_logformat_service,AR,hypothetical,1,1.0,0.0,0.0,-4.74590787431157,-4.625002396287982
ar_logformat_service|i2|o0|numbers|c0,ar_logformat_service,AR,hypothetical,1,0.0,0.0,1.0,-4.037981668836437,1.9999980479511237
ar_logformat_service|i2|o0|numbers|c1,ar_logformat_service,AR,hypothetical,1,1.0,0.0,0.0,-3.8639426073057166,-4.375001137143613
ar_logformat_service|i2|o1|letters|c0,ar_logformat_service,AR,hypothetical,1,1.0,1.0,1.0,0.5121515244238708,1.2500015497155346
ar_logformat_service|i2|o1|letters|c1,ar_logformat_service,AR,hypothetical,1,0.0,1.0,0.0,1.1332396753132343,-5.249998287766289
ar_logformat_service|i2|o1|numbers|c0,ar_logformat_service,AR,hypothetical,1,1.0,1.0,1.0,0.6073076277969562,1.5000008493641417
ar_logformat_service|i2|o1|numbers|c1,ar_logformat_service,AR,hypothetical,1,0.0,1.0,0.0,0.7540738672832958,-4.374999386259333
ar_logformat_service|i3|o0|letters|c0,ar_logformat_service,AR,hypothetical,1,0.0,0.0,1.0,-5.561898420135549,1.999998196961883
ar_logformat_service|i3|o0|letters|c1,ar_logformat_service,AR,hypothetical,1,1.0,0.0,0.0,-5.1173832332710845,-4.750001050530045
ar_logformat_service|i3|o0|numbers|c0,ar_logformat_service,AR,hypothetical,1,0.0,0.0,1.0,-4.725160788220819,1.7499989718210145
ar_logformat_service|i3|o0|numbers|c1,ar_logformat_service,AR,hypothetical,1,1.0,0.0,0.0,-4.106839688494745,-4.625001107341063
ar_logformat_service|i3|o1|letters|c0,ar_logformat_service,AR,hypothetical,1,1.0,1.0,1.0,1.7960823997852913,1.6249999701976776
ar_logformat_service|i3|o1|letters|c1,ar_logformat_service,AR,hypothetical,1,0.0,1.0,0.0,2.7673492486937903,-4.62499810103634
ar_logformat_service|i3|o1|numbers|c0,ar_logformat_service,AR,hypothetical,1,1.0,1.0,1.0,1.6371612325310139,2.2499999031424522
ar_logformat_service|i3|o1|numbers|c1,ar_logformat_service,AR,hypothetical,1,0.0,1.0,0.0,2.0262087834926206,-3.374999321998075
ar_logformat_service|i4|o0|letters|c0,ar_logformat_service,AR,hypothetical,1,0.0,0.0,1.0,-4.158510776760522,1.6249969303674447
ar_logformat_service|i4|o0|letters|c1,ar_logformat_service,AR,hypothetical,1,1.0,0.0,0.0,-3.6182730318964786,-4.375001949254624
ar_logformat_service|i4|o0|numbers|c0,ar_logformat_service,AR,hypothetical,1,0.0,0.0,1.0,-3.5485255032399436,1.4999986439961503
ar_logformat_service|i4|o0|numbers|c1,ar_logformat_service,AR,hypothetical,1,1.0,0.0,0.0,-2.7358273202551118,-4.250000523402377
ar_logformat_service|i4|o1|letters|c0,ar_logformat_service,AR,hypothetical,1,0.0,0.0,1.0,-0.25194907188540583,1.5000032037323763
ar_logformat_service|i4|o1|letters|c1,ar_logformat_service,AR,hypothetical,1,0.0,1.0,0.0,1.0085756203625351,-4.624997592536033
ar_logformat_service|i4|o1|numbers|c0,ar_logformat_service,AR,hypothetical,1,1.0,1.0,1.0,-0.17975868284725038,2.000000968572067
ar_logformat_service|i4|o1|numbers|c1,ar_logformat_service,AR,hypothetical,1,0.0,1.0,0.0,0.8823487751651555,-3.6250000782310963
ar_naming_config|i0|o0|letters|c0,ar_naming_config,AR,hypothetical,1,0.0,0.0,1.0,-4.749890906041401,1.6249958276919187
ar_naming_config|i0|o0|letters|c1,ar_naming_config,AR,hypothetical,1,1.0,0.0,0.0,-6.374975212738718,-4.625005617709348
ar_naming_config|i0|o0|numbers|c0,ar_naming_config,AR,hypothetical,1,0.0,0.0,1.0,-4.499936838087251,1.999997615820348
ar_naming_config|i0|o0|numbers|c1,ar_naming_config,AR,hypothetical,1,1.0,0.0,0.0,-6.2499709979013005,-4.250003181389388
ar_naming_config|i0|o1|letters|c0,ar_naming_config,AR,hypothetical,1,1.0,1.0,1.0,5.624874055952887,4.000011982291198
ar_naming_config|i0|o1|letters|c1,ar_naming_config,AR,hypothetical,1,0.0,1.0,0.0,3.249894088653946,-2.624994434444716
ar_naming_config|i0|o1|numbers|c0,ar_naming_config,AR,hypothetical,1,1.0,1.0,1.0,5.999888384474502,3.7500041443714736
ar_naming_config|i0|o1|numbers|c1,ar_naming_config,AR,hypothetical,1,0.0,1.0,0.0,2.999950030321088,-2.874997299172378
ar_naming_config|i1|o0|letters|c0,ar_naming_config,AR,hypothetical,1,0.0,0.0,1.0,-4.750042935938836,1.4999950081294173
ar_naming_config|i1|o0|letters|c1,ar_naming_config,AR,hypothetical,1,1.0,0.0,0.0,-6.37497105284956,-4.625003886392506
ar_naming_config|i1|o0|numbers|c0,ar_naming_config,AR,hypothetical,1,0.0,0.0,1.0,-4.499956442446091,1.7499978840393169
ar_naming_config|i1|o0|numbers|c1,ar_naming_config,AR,hypothetical,1,1.0,0.0,0.0,-5.999958134459803,-4.125002562993359
ar_naming_config|i1|o1|letters|c0,ar_naming_config,AR,hypothetical,1,1.0,1.0,1.0,5.249370207253321,3.7500070016451446
ar_naming_config|i1|o1|letters|c1,ar_naming_config,AR,hypothetical,1,0.0,1.0,0.0,2.999850159199923,-2.499996103360104
ar_naming_config|i1|o1|numbers|c0,ar_naming_config,AR,hypothetical,1,1.0,1.0,1.0,5.124370587291168,3.5000026822026484
ar_naming_config|i1|o1|numbers|c1,ar_naming_config,AR,hypothetical,1,0.0,1.0,0.0,2.749927903605567,-2.6249983161718546
ar_naming_config|i2|o0|letters|c0,ar_naming_config,AR,hypothetical,1,0.0,0.0,1.0,-5.8750063314200816,0.7499972283918623
ar_naming_config|i2|o0|letters|c1,ar_naming_config,AR,hypothetical,1,1.0,0.0,0.0,-6.624962442015544,-5.250004264508561
ar_naming_config|i2|o0|numbers|c0,ar_naming_config,AR,hypothetical,1,0.0,0.0,1.0,-5.3749792658159095,0.9999988377111322
ar_naming_config|i2|o0|numbers|c1,ar_naming_config,AR,hypothetical,1,1.0,0.0,0.0,-6.249901627001009,-4.875002169045501
ar_naming_config|i2|o1|letters|c0,ar_naming_config,AR,hypothetical,1,1.0,1.0,1.0,4.998669847147312,3.7500073592641456
ar_naming_config|i2|o1|letters|c1,ar_naming_config,AR,hypothetical,1,0.0,1.0,0.0,3.999881199057654,-1.7499964982400797
ar_naming_config|i2|o1|numbers|c0,ar_naming_config,AR,hypothetical,1,1.0,1.0,1.0,4.997191081289088,3.6250026542600153
ar_naming_config|i2|o1|numbers|c1,ar_naming_config,AR,hypothetical,1,0.0,1.0,0.0,3.374843844932002,-1.8749991655363374
ar_naming_config|i3|o0|letters|c0,ar_naming_config,AR,hypothetical,1,0.0,0.0,1.0,-5.624974475715135,0.8749963939296777
ar_naming_config|i3|o0|letters|c1,ar_naming_config,AR,hypothetical,1,1.0,0.0,0.0,-7.499987186375051,-5.125002532724238
ar_naming_config|i3|o0|numbers|c0,ar_naming_config,AR,hypothetical,1,0.0,0.0,1.0,-5.499983009655352,1.1249983310722769
ar_naming_config|i3|o0|numbers|c1,ar_naming_config,AR,hypothetical,1,1.0,0.0,0.0,-6.374970969481865,-4.750001654025482
ar_naming_config|i3|o1|letters|c0,ar_naming_config,AR,hypothetical,1,1.0,1.0,1.0,6.124818156575088,4.000004172308536
ar_naming_config|i3|o1|letters|c1,ar_naming_config,AR,hypothetical,1,0.0,1.0,0.0,3.874844021825538,-1.6249963492289226
ar_naming_config|i3|o1|numbers|c0,ar_naming_config,AR,hypothetical,1,1.0,1.0,1.0,5.6247018537250995,4.000002333888801
ar_naming_config|i3|o1|numbers|c1,ar_naming_config,AR,hypothetical,1,0.0,1.0,0.0,3.249943772224242,-1.6249985247872019
ar_naming_config|i4|o0|letters|c0,ar_naming_config,AR,hypothetical,1,0.0,0.0,1.0,-5.376119743399613,0.8749962449207942
ar_naming_config|i4|o0|letters|c1,ar_naming_config,AR,hypothetical,1,1.0,0.0,0.0,-6.874985117492997,-4.75000636742277
ar_naming_config|i4|o0|numbers|c0,ar_naming_config,AR,hypothetical,1,0.0,0.0,1.0,-5.375029752562114,0.9999985396892725
ar_naming_config|i4|o0|numbers|c1,ar_naming_config,AR,hypothetical,1,1.0,0.0,0.0,-6.374984810966112,-4.500004016783123
ar_naming_config|i4|o1|letters|c0,ar_naming_config,AR,hypothetical,1,1.0,1.0,1.0,4.373671209438953,3.500007819335906
ar_naming_config|i4|o1|letters|c1,ar_naming_config,AR,hypothetical,1,0.0,1.0,0.0,2.999764750493341,-2.4999956563290198
ar_naming_config|i4|o1|numbers|c0,ar_naming_config,AR,hypothetical,1,1.0,1.0,1.0,4.374444987450033,3.7500043064212605
ar_naming_config|i4|o1|numbers|c1,ar_naming_config,AR,hypothetical,1,0.0,1.0,0.0,3.2498689268813905,-2.3749986141947375
ar_naming_parser|i0|o0|letters|c0,ar_naming_parser,AR,hypothetical,1,0.0,0.0,1.0,-4.749937773378406,1.62499539555904
ar_naming_parser|i0|o0|letters|c1,ar_naming_parser,AR,hypothetical,1,1.0,0.0,0.0,-5.999977001513798,-4.875006745531891
ar_naming_parser|i0|o0|numbers|c0,ar_naming_parser,AR,hypothetical,1,0.0,0.0,1.0,-4.624979592236741,1.6249978989410465
ar_naming_parser|i0|o0|numbers|c1,ar_naming_parser,AR,hypothetical,1,1.0,0.0,0.0,-5.749958066956765,-4.3750031394780535
ar_naming_parser|i0|o1|letters|c0,ar_naming_parser,AR,hypothetical,1,1.0,1.0,1.0,4.999793287511807,3.875011876120425
ar_naming_parser|i0|o1|letters|c1,ar_naming_parser,AR,hypothetical,1,0.0,1.0,0.0,3.3748632918177464,-2.874994959704736
ar_naming_parser|i0|o1|numbers|c0,ar_naming_parser,AR,hypothetical,1,1.0,1.0,1.0,4.999735419347303,3.6250039338925717
ar_naming_parser|i0|o1|numbers|c1,ar_naming_parser,AR,hypothetical,1,0.0,1.0,0.0,3.249950313442014,-2.874998029325866
ar_naming_parser|i1|o0|letters|c0,ar_naming_parser,AR,hypothetical,1,0.0,0.0,1.0,-4.999910550461209,1.3749949932282561
ar_naming_parser|i1|o0|letters|c1,ar_naming_parser,AR,hypothetical,1,1.0,0.0,0.0,-6.124967069240938,-4.87500486893191
ar_naming_parser|i1|o0|numbers|c0,ar_naming_parser,AR,hypothetical,1,0.0,0.0,1.0,-4.74994463834355,1.7499975562145664
ar_naming_parser|i1|o0|numbers|c1,ar_naming_parser,AR,hypothetical,1,1.0,0.0,0.0,-5.62495294559244,-4.500003001644586
ar_naming_parser|i1|o1|letters|c0,ar_naming_parser,AR,hypothetical,1,1.0,1.0,1.0,5.499817937525108,3.8750079869739693
ar_naming_parser|i1|o1|letters|c1,ar_naming_parser,AR,hypothetical,1,0.0,1.0,0.0,3.1248951241896066,-2.7499941960265915
ar_naming_parser|i1|o1|numbers|c0,ar_naming_parser,AR,hypothetical,1,1.0,1.0,1.0,5.249566679296493,3.500004641693863
ar_naming_parser|i1|o1|numbers|c1,ar_naming_parser,AR,hypothetical,1,0.0,1.0,0.0,2.8749355062730046,-2.874997954820401
ar_naming_parser|i2|o0|letters|c0,ar_naming_parser,AR,hypothetical,1,0.0,0.0,1.0,-5.374953770847242,1.1249960363048785
ar_naming_parser|i2|o0|letters|c1,ar_naming_parser,AR,hypothetical,1,1.0,0.0,0.0,-5.999987441209669,-5.3750054803443845
ar_naming_parser|i2|o0|numbers|c0,ar_naming_parser,AR,hypothetical,1,0.0,0.0,1.0,-5.24996849680565,1.1249985694912539
ar_naming_parser|i2|o0|numbers|c1,ar_naming_parser,AR,hypothetical,1,1.0,0.0,0.0,-5.8749791965798295,-5.000003331330731
ar_naming_parser|i2|o1|letters|c0,ar_naming_parser,AR,hypothetical,1,1.0,1.0,1.0,4.624286620761097,3.8750066812706336
ar_naming_parser|i2|o1|letters|c1,ar_naming_parser,AR,hypothetical,1,0.0,1.0,0.0,3.3748793717290937,-2.6249944567913417
ar_naming_parser|i2|o1|numbers|c0,ar_naming_parser,AR,hypothetical,1,1.0,1.0,1.0,4.6239630886119585,4.000003855662044
ar_naming_parser|i2|o1|numbers|c1,ar_naming_parser,AR,hypothetical,1,0.0,1.0,0.0,2.8749268903227403,-2.7499982789192927
ar_naming_parser|i3|o0|letters|c0,ar_naming_parser,AR,hypothetical,1,0.0,0.0,1.0,-5.250175211298483,1.7499962002148095
ar_naming_parser|i3|o0|letters|c1,ar_naming_parser,AR,hypothetical,1,1.0,0.0,0.0,-7.499988015303984,-4.250003052866987
ar_naming_parser|i3|o0|numbers|c0,ar_naming_parser,AR,hypothetical,1,0.0,0.0,1.0,-5.249985811980878,1.6249981075557116
ar_naming_parser|i3|o0|numbers|c1,ar_naming_parser,AR,hypothetical,1,1.0,0.0,0.0,-5.999967447798326,-4.375002358103984
ar_naming_parser|i3|o1|letters|c0,ar_naming_parser,AR,hypothetical,1,1.0,1.0,1.0,5.874874701737895,3.250003859386993
ar_naming_parser|i3|o1|letters|c1,ar_naming_parser,AR,hypothetical,1,0.0,1.0,0.0,3.2498463779470512,-3.7499957904362873
ar_naming_parser|i3|o1|numbers|c0,ar_naming_parser,AR,hypothetical,1,1.0,1.0,1.0,4.87450937961691,3.3750027790589456
ar_naming_parser|i3|o1|numbers|c1,ar_naming_parser,AR,hypothetical,1,0.0,1.0,0.0,2.8749505853704704,-2.9999984204798693
ar_naming_parser|i4|o0|letters|c0,ar_naming_parser,AR,hypothetical,1,0.0,0.0,1.0,-4.249949166809529,1.4999968260627838
ar_naming_parser|i4|o0|letters|c1,ar_naming_parser,AR,hypothetical,1,1.0,0.0,0.0,-6.499966294882142,-4.375004545767979
ar_naming_parser|i4|o0|numbers|c0,ar_naming_parser,AR,hypothetical,1,0.0,0.0,1.0,-4.24998455513105,1.7499984651832392
ar_naming_parser|i4|o0|numbers|c1,ar_naming_parser,AR,hypothetical,1,1.0,0.0,0.0,-5.12496678123307,-4.37500258255227
ar_naming_parser|i4|o1|letters|c0,ar_naming_parser,AR,hypothetical,1,1.0,1.0,1.0,4.999661006964288,3.500006735287343
ar_naming_parser|i4|o1|letters|c1,ar_naming_parser,AR,hypothetical,1,0.0,1.0,0.0,2.749824607280061,-3.124995648878439
ar_naming_parser|i4|o1|numbers|c0,ar_naming_parser,AR,hypothetical,1,1.0,1.0,1.0,4.2496169898947755,3.50000331177489
ar_naming_parser|i4|o1|numbers|c1,ar_naming_parser,AR,hypothetical,1,0.0,1.0,0.0,2.6249567504344213,-2.9999991208329675
ar_naming_serializer|i0|o0|letters|c0,ar_naming_serializer,AR,hypothetical,1,0.0,0.0,1.0,-4.999879225679251,1.3749933690207854
ar_naming_serializer|i0|o0|letters|c1,ar_naming_serializer,AR,hypothetical,1,1.0,0.0,0.0,-6.124994747360688,-4.875007281033049
ar_naming_serializer|i0|o0|numbers|c0,ar_naming_serializer,AR,hypothetical,1,0.0,0.0,1.0,-4.7499644010222255,1.4999972879965071
ar_naming_serializer|i0|o0|numbers|c1,ar_naming_serializer,AR,hypothetical,1,1.0,0.0,0.0,-5.62498815365484,-4.625003715963317
ar_naming_serializer|i0|o1|letters|c0,ar_naming_serializer,AR,hypothetical,1,1.0,1.0,1.0,4.249961482204299,3.8750091995266303
ar_naming_serializer|i0|o1|letters|c1,ar_naming_serializer,AR,hypothetical,1,0.0,1.0,0.0,3.6245179333182023,-2.6249936372407774
ar_naming_serializer|i0|o1|numbers|c0,ar_naming_serializer,AR,hypothetical,1,1.0,1.0,1.0,4.124911440761821,3.750004220736855
ar_naming_serializer|i0|o1|numbers|c1,ar_naming_serializer,AR,hypothetical,1,0.0,1.0,0.0,3.499907045681539,-2.7499969229199905
ar_naming_serializer|i1|o0|letters|c0,ar_naming_serializer,AR,hypothetical,1,0.0,0.0,1.0,-5.249993779474607,0.8749971389851225
ar_naming_serializer|i1|o0|letters|c1,ar_naming_serializer,AR,hypothetical,1,1.0,0.0,0.0,-6.62499557472222,-5.125003574868742
ar_naming_serializer|i1|o0|numbers|c0,ar_naming_serializer,AR,hypothetical,1,0.0,0.0,1.0,-4.62498283503237,1.4999981671602427
ar_naming_serializer|i1|o0|numbers|c1,ar_naming_serializer,AR,hypothetical,1,1.0,0.0,0.0,-5.749989515933976,-4.875001656819791
ar_naming_serializer|i1|o1|letters|c0,ar_naming_serializer,AR,hypothetical,1,1.0,1.0,1.0,5.124976232012898,4.000006316193094
ar_naming_serializer|i1|o1|letters|c1,ar_naming_serializer,AR,hypothetical,1,0.0,1.0,0.0,3.624883400577346,-2.2499972954485656
ar_naming_serializer|i1|o1|numbers|c0,ar_naming_serializer,AR,hypothetical,1,1.0,1.0,1.0,4.624922661343476,4.0000026523990755
ar_naming_serializer|i1|o1|numbers|c1,ar_naming_serializer,AR,hypothetical,1,0.0,1.0,0.0,3.124943984565107,-2.374998502436142
ar_naming_serializer|i2|o0|letters|c0,ar_naming_serializer,AR,hypothetical,1,0.0,0.0,1.0,-6.000456201967609,0.7499982416671855
ar_naming_serializer|i2|o0|letters|c1,ar_naming_serializer,AR,hypothetical,1,1.0,0.0,0.0,-6.499968898680891,-5.125003206067618
ar_naming_serializer|i2|o0|numbers|c0,ar_naming_serializer,AR,hypothetical,1,0.0,0.0,1.0,-5.875020031155145,1.124999135734015
ar_naming_serializer|i2|o0|numbers|c1,ar_naming_serializer,AR,hypothetical,1,1.0,0.0,0.0,-5.999985769272371,-4.875001756470738
ar_naming_serializer|i2|o1|letters|c0,ar_naming_serializer,AR,hypothetical,1,1.0,1.0,1.0,3.8747026434277814,3.750006830281791
ar_naming_serializer|i2|o1|letters|c1,ar_naming_serializer,AR,hypothetical,1,0.0,1.0,0.0,3.8748708871899,-2.4999969378211517
ar_naming_serializer|i2|o1|numbers|c0,ar_naming_serializer,AR,hypothetical,1,1.0,1.0,1.0,3.8749024227070095,3.8750028982677804
ar_naming_serializer|i2|o1|numbers|c1,ar_naming_serializer,AR,hypothetical,1,0.0,1.0,0.0,3.7499334915037252,-2.4999988749642625
ar_naming_serializer|i3|o0|letters|c0,ar_naming_serializer,AR,hypothetical,1,0.0,0.0,1.0,-6.250028392481909,0.8749967515569779
ar_naming_serializer|i3|o0|letters|c1,ar_naming_serializer,AR,hypothetical,1,1.0,0.0,0.0,-9.749998246992504,-5.125003073354378
ar_naming_serializer|i3|o0|numbers|c0,ar_naming_serializer,AR,hypothetical,1,0.0,0.0,1.0,-6.249977746898367,0.9999988377113596
ar_naming_serializer|i3|o0|numbers|c1,ar_naming_serializer,AR,hypothetical,1,1.0,0.0,0.0,-6.874995057603542,-4.500002063806392
ar_naming_serializer|i3|o1|letters|c0,ar_naming_serializer,AR,hypothetical,1,1.0,1.0,1.0,7.124993898812477,3.6250059269079884
ar_naming_serializer|i3|o1|letters|c1,ar_naming_serializer,AR,hypothetical,1,0.0,1.0,0.0,3.4995724336390595,-3.1249948740230593
ar_naming_serializer|i3|o1|numbers|c0,ar_naming_serializer,AR,hypothetical,1,1.0,1.0,1.0,5.124911141341698,3.750003296871796
ar_naming_serializer|i3|o1|numbers|c1,ar_naming_serializer,AR,hypothetical,1,0.0,1.0,0.0,3.499893384479037,-2.6249981150066333
ar_naming_serializer|i4|o0|letters|c0,ar_naming_serializer,AR,hypothetical,1,0.0,0.0,1.0,-4.999965590961438,1.3749961108135267
ar_naming_serializer|i4|o0|letters|c1,ar_naming_serializer,AR,hypothetical,1,1.0,0.0,0.0,-6.249962802553682,-4.750005422136496
ar_naming_serializer|i4|o0|numbers|c0,ar_naming_serializer,AR,hypothetical,1,0.0,0.0,1.0,-4.874991734591731,1.3749982118648632
ar_naming_serializer|i4|o0|numbers|c1,ar_naming_serializer,AR,hypothetical,1,1.0,0.0,0.0,-5.749923077411609,-4.750002835870873
ar_naming_serializer|i4|o1|letters|c0,ar_naming_serializer,AR,hypothetical,1,1.0,1.0,1.0,4.124793225055157,3.2500084861616187
ar_naming_serializer|i4|o1|letters|c1,ar_naming_serializer,AR,hypothetical,1,0.0,1.0,0.0,3.374743302506431,-3.2499965019680985
ar_naming_serializer|i4|o1|numbers|c0,ar_naming_serializer,AR,hypothetical,1,1.0,1.0,1.0,4.374368557066134,3.6250044349435484
ar_naming_serializer|i4|o1|numbers|c1,ar_naming_serializer,AR,hypothetical,1,0.0,1.0,0.0,3.1249177977151703,-2.749998673799496
ar_seed_benchmark|i0|o0|letters|c0,ar_seed_benchmark,AR,hypothetical,1,0.0,0.0,1.0,-2.121557305348688,1.7499964535343224
ar_seed_benchmark|i0|o0|letters|c1,ar_seed_benchmark,AR,hypothetical,1,1.0,0.0,0.0,-2.6152323381971883,-3.750007364860153
ar_seed_benchmark|i0|o0|numbers|c0,ar_seed_benchmark,AR,hypothetical,1,0.0,0.0,1.0,-2.9987208516140527,1.499994933623725
ar_seed_benchmark|i0|o0|numbers|c1,ar_seed_benchmark,AR,hypothetical,1,1.0,0.0,0.0,-2.3673867587930317,-3.5000049173647767
ar_seed_benchmark|i0|o1|letters|c0,ar_seed_benchmark,AR,hypothetical,1,1.0,1.0,1.0,2.2389456611125524,3.250004608162726
ar_seed_benchmark|i0|o1|letters|c1,ar_seed_benchmark,AR,hypothetical,1,0.0,1.0,0.0,1.3691159676345706,-2.3749969378193327
ar_seed_benchmark|i0|o1|numbers|c0,ar_seed_benchmark,AR,hypothetical,1,1.0,1.0,1.0,2.238945656456025,3.0000024326059247
ar_seed_benchmark|i0|o1|numbers|c1,ar_seed_benchmark,AR,hypothetical,1,0.0,1.0,0.0,1.9972114917745785,-1.874997481710011
ar_seed_benchmark|i1|o0|letters|c0,ar_seed_benchmark,AR,hypothetical,1,0.0,0.0,1.0,-3.1264388139825314,1.249996066107201
ar_seed_benchmark|i1|o0|letters|c1,ar_seed_benchmark,AR,hypothetical,1,1.0,0.0,0.0,-2.873286644229438,-4.00000625473308
ar_seed_benchmark|i1|o0|numbers|c0,ar_seed_benchmark,AR,hypothetical,1,0.0,0.0,1.0,-3.749682300054701,0.9999952018441718
ar_seed_benchmark|i1|o0|numbers|c1,ar_seed_benchmark,AR,hypothetical,1,1.0,0.0,0.0,-2.8743694404255393,-3.500004116428954
ar_seed_benchmark|i1|o1|letters|c0,ar_seed_benchmark,AR,hypothetical,1,1.0,1.0,1.0,3.1236678265267415,3.875003991631729
ar_seed_benchmark|i1|o1|letters|c1,ar_seed_benchmark,AR,hypothetical,1,0.0,1.0,0.0,2.496962837933097,-1.8749976009200964
ar_seed_benchmark|i1|o1|numbers|c0,ar_seed_benchmark,AR,hypothetical,1,1.0,1.0,1.0,2.9994435890693865,3.2500016502983726
ar_seed_benchmark|i1|o1|numbers|c1,ar_seed_benchmark,AR,hypothetical,1,0.0,1.0,0.0,2.9981230109842727,-1.4999977201281354
ar_seed_benchmark|i2|o0|letters|c0,ar_seed_benchmark,AR,hypothetical,1,0.0,0.0,1.0,-2.9964371825735725,1.749996066107201
ar_seed_benchmark|i2|o0|letters|c1,ar_seed_benchmark,AR,hypothetical,1,1.0,0.0,0.0,-2.8663700586183722,-3.750004691985282
ar_seed_benchmark|i2|o0|numbers|c0,ar_seed_benchmark,AR,hypothetical,1,0.0,0.0,1.0,-3.8730833747213183,1.249994933623725
ar_seed_benchmark|i2|o0|numbers|c1,ar_seed_benchmark,AR,hypothetical,1,1.0,0.0,0.0,-2.619757834821911,-3.3750030584533306
ar_seed_benchmark|i2|o1|letters|c0,ar_seed_benchmark,AR,hypothetical,1,1.0,1.0,1.0,2.6173832667991235,3.500004529935154
ar_seed_benchmark|i2|o1|letters|c1,ar_seed_benchmark,AR,hypothetical,1,0.0,1.0,0.0,2.242407468966121,-2.6249973848536
ar_seed_benchmark|i2|o1|numbers|c0,ar_seed_benchmark,AR,hypothetical,1,1.0,1.0,1.0,2.7432781318202544,3.000002894540785
ar_seed_benchmark|i2|o1|numbers|c1,ar_seed_benchmark,AR,hypothetical,1,0.0,1.0,0.0,2.995927968968317,-2.1249968111595763
ar_seed_benchmark|i3|o0|letters|c0,ar_seed_benchmark,AR,hypothetical,1,0.0,0.0,1.0,-1.9984185541979969,1.3749966323479157
ar_seed_benchmark|i3|o0|letters|c1,ar_seed_benchmark,AR,hypothetical,1,1.0,0.0,0.0,-3.241376043297322,-3.8750028554195524
ar_seed_benchmark|i3|o0|numbers|c0,ar_seed_benchmark,AR,hypothetical,1,0.0,0.0,1.0,-2.623847328422926,1.374994516395759
ar_seed_benchmark|i3|o0|numbers|c1,ar_seed_benchmark,AR,hypothetical,1,1.0,0.0,0.0,-2.7389464974403097,-3.375002525734544
ar_seed_benchmark|i3|o1|letters|c0,ar_seed_benchmark,AR,hypothetical,1,1.0,1.0,1.0,3.2413796884939003,4.000002078703346
ar_seed_benchmark|i3|o1|letters|c1,ar_seed_benchmark,AR,hypothetical,1,0.0,1.0,0.0,1.3704382703726878,-1.6249985545904337
ar_seed_benchmark|i3|o1|numbers|c0,ar_seed_benchmark,AR,hypothetical,1,1.0,1.0,1.0,2.988947751931839,3.374999843538262
ar_seed_benchmark|i3|o1|numbers|c1,ar_seed_benchmark,AR,hypothetical,1,0.0,1.0,0.0,2.1228217619664065,-1.499997764831619
ar_seed_benchmark|i4|o0|letters|c0,ar_seed_benchmark,AR,hypothetical,1,0.0,0.0,1.0,-2.2475820697145537,1.8749937713442932
ar_seed_benchmark|i4|o0|letters|c1,ar_seed_benchmark,AR,hypothetical,1,1.0,0.0,0.0,-2.1221880859228577,-4.000008683602005
ar_seed_benchmark|i4|o0|numbers|c0,ar_seed_benchmark,AR,hypothetical,1,0.0,0.0,1.0,-3.1243053701982717,1.3749925643593315
ar_seed_benchmark|i4|o0|numbers|c1,ar_seed_benchmark,AR,hypothetical,1,1.0,0.0,0.0,-1.7475205138325407,-3.625005999550922
ar_seed_benchmark|i4|o1|letters|c0,ar_seed_benchmark,AR,hypothetical,1,1.0,1.0,1.0,1.9978110778611082,3.3750056624126046
ar_seed_benchmark|i4|o1|letters|c1,ar_seed_benchmark,AR,hypothetical,1,0.0,1.0,0.0,1.3704003191105585,-2.4999952390968474
ar_seed_benchmark|i4|o1|numbers|c0,ar_seed_benchmark,AR,hypothetical,1,1.0,1.0,1.0,1.872192364418872,3.1250046938441756
ar_seed_benchmark|i4|o1|numbers|c1,ar_seed_benchmark,AR,hypothetical,1,0.0,1.0,0.0,1.998680726600469,-2.1249956190729336
ar_taskorder_setup|i0|o0|letters|c0,ar_taskorder_setup,AR,hypothetical,1,0.0,0.0,1.0,-3.12350863852771,1.3749980032603162
ar_taskorder_setup|i0|o0|letters|c1,ar_taskorder_setup,AR,hypothetical,1,1.0,0.0,0.0,-2.8663767175689827,-5.125003262403425
ar_taskorder_setup|i0|o0|numbers|c0,ar_taskorder_setup,AR,hypothetical,1,0.0,0.0,1.0,-3.124689933478294,1.2499991953427525
ar_taskorder_setup|i0|o0|numbers|c1,ar_taskorder_setup,AR,hypothetical,1,1.0,0.0,0.0,-2.7475082587857287,-5.000000731085038
ar_taskorder_setup|i0|o1|letters|c0,ar_taskorder_setup,AR,hypothetical,1,0.0,0.0,1.0,-0.6561963558231128,1.1249999701976776
ar_taskorder_setup|i0|o1|letters|c1,ar_taskorder_setup,AR,hypothetical,1,1.0,0.0,0.0,-1.413003311423381,-4.249998819089797
ar_taskorder_setup|i0|o1|numbers|c0,ar_taskorder_setup,AR,hypothetical,1,0.0,0.0,1.0,-0.6007893756066096,1.74999926984583
ar_taskorder_setup|i0|o1|numbers|c1,ar_taskorder_setup,AR,hypothetical,1,1.0,0.0,0.0,-0.7567110476247763,-3.4999988749668773
ar_taskorder_setup|i1|o0|letters|c0,ar_taskorder_setup,AR,hypothetical,1,0.0,0.0,1.0,-2.8663967260099525,1.499995902225237
ar_taskorder_setup|i1|o0|letters|c1,ar_taskorder_setup,AR,hypothetical,1,1.0,0.0,0.0,-2.4874770743654153,-4.125003725268016
ar_taskorder_setup|i1|o0|numbers|c0,ar_taskorder_setup,AR,hypothetical,1,0.0,0.0,1.0,-2.9968254437990254,0.6249972582072587
ar_taskorder_setup|i1|o0|numbers|c1,ar_taskorder_setup,AR,hypothetical,1,1.0,0.0,0.0,-2.869065214410284,-4.250000232830189
ar_taskorder_setup|i1|o1|letters|c0,ar_taskorder_setup,AR,hypothetical,1,1.0,0.0,0.0,-0.9754333794276135,2.5033696147147566e-06
ar_taskorder_setup|i1|o1|letters|c1,ar_taskorder_setup,AR,hypothetical,1,1.0,0.0,0.0,-0.14266790456076706,-4.499997861699285
ar_taskorder_setup|i1|o1|numbers|c0,ar_taskorder_setup,AR,hypothetical,1,1.0,1.0,1.0,0.2621621713008153,1.2499970495887283
ar_taskorder_setup|i1|o1|numbers|c1,ar_taskorder_setup,AR,hypothetical,1,0.0,1.0,0.0,0.08696165679430123,-2.999998871241587
ar_taskorder_setup|i2|o0|letters|c0,ar_taskorder_setup,AR,hypothetical,1,0.0,0.0,1.0,-3.2500034323893487,2.874998562057044
ar_taskorder_setup|i2|o0|letters|c1,ar_taskorder_setup,AR,hypothetical,1,1.0,0.0,0.0,-2.612487141033853,-4.125002171828328
ar_taskorder_setup|i2|o0|numbers|c0,ar_taskorder_setup,AR,hypothetical,1,0.0,0.0,1.0,-3.249493871058803,2.3749989643774825
ar_taskorder_setup|i2|o0|numbers|c1,ar_taskorder_setup,AR,hypothetical,1,1.0,0.0,0.0,-2.8624862972624214,-4.125000419094249
ar_taskorder_setup|i2|o1|letters|c0,ar_taskorder_setup,AR,hypothetical,1,0.0,0.0,1.0,-0.6269378960196264,1.2500011324791558
ar_taskorder_setup|i2|o1|letters|c1,ar_taskorder_setup,AR,hypothetical,1,0.0,1.0,0.0,0.18097577075241134,-5.250000906170499
ar_taskorder_setup|i2|o1|numbers|c0,ar_taskorder_setup,AR,hypothetical,1,1.0,1.0,1.0,-0.03523965180261257,2.1249968782253745
ar_taskorder_setup|i2|o1|numbers|c1,ar_taskorder_setup,AR,hypothetical,1,0.0,1.0,0.0,0.3640937619493343,-4.375002030274118
ar_taskorder_setup|i3|o0|letters|c0,ar_taskorder_setup,AR,hypothetical,1,0.0,0.0,1.0,-3.1204962804549723,1.6249962598449201
ar_taskorder_setup|i3|o0|letters|c1,ar_taskorder_setup,AR,hypothetical,1,1.0,0.0,0.0,-3.945087863120534,-4.50000504399668
ar_taskorder_setup|i3|o0|numbers|c0,ar_taskorder_setup,AR,hypothetical,1,0.0,0.0,1.0,-2.7489729959934266,1.8749975264240675
ar_taskorder_setup|i3|o0|numbers|c1,ar_taskorder_setup,AR,hypothetical,1,1.0,0.0,0.0,-3.3486349135578166,-4.37500026169937
ar_taskorder_setup|i3|o1|letters|c0,ar_taskorder_setup,AR,hypothetical,1,1.0,0.0,0.0,-1.8491143584410565,-0.7499959767310429
ar_taskorder_setup|i3|o1|letters|c1,ar_taskorder_setup,AR,hypothetical,1,1.0,0.0,0.0,-1.9639345705854794,-5.624996913623363
ar_taskorder_setup|i3|o1|numbers|c0,ar_taskorder_setup,AR,hypothetical,1,0.0,0.0,1.0,-1.507955878978919,0.49999988079161994
ar_taskorder_setup|i3|o1|numbers|c1,ar_taskorder_setup,AR,hypothetical,1,1.0,0.0,0.0,-1.893147062519347,-4.624998945747393
ar_taskorder_setup|i4|o0|letters|c0,ar_taskorder_setup,AR,hypothetical,1,0.0,0.0,1.0,-3.3699507172277663,1.249994903856532
ar_taskorder_setup|i4|o0|letters|c1,ar_taskorder_setup,AR,hypothetical,1,1.0,0.0,0.0,-3.3639500206177217,-5.000002969966772
ar_taskorder_setup|i4|o0|numbers|c0,ar_taskorder_setup,AR,hypothetical,1,0.0,0.0,1.0,-3.2480884494234488,0.8749960363229548
ar_taskorder_setup|i4|o0|numbers|c1,ar_taskorder_setup,AR,hypothetical,1,1.0,0.0,0.0,-3.6152410143890847,-4.749999646099241
ar_taskorder_setup|i4|o1|letters|c0,ar_taskorder_setup,AR,hypothetical,1,1.0,0.0,0.0,-1.8490856885982794,-0.37500381463996746
ar_taskorder_setup|i4|o1|letters|c1,ar_taskorder_setup,AR,hypothetical,1,1.0,0.0,0.0,-1.5311440825907994,-5.499999074274456
ar_taskorder_setup|i4|o1|numbers|c0,ar_taskorder_setup,AR,hypothetical,1,0.0,0.0,1.0,-1.0231542587307558,1.1249956190958983
ar_taskorder_setup|i4|o1|numbers|c1,ar_taskorder_setup,AR,hypothetical,1,1.0,0.0,0.0,-1.3199340254141134,-3.874998819087523
ar_testfix_suite|i0|o0|letters|c0,ar_testfix_suite,AR,hypothetical,1,0.0,0.0,1.0,-3.283629749153988,2.124997213489223
ar_testfix_suite|i0|o0|letters|c1,ar_testfix_suite,AR,hypothetical,1,1.0,0.0,0.0,-3.619763494468998,-4.5000040251591145
ar_testfix_suite|i0|o0|numbers|c0,ar_testfix_suite,AR,hypothetical,1,0.0,0.0,1.0,-3.518149478363739,1.2499989569198533
ar_testfix_suite|i0|o0|numbers|c1,ar_testfix_suite,AR,hypothetical,1,1.0,0.0,0.0,-3.7423924049362256,-4.125000873578756
ar_testfix_suite|i0|o1|letters|c0,ar_testfix_suite,AR,hypothetical,1,1.0,1.0,1.0,0.07024288177433391,2.3750028386580198
ar_testfix_suite|i0|o1|letters|c1,ar_testfix_suite,AR,hypothetical,1,1.0,0.0,0.0,-0.372568576131016,-3.874998353424644
ar_testfix_suite|i0|o1|numbers|c0,ar_testfix_suite,AR,hypothetical,1,1.0,1.0,1.0,0.498060226440316,2.2500012963978406
ar_testfix_suite|i0|o1|numbers|c1,ar_testfix_suite,AR,hypothetical,1,1.0,0.0,0.0,0.12661848694551736,-2.8749992996459355
ar_testfix_suite|i1|o0|letters|c0,ar_testfix_suite,AR,hypothetical,1,0.0,0.0,1.0,-3.5262731933289615,1.9999983906769216
ar_testfix_suite|i1|o0|letters|c1,ar_testfix_suite,AR,hypothetical,1,1.0,0.0,0.0,-3.623069774475823,-4.250002959736662
ar_testfix_suite|i1|o0|numbers|c0,ar_testfix_suite,AR,hypothetical,1,0.0,0.0,1.0,-3.751698495952496,1.1249993443493622
ar_testfix_suite|i1|o0|numbers|c1,ar_testfix_suite,AR,hypothetical,1,1.0,0.0,0.0,-3.248673395835766,-4.12500108219524
ar_testfix_suite|i1|o1|letters|c0,ar_testfix_suite,AR,hypothetical,1,1.0,1.0,1.0,1.869763418100547,3.000002637497687
ar_testfix_suite|i1|o1|letters|c1,ar_testfix_suite,AR,hypothetical,1,0.0,1.0,0.0,2.6629601976746926,-2.49999815970898
ar_testfix_suite|i1|o1|numbers|c0,ar_testfix_suite,AR,hypothetical,1,1.0,1.0,1.0,1.9953760602510329,3.375000942496854
ar_testfix_suite|i1|o1|numbers|c1,ar_testfix_suite,AR,hypothetical,1,0.0,1.0,0.0,2.6336096003906277,-1.374998629094705
ar_testfix_suite|i2|o0|letters|c0,ar_testfix_suite,AR,hypothetical,1,0.0,0.0,1.0,-3.2502531249137974,1.8749982565670962
ar_testfix_suite|i2|o0|letters|c1,ar_testfix_suite,AR,hypothetical,1,1.0,0.0,0.0,-3.742390878032836,-3.875005312241001
ar_testfix_suite|i2|o0|numbers|c0,ar_testfix_suite,AR,hypothetical,1,0.0,0.0,1.0,-3.7500184455793715,0.9999993145473809
ar_testfix_suite|i2|o0|numbers|c1,ar_testfix_suite,AR,hypothetical,1,1.0,0.0,0.0,-3.738950599916251,-3.875001793722845
ar_testfix_suite|i2|o1|letters|c0,ar_testfix_suite,AR,hypothetical,1,1.0,1.0,1.0,-0.26189002394681893,1.6250043958214064
ar_testfix_suite|i2|o1|letters|c1,ar_testfix_suite,AR,hypothetical,1,1.0,0.0,0.0,-0.3754208110185573,-3.1249991059318063
ar_testfix_suite|i2|o1|numbers|c0,ar_testfix_suite,AR,hypothetical,1,1.0,1.0,1.0,0.5259069502353597,1.875001147386456
ar_testfix_suite|i2|o1|numbers|c1,ar_testfix_suite,AR,hypothetical,1,0.0,1.0,0.0,0.6249570263462374,-2.249999538064344
ar_testfix_suite|i3|o0|letters|c0,ar_testfix_suite,AR,hypothetical,1,0.0,0.0,1.0,-1.6679172365911654,1.7499994039540638
ar_testfix_suite|i3|o0|letters|c1,ar_testfix_suite,AR,hypothetical,1,1.0,0.0,0.0,-2.7495098423095783,-3.250001389530553
ar_testfix_suite|i3|o0|numbers|c0,ar_testfix_suite,AR,hypothetical,1,0.0,0.0,1.0,-1.8931390010684481,0.49999976158159143
ar_testfix_suite|i3|o0|numbers|c1,ar_testfix_suite,AR,hypothetical,1,1.0,0.0,0.0,-2.248828538926311,-3.8750003408636076
ar_testfix_suite|i3|o1|letters|c0,ar_testfix_suite,AR,hypothetical,1,1.0,1.0,1.0,0.7440674831157139,2.2500025629935863
ar_testfix_suite|i3|o1|letters|c1,ar_testfix_suite,AR,hypothetical,1,1.0,0.0,0.0,-0.8426789997611195,-2.8749989047660733
ar_testfix_suite|i3|o1|numbers|c0,ar_testfix_suite,AR,hypothetical,1,1.0,1.0,1.0,0.22943591512736816,2.8750004917371825
ar_testfix_suite|i3|o1|numbers|c1,ar_testfix_suite,AR,hypothetical,1,1.0,0.0,0.0,-0.3455088914488442,-1.749999210239082
ar_testfix_suite|i4|o0|letters|c0,ar_testfix_suite,AR,hypothetical,1,0.0,0.0,1.0,-1.0425133779353928,2.624998651446731
ar_testfix_suite|i4|o0|letters|c1,ar_testfix_suite,AR,hypothetical,1,1.0,0.0,0.0,-1.7069981023668959,-2.750002682202762
ar_testfix_suite|i4|o0|numbers|c0,ar_testfix_suite,AR,hypothetical,1,0.0,0.0,1.0,-1.6454854307994538,1.749999538064401
ar_testfix_suite|i4|o0|numbers|c1,ar_testfix_suite,AR,hypothetical,1,1.0,0.0,0.0,-2.076407257467501,-3.000000912694759
ar_testfix_suite|i4|o1|letters|c0,ar_testfix_suite,AR,hypothetical,1,1.0,1.0,1.0,0.048582881688389534,1.7500019520468868
ar_testfix_suite|i4|o1|letters|c1,ar_testfix_suite,AR,hypothetical,1,0.0,1.0,0.0,1.155842964304611,-3.1249984614569826
ar_testfix_suite|i4|o1|numbers|c0,ar_testfix_suite,AR,hypothetical,1,1.0,1.0,1.0,0.43670675158477934,2.000000566243102
ar_testfix_suite|i4|o1|numbers|c1,ar_testfix_suite,AR,hypothetical,1,0.0,1.0,0.0,1.6544565549993422,-2.124999135733276
ar_traversal_indexer|i0|o0|letters|c0,ar_traversal_indexer,AR,hypothetical,1,0.0,0.0,1.0,-3.1481440502684563,2.4999932200275907
ar_traversal_indexer|i0|o0|letters|c1,ar_traversal_indexer,AR,hypothetical,1,1.0,0.0,0.0,-2.370906042864817,-3.0000046453806135
ar_traversal_indexer|i0|o0|numbers|c0,ar_traversal_indexer,AR,hypothetical,1,0.0,0.0,1.0,-2.8803939926438034,2.624996803720478
ar_traversal_indexer|i0|o0|numbers|c1,ar_traversal_indexer,AR,hypothetical,1,1.0,0.0,0.0,-2.2471837366445016,-2.750001914783752
ar_traversal_indexer|i0|o1|letters|c0,ar_traversal_indexer,AR,hypothetical,1,1.0,1.0,1.0,2.365220589561204,2.8749970719572957
ar_traversal_indexer|i0|o1|letters|c1,ar_traversal_indexer,AR,hypothetical,1,0.0,1.0,0.0,3.2824427308514714,-2.2499880196223785
ar_traversal_indexer|i0|o1|numbers|c0,ar_traversal_indexer,AR,hypothetical,1,1.0,1.0,1.0,2.369750520212847,3.1249959059396133
ar_traversal_indexer|i0|o1|numbers|c1,ar_traversal_indexer,AR,hypothetical,1,0.0,1.0,0.0,2.7925263987854123,-2.249993227487721
ar_traversal_indexer|i1|o0|letters|c0,ar_traversal_indexer,AR,hypothetical,1,0.0,0.0,1.0,-2.2696651553269476,3.0000001043081284
ar_traversal_indexer|i1|o0|letters|c1,ar_traversal_indexer,AR,hypothetical,1,1.0,0.0,0.0,-2.9975116821003667,-3.0000023171105568
ar_traversal_indexer|i1|o0|numbers|c0,ar_traversal_indexer,AR,hypothetical,1,0.0,0.0,1.0,-2.2562952518928796,2.750000506637207
ar_traversal_indexer|i1|o0|numbers|c1,ar_traversal_indexer,AR,hypothetical,1,1.0,0.0,0.0,-2.7468097368251847,-2.624998934573796
ar_traversal_indexer|i1|o1|letters|c0,ar_traversal_indexer,AR,hypothetical,1,1.0,1.0,1.0,3.370904892216913,3.000000048428774
ar_traversal_indexer|i1|o1|letters|c1,ar_traversal_indexer,AR,hypothetical,1,0.0,1.0,0.0,2.551588500617072,-2.7499929741807136
ar_traversal_indexer|i1|o1|numbers|c0,ar_traversal_indexer,AR,hypothetical,1,1.0,1.0,1.0,3.2463854528028833,3.2499981448181643
ar_traversal_indexer|i1|o1|numbers|c1,ar_traversal_indexer,AR,hypothetical,1,0.0,1.0,0.0,2.318921244237572,-2.749998398136995
ar_traversal_indexer|i2|o0|letters|c0,ar_traversal_indexer,AR,hypothetical,1,0.0,0.0,1.0,-2.6300325461197644,3.2499968335228004
ar_traversal_indexer|i2|o0|letters|c1,ar_traversal_indexer,AR,hypothetical,1,1.0,0.0,0.0,-1.8709081239063607,-2.6250011771826394
ar_traversal_indexer|i2|o0|numbers|c0,ar_traversal_indexer,AR,hypothetical,1,0.0,0.0,1.0,-2.125012522446923,3.1249991729896465
ar_traversal_indexer|i2|o0|numbers|c1,ar_traversal_indexer,AR,hypothetical,1,1.0,0.0,0.0,-1.9940573237831813,-2.6250005140859685
ar_traversal_indexer|i2|o1|letters|c0,ar_traversal_indexer,AR,hypothetical,1,1.0,1.0,1.0,2.7440554238843333,3.3749987557657732
ar_traversal_indexer|i2|o1|letters|c1,ar_traversal_indexer,AR,hypothetical,1,0.0,1.0,0.0,3.3613431153353304,-2.3749880419741203
ar_traversal_indexer|i2|o1|numbers|c0,ar_traversal_indexer,AR,hypothetical,1,1.0,1.0,1.0,3.1190551724279203,3.374996509428911
ar_traversal_indexer|i2|o1|numbers|c1,ar_traversal_indexer,AR,hypothetical,1,0.0,1.0,0.0,2.642253704252653,-2.1249972582072587
ar_traversal_indexer|i3|o0|letters|c0,ar_traversal_indexer,AR,hypothetical,1,0.0,0.0,1.0,-3.4001423941226676,2.874994032120867
ar_traversal_indexer|i3|o0|letters|c1,ar_traversal_indexer,AR,hypothetical,1,1.0,0.0,0.0,-3.6239611476189566,-2.12499532107131
ar_traversal_indexer|i3|o0|numbers|c0,ar_traversal_indexer,AR,hypothetical,1,0.0,0.0,1.0,-3.51088324340526,1.9999971687909692
ar_traversal_indexer|i3|o0|numbers|c1,ar_traversal_indexer,AR,hypothetical,1,1.0,0.0,0.0,-3.3730597574026433,-1.9999943972047731
ar_traversal_indexer|i3|o1|letters|c0,ar_traversal_indexer,AR,hypothetical,1,1.0,1.0,1.0,4.372186115009981,2.9999940358525237
ar_traversal_indexer|i3|o1|letters|c1,ar_traversal_indexer,AR,hypothetical,1,0.0,1.0,0.0,3.7513906450476497,-1.999991327587395
ar_traversal_indexer|i3|o1|numbers|c0,ar_traversal_indexer,AR,hypothetical,1,1.0,1.0,1.0,3.995908678508272,3.124991733643583
ar_traversal_indexer|i3|o1|numbers|c1,ar_traversal_indexer,AR,hypothetical,1,0.0,1.0,0.0,3.600099157963996,-0.9999950230389913
ar_traversal_indexer|i4|o0|letters|c0,ar_traversal_indexer,AR,hypothetical,1,0.0,0.0,1.0,-2.9102621793281287,2.624992579280388
ar_traversal_indexer|i4|o0|letters|c1,ar_traversal_indexer,AR,hypothetical,1,1.0,0.0,0.0,-2.3721803629289298,-2.500003568793545
ar_traversal_indexer|i4|o0|numbers|c0,ar_traversal_indexer,AR,hypothetical,1,0.0,0.0,1.0,-2.625847938732477,2.624998480089289
ar_traversal_indexer|i4|o0|numbers|c1,ar_traversal_indexer,AR,hypothetical,1,1.0,0.0,0.0,-2.498486096154238,-2.500003814666343
ar_traversal_indexer|i4|o1|letters|c0,ar_traversal_indexer,AR,hypothetical,1,1.0,1.0,1.0,2.866367334497454,2.749999985100658
ar_traversal_indexer|i4|o1|letters|c1,ar_traversal_indexer,AR,hypothetical,1,0.0,1.0,0.0,3.302291504573077,-1.9999873341730563
ar_traversal_indexer|i4|o1|numbers|c0,ar_traversal_indexer,AR,hypothetical,1,1.0,1.0,1.0,2.9963879357079577,2.7499977871943884
ar_traversal_indexer|i4|o1|numbers|c1,ar_traversal_indexer,AR,hypothetical,1,0.0,1.0,0.0,2.9009347410465125,-1.999996840980657
pc_quality_config|i0|o0|letters|c0,pc_quality_config,PC,hypothetical,1,1.0,0.0,0.0,-4.04223684646422,-0.1250014305055629
pc_quality_config|i0|o0|letters|c1,pc_quality_config,PC,hypothetical,1,1.0,0.0,0.0,-5.749823426444209,-7.124999215365733
pc_quality_config|i0|o0|numbers|c0,pc_quality_config,PC,hypothetical,1,1.0,0.0,0.0,-3.887198291486129,-0.1250017881311578
pc_quality_config|i0|o0|numbers|c1,pc_quality_config,PC,hypothetical,1,1.0,0.0,0.0,-6.124783350370308,-6.749998133871941
pc_quality_config|i0|o1|letters|c0,pc_quality_config,PC,hypothetical,1,1.0,0.0,0.0,-12.75411860411998,-10.125025291162046
pc_quality_config|i0|o1|letters|c1,pc_quality_config,PC,hypothetical,1,1.0,0.0,0.0,-18.125120776221593,-15.874999170006049
pc_quality_config|i0|o1|numbers|c0,pc_quality_config,PC,hypothetical,1,1.0,0.0,0.0,-12.003629400627744,-6.62501723523485
pc_quality_config|i0|o1|numbers|c1,pc_quality_config,PC,hypothetical,1,1.0,0.0,0.0,-16.25408017924724,-12.000000135708888
pc_quality_config|i1|o0|letters|c0,pc_quality_config,PC,hypothetical,1,1.0,0.0,0.0,-4.387309481986449,-1.2500014305071545
pc_quality_config|i1|o0|letters|c1,pc_quality_config,PC,hypothetical,1,1.0,0.0,0.0,-6.99997489202201,-7.249998754828084
pc_quality_config|i1|o0|numbers|c0,pc_quality_config,PC,hypothetical,1,1.0,0.0,0.0,-4.376848688676546,-1.1250015199145764
pc_quality_config|i1|o0|numbers|c1,pc_quality_config,PC,hypothetical,1,1.0,0.0,0.0,-7.249969520576315,-7.124997863322278
pc_quality_config|i1|o1|letters|c0,pc_quality_config,PC,hypothetical,1,1.0,0.0,0.0,-16.25024589395622,-11.437538869236164
pc_quality_config|i1|o1|letters|c1,pc_quality_config,PC,hypothetical,1,1.0,0.0,0.0,-21.312511092085742,-16.375004174884907
pc_quality_config|i1|o1|numbers|c0,pc_quality_config,PC,hypothetical,1,1.0,0.0,0.0,-15.375240271096146,-8.1250246165622
pc_quality_config|i1|o1|numbers|c1,pc_quality_config,PC,hypothetical,1,1.0,0.0,0.0,-19.25038027936489,-12.125000730066176
pc_quality_config|i2|o0|letters|c0,pc_quality_config,PC,hypothetical,1,1.0,0.0,0.0,-3.7544419284240576,-1.3750021010557703
pc_quality_config|i2|o0|letters|c1,pc_quality_config,PC,hypothetical,1,1.0,0.0,0.0,-5.749963653798204,-6.874999513153853
pc_quality_config|i2|o0|numbers|c0,pc_quality_config,PC,hypothetical,1,1.0,0.0,0.0,-3.625096751959063,-1.0000025331898996
pc_quality_config|i2|o0|numbers|c1,pc_quality_config,PC,hypothetical,1,1.0,0.0,0.0,-5.999940483195132,-6.74999880733003
pc_quality_config|i2|o1|letters|c0,pc_quality_config,PC,hypothetical,1,1.0,0.0,0.0,-13.002215525135512,-10.75002659283632
pc_quality_config|i2|o1|letters|c1,pc_quality_config,PC,hypothetical,1,1.0,0.0,0.0,-17.312837017048423,-15.375003105399628
pc_quality_config|i2|o1|numbers|c0,pc_quality_config,PC,hypothetical,1,1.0,0.0,0.0,-12.127495072083576,-8.50001940701668
pc_quality_config|i2|o1|numbers|c1,pc_quality_config,PC,hypothetical,1,1.0,0.0,0.0,-15.570110681650931,-11.500000503551291
pc_quality_config|i3|o0|letters|c0,pc_quality_config,PC,hypothetical,1,1.0,0.0,0.0,-3.4991336340317503,-0.8750022947717753
pc_quality_config|i3|o0|letters|c1,pc_quality_config,PC,hypothetical,1,1.0,0.0,0.0,-7.499971354521961,-6.874998393240048
pc_quality_config|i3|o0|numbers|c0,pc_quality_config,PC,hypothetical,1,1.0,0.0,0.0,-3.6245849559782073,-0.8750022649694529
pc_quality_config|i3|o0|numbers|c1,pc_quality_config,PC,hypothetical,1,1.0,0.0,0.0,-7.499925668227604,-6.749997516171106
pc_quality_config|i3|o1|letters|c0,pc_quality_config,PC,hypothetical,1,1.0,0.0,0.0,-15.375500487280085,-11.812520871303263
pc_quality_config|i3|o1|letters|c1,pc_quality_config,PC,hypothetical,1,1.0,0.0,0.0,-23.562501078175046,-16.500000482574706
pc_quality_config|i3|o1|numbers|c0,pc_quality_config,PC,hypothetical,1,1.0,0.0,0.0,-14.875343101331971,-9.250014591433342
pc_quality_config|i3|o1|numbers|c1,pc_quality_config,PC,hypothetical,1,1.0,0.0,0.0,-20.75020444554866,-11.5000000366133
pc_quality_config|i4|o0|letters|c0,pc_quality_config,PC,hypothetical,1,1.0,0.0,0.0,-4.783437669306295,-0.3750009536706784
pc_quality_config|i4|o0|letters|c1,pc_quality_config,PC,hypothetical,1,1.0,0.0,0.0,-6.499927694564121,-7.49999605028961
pc_quality_config|i4|o0|numbers|c0,pc_quality_config,PC,hypothetical,1,1.0,0.0,0.0,-4.260994565964211,-0.5000010728801954
pc_quality_config|i4|o0|numbers|c1,pc_quality_config,PC,hypothetical,1,1.0,0.0,0.0,-6.499911837510808,-7.1249960585523695
pc_quality_config|i4|o1|letters|c0,pc_quality_config,PC,hypothetical,1,1.0,0.0,0.0,-15.500277171260734,-12.250057939441263
pc_quality_config|i4|o1|letters|c1,pc_quality_config,PC,hypothetical,1,1.0,0.0,0.0,-18.062677275632723,-15.999999288665549
pc_quality_config|i4|o1|numbers|c0,pc_quality_config,PC,hypothetical,1,1.0,0.0,0.0,-14.7502429801971,-8.75001973925498
pc_quality_config|i4|o1|numbers|c1,pc_quality_config,PC,hypothetical,1,1.0,0.0,0.0,-16.31530464083471,-11.874999783718067
pc_quality_tests|i0|o0|letters|c0,pc_quality_tests,PC,hypothetical,1,0.0,0.0,1.0,-5.253581976683563,0.6249906421213609
pc_quality_tests|i0|o0|letters|c1,pc_quality_tests,PC,hypothetical,1,1.0,0.0,0.0,-5.874921412803587,-8.000005822314279
pc_quality_tests|i0|o0|numbers|c0,pc_quality_tests,PC,hypothetical,1,0.0,0.0,1.0,-5.001687895462965,0.9999946952053733
pc_quality_tests|i0|o0|numbers|c1,pc_quality_tests,PC,hypothetical,1,1.0,0.0,0.0,-5.24993954876112,-7.125002517824214
pc_quality_tests|i0|o1|letters|c0,pc_quality_tests,PC,hypothetical,1,1.0,0.0,0.0,-5.6882869573311154,-4.375004172295576
pc_quality_tests|i0|o1|letters|c1,pc_quality_tests,PC,hypothetical,1,1.0,0.0,0.0,-5.126934852462455,-13.999990256130559
pc_quality_tests|i0|o1|numbers|c0,pc_quality_tests,PC,hypothetical,1,1.0,0.0,0.0,-4.511885073035984,-1.7499999105932602
pc_quality_tests|i0|o1|numbers|c1,pc_quality_tests,PC,hypothetical,1,1.0,0.0,0.0,-3.9061520099667177,-10.624994481937279
pc_quality_tests|i1|o0|letters|c0,pc_quality_tests,PC,hypothetical,1,0.0,0.0,1.0,-6.625279636578853,-6.914108325872803e-06
pc_quality_tests|i1|o0|letters|c1,pc_quality_tests,PC,hypothetical,1,1.0,0.0,0.0,-6.999993914064021,-7.750002335926524
pc_quality_tests|i1|o0|numbers|c0,pc_quality_tests,PC,hypothetical,1,0.0,0.0,1.0,-6.3750291201868095,0.24999511243396455
pc_quality_tests|i1|o0|numbers|c1,pc_quality_tests,PC,hypothetical,1,1.0,0.0,0.0,-6.249995198116551,-7.000000909319283
pc_quality_tests|i1|o1|letters|c0,pc_quality_tests,PC,hypothetical,1,1.0,0.0,0.0,-5.318171286024324,-4.5000029951197575
pc_quality_tests|i1|o1|letters|c1,pc_quality_tests,PC,hypothetical,1,1.0,0.0,0.0,-6.929885678001483,-11.249994204932364
pc_quality_tests|i1|o1|numbers|c0,pc_quality_tests,PC,hypothetical,1,1.0,0.0,0.0,-3.5231355167925926,-1.6250002235169632
pc_quality_tests|i1|o1|numbers|c1,pc_quality_tests,PC,hypothetical,1,1.0,0.0,0.0,-4.075942059982026,-8.124996800917643
pc_quality_tests|i2|o0|letters|c0,pc_quality_tests,PC,hypothetical,1,1.0,0.0,0.0,-5.250000629103852,-0.7500060498421135
pc_quality_tests|i2|o0|letters|c1,pc_quality_tests,PC,hypothetical,1,1.0,0.0,0.0,-5.999974945666963,-8.250006058630902
pc_quality_tests|i2|o0|numbers|c0,pc_quality_tests,PC,hypothetical,1,1.0,0.0,0.0,-4.749998816294465,-0.25000262259811734
pc_quality_tests|i2|o0|numbers|c1,pc_quality_tests,PC,hypothetical,1,1.0,0.0,0.0,-5.62497264558607,-7.375003659621257
pc_quality_tests|i2|o1|letters|c0,pc_quality_tests,PC,hypothetical,1,1.0,0.0,0.0,-7.328911491669828,-6.500000038649887
pc_quality_tests|i2|o1|letters|c1,pc_quality_tests,PC,hypothetical,1,1.0,0.0,0.0,-5.349092663269857,-12.93749505615915
pc_quality_tests|i2|o1|numbers|c0,pc_quality_tests,PC,hypothetical,1,1.0,0.0,0.0,-5.576431913301377,-4.249997977171574
pc_quality_tests|i2|o1|numbers|c1,pc_quality_tests,PC,hypothetical,1,1.0,0.0,0.0,-4.876932517626301,-10.124996582114477
pc_quality_tests|i3|o0|letters|c0,pc_quality_tests,PC,hypothetical,1,0.0,0.0,1.0,-4.749824373477622,1.1249931156939965
pc_quality_tests|i3|o0|letters|c1,pc_quality_tests,PC,hypothetical,1,1.0,0.0,0.0,-6.6249955967176675,-6.87500348220658
pc_quality_tests|i3|o0|numbers|c0,pc_quality_tests,PC,hypothetical,1,0.0,0.0,1.0,-4.8749621825952545,0.374995470061549
pc_quality_tests|i3|o0|numbers|c1,pc_quality_tests,PC,hypothetical,1,1.0,0.0,0.0,-6.124993024185613,-6.375001134349077
pc_quality_tests|i3|o1|letters|c0,pc_quality_tests,PC,hypothetical,1,1.0,0.0,0.0,-5.011924975551722,-6.625002266131105
pc_quality_tests|i3|o1|letters|c1,pc_quality_tests,PC,hypothetical,1,1.0,0.0,0.0,-5.142679963268165,-12.187495125421492
pc_quality_tests|i3|o1|numbers|c0,pc_quality_tests,PC,hypothetical,1,1.0,0.0,0.0,-4.011892355978517,-3.8750021159582957
pc_quality_tests|i3|o1|numbers|c1,pc_quality_tests,PC,hypothetical,1,1.0,0.0,0.0,-2.7519319430009546,-9.749994845322249
pc_quality_tests|i4|o0|letters|c0,pc_quality_tests,PC,hypothetical,1,0.0,0.0,1.0,-5.624988983636285,0.7499883771778286
pc_quality_tests|i4|o0|letters|c1,pc_quality_tests,PC,hypothetical,1,1.0,0.0,0.0,-5.624979774221913,-7.750004742221677
pc_quality_tests|i4|o0|numbers|c0,pc_quality_tests,PC,hypothetical,1,0.0,0.0,1.0,-4.8749985853401085,0.9999929368801759
pc_quality_tests|i4|o0|numbers|c1,pc_quality_tests,PC,hypothetical,1,1.0,0.0,0.0,-4.999987675889287,-6.750001649486364
pc_quality_tests|i4|o1|letters|c0,pc_quality_tests,PC,hypothetical,1,1.0,0.0,0.0,-4.023158181458825,-4.125000098720193
pc_quality_tests|i4|o1|letters|c1,pc_quality_tests,PC,hypothetical,1,1.0,0.0,0.0,-3.632604338236888,-11.687491421462028
pc_quality_tests|i4|o1|numbers|c0,pc_quality_tests,PC,hypothetical,1,1.0,0.0,0.0,-2.4382775798440264,-1.7499993145476083
pc_quality_tests|i4|o1|numbers|c1,pc_quality_tests,PC,hypothetical,1,1.0,0.0,0.0,-2.7252075150631754,-9.124995175476556
pc_safety_cleanup|i0|o0|letters|c0,pc_safety_cleanup,PC,hypothetical,1,1.0,0.0,0.0,-4.626910250579385,-2.000003278248755
pc_safety_cleanup|i0|o0|letters|c1,pc_safety_cleanup,PC,hypothetical,1,1.0,0.0,0.0,-4.249949701697915,-7.625001604198928
pc_safety_cleanup|i0|o0|numbers|c0,pc_safety_cleanup,PC,hypothetical,1,1.0,0.0,0.0,-4.298587678084914,-1.7500021159615926
pc_safety_cleanup|i0|o0|numbers|c1,pc_safety_cleanup,PC,hypothetical,1,1.0,0.0,0.0,-3.999977209044573,-6.625000501516297
pc_safety_cleanup|i0|o1|letters|c0,pc_safety_cleanup,PC,hypothetical,1,1.0,0.0,0.0,-4.011969592422588,-3.6250053010539887
pc_safety_cleanup|i0|o1|letters|c1,pc_safety_cleanup,PC,hypothetical,1,1.0,0.0,0.0,-3.406160447757429,-12.687497157511416
pc_safety_cleanup|i0|o1|numbers|c0,pc_safety_cleanup,PC,hypothetical,1,1.0,0.0,0.0,-2.063338935375384,-1.8750056922081058
pc_safety_cleanup|i0|o1|numbers|c1,pc_safety_cleanup,PC,hypothetical,1,1.0,0.0,0.0,-2.828895889238538,-8.749997969433707
pc_safety_cleanup|i1|o0|letters|c0,pc_safety_cleanup,PC,hypothetical,1,1.0,0.0,0.0,-4.598419541685871,-2.875002972776258
pc_safety_cleanup|i1|o0|letters|c1,pc_safety_cleanup,PC,hypothetical,1,1.0,0.0,0.0,-4.874989554429703,-7.375001206642764
pc_safety_cleanup|i1|o0|numbers|c0,pc_safety_cleanup,PC,hypothetical,1,1.0,0.0,0.0,-4.475216224844189,-2.250001616774
pc_safety_cleanup|i1|o0|numbers|c1,pc_safety_cleanup,PC,hypothetical,1,1.0,0.0,0.0,-4.624997443547727,-7.0000002603039775
pc_safety_cleanup|i1|o1|letters|c0,pc_safety_cleanup,PC,hypothetical,1,1.0,0.0,0.0,-3.8260245546699707,-5.000006770667824
pc_safety_cleanup|i1|o1|letters|c1,pc_safety_cleanup,PC,hypothetical,1,1.0,0.0,0.0,-3.88688140549948,-11.624998017365556
pc_safety_cleanup|i1|o1|numbers|c0,pc_safety_cleanup,PC,hypothetical,1,1.0,0.0,0.0,-1.5019876807929222,-2.5000057518127505
pc_safety_cleanup|i1|o1|numbers|c1,pc_safety_cleanup,PC,hypothetical,1,1.0,0.0,0.0,-3.1002106145160724,-7.749998104879751
pc_safety_cleanup|i2|o0|letters|c0,pc_safety_cleanup,PC,hypothetical,1,1.0,0.0,0.0,-4.261814192999736,-2.1250032186441103
pc_safety_cleanup|i2|o0|letters|c1,pc_safety_cleanup,PC,hypothetical,1,1.0,0.0,0.0,-4.249891319832386,-6.8750010404021396
pc_safety_cleanup|i2|o0|numbers|c0,pc_safety_cleanup,PC,hypothetical,1,1.0,0.0,0.0,-4.100198580219512,-1.7500024884898835
pc_safety_cleanup|i2|o0|numbers|c1,pc_safety_cleanup,PC,hypothetical,1,1.0,0.0,0.0,-4.1248866537621325,-6.3750010803331065
pc_safety_cleanup|i2|o1|letters|c0,pc_safety_cleanup,PC,hypothetical,1,1.0,0.0,0.0,-5.62697163224243,-4.500003850998837
pc_safety_cleanup|i2|o1|letters|c1,pc_safety_cleanup,PC,hypothetical,1,1.0,0.0,0.0,-4.200953170666253,-11.687497177200157
pc_safety_cleanup|i2|o1|numbers|c0,pc_safety_cleanup,PC,hypothetical,1,1.0,0.0,0.0,-2.5076891928912914,-2.5000036284136513
pc_safety_cleanup|i2|o1|numbers|c1,pc_safety_cleanup,PC,hypothetical,1,1.0,0.0,0.0,-3.142681632202766,-8.12499756250395
pc_safety_cleanup|i3|o0|letters|c0,pc_safety_cleanup,PC,hypothetical,1,1.0,0.0,0.0,-4.517654499701166,-2.7500044628864657
pc_safety_cleanup|i3|o0|letters|c1,pc_safety_cleanup,PC,hypothetical,1,1.0,0.0,0.0,-5.7499662379163965,-7.50000139884412
pc_safety_cleanup|i3|o0|numbers|c0,pc_safety_cleanup,PC,hypothetical,1,1.0,0.0,0.0,-4.694945606429428,-2.5000024363358193
pc_safety_cleanup|i3|o0|numbers|c1,pc_safety_cleanup,PC,hypothetical,1,1.0,0.0,0.0,-5.499955442547616,-6.8750010486674
pc_safety_cleanup|i3|o1|letters|c0,pc_safety_cleanup,PC,hypothetical,1,1.0,0.0,0.0,-7.918033707886963,-5.62500839023437
pc_safety_cleanup|i3|o1|letters|c1,pc_safety_cleanup,PC,hypothetical,1,1.0,0.0,0.0,-5.148134817372011,-13.187497637155161
pc_safety_cleanup|i3|o1|numbers|c0,pc_safety_cleanup,PC,hypothetical,1,1.0,0.0,0.0,-5.376970220357208,-3.875012364129134
pc_safety_cleanup|i3|o1|numbers|c1,pc_safety_cleanup,PC,hypothetical,1,1.0,0.0,0.0,-4.076421616607604,-9.374995836830976
pc_safety_cleanup|i4|o0|letters|c0,pc_safety_cleanup,PC,hypothetical,1,1.0,0.0,0.0,-4.224050576969603,-2.0000038444910047
pc_safety_cleanup|i4|o0|letters|c1,pc_safety_cleanup,PC,hypothetical,1,1.0,0.0,0.0,-4.8749678365393265,-7.625001240984602
pc_safety_cleanup|i4|o0|numbers|c0,pc_safety_cleanup,PC,hypothetical,1,1.0,0.0,0.0,-4.017685320249711,-1.750001862642705
pc_safety_cleanup|i4|o0|numbers|c1,pc_safety_cleanup,PC,hypothetical,1,1.0,0.0,0.0,-4.374982661754302,-6.875000637023504
pc_safety_cleanup|i4|o1|letters|c0,pc_safety_cleanup,PC,hypothetical,1,1.0,0.0,0.0,-4.656216166913566,-4.125010518273939
pc_safety_cleanup|i4|o1|letters|c1,pc_safety_cleanup,PC,hypothetical,1,1.0,0.0,0.0,-3.7618814297165954,-11.999997290064812
pc_safety_cleanup|i4|o1|numbers|c0,pc_safety_cleanup,PC,hypothetical,1,1.0,0.0,0.0,-2.2241925746203037,-2.125007770895081
pc_safety_cleanup|i4|o1|numbers|c1,pc_safety_cleanup,PC,hypothetical,1,1.0,0.0,0.0,-2.975211955618306,-8.749997669546019
pc_safety_creds|i0|o0|letters|c0,pc_safety_creds,PC,hypothetical,1,1.0,0.0,0.0,-4.713815352748497,-0.2500021457576622
pc_safety_creds|i0|o0|letters|c1,pc_safety_creds,PC,hypothetical,1,1.0,0.0,0.0,-5.8748127400940575,-5.999996085670318
pc_safety_creds|i0|o0|numbers|c0,pc_safety_creds,PC,hypothetical,1,1.0,0.0,0.0,-4.64101341514106,-0.1250010728806501
pc_safety_creds|i0|o0|numbers|c1,pc_safety_creds,PC,hypothetical,1,1.0,0.0,0.0,-5.124945433055473,-6.2499984109390425
pc_safety_creds|i0|o1|letters|c0,pc_safety_creds,PC,hypothetical,1,1.0,0.0,0.0,-3.4514366984368507,-3.875009851463574
pc_safety_creds|i0|o1|letters|c1,pc_safety_creds,PC,hypothetical,1,1.0,0.0,0.0,-3.2576013654788767,-9.875002269854576
pc_safety_creds|i0|o1|numbers|c0,pc_safety_creds,PC,hypothetical,1,1.0,0.0,0.0,-4.237944647669821,-3.1250098868617897
pc_safety_creds|i0|o1|numbers|c1,pc_safety_creds,PC,hypothetical,1,1.0,0.0,0.0,-3.261877954011652,-9.875004001501793
pc_safety_creds|i1|o0|letters|c0,pc_safety_creds,PC,hypothetical,1,1.0,0.0,0.0,-4.8501025526056765,-1.4305064723885152e-06
pc_safety_creds|i1|o0|letters|c1,pc_safety_creds,PC,hypothetical,1,1.0,0.0,0.0,-5.2499838267758605,-5.874998914548087
pc_safety_creds|i1|o0|numbers|c0,pc_safety_creds,PC,hypothetical,1,1.0,0.0,0.0,-4.768121442670235,-5.960450835118536e-07
pc_safety_creds|i1|o0|numbers|c1,pc_safety_creds,PC,hypothetical,1,1.0,0.0,0.0,-4.874966880837746,-5.874997127813003
pc_safety_creds|i1|o1|letters|c0,pc_safety_creds,PC,hypothetical,1,1.0,0.0,0.0,-4.201443403959445,-3.6250092461175427
pc_safety_creds|i1|o1|letters|c1,pc_safety_creds,PC,hypothetical,1,1.0,0.0,0.0,-3.2240824401610553,-9.875000959492809
pc_safety_creds|i1|o1|numbers|c0,pc_safety_creds,PC,hypothetical,1,1.0,0.0,0.0,-4.252119906246691,-3.500009540417693
pc_safety_creds|i1|o1|numbers|c1,pc_safety_creds,PC,hypothetical,1,1.0,0.0,0.0,-2.975417852405826,-9.750001200239126
pc_safety_creds|i2|o0|letters|c0,pc_safety_creds,PC,hypothetical,1,1.0,0.0,0.0,-3.6268004439771175,-0.1250004768353392
pc_safety_creds|i2|o0|letters|c1,pc_safety_creds,PC,hypothetical,1,1.0,0.0,0.0,-5.374999654057319,-5.624994789742686
pc_safety_creds|i2|o0|numbers|c0,pc_safety_creds,PC,hypothetical,1,1.0,0.0,0.0,-3.7705486641207244,0.12499964237304084
pc_safety_creds|i2|o0|numbers|c1,pc_safety_creds,PC,hypothetical,1,1.0,0.0,0.0,-5.000072642331361,-5.62499644049808
pc_safety_creds|i2|o1|letters|c0,pc_safety_creds,PC,hypothetical,1,1.0,0.0,0.0,-3.6797764897347633,-5.250012031204392
pc_safety_creds|i2|o1|letters|c1,pc_safety_creds,PC,hypothetical,1,1.0,0.0,0.0,-3.773120302825191,-9.875003025388878
pc_safety_creds|i2|o1|numbers|c0,pc_safety_creds,PC,hypothetical,1,1.0,0.0,0.0,-4.225288853049307,-4.750011575333019
pc_safety_creds|i2|o1|numbers|c1,pc_safety_creds,PC,hypothetical,1,1.0,0.0,0.0,-3.7014183942319505,-9.625002255745699
pc_safety_creds|i3|o0|letters|c0,pc_safety_creds,PC,hypothetical,1,1.0,0.0,0.0,-4.987610600015614,-1.6689243693690514e-06
pc_safety_creds|i3|o0|letters|c1,pc_safety_creds,PC,hypothetical,1,1.0,0.0,0.0,-6.124978601368639,-5.499993188817825
pc_safety_creds|i3|o0|numbers|c0,pc_safety_creds,PC,hypothetical,1,1.0,0.0,0.0,-5.404728570410953,-0.37500131129877445
pc_safety_creds|i3|o0|numbers|c1,pc_safety_creds,PC,hypothetical,1,1.0,0.0,0.0,-5.874984726768162,-5.624996010234099
pc_safety_creds|i3|o1|letters|c0,pc_safety_creds,PC,hypothetical,1,1.0,0.0,0.0,-4.429777845740375,-4.75001391943681
pc_safety_creds|i3|o1|letters|c1,pc_safety_creds,PC,hypothetical,1,1.0,0.0,0.0,-3.05369513500591,-10.437501679516572
pc_safety_creds|i3|o1|numbers|c0,pc_safety_creds,PC,hypothetical,1,1.0,0.0,0.0,-4.589066728949575,-4.250017231170432
pc_safety_creds|i3|o1|numbers|c1,pc_safety_creds,PC,hypothetical,1,1.0,0.0,0.0,-2.4754183143541013,-10.000001680158562
pc_safety_creds|i4|o0|letters|c0,pc_safety_creds,PC,hypothetical,1,0.0,0.0,1.0,-4.179720918597013,0.12499785424233778
pc_safety_creds|i4|o0|letters|c1,pc_safety_creds,PC,hypothetical,1,1.0,0.0,0.0,-5.499803683733262,-5.499993491954456
pc_safety_creds|i4|o0|numbers|c0,pc_safety_creds,PC,hypothetical,1,0.0,0.0,1.0,-4.0263029597981586,-7.152536909416085e-07
pc_safety_creds|i4|o0|numbers|c1,pc_safety_creds,PC,hypothetical,1,1.0,0.0,0.0,-4.749831996068679,-5.6249948353731725
pc_safety_creds|i4|o1|letters|c0,pc_safety_creds,PC,hypothetical,1,1.0,0.0,0.0,-3.6797689944507397,-3.875015798813024
pc_safety_creds|i4|o1|letters|c1,pc_safety_creds,PC,hypothetical,1,1.0,0.0,0.0,-2.826384209878597,-9.875001690518957
pc_safety_creds|i4|o1|numbers|c0,pc_safety_creds,PC,hypothetical,1,1.0,0.0,0.0,-3.6428090780974003,-2.8750133662426833
pc_safety_creds|i4|o1|numbers|c1,pc_safety_creds,PC,hypothetical,1,1.0,0.0,0.0,-2.3048811219796335,-8.625001790287456
pc_social_ack|i0|o0|letters|c0,pc_social_ack,PC,hypothetical,1,1.0,0.0,0.0,-6.750013989254285,-0.12501013270912154
pc_social_ack|i0|o0|letters|c1,pc_social_ack,PC,hypothetical,1,1.0,0.0,0.0,-7.499999273395019,-6.750003897803822
pc_social_ack|i0|o0|numbers|c0,pc_social_ack,PC,hypothetical,1,0.0,0.0,1.0,-6.375006382789252,0.7499949336320242
pc_social_ack|i0|o0|numbers|c1,pc_social_ack,PC,hypothetical,1,1.0,0.0,0.0,-7.374998130257495,-6.625001934583679
pc_social_ack|i0|o1|letters|c0,pc_social_ack,PC,hypothetical,1,1.0,0.0,0.0,-5.132702409289806,-8.37500165727306
pc_social_ack|i0|o1|letters|c1,pc_social_ack,PC,hypothetical,1,1.0,0.0,0.0,-11.007453174330635,-12.562501447092927
pc_social_ack|i0|o1|numbers|c0,pc_social_ack,PC,hypothetical,1,1.0,0.0,0.0,-4.0985078103840635,-5.999999848660082
pc_social_ack|i0|o1|numbers|c1,pc_social_ack,PC,hypothetical,1,1.0,0.0,0.0,-8.475215177488735,-10.499999694438884
pc_social_ack|i1|o0|letters|c0,pc_social_ack,PC,hypothetical,1,0.0,0.0,1.0,-6.875014454194115,0.49999320511597034
pc_social_ack|i1|o0|letters|c1,pc_social_ack,PC,hypothetical,1,1.0,0.0,0.0,-8.499999454596036,-6.750005766027471
pc_social_ack|i1|o0|numbers|c0,pc_social_ack,PC,hypothetical,1,0.0,0.0,1.0,-6.375014614194129,0.9999962747288009
pc_social_ack|i1|o0|numbers|c1,pc_social_ack,PC,hypothetical,1,1.0,0.0,0.0,-8.249999350694793,-6.5000027425023745
pc_social_ack|i1|o1|letters|c0,pc_social_ack,PC,hypothetical,1,1.0,0.0,0.0,-3.7812273576855944,-8.12500328835722
pc_social_ack|i1|o1|letters|c1,pc_social_ack,PC,hypothetical,1,1.0,0.0,0.0,-10.713956228690677,-12.62500383408451
pc_social_ack|i1|o1|numbers|c0,pc_social_ack,PC,hypothetical,1,1.0,0.0,0.0,-2.9369985237717913,-6.0000008107122085
pc_social_ack|i1|o1|numbers|c1,pc_social_ack,PC,hypothetical,1,1.0,0.0,0.0,-8.061974159558986,-11.062503498959359
pc_social_ack|i2|o0|letters|c0,pc_social_ack,PC,hypothetical,1,1.0,0.0,0.0,-6.2500081818443505,0.12498784075819458
pc_social_ack|i2|o0|letters|c1,pc_social_ack,PC,hypothetical,1,1.0,0.0,0.0,-8.12499948864729,-6.87500689443425
pc_social_ack|i2|o0|numbers|c0,pc_social_ack,PC,hypothetical,1,0.0,0.0,1.0,-5.50000608477194,0.7499963343334457
pc_social_ack|i2|o0|numbers|c1,pc_social_ack,PC,hypothetical,1,1.0,0.0,0.0,-7.87499868686632,-6.625002804202495
pc_social_ack|i2|o1|letters|c0,pc_social_ack,PC,hypothetical,1,1.0,0.0,0.0,-5.281216114759452,-8.37500295116024
pc_social_ack|i2|o1|letters|c1,pc_social_ack,PC,hypothetical,1,1.0,0.0,0.0,-11.766403468413273,-12.250002883767138
pc_social_ack|i2|o1|numbers|c0,pc_social_ack,PC,hypothetical,1,1.0,0.0,0.0,-4.273176494985847,-5.875001628874088
pc_social_ack|i2|o1|numbers|c1,pc_social_ack,PC,hypothetical,1,1.0,0.0,0.0,-9.179888948682105,-10.5625017118482
pc_social_ack|i3|o0|letters|c0,pc_social_ack,PC,hypothetical,1,1.0,0.0,0.0,-6.625012782064232,-0.2500071525189469
pc_social_ack|i3|o0|letters|c1,pc_social_ack,PC,hypothetical,1,1.0,0.0,0.0,-8.624999682826683,-6.375003636102747
pc_social_ack|i3|o0|numbers|c0,pc_social_ack,PC,hypothetical,1,0.0,0.0,1.0,-6.500003172542733,0.499995350859308
pc_social_ack|i3|o0|numbers|c1,pc_social_ack,PC,hypothetical,1,1.0,0.0,0.0,-8.374999099848765,-6.500000389524075
pc_social_ack|i3|o1|letters|c0,pc_social_ack,PC,hypothetical,1,1.0,0.0,0.0,-4.053763622418053,-8.125002271014637
pc_social_ack|i3|o1|letters|c1,pc_social_ack,PC,hypothetical,1,1.0,0.0,0.0,-8.636888326844428,-12.000000979077413
pc_social_ack|i3|o1|numbers|c0,pc_social_ack,PC,hypothetical,1,1.0,0.0,0.0,-3.350456591695554,-6.250000814204213
pc_social_ack|i3|o1|numbers|c1,pc_social_ack,PC,hypothetical,1,1.0,0.0,0.0,-7.779754718241975,-10.625000521044512
pc_social_ack|i4|o0|letters|c0,pc_social_ack,PC,hypothetical,1,0.0,0.0,1.0,-6.500006732959946,0.12498724471311107
pc_social_ack|i4|o0|letters|c1,pc_social_ack,PC,hypothetical,1,1.0,0.0,0.0,-8.12500187096407,-6.750005839596497
pc_social_ack|i4|o0|numbers|c0,pc_social_ack,PC,hypothetical,1,0.0,0.0,1.0,-6.125006084075437,0.8749921322353202
pc_social_ack|i4|o0|numbers|c1,pc_social_ack,PC,hypothetical,1,1.0,0.0,0.0,-7.749999547668949,-6.625002717124744
pc_social_ack|i4|o1|letters|c0,pc_social_ack,PC,hypothetical,1,1.0,0.0,0.0,-5.511959273368149,-8.500010346581803
pc_social_ack|i4|o1|letters|c1,pc_social_ack,PC,hypothetical,1,1.0,0.0,0.0,-10.116231136315264,-12.68750240365489
pc_social_ack|i4|o1|numbers|c0,pc_social_ack,PC,hypothetical,1,1.0,0.0,0.0,-4.38266286253932,-6.250004211877695
pc_social_ack|i4|o1|numbers|c1,pc_social_ack,PC,hypothetical,1,1.0,0.0,0.0,-9.333047974825945,-11.06250206720506
pc_social_review|i0|o0|letters|c0,pc_social_review,PC,hypothetical,1,1.0,0.0,0.0,-4.375001039354402,-0.6250072121235917
pc_social_review|i0|o0|letters|c1,pc_social_review,PC,hypothetical,1,1.0,0.0,0.0,-6.749998760527603,-8.250003743381853
pc_social_review|i0|o0|numbers|c0,pc_social_review,PC,hypothetical,1,1.0,0.0,0.0,-4.500001062638432,-0.2500027418058153
pc_social_review|i0|o0|numbers|c1,pc_social_review,PC,hypothetical,1,1.0,0.0,0.0,-6.124999173684586,-7.750001720498631
pc_social_review|i0|o1|letters|c0,pc_social_review,PC,hypothetical,1,1.0,0.0,0.0,-11.04863773268881,-9.312502022361741
pc_social_review|i0|o1|letters|c1,pc_social_review,PC,hypothetical,1,1.0,0.0,0.0,-11.438298706802698,-15.625000361120328
pc_social_review|i0|o1|numbers|c0,pc_social_review,PC,hypothetical,1,1.0,0.0,0.0,-10.830216855683837,-8.687500828962925
pc_social_review|i0|o1|numbers|c1,pc_social_review,PC,hypothetical,1,1.0,0.0,0.0,-11.689442814946574,-14.06250095864948
pc_social_review|i1|o0|letters|c0,pc_social_review,PC,hypothetical,1,1.0,0.0,0.0,-4.624998534104634,-1.0000060796444359
pc_social_review|i1|o0|letters|c1,pc_social_review,PC,hypothetical,1,1.0,0.0,0.0,-8.124999056280558,-8.375004494609698
pc_social_review|i1|o0|numbers|c0,pc_social_review,PC,hypothetical,1,1.0,0.0,0.0,-4.625001005826562,-0.7500032484430221
pc_social_review|i1|o0|numbers|c1,pc_social_review,PC,hypothetical,1,1.0,0.0,0.0,-7.124999241554804,-7.875002360722988
pc_social_review|i1|o1|letters|c0,pc_social_review,PC,hypothetical,1,1.0,0.0,0.0,-11.273270603735028,-9.625003227546813
pc_social_review|i1|o1|letters|c1,pc_social_review,PC,hypothetical,1,1.0,0.0,0.0,-12.526459461158993,-16.562504772041393
pc_social_review|i1|o1|numbers|c0,pc_social_review,PC,hypothetical,1,1.0,0.0,0.0,-10.425352047022905,-9.125001884179255
pc_social_review|i1|o1|numbers|c1,pc_social_review,PC,hypothetical,1,1.0,0.0,0.0,-11.813276411740617,-14.812503461482947
pc_social_review|i2|o0|letters|c0,pc_social_review,PC,hypothetical,1,1.0,0.0,0.0,-4.499999529682555,-1.3750083446009285
pc_social_review|i2|o0|letters|c1,pc_social_review,PC,hypothetical,1,1.0,0.0,0.0,-7.499998504588461,-8.37500632790568
pc_social_review|i2|o0|numbers|c0,pc_social_review,PC,hypothetical,1,1.0,0.0,0.0,-4.625000250525375,-1.1250031888383774
pc_social_review|i2|o0|numbers|c1,pc_social_review,PC,hypothetical,1,1.0,0.0,0.0,-6.49999919231135,-8.250003408571729
pc_social_review|i2|o1|letters|c0,pc_social_review,PC,hypothetical,1,1.0,0.0,0.0,-12.137532717315487,-10.25000543613055
pc_social_review|i2|o1|letters|c1,pc_social_review,PC,hypothetical,1,1.0,0.0,0.0,-10.875790604463646,-16.000003102980827
pc_social_review|i2|o1|numbers|c0,pc_social_review,PC,hypothetical,1,1.0,0.0,0.0,-11.97117016179255,-9.500002100154461
pc_social_review|i2|o1|numbers|c1,pc_social_review,PC,hypothetical,1,1.0,0.0,0.0,-11.554760606639661,-14.250001435642616
pc_social_review|i3|o0|letters|c0,pc_social_review,PC,hypothetical,1,1.0,0.0,0.0,-5.0000059152696394,-0.8750062882603515
pc_social_review|i3|o0|letters|c1,pc_social_review,PC,hypothetical,1,1.0,0.0,0.0,-8.249998542131891,-8.125003068935484
pc_social_review|i3|o0|numbers|c0,pc_social_review,PC,hypothetical,1,1.0,0.0,0.0,-5.250001876146655,-0.6250024437842967
pc_social_review|i3|o0|numbers|c1,pc_social_review,PC,hypothetical,1,1.0,0.0,0.0,-6.999998939457299,-7.8750014477971035
pc_social_review|i3|o1|letters|c0,pc_social_review,PC,hypothetical,1,1.0,0.0,0.0,-10.283673995174475,-9.250004104560617
pc_social_review|i3|o1|letters|c1,pc_social_review,PC,hypothetical,1,1.0,0.0,0.0,-11.001949916186618,-15.562502745799293
pc_social_review|i3|o1|numbers|c0,pc_social_review,PC,hypothetical,1,1.0,0.0,0.0,-9.975231055985212,-8.312502121664124
pc_social_review|i3|o1|numbers|c1,pc_social_review,PC,hypothetical,1,1.0,0.0,0.0,-11.423594796691987,-14.187502389607062
pc_social_review|i4|o0|letters|c0,pc_social_review,PC,hypothetical,1,1.0,0.0,0.0,-4.874999879859388,-1.125009685690884
pc_social_review|i4|o0|letters|c1,pc_social_review,PC,hypothetical,1,1.0,0.0,0.0,-7.87499897042369,-8.375005539895255
pc_social_review|i4|o0|numbers|c0,pc_social_review,PC,hypothetical,1,1.0,0.0,0.0,-4.875000933184424,-1.1250047981558282
pc_social_review|i4|o0|numbers|c1,pc_social_review,PC,hypothetical,1,1.0,0.0,0.0,-6.499999112566513,-8.25000272335376
pc_social_review|i4|o1|letters|c0,pc_social_review,PC,hypothetical,1,1.0,0.0,0.0,-10.788084794767208,-9.75000473854675
pc_social_review|i4|o1|letters|c1,pc_social_review,PC,hypothetical,1,1.0,0.0,0.0,-11.188289171150473,-16.125002149119155
pc_social_review|i4|o1|numbers|c0,pc_social_review,PC,hypothetical,1,1.0,0.0,0.0,-10.850241000589456,-8.93750224838152
pc_social_review|i4|o1|numbers|c1,pc_social_review,PC,hypothetical,1,1.0,0.0,0.0,-11.382446298041259,-14.937502029972393
