item_id,scenario_id,channel,family,q_pole_0,q_pole_1,margin,margin_finite
ar-ar_component_library-i0-ar-o0-ll-c0-fe-5e2bfab31ea4,ar_component_library,AR,AR,-0.20183412730690975,-1.701833963394158,-1.4999998360872482,1
ar-ar_component_library-i0-ar-o0-ll-c0-fh-ba43613cb0e8,ar_component_library,AR,AR,-0.1429794430732656,-2.017979383468628,-1.8749999403953623,1
ar-ar_component_library-i0-ar-o0-ll-c1-fe-d24e8eaf1456,ar_component_library,AR,AR,-0.07926352322078856,-2.579263210296517,-2.4999996870757286,1
ar-ar_component_library-i0-ar-o0-ll-c1-fh-6abd9e7eba1f,ar_component_library,AR,AR,-0.05525723844755248,-2.930257081985445,-2.8749998435378927,1
ar-ar_component_library-i0-ar-o0-ln-c0-fe-6bf0303cebd1,ar_component_library,AR,AR,-0.22586841881274466,-1.6008683443069458,-1.3749999254942011,1
ar-ar_component_library-i0-ar-o0-ln-c0-fh-3b2b9f44ebe6,ar_component_library,AR,AR,-0.1273011565208364,-2.127300977706909,-1.9999998211860728,1
ar-ar_component_library-i0-ar-o0-ln-c1-fe-06e09cf359cd,ar_component_library,AR,AR,-0.08933682739731807,-2.4643368721008017,-2.3750000447034836,1
ar-ar_component_library-i0-ar-o0-ln-c1-fh-937b9e1b5746,ar_component_library,AR,AR,-0.04339825361966376,-3.1683982610702444,-3.1250000074505806,1
ar-ar_component_library-i0-ar-o1-ll-c0-fe-f63989a2b39b,ar_component_library,AR,AR,-1.2240631580352215,-0.3490647971609633,0.8749983608742582,1
ar-ar_component_library-i0-ar-o1-ll-c0-fh-f22472a0342e,ar_component_library,AR,AR,-1.224056243896456,-0.3490605056181266,0.8749957382783293,1
ar-ar_component_library-i0-ar-o1-ll-c1-fe-80bf61e06d39,ar_component_library,AR,AR,-0.5239188075065542,-0.898919284343549,-0.3750004768369948,1
ar-ar_component_library-i0-ar-o1-ll-c1-fh-ba0fa3fcedee,ar_component_library,AR,AR,-0.5237464904785085,-0.898747086524736,-0.3750005960462275,1
ar-ar_component_library-i0-ar-o1-ln-c0-fe-fe9a06f054b3,ar_component_library,AR,AR,-1.0543839931487753,-0.4293842911719139,0.6249997019768614,1
ar-ar_component_library-i0-ar-o1-ln-c0-fh-2a8c1258b75d,ar_component_library,AR,AR,-1.2242152690887167,-0.3492159247393829,0.8749993443493338,1
ar-ar_component_library-i0-ar-o1-ln-c1-fe-42b5b7817db2,ar_component_library,AR,AR,-0.42944109439849143,-1.0544413328170208,-0.6250002384185294,1
ar-ar_component_library-i0-ar-o1-ln-c1-fh-ec629aa07785,ar_component_library,AR,AR,-0.4748651385307241,-0.9748652577399923,-0.5000001192092682,1
ar-ar_component_library-i0-ro-o0-ll-c0-fx-e7c4499a3778,ar_component_library,RO,AR,-0.5251738429069519,-0.9001743197439964,-0.3750004768370445,1
ar-ar_component_library-i0-ro-o0-ll-c1-fx-c63ace27368d,ar_component_library,RO,AR,-0.25371327996251125,-1.5037131309509206,-1.2499998509884094,1
ar-ar_component_library-i0-ro-o0-ln-c0-fx-da4f020603f1,ar_component_library,RO,AR,-0.5250043869018555,-0.9000046253204061,-0.3750002384185507,1
ar-ar_component_library-i0-ro-o0-ln-c1-fx-6f6b9250dc0e,ar_component_library,RO,AR,-0.25382840633391623,-1.5038282871246338,-1.2499998807907176,1
ar-ar_component_library-i0-ro-o1-ll-c0-fx-481e66c32e30,ar_component_library,RO,AR,-0.5258814692497182,-0.9008814692497182,-0.375,1
ar-ar_component_library-i0-ro-o1-ll-c1-fx-688a9593a0b1,ar_component_library,RO,AR,-0.25404676795002956,-1.504046797752352,-1.2500000298023224,1
ar-ar_component_library-i0-ro-o1-ln-c0-fx-d7d9d8e6c7e9,ar_component_library,RO,AR,-0.5261000394821167,-0.9011002779006674,-0.3750002384185507,1
ar-ar_component_library-i0-ro-o1-ln-c1-fx-6df1ecad9e79,ar_component_library,RO,AR,-0.22789305448529262,-1.6028929948806692,-1.3749999403953765,1
ar-ar_component_library-i1-ar-o0-ll-c0-fe-2f6c762eb8e0,ar_component_library,AR,AR,-0.22573842108246822,-1.6007382869720388,-1.3749998658895706,1
ar-ar_component_library-i1-ar-o0-ll-c0-fh-91c1696a8513,ar_component_library,AR,AR,-0.14291663467881222,-2.017916440963745,-1.874999806284933,1
ar-ar_component_library-i1-ar-o0-ll-c1-fe-f59a39fd778f,ar_component_library,AR,AR,-0.07021503895475689,-2.695214390754643,-2.624999351799886,1
ar-ar_component_library-i1-ar-o0-ll-c1-fh-9bf8a4200f9e,ar_component_library,AR,AR,-0.062255021184341786,-2.812254428863497,-2.749999407679155,1
ar-ar_component_library-i1-ar-o0-ln-c0-fe-cea25174b402,ar_component_library,AR,AR,-0.2522675096988607,-1.5022673606872559,-1.2499998509883952,1
ar-ar_component_library-i1-ar-o0-ln-c0-fh-303124e46f2b,ar_component_library,AR,AR,-0.14298079907893424,-2.0179805755615234,-1.8749997764825892,1
ar-ar_component_library-i1-ar-o0-ln-c1-fe-9b2ad3080033,ar_component_library,AR,AR,-0.06222676485771217,-2.812226533889742,-2.74999976903203,1
ar-ar_component_library-i1-ar-o0-ln-c1-fh-5920ce2643a9,ar_component_library,AR,AR,-0.04886551946395912,-3.0488653182983114,-2.9999997988343523,1
ar-ar_component_library-i1-ar-o1-ll-c0-fe-6c5dcf7e2f12,ar_component_library,AR,AR,-1.0542553663252647,-0.429265648069304,0.6249897182559607,1
ar-ar_component_library-i1-ar-o1-ll-c0-fh-7efe9acf3bdc,ar_component_library,AR,AR,-1.0542243719100384,-0.4293937539041508,0.6248306180058876,1
ar-ar_component_library-i1-ar-o1-ll-c1-fe-8d4c0d4e6858,ar_component_library,AR,AR,-0.38745033740996604,-1.137452721592581,-0.7500023841826149,1
ar-ar_component_library-i1-ar-o1-ll-c1-fh-63717e6c290e,ar_component_library,AR,AR,-0.4745835065841675,-0.9745846986763809,-0.5000011920922134,1
ar-ar_component_library-i1-ar-o1-ln-c0-fe-a189d06d0805,ar_component_library,AR,AR,-0.9746288657188131,-0.47462981939247584,0.4999990463263373,1
ar-ar_component_library-i1-ar-o1-ln-c0-fh-ef90fba2d50f,ar_component_library,AR,AR,-1.0543173551559164,-0.42932835215015075,0.6249890030057657,1
ar-ar_component_library-i1-ar-o1-ln-c1-fe-6058fe46172c,ar_component_library,AR,AR,-0.3138354420661926,-1.3138362169262336,-1.000000774860041,1
ar-ar_component_library-i1-ar-o1-ln-c1-fh-c5f34a85a190,ar_component_library,AR,AR,-0.4746401906013489,-0.9746406674383934,-0.5000004768370445,1
ar-ar_component_library-i1-ro-o0-ll-c0-fx-f3612d6ebd1d,ar_component_library,RO,AR,-0.63371342420578,-0.7587137818335918,-0.1250003576278118,1
ar-ar_component_library-i1-ro-o0-ll-c1-fx-739e2565fc4c,ar_component_library,RO,AR,-0.1806564927100851,-1.805656313896172,-1.624999821186087,1
ar-ar_component_library-i1-ro-o0-ln-c0-fx-a572953f80d8,ar_component_library,RO,AR,-0.6336467266082764,-0.758646965026827,-0.12500023841855068,1
ar-ar_component_library-i1-ro-o0-ln-c1-fx-b576345b021c,ar_component_library,RO,AR,-0.1610480546951223,-1.9110479354858398,-1.7499998807907176,1
ar-ar_component_library-i1-ro-o1-ll-c0-fx-e4445a7e8464,ar_component_library,RO,AR,-0.52485400438308,-0.8998541235923483,-0.37500011920926823,1
ar-ar_component_library-i1-ro-o1-ll-c1-fx-c532222d6795,ar_component_library,RO,AR,-0.1810963153838827,-1.8060961961746145,-1.6249998807907318,1
ar-ar_component_library-i1-ro-o1-ln-c0-fx-853085c5eebc,ar_component_library,RO,AR,-0.4758938252925873,-0.9758939743041921,-0.5000001490116048,1
ar-ar_component_library-i1-ro-o1-ln-c1-fx-a3e134bc14c5,ar_component_library,RO,AR,-0.1616571545600607,-1.9116569757461477,-1.749999821186087,1
ar-ar_component_library-i2-ar-o0-ll-c0-fe-26e779c0dfc5,ar_component_library,AR,AR,-0.18001674115657096,-1.8050167560577322,-1.6250000149011612,1
ar-ar_component_library-i2-ar-o0-ll-c0-fh-a559f54ff3b0,ar_component_library,AR,AR,-0.11303222924470191,-2.238032102584839,-2.124999873340137,1
ar-ar_component_library-i2-ar-o0-ll-c1-fe-b1dcbc3ce9a2,ar_component_library,AR,AR,-0.0621886923907482,-2.812188506126347,-2.7499998137355988,1
ar-ar_component_library-i2-ar-o0-ll-c1-fh-2fc3317e1a53,ar_component_library,AR,AR,-0.0488466732203392,-3.048846364021294,-2.999999690800955,1
ar-ar_component_library-i2-ar-o0-ln-c0-fe-6d5cf3e81c98,ar_component_library,AR,AR,-0.20171768963336234,-1.7017176151275635,-1.4999999254942011,1
ar-ar_component_library-i2-ar-o0-ln-c0-fh-c8b1a283bab4,ar_component_library,AR,AR,-0.1004529744386673,-2.3504528999328613,-2.249999925494194,1
ar-ar_component_library-i2-ar-o0-ln-c1-fe-d71caf2c4436,ar_component_library,AR,AR,-0.055110465735140224,-2.9301104545592978,-2.8749999888241575,1
ar-ar_component_library-i2-ar-o0-ln-c1-fh-e670eb9a606c,ar_component_library,AR,AR,-0.029984947293989705,-3.5299848318099905,-3.4999998845160007,1
ar-ar_component_library-i2-ar-o1-ll-c0-fe-c3318c26c9ac,ar_component_library,AR,AR,-1.1373629570006756,-0.38736629485401863,0.749996662146657,1
ar-ar_component_library-i2-ar-o1-ll-c0-fh-c26e919d115f,ar_component_library,AR,AR,-1.0542314052581503,-0.42923676966029234,0.624994635597858,1
ar-ar_component_library-i2-ar-o1-ll-c1-fe-3a80f7dca21b,ar_component_library,AR,AR,-0.3874494731426168,-1.1374505758278701,-0.7500011026852533,1
ar-ar_component_library-i2-ar-o1-ll-c1-fh-1cf5ae2ee41c,ar_component_library,AR,AR,-0.42920199036598206,-1.0542027950283455,-0.6250008046623634,1
ar-ar_component_library-i2-ar-o1-ln-c0-fe-3a9f9910ce6f,ar_component_library,AR,AR,-1.0542271137237265,-0.4292276501652168,0.6249994635585097,1
ar-ar_component_library-i2-ar-o1-ln-c0-fh-c3237e8f2e3e,ar_component_library,AR,AR,-1.1375286579131796,-0.38752910494781645,0.7499995529653631,1
ar-ar_component_library-i2-ar-o1-ln-c1-fe-8b2bbba3274a,ar_component_library,AR,AR,-0.3490227162837911,-1.2240232229231083,-0.8750005066393172,1
ar-ar_component_library-i2-ar-o1-ln-c1-fh-53ffa13d49ba,ar_component_library,AR,AR,-0.42928236722946167,-1.0542827844619183,-0.6250004172324566,1
ar-ar_component_library-i2-ro-o0-ll-c0-fx-e358db2a956f,ar_component_library,RO,AR,-0.6944464445114136,-0.6944469213484581,-4.768370445162873e-07,1
ar-ar_component_library-i2-ro-o0-ll-c1-fx-284fe5e525ac,ar_component_library,RO,AR,-0.1805862337350561,-1.8055860996246267,-1.6249998658895706,1
ar-ar_component_library-i2-ro-o0-ln-c0-fx-3a86b351bd6d,ar_component_library,RO,AR,-0.6943343877792358,-0.6943346261977865,-2.3841855067985307e-07,1
ar-ar_component_library-i2-ro-o0-ln-c1-fx-8b64876df484,ar_component_library,RO,AR,-0.16105373203753715,-1.9110536575317383,-1.7499999254942011,1
ar-ar_component_library-i2-ro-o1-ll-c0-fx-d0fe4702cb9f,ar_component_library,RO,AR,-0.430582433938973,-1.0555825233459188,-0.6250000894069458,1
ar-ar_component_library-i2-ro-o1-ll-c1-fx-a9637a6a606a,ar_component_library,RO,AR,-0.16169942915436764,-1.9116994142532064,-1.7499999850988388,1
ar-ar_component_library-i2-ro-o1-ln-c0-fx-b6bb3c047210,ar_component_library,RO,AR,-0.4307495355606079,-1.0557496547698904,-0.6250001192092824,1
ar-ar_component_library-i2-ro-o1-ln-c1-fx-4d2acd9926b9,ar_component_library,RO,AR,-0.1281929314136221,-2.1281927824020315,-1.9999998509884094,1
ar-ar_component_library-i3-ar-o0-ll-c0-fe-d3f1b57f3fe3,ar_component_library,AR,AR,-0.16056197881695766,-1.9105619192123342,-1.7499999403953765,1
ar-ar_component_library-i3-ar-o0-ll-c0-fh-59ba7c3108b4,ar_component_library,AR,AR,-0.11307577788829093,-2.2380757331848145,-2.1249999552965235,1
ar-ar_component_library-i3-ar-o0-ll-c1-fe-b38fa2e45ba2,ar_component_library,AR,AR,-0.07018730788877292,-2.695185065268902,-2.624997757380129,1
ar-ar_component_library-i3-ar-o0-ll-c1-fh-310060c4b38d,ar_component_library,AR,AR,-0.08931033836415736,-2.464244008064213,-2.374933669700056,1
ar-ar_component_library-i3-ar-o0-ln-c0-fe-96f363c55d86,ar_component_library,AR,AR,-0.18010734021662955,-1.8051072359085083,-1.6249998956918787,1
ar-ar_component_library-i3-ar-o0-ln-c0-fh-08edce9405bd,ar_component_library,AR,AR,-0.14300228655337577,-2.0180022716522217,-1.874999985098846,1
ar-ar_component_library-i3-ar-o0-ln-c1-fe-f520cdc82539,ar_component_library,AR,AR,-0.07915748655750576,-2.5791569948195843,-2.4999995082620785,1
ar-ar_component_library-i3-ar-o0-ln-c1-fh-bee5f58dcb5c,ar_component_library,AR,AR,-0.11316802352649802,-2.238167643547051,-2.124999620020553,1
ar-ar_component_library-i3-ar-o1-ll-c0-fe-52041515cc1e,ar_component_library,AR,AR,-1.805076003074305,-0.18010687777859857,1.6249691252957064,1
ar-ar_component_library-i3-ar-o1-ll-c0-fh-083186afc245,ar_component_library,AR,AR,-1.5023370981215862,-0.2551430983003229,1.2471939998212633,1
ar-ar_component_library-i3-ar-o1-ll-c1-fe-a60d0c48616b,ar_component_library,AR,AR,-0.758180260658257,-0.6331806182860191,0.12499964237223793,1
ar-ar_component_library-i3-ar-o1-ll-c1-fh-4a02faf5b033,ar_component_library,AR,AR,-0.8264402151107717,-0.5764404535293011,0.24999976158147064,1
ar-ar_component_library-i3-ar-o1-ln-c0-fe-4fb9b654a34c,ar_component_library,AR,AR,-1.600819110870333,-0.22582766409777832,1.3749914467725546,1
ar-ar_component_library-i3-ar-o1-ln-c0-fh-810c1367bd72,ar_component_library,AR,AR,-1.4066109657287313,-0.2816388007013302,1.1249721650274012,1
ar-ar_component_library-i3-ar-o1-ln-c1-fe-b3f643883d71,ar_component_library,AR,AR,-0.633207619190209,-0.7582077383994772,-0.12500011920926823,1
ar-ar_component_library-i3-ar-o1-ln-c1-fh-0ada5b5b1cba,ar_component_library,AR,AR,-0.576555848121636,-0.826555848121636,-0.25,1
ar-ar_component_library-i3-ro-o0-ll-c0-fx-400f783997ab,ar_component_library,RO,AR,-0.5254662036895468,-0.9004664421080406,-0.37500023841849384,1
ar-ar_component_library-i3-ro-o0-ll-c1-fx-f09066608693,ar_component_library,RO,AR,-0.20257338881489773,-1.7025732994079519,-1.4999999105930542,1
ar-ar_component_library-i3-ro-o0-ln-c0-fx-d7c6d007a7a3,ar_component_library,RO,AR,-0.6349896192550588,-0.7599898576735882,-0.12500023841852936,1
ar-ar_component_library-i3-ro-o0-ln-c1-fx-05353e11cbc1,ar_component_library,RO,AR,-0.18092013895508785,-1.8059200048446584,-1.6249998658895706,1
ar-ar_component_library-i3-ro-o1-ll-c0-fx-c529f1308c51,ar_component_library,RO,AR,-0.7595755457878042,-0.6345757842063335,0.12499976158147064,1
ar-ar_component_library-i3-ro-o1-ll-c1-fx-0666fd4298a8,ar_component_library,RO,AR,-0.31556391715997734,-1.3155639171599773,-1.0,1
ar-ar_component_library-i3-ro-o1-ln-c0-fx-3170c8840e6d,ar_component_library,RO,AR,-0.7598323822021484,-0.6348326206206991,0.12499976158144932,1
ar-ar_component_library-i3-ro-o1-ln-c1-fx-16500cfdeecf,ar_component_library,RO,AR,-0.2278369516133978,-1.6028372049330528,-1.375000253319655,1
ar-ar_component_library-i4-ar-o0-ll-c0-fe-3bbe1324f1a9,ar_component_library,AR,AR,-0.1800437420606329,-1.8050436973571493,-1.6249999552965164,1
ar-ar_component_library-i4-ar-o0-ll-c0-fh-06806290a89f,ar_component_library,AR,AR,-0.10044176876544242,-2.3504416942596436,-2.249999925494201,1
ar-ar_component_library-i4-ar-o0-ll-c1-fe-11c62b036126,ar_component_library,AR,AR,-0.06220571324217872,-2.8122056722640423,-2.7499999590218636,1
ar-ar_component_library-i4-ar-o0-ll-c1-fh-661bf29ff1f1,ar_component_library,AR,AR,-0.0701822191475685,-2.695182085037203,-2.6249998658896345,1
ar-ar_component_library-i4-ar-o0-ln-c0-fe-4cda24fd2160,ar_component_library,AR,AR,-0.2017480880021978,-1.701748013496399,-1.4999999254942011,1
ar-ar_component_library-i4-ar-o0-ln-c0-fh-66e64a4f17f1,ar_component_library,AR,AR,-0.14301083981990814,-2.0180108547210693,-1.8750000149011612,1
ar-ar_component_library-i4-ar-o0-ln-c1-fe-e6a528bb8e5d,ar_component_library,AR,AR,-0.04882509633895893,-3.048824906349175,-2.999999810010216,1
ar-ar_component_library-i4-ar-o0-ln-c1-fh-37ba0463c51e,ar_component_library,AR,AR,-0.05516155809163337,-2.9301615953445364,-2.875000037252903,1
ar-ar_component_library-i4-ar-o1-ll-c0-fe-cb684cca1de4,ar_component_library,AR,AR,-1.6008360385893639,-0.22583784162748088,1.374998196961883,1
ar-ar_component_library-i4-ar-o1-ll-c0-fh-b6ba3cd1c82a,ar_component_library,AR,AR,-1.3137753009795858,-0.3137843012373196,0.9999909997422662,1
ar-ar_component_library-i4-ar-o1-ll-c1-fe-3cfc84615269,ar_component_library,AR,AR,-0.5237139463424398,-0.898715615270703,-0.37500166892826314,1
ar-ar_component_library-i4-ar-o1-ll-c1-fh-d28258d07ea5,ar_component_library,AR,AR,-0.6331372261047292,-0.7581380605693084,-0.1250008344645792,1
ar-ar_component_library-i4-ar-o1-ln-c0-fe-a87e744326d6,ar_component_library,AR,AR,-1.5023963451385214,-0.2523967325685703,1.249999612569951,1
ar-ar_component_library-i4-ar-o1-ln-c0-fh-9b67e3dce9ce,ar_component_library,AR,AR,-1.3138175010680868,-0.3138188719736945,0.9999986290943923,1
ar-ar_component_library-i4-ar-o1-ln-c1-fe-99d828899c80,ar_component_library,AR,AR,-0.4747112989425659,-0.9747120141980758,-0.5000007152555099,1
ar-ar_component_library-i4-ar-o1-ln-c1-fh-e96f1c74e75d,ar_component_library,AR,AR,-0.5237482786178589,-0.8987485170364096,-0.3750002384185507,1
ar-ar_component_library-i4-ro-o0-ll-c0-fx-1b9fab7d0bdf,ar_component_library,RO,AR,-0.5770862698554993,-0.8270866274833111,-0.2500003576278118,1
ar-ar_component_library-i4-ro-o0-ll-c1-fx-bdf52d6812bc,ar_component_library,RO,AR,-0.1805977225302513,-1.805597424507134,-1.6249997019768827,1
ar-ar_component_library-i4-ro-o0-ln-c0-fx-0f85483d67c0,ar_component_library,RO,AR,-0.5769908428192139,-0.8269909620284963,-0.25000011920928245,1
ar-ar_component_library-i4-ro-o0-ln-c1-fx-8d49ad551b42,ar_component_library,RO,AR,-0.1610257178544927,-1.9110256433486938,-1.7499999254942011,1
ar-ar_component_library-i4-ro-o1-ll-c0-fx-7f14e466a689,ar_component_library,RO,AR,-0.5246804356574941,-0.8996806740760235,-0.37500023841852936,1
ar-ar_component_library-i4-ro-o1-ll-c1-fx-ff4c67041faf,ar_component_library,RO,AR,-0.2270531654357626,-1.6020530462264944,-1.3749998807907318,1
ar-ar_component_library-i4-ro-o1-ln-c0-fx-852941b4af5b,ar_component_library,RO,AR,-0.4760235846042633,-0.9760237932204916,-0.5000002086162283,1
ar-ar_component_library-i4-ro-o1-ln-c1-fx-e3324f9b51e1,ar_component_library,RO,AR,-0.1812131255865097,-1.8062132596969533,-1.6250001341104436,1
ar-ar_docsection_readme-i0-ar-o0-ll-c0-fe-01ca8eb529f1,ar_docsection_readme,AR,AR,-0.05507246032340163,-2.9300718307495117,-2.87499937042611,1
ar-ar_docsection_readme-i0-ar-o0-ll-c0-fh-3cc89c1dbb8b,ar_docsection_readme,AR,AR,-0.07909169793117599,-2.5790913105010986,-2.4999996125699226,1
ar-ar_docsection_readme-i0-ar-o0-ll-c1-fe-314427606405,ar_docsection_readme,AR,AR,-0.055144656449442664,-2.93014430999753,-2.8749996535480875,1
ar-ar_docsection_readme-i0-ar-o0-ll-c1-fh-a5eabda11be0,ar_docsection_readme,AR,AR,-0.16052156686779995,-1.9105215072631552,-1.7499999403953552,1
ar-ar_docsection_readme-i0-ar-o0-ln-c0-fe-bdbd741bc831,ar_docsection_readme,AR,AR,-0.0550543889403059,-2.930054187774658,-2.8749997988343523,1
ar-ar_docsection_readme-i0-ar-o0-ln-c0-fh-0b160d6ae4bb,ar_docsection_readme,AR,AR,-0.0891333669423986,-2.4641332626342773,-2.3749998956918787,1
ar-ar_docsection_readme-i0-ar-o0-ln-c1-fe-34b9af83cd81,ar_docsection_readme,AR,AR,-0.0550989545881464,-2.930099010467501,-2.8750000558793545,1
ar-ar_docsection_readme-i0-ar-o0-ln-c1-fh-ef2ced128fce,ar_docsection_readme,AR,AR,-0.12721689045426388,-2.1272166967391897,-1.9999998062849258,1
ar-ar_docsection_readme-i0-ar-o1-ll-c0-fe-96af01b7b9d0,ar_docsection_readme,AR,AR,-0.31392103433606167,-1.3139367102303368,-1.000015675894275,1
ar-ar_docsection_readme-i0-ar-o1-ll-c0-fh-0e1950c5ddfc,ar_docsection_readme,AR,AR,-0.47449415922162075,-0.9745026230430085,-0.5000084638213877,1
ar-ar_docsection_readme-i0-ar-o1-ll-c1-fe-3ccec6640965,ar_docsection_readme,AR,AR,-0.3137327730655599,-1.3137588497538673,-1.0000260766883073,1
ar-ar_docsection_readme-i0-ar-o1-ll-c1-fh-dbe406fa1dbd,ar_docsection_readme,AR,AR,-0.8263483643531728,-0.5763599275860543,0.24998843676711857,1
ar-ar_docsection_readme-i0-ar-o1-ln-c0-fe-1f57358802c9,ar_docsection_readme,AR,AR,-0.22587764263152366,-1.6008809804857265,-1.3750033378542028,1
ar-ar_docsection_readme-i0-ar-o1-ln-c0-fh-b5ad8c04b6dd,ar_docsection_readme,AR,AR,-0.5763582587242055,-0.8263592123979606,-0.2500009536737551,1
ar-ar_docsection_readme-i0-ar-o1-ln-c1-fe-2d6645fe6893,ar_docsection_readme,AR,AR,-0.2815459370613027,-1.4065504073992088,-1.125004470337906,1
ar-ar_docsection_readme-i0-ar-o1-ln-c1-fh-0ed526726579,ar_docsection_readme,AR,AR,-0.7579917907714844,-0.6329932212819358,0.12499856948954857,1
ar-ar_docsection_readme-i0-ro-o0-ll-c0-fx-f4796f84c979,ar_docsection_readme,RO,AR,-0.7584586739539816,-0.6334585547447134,0.12500011920926823,1
ar-ar_docsection_readme-i0-ro-o0-ll-c1-fx-56c4e8363d8a,ar_docsection_readme,RO,AR,-0.1134371683001234,-2.2384370565414358,-2.1249998882413124,1
ar-ar_docsection_readme-i0-ro-o0-ln-c0-fx-afc47d2f0049,ar_docsection_readme,RO,AR,-0.7584914565086294,-0.6334915757178976,0.12499988079073177,1
ar-ar_docsection_readme-i0-ro-o0-ln-c1-fx-ed136d254429,ar_docsection_readme,RO,AR,-0.10084126144646888,-2.3508410453796387,-2.24999978393317,1
ar-ar_docsection_readme-i0-ro-o1-ll-c0-fx-6f6297160e21,ar_docsection_readme,RO,AR,-0.7588725090026784,-0.6338725090026784,0.125,1
ar-ar_docsection_readme-i0-ro-o1-ll-c1-fx-407bc5aa72bf,ar_docsection_readme,RO,AR,-0.0895131006836607,-2.4645129442214895,-2.374999843537829,1
ar-ar_docsection_readme-i0-ro-o1-ln-c0-fx-2904352936bf,ar_docsection_readme,RO,AR,-0.7588314414024282,-0.6338314414024282,0.125,1
ar-ar_docsection_readme-i0-ro-o1-ln-c1-fx-7703a1d81a7e,ar_docsection_readme,RO,AR,-0.049118407070629644,-3.049118399620049,-2.9999999925494194,1
ar-ar_docsection_readme-i1-ar-o0-ll-c0-fe-320d1ead41a6,ar_docsection_readme,AR,AR,-0.07908070087410124,-2.579080104827881,-2.4999994039537796,1
ar-ar_docsection_readme-i1-ar-o0-ll-c0-fh-2ec558b1f9fa,ar_docsection_readme,AR,AR,-0.14291471242893294,-2.017914295196533,-1.8749995827676003,1
ar-ar_docsection_readme-i1-ar-o0-ll-c1-fe-b28d60470a3c,ar_docsection_readme,AR,AR,-0.05511938035482444,-2.9301192760467245,-2.8749998956919,1
ar-ar_docsection_readme-i1-ar-o0-ll-c1-fh-bd7b39725ebb,ar_docsection_readme,AR,AR,-0.1800773143767742,-1.805077195167513,-1.6249998807907389,1
ar-ar_docsection_readme-i1-ar-o0-ln-c0-fe-485bb101110a,ar_docsection_readme,AR,AR,-0.07907372713086147,-2.579073429107666,-2.4999997019768045,1
ar-ar_docsection_readme-i1-ar-o0-ln-c0-fh-77d07c090af6,ar_docsection_readme,AR,AR,-0.14289046823978424,-2.017890453338623,-1.8749999850988388,1
ar-ar_docsection_readme-i1-ar-o0-ln-c1-fe-8196c6dca5b0,ar_docsection_readme,AR,AR,-0.055107414722414205,-2.930107235908501,-2.874999821186087,1
ar-ar_docsection_readme-i1-ar-o0-ln-c1-fh-d74ee5e1293b,ar_docsection_readme,AR,AR,-0.14296986162659664,-2.0179696083068848,-1.8749997466802881,1
ar-ar_docsection_readme-i1-ar-o1-ll-c0-fe-fe35bc2427d1,ar_docsection_readme,AR,AR,-0.42931815981862087,-1.054322719562606,-0.625004559743985,1
ar-ar_docsection_readme-i1-ar-o1-ll-c0-fh-012580854bbb,ar_docsection_readme,AR,AR,-0.47451639175412197,-0.9745266436984821,-0.5000102519443601,1
ar-ar_docsection_readme-i1-ar-o1-ll-c1-fe-7f20af2abfa1,ar_docsection_readme,AR,AR,-0.2018100470304418,-1.7018343207237194,-1.5000242736932776,1
ar-ar_docsection_readme-i1-ar-o1-ll-c1-fh-853053bd2867,ar_docsection_readme,AR,AR,-0.3872549831867147,-1.137261509873042,-0.7500065266863274,1
ar-ar_docsection_readme-i1-ar-o1-ln-c0-fe-2f070523da05,ar_docsection_readme,AR,AR,-0.34890615940093284,-1.2239074707021018,-0.875001311301169,1
ar-ar_docsection_readme-i1-ar-o1-ln-c0-fh-e32632c86c9f,ar_docsection_readme,AR,AR,-0.6330253481864858,-0.758026182651065,-0.1250008344645792,1
ar-ar_docsection_readme-i1-ar-o1-ln-c1-fe-7994c5aad430,ar_docsection_readme,AR,AR,-0.20175595581531525,-1.701763033842326,-1.5000070780270107,1
ar-ar_docsection_readme-i1-ar-o1-ln-c1-fh-13c982994e35,ar_docsection_readme,AR,AR,-0.4290485978126526,-1.0540496110910453,-0.6250010132783927,1
ar-ar_docsection_readme-i1-ro-o0-ll-c0-fx-ce1101144f01,ar_docsection_readme,RO,AR,-0.6939329504966452,-0.6939328312873769,1.1920926823449918e-07,1
ar-ar_docsection_readme-i1-ro-o0-ll-c1-fx-91f2c13bd5c1,ar_docsection_readme,RO,AR,-0.07932857424017925,-2.579328417778008,-2.499999843537829,1
ar-ar_docsection_readme-i1-ro-o0-ln-c0-fx-e08a994b771e,ar_docsection_readme,RO,AR,-0.7584752440452576,-0.6334754824638082,0.12499976158144932,1
ar-ar_docsection_readme-i1-ro-o0-ln-c1-fx-1e3c3e4cdf81,ar_docsection_readme,RO,AR,-0.0703899860382009,-2.695389747619629,-2.624999761581428,1
ar-ar_docsection_readme-i1-ro-o1-ll-c0-fx-ed6c9056b99b,ar_docsection_readme,RO,AR,-0.8991442918777395,-0.5241442918777395,0.375,1
ar-ar_docsection_readme-i1-ro-o1-ll-c1-fx-8dabef53fd18,ar_docsection_readme,RO,AR,-0.10077100247141857,-2.350770831108086,-2.2499998286366676,1
ar-ar_docsection_readme-i1-ro-o1-ln-c0-fx-c582607f9aa8,ar_docsection_readme,RO,AR,-0.7588464021682739,-0.6338464021682739,0.125,1
ar-ar_docsection_readme-i1-ro-o1-ln-c1-fx-d29468ef5380,ar_docsection_readme,RO,AR,-0.049171522259705114,-3.0491714477539062,-2.999999925494201,1
ar-ar_docsection_readme-i2-ar-o0-ll-c0-fe-3abed8297c11,ar_docsection_readme,AR,AR,-0.0487422458824085,-3.048741340637207,-2.9999990947547985,1
ar-ar_docsection_readme-i2-ar-o0-ll-c0-fh-027dd0e4c7a4,ar_docsection_readme,AR,AR,-0.07905600965011672,-2.5790555477142334,-2.4999995380641167,1
ar-ar_docsection_readme-i2-ar-o0-ll-c1-fe-1eafc4ed6a48,ar_docsection_readme,AR,AR,-0.062216795980873485,-2.812216758727999,-2.7499999627471254,1
ar-ar_docsection_readme-i2-ar-o0-ll-c1-fh-8a328000c82e,ar_docsection_readme,AR,AR,-0.18003298342225094,-1.8050329685210897,-1.6249999850988388,1
ar-ar_docsection_readme-i2-ar-o0-ln-c0-fe-8eac59e75b1c,ar_docsection_readme,AR,AR,-0.05503824725746398,-2.9300382137298584,-2.8749999664723944,1
ar-ar_docsection_readme-i2-ar-o0-ln-c0-fh-24023d1dce79,ar_docsection_readme,AR,AR,-0.08909705281256919,-2.464097023010254,-2.3749999701976847,1
ar-ar_docsection_readme-i2-ar-o0-ln-c1-fe-136ac0fa02be,ar_docsection_readme,AR,AR,-0.06219729781147976,-2.8121970891952444,-2.7499997913837646,1
ar-ar_docsection_readme-i2-ar-o0-ln-c1-fh-1a464001fe8b,ar_docsection_readme,AR,AR,-0.12718403339383144,-2.1271839141845703,-1.9999998807907389,1
ar-ar_docsection_readme-i2-ar-o1-ll-c0-fe-97b671fbe304,ar_docsection_readme,AR,AR,-0.3137402236461355,-1.3137580154707393,-1.0000177918246038,1
ar-ar_docsection_readme-i2-ar-o1-ll-c0-fh-9e7fa0210094,ar_docsection_readme,AR,AR,-0.474474012851708,-0.9744796156719531,-0.5000056028202451,1
ar-ar_docsection_readme-i2-ar-o1-ll-c1-fe-f739c97da748,ar_docsection_readme,AR,AR,-0.34889364242553,-1.223939060128032,-0.875045417702502,1
ar-ar_docsection_readme-i2-ar-o1-ll-c1-fh-39a1d7f9e416,ar_docsection_readme,AR,AR,-0.6934911608695984,-0.6935035585593141,-1.2397689715726301e-05,1
ar-ar_docsection_readme-i2-ar-o1-ln-c0-fe-d037cad6db96,ar_docsection_readme,AR,AR,-0.2815674543380666,-1.4065707921922694,-1.1250033378542028,1
ar-ar_docsection_readme-i2-ar-o1-ln-c0-fh-744894978c96,ar_docsection_readme,AR,AR,-0.6329978704452444,-0.7579988241189994,-0.12500095367375508,1
ar-ar_docsection_readme-i2-ar-o1-ln-c1-fe-4e59486ede14,ar_docsection_readme,AR,AR,-0.38725852966308594,-1.1372674703197845,-0.7500089406566985,1
ar-ar_docsection_readme-i2-ar-o1-ln-c1-fh-51019d846162,ar_docsection_readme,AR,AR,-0.7579293847084045,-0.6329306960096801,0.12499868869872444,1
ar-ar_docsection_readme-i2-ro-o0-ll-c0-fx-ec1e5b26ad50,ar_docsection_readme,RO,AR,-0.6938672065734579,-0.6938670873641897,1.1920926823449918e-07,1
ar-ar_docsection_readme-i2-ro-o0-ll-c1-fx-a243f29e96fa,ar_docsection_readme,RO,AR,-0.08935067802664776,-2.4643505811691213,-2.3749999031424736,1
ar-ar_docsection_readme-i2-ro-o0-ln-c0-fx-0ea821dbdb37,ar_docsection_readme,RO,AR,-0.6938853859901428,-0.6938855051994253,-1.1920928244535389e-07,1
ar-ar_docsection_readme-i2-ro-o0-ln-c1-fx-8ef7771c3256,ar_docsection_readme,RO,AR,-0.08936866372820873,-2.4643683433532715,-2.3749996796250628,1
ar-ar_docsection_readme-i2-ro-o1-ll-c0-fx-04661f818d3d,ar_docsection_readme,RO,AR,-0.899150252342217,-0.524150252342217,0.375,1
ar-ar_docsection_readme-i2-ro-o1-ll-c1-fx-4e1561ea782e,ar_docsection_readme,RO,AR,-0.08943930268284817,-2.464439272880547,-2.374999970197699,1
ar-ar_docsection_readme-i2-ro-o1-ln-c0-fx-04345987659b,ar_docsection_readme,RO,AR,-0.8270873427391052,-0.5770873427391052,0.25,1
ar-ar_docsection_readme-i2-ro-o1-ln-c1-fx-50705081c21e,ar_docsection_readme,RO,AR,-0.055373735725872564,-2.9303736686706543,-2.8749999329447817,1
ar-ar_docsection_readme-i3-ar-o0-ll-c0-fe-32f9f2afde6f,ar_docsection_readme,AR,AR,-0.08915148675436058,-2.46415114402771,-2.3749996572733494,1
ar-ar_docsection_readme-i3-ar-o0-ll-c0-fh-a9ed05745796,ar_docsection_readme,AR,AR,-0.07011254131782607,-2.6951119899749756,-2.6249994486571495,1
ar-ar_docsection_readme-i3-ar-o0-ll-c1-fe-5d2659a01dd6,ar_docsection_readme,AR,AR,-0.0701432153581436,-2.695143342017957,-2.6250001266598133,1
ar-ar_docsection_readme-i3-ar-o0-ll-c1-fh-0668c98530e9,ar_docsection_readme,AR,AR,-0.16045519709575728,-1.9104549884795858,-1.7499997913838286,1
ar-ar_docsection_readme-i3-ar-o0-ln-c0-fe-de625d3617f2,ar_docsection_readme,AR,AR,-0.10040867328643088,-2.3504085540771484,-2.2499998807907176,1
ar-ar_docsection_readme-i3-ar-o0-ln-c0-fh-19318c8f452c,ar_docsection_readme,AR,AR,-0.10039886087178473,-2.3503987789154053,-2.2499999180436205,1
ar-ar_docsection_readme-i3-ar-o0-ln-c1-fe-83dbf2f53dfb,ar_docsection_readme,AR,AR,-0.08914830535649543,-2.4641486406325726,-2.375000335276077,1
ar-ar_docsection_readme-i3-ar-o0-ln-c1-fh-6d50c0565f30,ar_docsection_readme,AR,AR,-0.1604517102241232,-1.9104515314102102,-1.749999821186087,1
ar-ar_docsection_readme-i3-ar-o1-ll-c0-fe-8da83939c22c,ar_docsection_readme,AR,AR,-0.4744521379470257,-0.9744555950092035,-0.5000034570621779,1
ar-ar_docsection_readme-i3-ar-o1-ll-c0-fh-2315be8ea207,ar_docsection_readme,AR,AR,-0.5762783885001852,-0.8262863754889622,-0.250007986988777,1
ar-ar_docsection_readme-i3-ar-o1-ll-c1-fe-cee4d526348b,ar_docsection_readme,AR,AR,-0.38731101155280356,-1.1373189687401464,-0.7500079571873428,1
ar-ar_docsection_readme-i3-ar-o1-ll-c1-fh-6f5e4b11f824,ar_docsection_readme,AR,AR,-0.7579644322395325,-0.6329719423965798,0.12499248984295264,1
ar-ar_docsection_readme-i3-ar-o1-ln-c0-fe-c0086d42f6a2,ar_docsection_readme,AR,AR,-0.31363695859908347,-1.313637614249842,-1.0000006556507586,1
ar-ar_docsection_readme-i3-ar-o1-ln-c0-fh-3b5ae1d81aea,ar_docsection_readme,AR,AR,-0.5234477519988943,-0.8984484672542976,-0.37500071525540335,1
ar-ar_docsection_readme-i3-ar-o1-ln-c1-fe-d3642fd8b1b2,ar_docsection_readme,AR,AR,-0.38726434111595154,-1.1372669935192334,-0.7500026524032819,1
ar-ar_docsection_readme-i3-ar-o1-ln-c1-fh-847457b56ab1,ar_docsection_readme,AR,AR,-0.7579308748245239,-0.6329329013803999,0.124997973444124,1
ar-ar_docsection_readme-i3-ro-o0-ll-c0-fx-728b0be187c9,ar_docsection_readme,RO,AR,-0.8988327383994985,-0.5238327383994985,0.375,1
ar-ar_docsection_readme-i3-ro-o0-ll-c1-fx-65de47e77eb3,ar_docsection_readme,RO,AR,-0.08936528116461773,-2.4643651247024465,-2.374999843537829,1
ar-ar_docsection_readme-i3-ro-o0-ln-c0-fx-470b52a1ea33,ar_docsection_readme,RO,AR,-0.8990005254745483,-0.5240006446838308,0.37499988079071755,1
ar-ar_docsection_readme-i3-ro-o0-ln-c1-fx-73c87b5af9ae,ar_docsection_readme,RO,AR,-0.10065154731273651,-2.350651502609253,-2.2499999552965164,1
ar-ar_docsection_readme-i3-ro-o1-ll-c0-fx-e494078e0aca,ar_docsection_readme,RO,AR,-0.9749858379363943,-0.47498583793639426,0.5,1
ar-ar_docsection_readme-i3-ro-o1-ll-c1-fx-bb9b650035c5,ar_docsection_readme,RO,AR,-0.10091509670016308,-2.3509150743484426,-2.2499999776482795,1
ar-ar_docsection_readme-i3-ro-o1-ln-c0-fx-bd5d8c1488ac,ar_docsection_readme,RO,AR,-0.8269307613372732,-0.5769306421279907,0.25000011920928245,1
ar-ar_docsection_readme-i3-ro-o1-ln-c1-fx-7ec36d0167df,ar_docsection_readme,RO,AR,-0.049464847892515706,-3.049464702606201,-2.9999998547136855,1
ar-ar_docsection_readme-i4-ar-o0-ll-c0-fe-7c30164028d8,ar_docsection_readme,AR,AR,-0.048728719353562155,-3.0487282276153564,-2.9999995082617943,1
ar-ar_docsection_readme-i4-ar-o0-ll-c0-fh-d0b2a876751e,ar_docsection_readme,AR,AR,-0.07010009139764861,-2.6950995922088623,-2.6249995008112137,1
ar-ar_docsection_readme-i4-ar-o0-ll-c1-fe-c6fc5bfaed8c,ar_docsection_readme,AR,AR,-0.03386199846858062,-3.408861875534029,-3.3749998770654486,1
ar-ar_docsection_readme-i4-ar-o0-ll-c1-fh-0b856ca1d045,ar_docsection_readme,AR,AR,-0.1429768949746517,-2.0179767608642294,-1.8749998658895777,1
ar-ar_docsection_readme-i4-ar-o0-ln-c0-fe-962c13f918c1,ar_docsection_readme,AR,AR,-0.04872087389227886,-3.048720598220825,-2.9999997243285463,1
ar-ar_docsection_readme-i4-ar-o0-ln-c0-fh-965d67698908,ar_docsection_readme,AR,AR,-0.10039012879132514,-2.3503899574279785,-2.2499998286366534,1
ar-ar_docsection_readme-i4-ar-o0-ln-c1-fe-10fff1b44aab,ar_docsection_readme,AR,AR,-0.03823408484456081,-3.2882339954375936,-3.249999910593033,1
ar-ar_docsection_readme-i4-ar-o0-ln-c1-fh-74ac0fc5c104,ar_docsection_readme,AR,AR,-0.1429494023322775,-2.017949104309082,-1.8749997019768045,1
ar-ar_docsection_readme-i4-ar-o1-ll-c0-fe-3a50eecde670,ar_docsection_readme,AR,AR,-0.3137409985065176,-1.3137669559855567,-1.000025957479039,1
ar-ar_docsection_readme-i4-ar-o1-ll-c0-fh-6b29ddd83677,ar_docsection_readme,AR,AR,-0.5235272645950033,-0.89855182140127,-0.3750245568062667,1
ar-ar_docsection_readme-i4-ar-o1-ll-c1-fe-412e43487d2a,ar_docsection_readme,AR,AR,-0.31367450952529197,-1.31370997365957,-1.0000354641342781,1
ar-ar_docsection_readme-i4-ar-o1-ll-c1-fh-d655176a5f97,ar_docsection_readme,AR,AR,-0.5763315558433462,-0.8263394236246313,-0.25000786778128514,1
ar-ar_docsection_readme-i4-ar-o1-ln-c0-fe-ac34ec6d86c9,ar_docsection_readme,AR,AR,-0.31370604038237815,-1.313708901400787,-1.0000028610184089,1
ar-ar_docsection_readme-i4-ar-o1-ln-c0-fh-2364579b1824,ar_docsection_readme,AR,AR,-0.5763322114944387,-0.8263338804229079,-0.2500016689284692,1
ar-ar_docsection_readme-i4-ar-o1-ln-c1-fe-e985161a87fe,ar_docsection_readme,AR,AR,-0.2815268635749746,-1.4065331220426742,-1.1250062584676996,1
ar-ar_docsection_readme-i4-ar-o1-ln-c1-fh-274b68b77c73,ar_docsection_readme,AR,AR,-0.5762924551963806,-0.8262932896610664,-0.2500008344646858,1
ar-ar_docsection_readme-i4-ro-o0-ll-c0-fx-e696b3163617,ar_docsection_readme,RO,AR,-0.5239157676696493,-0.8989157676696493,-0.375,1
ar-ar_docsection_readme-i4-ro-o0-ll-c1-fx-f9668c3331cd,ar_docsection_readme,RO,AR,-0.07029855996364631,-2.6952983140945364,-2.62499975413089,1
ar-ar_docsection_readme-i4-ro-o0-ln-c0-fx-c1e6bf72c34d,ar_docsection_readme,RO,AR,-0.5240983366965963,-0.8990983366965963,-0.375,1
ar-ar_docsection_readme-i4-ro-o0-ln-c1-fx-c09bfe168786,ar_docsection_readme,RO,AR,-0.07030320912598853,-2.695303201675415,-2.6249999925494265,1
ar-ar_docsection_readme-i4-ro-o1-ll-c0-fx-47fbba0911a5,ar_docsection_readme,RO,AR,-0.6336740255355764,-0.7586740255355764,-0.125,1
ar-ar_docsection_readme-i4-ro-o1-ll-c1-fx-3e0bb92a83b3,ar_docsection_readme,RO,AR,-0.0895547419786169,-2.4645546674728323,-2.3749999254942153,1
ar-ar_docsection_readme-i4-ro-o1-ln-c0-fx-6f82575e433f,ar_docsection_readme,RO,AR,-0.577152907848351,-0.8271530270576193,-0.25000011920926823,1
ar-ar_docsection_readme-i4-ro-o1-ln-c1-fx-c149f2c95872,ar_docsection_readme,RO,AR,-0.04372157901524787,-3.1687214374542236,-3.1249998584389758,1
ar-ar_execmode_ingest-i0-ar-o0-ll-c0-fe-80e0552222c9,ar_execmode_ingest,AR,AR,-0.011122027411602176,-4.511121392250054,-4.499999364838452,1
ar-ar_execmode_ingest-i0-ar-o0-ll-c0-fh-33c1751badfb,ar_execmode_ingest,AR,AR,-0.0012288892174296961,-6.751228451728814,-6.749999562511384,1
ar-ar_execmode_ingest-i0-ar-o0-ll-c1-fe-c7cad42bb75a,ar_execmode_ingest,AR,AR,-0.055016487836780925,-2.9300162792205526,-2.8749997913837717,1
ar-ar_execmode_ingest-i0-ar-o0-ll-c1-fh-5362a8cd5986,ar_execmode_ingest,AR,AR,-0.02339626662432437,-3.7733968496320927,-3.7500005830077683,1
ar-ar_execmode_ingest-i0-ar-o0-ln-c0-fe-0baf16929b0b,ar_execmode_ingest,AR,AR,-0.008687678724498937,-4.758687615394585,-4.749999936670086,1
ar-ar_execmode_ingest-i0-ar-o0-ln-c0-fh-f41bd2e6aea7,ar_execmode_ingest,AR,AR,-0.0017579833510978915,-6.376757740974419,-6.374999757623321,1
ar-ar_execmode_ingest-i0-ar-o0-ln-c1-fe-61efd9b4934c,ar_execmode_ingest,AR,AR,-0.05501253157851238,-2.930012583732548,-2.8750000521540358,1
ar-ar_execmode_ingest-i0-ar-o0-ln-c1-fh-74caccd10d5f,ar_execmode_ingest,AR,AR,-0.02066627144812827,-3.895666599273568,-3.8750003278254397,1
ar-ar_execmode_ingest-i0-ar-o1-ll-c0-fe-4db2f33976d7,ar_execmode_ingest,AR,AR,-0.693449318408959,-0.6934491991996765,1.1920928244535389e-07,1
ar-ar_execmode_ingest-i0-ar-o1-ll-c0-fh-5169fda823e0,ar_execmode_ingest,AR,AR,-0.6935851573944021,-0.6935850381851196,1.1920928244535389e-07,1
ar-ar_execmode_ingest-i0-ar-o1-ll-c1-fe-dd51e330ffc7,ar_execmode_ingest,AR,AR,-1.7016592025756765,-0.20165921747683768,1.4999999850988388,1
ar-ar_execmode_ingest-i0-ar-o1-ll-c1-fh-9a78bbac8f72,ar_execmode_ingest,AR,AR,-1.5022599697112966,-0.252259999513619,1.2499999701976776,1
ar-ar_execmode_ingest-i0-ar-o1-ln-c0-fe-35831aac722e,ar_execmode_ingest,AR,AR,-0.6934378743171621,-0.6934377551078796,1.1920928244535389e-07,1
ar-ar_execmode_ingest-i0-ar-o1-ln-c0-fh-6914ca969a7a,ar_execmode_ingest,AR,AR,-0.6935177445411611,-0.6935176253318787,1.1920928244535389e-07,1
ar-ar_execmode_ingest-i0-ar-o1-ln-c1-fe-f257c490aff8,ar_execmode_ingest,AR,AR,-1.6006454229354787,-0.22564533352851868,1.37500008940696,1
ar-ar_execmode_ingest-i0-ar-o1-ln-c1-fh-70218bfdce73,ar_execmode_ingest,AR,AR,-1.4064024686813283,-0.2814023196697235,1.1250001490116048,1
ar-ar_execmode_ingest-i0-ro-o0-ll-c0-fx-98f0158bc24d,ar_execmode_ingest,RO,AR,-0.31422892212867026,-1.3142288923263479,-0.9999999701976776,1
ar-ar_execmode_ingest-i0-ro-o0-ll-c1-fx-304864df9f65,ar_execmode_ingest,RO,AR,-0.0624888390302587,-2.8124889135360647,-2.750000074505806,1
ar-ar_execmode_ingest-i0-ro-o0-ln-c0-fx-69f360d88d44,ar_execmode_ingest,RO,AR,-0.3140633702278137,-1.3140635490417196,-1.000000178813906,1
ar-ar_execmode_ingest-i0-ro-o0-ln-c1-fx-5d58b12fbbfd,ar_execmode_ingest,RO,AR,-0.048953823745243596,-3.048953890800469,-3.0000000670552254,1
ar-ar_execmode_ingest-i0-ro-o1-ll-c0-fx-54117da5af8b,ar_execmode_ingest,RO,AR,-1.6011723279952932,-0.22617234289645438,1.3749999850988388,1
ar-ar_execmode_ingest-i0-ro-o1-ll-c1-fx-ff9e72cc1ad5,ar_execmode_ingest,RO,AR,-0.11379437148568172,-2.23879420757293,-2.124999836087248,1
ar-ar_execmode_ingest-i0-ro-o1-ln-c0-fx-67af53b2a9b2,ar_execmode_ingest,RO,AR,-1.6010431051254201,-0.22604312002658133,1.3749999850988388,1
ar-ar_execmode_ingest-i0-ro-o1-ln-c1-fx-15da8e04cc5c,ar_execmode_ingest,RO,AR,-0.12770381569861655,-2.1277036666870117,-1.9999998509883952,1
ar-ar_execmode_ingest-i1-ar-o0-ll-c0-fe-86a5e1bd399b,ar_execmode_ingest,AR,AR,-0.038157321492690244,-3.288151144981377,-3.249993823488687,1
ar-ar_execmode_ingest-i1-ar-o0-ll-c0-fh-5bc883736e50,ar_execmode_ingest,AR,AR,-0.008706845339247593,-4.758704304695122,-4.749997459355875,1
ar-ar_execmode_ingest-i1-ar-o0-ll-c1-fe-e5930d5e543a,ar_execmode_ingest,AR,AR,-0.07008273899552364,-2.6950825452804494,-2.624999806284926,1
ar-ar_execmode_ingest-i1-ar-o0-ll-c1-fh-6f56dff8f989,ar_execmode_ingest,AR,AR,-0.02644140087068081,-3.6514416933059124,-3.6250002924352316,1
ar-ar_execmode_ingest-i1-ar-o0-ln-c0-fe-364af5666c44,ar_execmode_ingest,AR,AR,-0.03376677259393546,-3.4087640047073293,-3.374997232113394,1
ar-ar_execmode_ingest-i1-ar-o0-ln-c0-fh-11e170ae8a49,ar_execmode_ingest,AR,AR,-0.011141007765672839,-4.511139988899224,-4.499998981133551,1
ar-ar_execmode_ingest-i1-ar-o0-ln-c1-fe-d62b345b8d48,ar_execmode_ingest,AR,AR,-0.04313511028885131,-3.1681350469589162,-3.124999936670065,1
ar-ar_execmode_ingest-i1-ar-o0-ln-c1-fh-f38071fea5a3,ar_execmode_ingest,AR,AR,-0.020657511427998543,-3.8956576585769582,-3.8750001471489597,1
ar-ar_execmode_ingest-i1-ar-o1-ll-c0-fe-39483c5d1626,ar_execmode_ingest,AR,AR,-1.5022079944610027,-0.2522076368331909,1.2500003576278118,1
ar-ar_execmode_ingest-i1-ar-o1-ll-c0-fh-be78de395a54,ar_execmode_ingest,AR,AR,-1.1372128725051809,-0.3872127830982208,0.7500000894069601,1
ar-ar_execmode_ingest-i1-ar-o1-ll-c1-fe-0b2fcf63b806,ar_execmode_ingest,AR,AR,-1.502162218093865,-0.25216314196529765,1.2499990761285673,1
ar-ar_execmode_ingest-i1-ar-o1-ll-c1-fh-d8c15e66814b,ar_execmode_ingest,AR,AR,-1.2237356901168752,-0.34873598814004936,0.8749997019768259,1
ar-ar_execmode_ingest-i1-ar-o1-ln-c0-fe-fa79689a91fa,ar_execmode_ingest,AR,AR,-1.4064115285873342,-0.28141140937805176,1.1250001192092824,1
ar-ar_execmode_ingest-i1-ar-o1-ln-c0-fh-669bd2e982f5,ar_execmode_ingest,AR,AR,-1.0539737939834524,-0.4289737045764923,0.6250000894069601,1
ar-ar_execmode_ingest-i1-ar-o1-ln-c1-fe-a4b717c41090,ar_execmode_ingest,AR,AR,-1.3134931325912405,-0.3134934902190025,0.9999996423722379,1
ar-ar_execmode_ingest-i1-ar-o1-ln-c1-fh-de2aebbd39a2,ar_execmode_ingest,AR,AR,-1.0539606809616018,-0.4289619028559173,0.6249987781056845,1
ar-ar_execmode_ingest-i1-ro-o0-ll-c0-fx-2a1c1088b50b,ar_execmode_ingest,RO,AR,-0.5767177939414907,-0.8267177939414907,-0.25,1
ar-ar_execmode_ingest-i1-ro-o0-ll-c1-fx-dcbd34e8b344,ar_execmode_ingest,RO,AR,-0.0623890534043241,-2.812389016151421,-2.749999962747097,1
ar-ar_execmode_ingest-i1-ro-o0-ln-c0-fx-5abc6c12c6cb,ar_execmode_ingest,RO,AR,-0.47477394342422485,-0.9747740626335073,-0.5000001192092824,1
ar-ar_execmode_ingest-i1-ro-o0-ln-c1-fx-9216a628cc9a,ar_execmode_ingest,RO,AR,-0.05522552132605796,-2.9302254915237356,-2.8749999701976776,1
ar-ar_execmode_ingest-i1-ro-o1-ll-c0-fx-d311fef32d8c,ar_execmode_ingest,RO,AR,-2.127447247505181,-0.12744736671447043,1.9999998807907104,1
ar-ar_execmode_ingest-i1-ro-o1-ll-c1-fx-45917c6c2122,ar_execmode_ingest,RO,AR,-0.1609627157449438,-1.910962462425232,-1.7499997466802881,1
ar-ar_execmode_ingest-i1-ro-o1-ln-c0-fx-80aeb58c014f,ar_execmode_ingest,RO,AR,-2.0180860757827688,-0.14308606088161469,1.875000014901154,1
ar-ar_execmode_ingest-i1-ro-o1-ln-c1-fx-5be581577dee,ar_execmode_ingest,RO,AR,-0.1803171932697225,-1.8053170442581177,-1.6249998509883952,1
ar-ar_execmode_ingest-i2-ar-o0-ll-c0-fe-5e50b9d755b5,ar_execmode_ingest,AR,AR,-0.026380725203352995,-3.6513789892196584,-3.6249982640163054,1
ar-ar_execmode_ingest-i2-ar-o0-ll-c0-fh-8c87cc858fcd,ar_execmode_ingest,AR,AR,-0.0036541167643235895,-5.628653168678277,-5.624999051913953,1
ar-ar_execmode_ingest-i2-ar-o0-ll-c1-fe-929195ab1d82,ar_execmode_ingest,AR,AR,-0.06209298595786095,-2.8120933771132854,-2.7500003911554245,1
ar-ar_execmode_ingest-i2-ar-o0-ll-c1-fh-5d15b5e2d77a,ar_execmode_ingest,AR,AR,-0.029866471886634827,-3.5298668146132854,-3.5000003427266506,1
ar-ar_execmode_ingest-i2-ar-o0-ln-c0-fe-4bf255d04f38,ar_execmode_ingest,AR,AR,-0.029838955029617864,-3.529838442802422,-3.4999994877728042,1
ar-ar_execmode_ingest-i2-ar-o0-ln-c0-fh-c786c38633e7,ar_execmode_ingest,AR,AR,-0.004128506872746129,-5.504128098487847,-5.499999591615101,1
ar-ar_execmode_ingest-i2-ar-o0-ln-c1-fe-2646f16d1d59,ar_execmode_ingest,AR,AR,-0.05500247702002525,-2.930002808570805,-2.8750003315507797,1
ar-ar_execmode_ingest-i2-ar-o0-ln-c1-fh-ed50edbf359d,ar_execmode_ingest,AR,AR,-0.020628435537219048,-3.895628690719576,-3.875000255182357,1
ar-ar_execmode_ingest-i2-ar-o1-ll-c0-fe-d9975459b9e8,ar_execmode_ingest,AR,AR,-1.406382322311373,-0.28138208389282227,1.1250002384185507,1
ar-ar_execmode_ingest-i2-ar-o1-ll-c0-fh-3fcabdc51db0,ar_execmode_ingest,AR,AR,-0.8984614610671926,-0.5234613418579102,0.37500011920928245,1
ar-ar_execmode_ingest-i2-ar-o1-ll-c1-fe-17ca0971dc85,ar_execmode_ingest,AR,AR,-1.9104337692260671,-0.1604339629411129,1.7499998062849542,1
ar-ar_execmode_ingest-i2-ar-o1-ll-c1-fh-9e990ca1100a,ar_execmode_ingest,AR,AR,-1.60064244270324,-0.2256425321101858,1.3749999105930542,1
ar-ar_execmode_ingest-i2-ar-o1-ln-c0-fe-874efa39fc50,ar_execmode_ingest,AR,AR,-1.2237187623977377,-0.3487184941768646,0.8750002682208731,1
ar-ar_execmode_ingest-i2-ar-o1-ln-c0-fh-19d9f41a0e59,ar_execmode_ingest,AR,AR,-0.8262650370597768,-0.5762649178504944,0.25000011920928245,1
ar-ar_execmode_ingest-i2-ar-o1-ln-c1-fe-630d9fa09be1,ar_execmode_ingest,AR,AR,-1.6005926132202148,-0.22559276223181968,1.3749998509883952,1
ar-ar_execmode_ingest-i2-ar-o1-ln-c1-fh-d171567b9d8f,ar_execmode_ingest,AR,AR,-1.2236981391906738,-0.3486985564231304,0.8749995827675434,1
ar-ar_execmode_ingest-i2-ro-o0-ll-c0-fx-e901fd6bbb28,ar_execmode_ingest,RO,AR,-0.38755708932875876,-1.1375572681426718,-0.750000178813913,1
ar-ar_execmode_ingest-i2-ro-o0-ll-c1-fx-33181aff6816,ar_execmode_ingest,RO,AR,-0.05521333962678199,-2.9302133321762014,-2.8749999925494194,1
ar-ar_execmode_ingest-i2-ro-o0-ln-c0-fx-86dc49885126,ar_execmode_ingest,RO,AR,-0.31385862827301025,-1.313858866691561,-1.0000002384185507,1
ar-ar_execmode_ingest-i2-ro-o0-ln-c1-fx-4391a605b11b,ar_execmode_ingest,RO,AR,-0.04327451065181975,-3.1682745218276906,-3.125000011175871,1
ar-ar_execmode_ingest-i2-ro-o1-ll-c0-fx-6765b7dd5c89,ar_execmode_ingest,RO,AR,-2.0182074308395315,-0.14320746064185386,1.8749999701976776,1
ar-ar_execmode_ingest-i2-ro-o1-ll-c1-fx-d1a92f7ea032,ar_execmode_ingest,RO,AR,-0.1434228569268612,-2.0184226036071777,-1.8749997466803165,1
ar-ar_execmode_ingest-i2-ro-o1-ln-c0-fx-3dd340d88e5d,ar_execmode_ingest,RO,AR,-1.9106855392455984,-0.16068550944327598,1.7500000298023224,1
ar-ar_execmode_ingest-i2-ro-o1-ln-c1-fx-f750d1b7eb73,ar_execmode_ingest,RO,AR,-0.14334839582437553,-2.018347978591919,-1.8749995827675434,1
ar-ar_execmode_ingest-i3-ar-o0-ll-c0-fe-739b0ac70c79,ar_execmode_ingest,AR,AR,-0.03375688940283794,-3.4087568521499563,-3.3749999627471183,1
ar-ar_execmode_ingest-i3-ar-o0-ll-c0-fh-8be8f48ea9a2,ar_execmode_ingest,AR,AR,-0.016146741807006038,-4.14114582538604,-4.124999083579034,1
ar-ar_execmode_ingest-i3-ar-o0-ll-c1-fe-f95b74de8959,ar_execmode_ingest,AR,AR,-0.10036869347089805,-2.350368499755831,-2.249999806284933,1
ar-ar_execmode_ingest-i3-ar-o0-ll-c1-fh-28cf2d3f5ecf,ar_execmode_ingest,AR,AR,-0.06210893020016783,-2.812108516693087,-2.749999586492919,1
ar-ar_execmode_ingest-i3-ar-o0-ln-c0-fe-4bc7f50bac50,ar_execmode_ingest,AR,AR,-0.04313067346799926,-3.168130278587334,-3.124999605119335,1
ar-ar_execmode_ingest-i3-ar-o0-ln-c0-fh-7ba411c8cbcc,ar_execmode_ingest,AR,AR,-0.020645851269023296,-3.895645022392266,-3.8749991711232425,1
ar-ar_execmode_ingest-i3-ar-o0-ln-c1-fe-74b394d79352,ar_execmode_ingest,AR,AR,-0.10038959980008144,-2.350389719009371,-2.2500001192092896,1
ar-ar_execmode_ingest-i3-ar-o0-ln-c1-fh-082958df664a,ar_execmode_ingest,AR,AR,-0.07007940858599682,-2.695079207420342,-2.624999798834345,1
ar-ar_execmode_ingest-i3-ar-o1-ll-c0-fe-27c5ec4310c6,ar_execmode_ingest,AR,AR,-1.053977251052828,-0.4289773106574444,0.6249999403953836,1
ar-ar_execmode_ingest-i3-ar-o1-ll-c0-fh-921ab3e376aa,ar_execmode_ingest,AR,AR,-0.8984181284904196,-0.5234178900718689,0.3750002384185507,1
ar-ar_execmode_ingest-i3-ar-o1-ll-c1-fe-7b68d8ad3cea,ar_execmode_ingest,AR,AR,-1.9104584455490041,-0.16045838594435935,1.7500000596046448,1
ar-ar_execmode_ingest-i3-ar-o1-ll-c1-fh-97f247af21eb,ar_execmode_ingest,AR,AR,-0.8984591960906911,-0.5234593152999594,0.37499988079073177,1
ar-ar_execmode_ingest-i3-ar-o1-ln-c0-fe-4541ae3d1daf,ar_execmode_ingest,AR,AR,-0.7578895092010427,-0.6328895092010427,0.125,1
ar-ar_execmode_ingest-i3-ar-o1-ln-c0-fh-b3f1cda1293e,ar_execmode_ingest,AR,AR,-0.6328843235969472,-0.7578842043876648,-0.12499988079071755,1
ar-ar_execmode_ingest-i3-ar-o1-ln-c1-fe-369fb2d4bb19,ar_execmode_ingest,AR,AR,-1.6006604433059621,-0.22566048800944571,1.3749999552965164,1
ar-ar_execmode_ingest-i3-ar-o1-ln-c1-fh-9a35621a077e,ar_execmode_ingest,AR,AR,-0.7578834295272756,-0.6328834295272756,0.125,1
ar-ar_execmode_ingest-i3-ro-o0-ll-c0-fx-fb33ca36c916,ar_execmode_ingest,RO,AR,-0.38765296339988,-1.1376529932022024,-0.7500000298023224,1
ar-ar_execmode_ingest-i3-ro-o0-ll-c1-fx-6dd50e4c21ff,ar_execmode_ingest,RO,AR,-0.055313277989618825,-2.930313229560845,-2.874999951571226,1
ar-ar_execmode_ingest-i3-ro-o0-ln-c0-fx-8fcad6d6df92,ar_execmode_ingest,RO,AR,-0.34913501143455505,-1.2241351604461599,-0.8750001490116048,1
ar-ar_execmode_ingest-i3-ro-o0-ln-c1-fx-a3ad04ba93e9,ar_execmode_ingest,RO,AR,-0.038328271359205246,-3.2883282899856496,-3.2500000186264444,1
ar-ar_execmode_ingest-i3-ro-o1-ll-c0-fx-4cc3016335c6,ar_execmode_ingest,RO,AR,-1.6012275218963552,-0.22622735798358917,1.375000163912766,1
ar-ar_execmode_ingest-i3-ro-o1-ll-c1-fx-094fab06b5c0,ar_execmode_ingest,RO,AR,-0.12772637605664272,-2.1277261972427297,-1.999999821186087,1
ar-ar_execmode_ingest-i3-ro-o1-ln-c0-fx-9849b855d313,ar_execmode_ingest,RO,AR,-1.8052934408187795,-0.18029338121414185,1.6250000596046377,1
ar-ar_execmode_ingest-i3-ro-o1-ln-c1-fx-8a933ed72bc0,ar_execmode_ingest,RO,AR,-0.11349889636036892,-2.2384986877441406,-2.1249997913837717,1
ar-ar_execmode_ingest-i4-ar-o0-ll-c0-fe-8c525063291f,ar_execmode_ingest,AR,AR,-0.02334463223292005,-3.7733415365219045,-3.7499969042889845,1
ar-ar_execmode_ingest-i4-ar-o0-ll-c0-fh-194ea47d2a2b,ar_execmode_ingest,AR,AR,-0.001996908103592432,-6.251996278762789,-6.2499993706591965,1
ar-ar_execmode_ingest-i4-ar-o0-ll-c1-fe-977802e16f10,ar_execmode_ingest,AR,AR,-0.03816913813351874,-3.288169264793339,-3.2500001266598204,1
ar-ar_execmode_ingest-i4-ar-o0-ll-c1-fh-d28d20f3fe36,ar_execmode_ingest,AR,AR,-0.01263788994396009,-4.387637972831669,-4.375000082887709,1
ar-ar_execmode_ingest-i4-ar-o0-ln-c0-fe-ba7657e8d29a,ar_execmode_ingest,AR,AR,-0.02062997780672049,-3.895628809928887,-3.8749988321221664,1
ar-ar_execmode_ingest-i4-ar-o0-ln-c0-fh-518e8141f85a,ar_execmode_ingest,AR,AR,-0.0022461207117814297,-6.127246022224419,-6.124999901512638,1
ar-ar_execmode_ingest-i4-ar-o0-ln-c1-fe-767604a5575f,ar_execmode_ingest,AR,AR,-0.029865430667996407,-3.529865741729708,-3.5000003110617115,1
ar-ar_execmode_ingest-i4-ar-o0-ln-c1-fh-c90918dc1a2b,ar_execmode_ingest,AR,AR,-0.009861087426543236,-4.634861230850191,-4.625000143423648,1
ar-ar_execmode_ingest-i4-ar-o1-ll-c0-fe-fde0d4046865,ar_execmode_ingest,AR,AR,-1.137167930602999,-0.38716772198677063,0.7500002086162283,1
ar-ar_execmode_ingest-i4-ar-o1-ll-c0-fh-5a98c66070c5,ar_execmode_ingest,AR,AR,-0.8262966275214865,-0.5762963891029358,0.2500002384185507,1
ar-ar_execmode_ingest-i4-ar-o1-ll-c1-fe-210ab4c1786f,ar_execmode_ingest,AR,AR,-1.5021920204162527,-0.25219237804401473,1.249999642372238,1
ar-ar_execmode_ingest-i4-ar-o1-ll-c1-fh-6f1cdee68772,ar_execmode_ingest,AR,AR,-1.2237675189971853,-0.34876754879950767,0.8749999701976776,1
ar-ar_execmode_ingest-i4-ar-o1-ln-c0-fe-d33d04d465ea,ar_execmode_ingest,AR,AR,-0.8262317776679708,-0.5762315392494202,0.2500002384185507,1
ar-ar_execmode_ingest-i4-ar-o1-ln-c0-fh-c20c484b0d71,ar_execmode_ingest,AR,AR,-0.6328990459442068,-0.7578989267349243,-0.12499988079071755,1
ar-ar_execmode_ingest-i4-ar-o1-ln-c1-fe-344d6b6b4da4,ar_execmode_ingest,AR,AR,-1.3134962320327688,-0.31349629163739223,0.9999999403953765,1
ar-ar_execmode_ingest-i4-ar-o1-ln-c1-fh-d341cf9067b1,ar_execmode_ingest,AR,AR,-1.0539742708206106,-0.42897409200668335,0.6250001788139272,1
ar-ar_execmode_ingest-i4-ro-o0-ll-c0-fx-17bb1b8968a1,ar_execmode_ingest,RO,AR,-0.38753288984297996,-1.1375328302383352,-0.7499999403953552,1
ar-ar_execmode_ingest-i4-ro-o0-ll-c1-fx-451df1508d21,ar_execmode_ingest,RO,AR,-0.04889854043721442,-3.0488985776901174,-3.000000037252903,1
ar-ar_execmode_ingest-i4-ro-o0-ln-c0-fx-a27b0392e87c,ar_execmode_ingest,RO,AR,-0.34913450479507446,-1.2241345643997121,-0.8750000596046377,1
ar-ar_execmode_ingest-i4-ro-o0-ln-c1-fx-7fc8f4afc06c,ar_execmode_ingest,RO,AR,-0.043292548507444906,-3.1682926416397024,-3.1250000931322575,1
ar-ar_execmode_ingest-i4-ro-o1-ll-c0-fx-0e86cdf48e4d,ar_execmode_ingest,RO,AR,-1.5026540756225515,-0.2526540756225515,1.25,1
ar-ar_execmode_ingest-i4-ro-o1-ll-c1-fx-0596e9f079c0,ar_execmode_ingest,RO,AR,-0.08966547250744838,-2.4646652936935354,-2.374999821186087,1
ar-ar_execmode_ingest-i4-ro-o1-ln-c0-fx-48879ff04835,ar_execmode_ingest,RO,AR,-1.502516746520989,-0.252516746520989,1.25,1
ar-ar_execmode_ingest-i4-ro-o1-ln-c1-fx-a04e59041495,ar_execmode_ingest,RO,AR,-0.12758830189702053,-2.1275880336761475,-1.999999731779127,1
ar-ar_execmode_migration-i0-ar-o0-ll-c0-fe-2d6d0699f318,ar_execmode_migration,AR,AR,-0.04313254721273552,-3.168120265007012,-3.1249877177942764,1
ar-ar_execmode_migration-i0-ar-o0-ll-c0-fh-b964f97ce2f2,ar_execmode_migration,AR,AR,-0.00870874988822834,-4.758704304695122,-4.749995554806894,1
ar-ar_execmode_migration-i0-ar-o0-ll-c1-fe-9a80c24fd928,ar_execmode_migration,AR,AR,-0.07906810939309139,-2.5790683031081585,-2.500000193715067,1
ar-ar_execmode_migration-i0-ar-o0-ll-c1-fh-331fd1bec7f5,ar_execmode_migration,AR,AR,-0.0382140055298521,-3.288214206695443,-3.250000201165591,1
ar-ar_execmode_migration-i0-ar-o0-ln-c0-fe-be489dca3e5d,ar_execmode_migration,AR,AR,-0.06211040167954707,-2.8121060132980276,-2.7499956116184805,1
ar-ar_execmode_migration-i0-ar-o0-ln-c0-fh-ca0404bbe1fe,ar_execmode_migration,AR,AR,-0.012609659692088826,-4.387607693672173,-4.374998033980084,1
ar-ar_execmode_migration-i0-ar-o0-ln-c1-fe-9a5711fe270c,ar_execmode_migration,AR,AR,-0.06213433295487647,-2.81213462352747,-2.7500002905725935,1
ar-ar_execmode_migration-i0-ar-o0-ln-c1-fh-f8508d2872a8,ar_execmode_migration,AR,AR,-0.023380313068621206,-3.77338075637806,-3.750000443309439,1
ar-ar_execmode_migration-i0-ar-o1-ll-c0-fe-25cc02e5cc8a,ar_execmode_migration,AR,AR,-1.8049939870833782,-0.17999373376368766,1.6250002533196906,1
ar-ar_execmode_migration-i0-ar-o1-ll-c0-fh-cdd377c7f039,ar_execmode_migration,AR,AR,-1.6007541418074993,-0.2257537841796875,1.3750003576278118,1
ar-ar_execmode_migration-i0-ar-o1-ll-c1-fe-9495db86f3c7,ar_execmode_migration,AR,AR,-1.7016586065292287,-0.20166093110719885,1.4999976754220299,1
ar-ar_execmode_migration-i0-ar-o1-ll-c1-fh-0c67502b1466,ar_execmode_migration,AR,AR,-2.0179089307784963,-0.142910167573973,1.8749987632045233,1
ar-ar_execmode_migration-i0-ar-o1-ln-c0-fe-8f036a4128f7,ar_execmode_migration,AR,AR,-1.7016413211821941,-0.20164097845554352,1.5000003427266506,1
ar-ar_execmode_migration-i0-ar-o1-ln-c0-fh-1c0cf79b0ab3,ar_execmode_migration,AR,AR,-1.6007194519042685,-0.225719153881073,1.3750002980231955,1
ar-ar_execmode_migration-i0-ar-o1-ln-c1-fe-681b02a6ac9c,ar_execmode_migration,AR,AR,-1.40639674663543,-0.28139787912277825,1.1249988675126517,1
ar-ar_execmode_migration-i0-ar-o1-ln-c1-fh-328ee9822a41,ar_execmode_migration,AR,AR,-1.4064129590988088,-0.28141450881821584,1.124998450280593,1
ar-ar_execmode_migration-i0-ro-o0-ll-c0-fx-2391ccae8aa4,ar_execmode_migration,RO,AR,-0.5242961049079824,-0.8992961049079824,-0.375,1
ar-ar_execmode_migration-i0-ro-o0-ll-c1-fx-bbe366b4914f,ar_execmode_migration,RO,AR,-0.07051298022269492,-2.6955128908157278,-2.624999910593033,1
ar-ar_execmode_migration-i0-ro-o0-ln-c0-fx-3885c406e94f,ar_execmode_migration,RO,AR,-0.4751765727996755,-0.9751765727996755,-0.5,1
ar-ar_execmode_migration-i0-ro-o0-ln-c1-fx-e22b7fcad8f6,ar_execmode_migration,RO,AR,-0.06244471296667342,-2.812444806098931,-2.7500000931322575,1
ar-ar_execmode_migration-i0-ro-o1-ll-c0-fx-c1bf4317c389,ar_execmode_migration,RO,AR,-2.127684235572808,-0.1276842951774526,1.9999999403953552,1
ar-ar_execmode_migration-i0-ro-o1-ll-c1-fx-bc5a8abb558e,ar_execmode_migration,RO,AR,-0.2824709415435507,-1.4074708223342824,-1.1249998807907318,1
ar-ar_execmode_migration-i0-ro-o1-ln-c0-fx-083b3da3f0ff,ar_execmode_migration,RO,AR,-2.127574563026421,-0.12757442891597748,2.0000001341104436,1
ar-ar_execmode_migration-i0-ro-o1-ln-c1-fx-814a69588af0,ar_execmode_migration,RO,AR,-0.31467452645298977,-1.3146742582321167,-0.9999997317791269,1
ar-ar_execmode_migration-i1-ar-o0-ll-c0-fe-9c26583361dc,ar_execmode_migration,AR,AR,-0.05499162889827858,-2.9299794435501028,-2.874987814651824,1
ar-ar_execmode_migration-i1-ar-o0-ll-c0-fh-2eb674e3ca18,ar_execmode_migration,AR,AR,-0.01824643087820732,-4.01823961734771,-3.999993186469503,1
ar-ar_execmode_migration-i1-ar-o0-ll-c1-fe-457b2c43bd26,ar_execmode_migration,AR,AR,-0.06209993362426758,-2.81210005283355,-2.7500001192092824,1
ar-ar_execmode_migration-i1-ar-o0-ll-c1-fh-c97d01a99f59,ar_execmode_migration,AR,AR,-0.048747655004262924,-3.048747658729546,-3.000000003725283,1
ar-ar_execmode_migration-i1-ar-o0-ln-c0-fe-4f6aad81fdaf,ar_execmode_migration,AR,AR,-0.048681817944952854,-3.048679232597344,-2.999997414652391,1
ar-ar_execmode_migration-i1-ar-o0-ln-c0-fh-9b3ac337fe7a,ar_execmode_migration,AR,AR,-0.02334274723875751,-3.773340582847588,-3.7499978356088306,1
ar-ar_execmode_migration-i1-ar-o0-ln-c1-fe-a86519279375,ar_execmode_migration,AR,AR,-0.04311603680253029,-3.168116211891167,-3.125000175088637,1
ar-ar_execmode_migration-i1-ar-o0-ln-c1-fh-37da0853c61e,ar_execmode_migration,AR,AR,-0.033765181899063634,-3.408765196800225,-3.375000014901161,1
ar-ar_execmode_migration-i1-ar-o1-ll-c0-fe-9cf3bc204a56,ar_execmode_migration,AR,AR,-2.017877459526055,-0.1428772360086441,1.8750002235174108,1
ar-ar_execmode_migration-i1-ar-o1-ll-c0-fh-70b52dc29900,ar_execmode_migration,AR,AR,-1.600712776184075,-0.22571268677711487,1.37500008940696,1
ar-ar_execmode_migration-i1-ar-o1-ll-c1-fe-f0bde1ea0b86,ar_execmode_migration,AR,AR,-1.9103920459747243,-0.16039364039761494,1.7499984055771094,1
ar-ar_execmode_migration-i1-ar-o1-ll-c1-fh-66f43bd226c8,ar_execmode_migration,AR,AR,-1.8049640655517507,-0.17996454238874549,1.6249995231630052,1
ar-ar_execmode_migration-i1-ar-o1-ln-c0-fe-9fe9049338ed,ar_execmode_migration,AR,AR,-1.8049594163894582,-0.17995935678482056,1.6250000596046377,1
ar-ar_execmode_migration-i1-ar-o1-ln-c0-fh-7e5046eb3c8c,ar_execmode_migration,AR,AR,-1.5021946430206228,-0.25219449400901794,1.2500001490116048,1
ar-ar_execmode_migration-i1-ar-o1-ln-c1-fe-4993230eeebb,ar_execmode_migration,AR,AR,-1.502101182937615,-0.2521014511584667,1.2499997317791482,1
ar-ar_execmode_migration-i1-ar-o1-ln-c1-fh-44fc3d4a3ce9,ar_execmode_migration,AR,AR,-1.6006101369857788,-0.22561061382282332,1.3749995231629555,1
ar-ar_execmode_migration-i1-ro-o0-ll-c0-fx-7c42c278e0c9,ar_execmode_migration,RO,AR,-0.8987842798232961,-0.5237843990325644,0.37499988079073177,1
ar-ar_execmode_migration-i1-ro-o0-ll-c1-fx-f812b496d965,ar_execmode_migration,RO,AR,-0.07032610476016288,-2.6953262090682912,-2.6250001043081284,1
ar-ar_execmode_migration-i1-ro-o0-ln-c0-fx-45945843e0da,ar_execmode_migration,RO,AR,-0.9747687578201294,-0.47476887702941184,0.49999988079071755,1
ar-ar_execmode_migration-i1-ro-o0-ln-c1-fx-53e8b4bd66db,ar_execmode_migration,RO,AR,-0.07029175758361816,-2.6952918767929006,-2.6250001192092824,1
ar-ar_execmode_migration-i1-ro-o1-ll-c0-fx-3a6acfb9bd4f,ar_execmode_migration,RO,AR,-2.23830330371856,-0.1133032664656568,2.125000037252903,1
ar-ar_execmode_migration-i1-ro-o1-ll-c1-fx-f6ffd4511ab0,ar_execmode_migration,RO,AR,-0.20203891396516838,-1.7020386457443166,-1.4999997317791482,1
ar-ar_execmode_migration-i1-ro-o1-ln-c0-fx-d31eda77acda,ar_execmode_migration,RO,AR,-2.238205313682549,-0.11320510506629944,2.1250002086162496,1
ar-ar_execmode_migration-i1-ro-o1-ln-c1-fx-5bcffae80789,ar_execmode_migration,RO,AR,-0.1803370267152502,-1.805336833000183,-1.624999806284933,1
ar-ar_execmode_migration-i2-ar-o0-ll-c0-fe-36a76d014710,ar_execmode_migration,AR,AR,-0.062109235532261664,-2.812092661857598,-2.749983426325336,1
ar-ar_execmode_migration-i2-ar-o0-ll-c0-fh-e918ec511a5c,ar_execmode_migration,AR,AR,-0.01113907059061603,-4.511132359504693,-4.499993288914077,1
ar-ar_execmode_migration-i2-ar-o0-ll-c1-fe-8ef04674aecd,ar_execmode_migration,AR,AR,-0.062120441347353506,-2.812120676040621,-2.7500002346932675,1
ar-ar_execmode_migration-i2-ar-o0-ll-c1-fh-812e225fdb38,ar_execmode_migration,AR,AR,-0.05505551025270705,-2.9300556182861044,-2.8750001080333973,1
ar-ar_execmode_migration-i2-ar-o0-ln-c0-fe-be8aefd90089,ar_execmode_migration,AR,AR,-0.062093697469208564,-2.8120876550674367,-2.749993957598228,1
ar-ar_execmode_migration-i2-ar-o0-ln-c0-fh-13d17f04b0e6,ar_execmode_migration,AR,AR,-0.01612813956262471,-4.141124367713921,-4.124996228151296,1
ar-ar_execmode_migration-i2-ar-o0-ln-c1-fe-651a3c0e8861,ar_execmode_migration,AR,AR,-0.055032156407825994,-2.9300322532653524,-2.8750000968575264,1
ar-ar_execmode_migration-i2-ar-o0-ln-c1-fh-320f45b5a2e9,ar_execmode_migration,AR,AR,-0.029860801994800568,-3.5298608541488576,-3.500000052154057,1
ar-ar_execmode_migration-i2-ar-o1-ll-c0-fe-a23753587b3c,ar_execmode_migration,AR,AR,-1.8049626350402548,-0.17996247112750297,1.6250001639127518,1
ar-ar_execmode_migration-i2-ar-o1-ll-c0-fh-5ac9cc240b83,ar_execmode_migration,AR,AR,-1.2237703800201132,-0.3487701416015625,0.8750002384185507,1
ar-ar_execmode_migration-i2-ar-o1-ll-c1-fe-34d76d6c3af1,ar_execmode_migration,AR,AR,-1.5021643638610769,-0.2521658241736304,1.2499985396874465,1
ar-ar_execmode_migration-i2-ar-o1-ll-c1-fh-84788d0fcc98,ar_execmode_migration,AR,AR,-1.5021913051605154,-0.25219222903194805,1.2499990761285673,1
ar-ar_execmode_migration-i2-ar-o1-ln-c0-fe-6623cc0020f0,ar_execmode_migration,AR,AR,-1.7016605138778615,-0.2016603648662567,1.5000001490116048,1
ar-ar_execmode_migration-i2-ar-o1-ln-c0-fh-c6d9d1f8c903,ar_execmode_migration,AR,AR,-1.137162446975701,-0.38716235756874084,0.7500000894069601,1
ar-ar_execmode_migration-i2-ar-o1-ln-c1-fe-d3e2338365d6,ar_execmode_migration,AR,AR,-1.4063743352889944,-0.2813751101489288,1.1249992251400656,1
ar-ar_execmode_migration-i2-ar-o1-ln-c1-fh-52a98c18e099,ar_execmode_migration,AR,AR,-1.223732590675347,-0.34873542189143336,0.8749971687839135,1
ar-ar_execmode_migration-i2-ro-o0-ll-c0-fx-8f9c76fb665f,ar_execmode_migration,RO,AR,-0.8268028497695852,-0.5768028497695852,0.25,1
ar-ar_execmode_migration-i2-ro-o0-ll-c1-fx-41635388979d,ar_execmode_migration,RO,AR,-0.07932845503091102,-2.579328417778008,-2.499999962747097,1
ar-ar_execmode_migration-i2-ro-o0-ln-c0-fx-ce893a81f7c0,ar_execmode_migration,RO,AR,-0.8268539905548096,-0.576854109764092,0.24999988079071755,1
ar-ar_execmode_migration-i2-ro-o0-ln-c1-fx-cb6d35f6c806,ar_execmode_migration,RO,AR,-0.07037410140036826,-2.6953741312026906,-2.6250000298023224,1
ar-ar_execmode_migration-i2-ro-o1-ll-c0-fx-00bedda99b0e,ar_execmode_migration,RO,AR,-1.9109256267547536,-0.16092565655707602,1.7499999701976776,1
ar-ar_execmode_migration-i2-ro-o1-ll-c1-fx-036e5961753c,ar_execmode_migration,RO,AR,-0.1276767551898672,-2.1276766061782766,-1.9999998509884094,1
ar-ar_execmode_migration-i2-ro-o1-ln-c0-fx-d75d6c73eb13,ar_execmode_migration,RO,AR,-1.9107977151870656,-0.16079767048358207,1.7500000447034836,1
ar-ar_execmode_migration-i2-ro-o1-ln-c1-fx-b4656d9d2736,ar_execmode_migration,RO,AR,-0.1608963459729864,-1.9108960628509521,-1.7499997168779657,1
ar-ar_execmode_migration-i3-ar-o0-ll-c0-fe-4c7231e1906b,ar_execmode_migration,AR,AR,-0.029854098334880064,-3.5298539400100637,-3.4999998416751836,1
ar-ar_execmode_migration-i3-ar-o0-ll-c0-fh-adc0870022fc,ar_execmode_migration,AR,AR,-0.014267000369500238,-4.264266610145562,-4.2499996097760615,1
ar-ar_execmode_migration-i3-ar-o0-ll-c1-fe-7fd0fad3bd7c,ar_execmode_migration,AR,AR,-0.07006462663409252,-2.695064663886967,-2.6250000372528746,1
ar-ar_execmode_migration-i3-ar-o0-ll-c1-fh-33ff2af70f50,ar_execmode_migration,AR,AR,-0.06211821362370529,-2.812118172645512,-2.7499999590218067,1
ar-ar_execmode_migration-i3-ar-o0-ln-c0-fe-155c494ed2f5,ar_execmode_migration,AR,AR,-0.04873210564255004,-3.0487321615219045,-3.0000000558793545,1
ar-ar_execmode_migration-i3-ar-o0-ln-c0-fh-957b9d98f780,ar_execmode_migration,AR,AR,-0.020650986581813413,-3.895650506019585,-3.8749995194377718,1
ar-ar_execmode_migration-i3-ar-o0-ln-c1-fe-154eaee60a7c,ar_execmode_migration,AR,AR,-0.08910185098647361,-2.4641020298003866,-2.375000178813913,1
ar-ar_execmode_migration-i3-ar-o0-ln-c1-fh-05e9d17b1ea5,ar_execmode_migration,AR,AR,-0.062094442546367645,-2.8120945692062307,-2.750000126659863,1
ar-ar_execmode_migration-i3-ar-o1-ll-c0-fe-f7146f2ec4ae,ar_execmode_migration,AR,AR,-1.4064170122146322,-0.2814169228076864,1.1250000894069458,1
ar-ar_execmode_migration-i3-ar-o1-ll-c0-fh-ac1f68a825a2,ar_execmode_migration,AR,AR,-1.406401157379122,-0.2814008891582489,1.125000268220873,1
ar-ar_execmode_migration-i3-ar-o1-ll-c1-fe-aafcf1369d1c,ar_execmode_migration,AR,AR,-2.3503895998001028,-0.10038948059081321,2.2500001192092896,1
ar-ar_execmode_migration-i3-ar-o1-ll-c1-fh-37dca5eb4f0f,ar_execmode_migration,AR,AR,-1.5022083520889211,-0.25220832228659873,1.2500000298023224,1
ar-ar_execmode_migration-i3-ar-o1-ln-c0-fe-871c3ca1aea6,ar_execmode_migration,AR,AR,-1.053991913795464,-0.42899179458618164,0.6250001192092824,1
ar-ar_execmode_migration-i3-ar-o1-ln-c0-fh-2c85a8b0d06d,ar_execmode_migration,AR,AR,-1.0539745092391897,-0.4289743900299072,0.6250001192092824,1
ar-ar_execmode_migration-i3-ar-o1-ln-c1-fe-44eefcbde15f,ar_execmode_migration,AR,AR,-1.701652169227593,-0.20165209472179413,1.5000000745057989,1
ar-ar_execmode_migration-i3-ar-o1-ln-c1-fh-39b2dec5f157,ar_execmode_migration,AR,AR,-1.3135126829147268,-0.3135128319263174,0.9999998509884094,1
ar-ar_execmode_migration-i3-ro-o0-ll-c0-fx-ff680238dfdb,ar_execmode_migration,RO,AR,-0.38773563504218345,-1.137735605239861,-0.7499999701976776,1
ar-ar_execmode_migration-i3-ro-o0-ll-c1-fx-ef25e7dc333d,ar_execmode_migration,RO,AR,-0.0552976019680429,-2.9302974939346242,-2.8749998919665813,1
ar-ar_execmode_migration-i3-ro-o0-ln-c0-fx-06809a76ad02,ar_execmode_migration,RO,AR,-0.474982887506485,-0.974982976913445,-0.5000000894069601,1
ar-ar_execmode_migration-i3-ro-o0-ln-c1-fx-017a0fa0a4e3,ar_execmode_migration,RO,AR,-0.043335925787680196,-3.168336033821099,-3.1250001080334187,1
ar-ar_execmode_migration-i3-ro-o1-ll-c0-fx-7d3a9750216d,ar_execmode_migration,RO,AR,-2.238484740257256,-0.11348460614681244,2.1250001341104436,1
ar-ar_execmode_migration-i3-ro-o1-ll-c1-fx-c2b1b9492f81,ar_execmode_migration,RO,AR,-0.22628319263457541,-1.6012831926345754,-1.375,1
ar-ar_execmode_migration-i3-ro-o1-ln-c0-fx-a79fa9e588ba,ar_execmode_migration,RO,AR,-2.1275287866592336,-0.12752856314182281,2.000000223517411,1
ar-ar_execmode_migration-i3-ro-o1-ln-c1-fx-e98d9646f27d,ar_execmode_migration,RO,AR,-0.22631286084651236,-1.6013127565383911,-1.3749998956918787,1
ar-ar_execmode_migration-i4-ar-o0-ll-c0-fe-c454fc69f0b8,ar_execmode_migration,AR,AR,-0.07906808701591217,-2.579061150550835,-2.499993063534923,1
ar-ar_execmode_migration-i4-ar-o0-ll-c0-fh-eed1c51b0073,ar_execmode_migration,AR,AR,-0.011151396666946312,-4.51114904880523,-4.499997652138283,1
ar-ar_execmode_migration-i4-ar-o0-ll-c1-fe-12e112f754ef,ar_execmode_migration,AR,AR,-0.07910037040709739,-2.579100251197808,-2.4999998807907104,1
ar-ar_execmode_migration-i4-ar-o0-ll-c1-fh-a8f62887fff4,ar_execmode_migration,AR,AR,-0.033817619085304784,-3.408817648887627,-3.3750000298023224,1
ar-ar_execmode_migration-i4-ar-o0-ln-c0-fe-b7c18ef49ba7,ar_execmode_migration,AR,AR,-0.07009260355948754,-2.6950896978378225,-2.624997094278335,1
ar-ar_execmode_migration-i4-ar-o0-ln-c0-fh-5eb7c6308676,ar_execmode_migration,AR,AR,-0.01426347996982713,-4.264262318611138,-4.249998838641311,1
ar-ar_execmode_migration-i4-ar-o0-ln-c1-fe-a84d8c664964,ar_execmode_migration,AR,AR,-0.062156058847904205,-2.812156081199639,-2.7500000223517347,1
ar-ar_execmode_migration-i4-ar-o0-ln-c1-fh-1e347b80f476,ar_execmode_migration,AR,AR,-0.02066825702785735,-3.8956681489944387,-3.8749998919665813,1
ar-ar_execmode_migration-i4-ar-o1-ll-c0-fe-9674af744bd3,ar_execmode_migration,AR,AR,-1.7017257213592458,-0.2017255574464798,1.500000163912766,1
ar-ar_execmode_migration-i4-ar-o1-ll-c0-fh-85e58fc55d6d,ar_execmode_migration,AR,AR,-1.2238234281539846,-0.34882327914237976,0.8750001490116048,1
ar-ar_execmode_migration-i4-ar-o1-ll-c1-fe-b0d2fd14f680,ar_execmode_migration,AR,AR,-1.600659132003777,-0.22565951943386153,1.3749996125699155,1
ar-ar_execmode_migration-i4-ar-o1-ll-c1-fh-f2c7b6ae52f8,ar_execmode_migration,AR,AR,-1.6006754636764455,-0.22567564249035854,1.374999821186087,1
ar-ar_execmode_migration-i4-ar-o1-ln-c0-fe-4f9a8f863d1b,ar_execmode_migration,AR,AR,-1.6006720066070486,-0.2256718873977661,1.3750001192092824,1
ar-ar_execmode_migration-i4-ar-o1-ln-c0-fh-70a82aa50812,ar_execmode_migration,AR,AR,-1.2237597703933645,-0.34875962138175964,0.8750001490116048,1
ar-ar_execmode_migration-i4-ar-o1-ln-c1-fe-baf6409e85e5,ar_execmode_migration,AR,AR,-1.5021294355392385,-0.2521295845508291,1.2499998509884094,1
ar-ar_execmode_migration-i4-ar-o1-ln-c1-fh-c2bb843984bb,ar_execmode_migration,AR,AR,-1.313511013984673,-0.3135111927985861,0.999999821186087,1
ar-ar_execmode_migration-i4-ro-o0-ll-c0-fx-d38d08d767ff,ar_execmode_migration,RO,AR,-0.7586253285407949,-0.6336253285407949,0.125,1
ar-ar_execmode_migration-i4-ro-o0-ll-c1-fx-62d54f169ef6,ar_execmode_migration,RO,AR,-0.07043276727198844,-2.6954327821731496,-2.625000014901161,1
ar-ar_execmode_migration-i4-ro-o0-ln-c0-fx-aa0a4d8ea50d,ar_execmode_migration,RO,AR,-0.7585432529449463,-0.6335433721542287,0.12499988079071755,1
ar-ar_execmode_migration-i4-ro-o0-ln-c1-fx-91ef34314687,ar_execmode_migration,RO,AR,-0.0623575784265924,-2.8123575448989797,-2.7499999664723873,1
ar-ar_execmode_migration-i4-ro-o1-ll-c0-fx-f3e98cc4b6db,ar_execmode_migration,RO,AR,-1.8054208755493093,-0.1804209053516317,1.6249999701976776,1
ar-ar_execmode_migration-i4-ro-o1-ll-c1-fx-142ebb01d125,ar_execmode_migration,RO,AR,-0.16112872958180446,-1.9111285209655762,-1.7499997913837717,1
ar-ar_execmode_migration-i4-ro-o1-ln-c0-fx-83636a7cc98b,ar_execmode_migration,RO,AR,-1.9107671976089406,-0.1607670933008194,1.7500001043081213,1
ar-ar_execmode_migration-i4-ro-o1-ln-c1-fx-4c56d4da3470,ar_execmode_migration,RO,AR,-0.20218798518180137,-1.7021878957748413,-1.49999991059304,1
ar-ar_logformat_service-i0-ar-o0-ll-c0-fe-30ebc55ec046,ar_logformat_service,AR,AR,-0.005328619386993694,-5.255328893661471,-5.250000274274477,1
ar-ar_logformat_service-i0-ar-o0-ll-c0-fh-7e132e8cfaa0,ar_logformat_service,AR,AR,-0.026492632924600912,-3.6514917612075237,-3.624999128282923,1
ar-ar_logformat_service-i0-ar-o0-ll-c1-fe-08036996801f,ar_logformat_service,AR,AR,-0.01628454588353634,-4.141287446017486,-4.12500290013395,1
ar-ar_logformat_service-i0-ar-o0-ll-c1-fh-715b92a49383,ar_logformat_service,AR,AR,-0.038299474865198135,-3.2883005142207367,-3.2500010393555385,1
ar-ar_logformat_service-i0-ar-o0-ln-c0-fe-e50613ba4095,ar_logformat_service,AR,AR,-0.003684876253821301,-5.628684759139986,-5.624999882886165,1
ar-ar_logformat_service-i0-ar-o0-ln-c0-fh-03d6c66ecdef,ar_logformat_service,AR,AR,-0.02648738957924479,-3.651487231254521,-3.624999841675276,1
ar-ar_logformat_service-i0-ar-o0-ln-c1-fe-60984b920859,ar_logformat_service,AR,AR,-0.016218161210417747,-4.14122164248829,-4.125003481277872,1
ar-ar_logformat_service-i0-ar-o0-ln-c1-fh-138565c92e7c,ar_logformat_service,AR,AR,-0.038291674107313156,-3.288292288780042,-3.2500006146727287,1
ar-ar_logformat_service-i0-ar-o1-ll-c0-fe-f13b12a4a392,ar_logformat_service,AR,AR,-1.1373999118804647,-0.38739973306655884,0.7500001788139059,1
ar-ar_logformat_service-i0-ar-o1-ll-c0-fh-42d4d5df3927,ar_logformat_service,AR,AR,-0.7581112980842022,-0.6331110596656728,0.12500023841852936,1
ar-ar_logformat_service-i0-ar-o1-ll-c1-fe-898513222848,ar_logformat_service,AR,AR,-1.91049671173095,-0.16049678623673458,1.7499999254942153,1
ar-ar_logformat_service-i0-ar-o1-ll-c1-fh-81bad703bcd4,ar_logformat_service,AR,AR,-1.4065185785293508,-0.2815190553663456,1.1249995231630052,1
ar-ar_logformat_service-i0-ar-o1-ln-c0-fe-26823f9b4218,ar_logformat_service,AR,AR,-0.8263847827911306,-0.5763846635818481,0.25000011920928245,1
ar-ar_logformat_service-i0-ar-o1-ln-c0-fh-88fdbd03cf3c,ar_logformat_service,AR,AR,-0.576398730278008,-0.826398730278008,-0.25,1
ar-ar_logformat_service-i0-ar-o1-ln-c1-fe-299aa5f6e02e,ar_logformat_service,AR,AR,-1.8049832582473755,-0.17998373508442,1.6249995231629555,1
ar-ar_logformat_service-i0-ar-o1-ln-c1-fh-ddf403715ac4,ar_logformat_service,AR,AR,-1.5022623538970947,-0.25226309895492705,1.2499992549421677,1
ar-ar_logformat_service-i0-ro-o0-ll-c0-fx-5e1d5dad5f19,ar_logformat_service,RO,AR,-0.3889341354370117,-1.1389344930648235,-0.7500003576278118,1
ar-ar_logformat_service-i0-ro-o0-ll-c1-fx-82f9903d6131,ar_logformat_service,RO,AR,-0.06278802454470878,-2.812788128852837,-2.7500001043081284,1
ar-ar_logformat_service-i0-ro-o0-ln-c0-fx-e20477201832,ar_logformat_service,RO,AR,-0.3498493432998657,-1.2248495817184164,-0.8750002384185507,1
ar-ar_logformat_service-i0-ro-o0-ln-c1-fx-bdec70d1ddd6,ar_logformat_service,RO,AR,-0.05544850975274329,-2.9304484128951955,-2.8749999031424522,1
ar-ar_logformat_service-i0-ro-o1-ll-c0-fx-0f9259c7f975,ar_logformat_service,RO,AR,-0.6341524124145508,-0.7591525316238332,-0.12500011920928245,1
ar-ar_logformat_service-i0-ro-o1-ll-c1-fx-69f81ea55ff3,ar_logformat_service,RO,AR,-0.04390208423136954,-3.168902039527886,-3.1249999552965164,1
ar-ar_logformat_service-i0-ro-o1-ln-c0-fx-6ebc5207675d,ar_logformat_service,RO,AR,-0.6941658854484558,-0.6941660046577383,-1.1920928244535389e-07,1
ar-ar_logformat_service-i0-ro-o1-ln-c1-fx-21a858d682ae,ar_logformat_service,RO,AR,-0.034261330962173986,-3.409261345863335,-3.375000014901161,1
ar-ar_logformat_service-i1-ar-o0-ll-c0-fe-1f6280dfb787,ar_logformat_service,AR,AR,-0.009891309775298396,-4.634891390800419,-4.625000081025121,1
ar-ar_logformat_service-i1-ar-o0-ll-c0-fh-e35efc62474c,ar_logformat_service,AR,AR,-0.0702280253144636,-2.6952261924742515,-2.624998167159788,1
ar-ar_logformat_service-i1-ar-o0-ll-c1-fe-174d465ea436,ar_logformat_service,AR,AR,-0.023549387231469154,-3.773550987242288,-3.750001600010819,1
ar-ar_logformat_service-i1-ar-o0-ll-c1-fh-d7eede814875,ar_logformat_service,AR,AR,-0.08928622305393219,-2.4642870426175705,-2.3750008195636383,1
ar-ar_logformat_service-i1-ar-o0-ln-c0-fe-43c5ad8bf776,ar_logformat_service,AR,AR,-0.006846899632193981,-5.006846666336031,-4.999999766703837,1
ar-ar_logformat_service-i1-ar-o0-ln-c0-fh-a6e6706905d2,ar_logformat_service,AR,AR,-0.055155877022912136,-2.930155158042737,-2.874999281019825,1
ar-ar_logformat_service-i1-ar-o0-ln-c1-fe-032934378cf6,ar_logformat_service,AR,AR,-0.02076423540711403,-3.895765900610627,-3.875001665203513,1
ar-ar_logformat_service-i1-ar-o0-ln-c1-fh-e05dbc6e1ed2,ar_logformat_service,AR,AR,-0.08928665518760681,-2.464287161826917,-2.37500050663931,1
ar-ar_logformat_service-i1-ar-o1-ll-c0-fe-f615b6b21fc8,ar_logformat_service,AR,AR,-1.406619310379,-0.28161904215812683,1.125000268220873,1
ar-ar_logformat_service-i1-ar-o1-ll-c0-fh-664305fc0d8c,ar_logformat_service,AR,AR,-0.7581107616423992,-0.6331108808516319,0.12499988079076729,1
ar-ar_logformat_service-i1-ar-o1-ll-c1-fe-96e24625a07c,ar_logformat_service,AR,AR,-1.805078625679009,-0.18007914721948737,1.6249994784595216,1
ar-ar_logformat_service-i1-ar-o1-ll-c1-fh-4f86093bc45c,ar_logformat_service,AR,AR,-1.2238709926605154,-0.3488729000071089,0.8749980926534064,1
ar-ar_logformat_service-i1-ar-o1-ln-c0-fe-faea3c210a89,ar_logformat_service,AR,AR,-1.0541691780090048,-0.4291689097881317,0.6250002682208731,1
ar-ar_logformat_service-i1-ar-o1-ln-c0-fh-96528144b142,ar_logformat_service,AR,AR,-0.5763988494872976,-0.8263988494872976,-0.25,1
ar-ar_logformat_service-i1-ar-o1-ln-c1-fe-89fde47ef8f7,ar_logformat_service,AR,AR,-1.8050514459609914,-0.18005351722013074,1.6249979287408607,1
ar-ar_logformat_service-i1-ar-o1-ln-c1-fh-518f2617c698,ar_logformat_service,AR,AR,-1.406508684158318,-0.281510829923036,1.124997854235282,1
ar-ar_logformat_service-i1-ro-o0-ll-c0-fx-4e5800670874,ar_logformat_service,RO,AR,-0.5779886245727539,-0.8279888629913046,-0.2500002384185507,1
ar-ar_logformat_service-i1-ro-o0-ll-c1-fx-d649b0ed51ef,ar_logformat_service,RO,AR,-0.04362457990645652,-3.16862463951108,-3.1250000596046235,1
ar-ar_logformat_service-i1-ro-o0-ln-c0-fx-dbadd8fee305,ar_logformat_service,RO,AR,-0.5775769948959351,-0.8275772333144857,-0.2500002384185507,1
ar-ar_logformat_service-i1-ro-o0-ln-c1-fx-61358335769e,ar_logformat_service,RO,AR,-0.04910535365342383,-3.0491052865981985,-2.9999999329447746,1
ar-ar_logformat_service-i1-ro-o1-ll-c0-fx-a15aede2911f,ar_logformat_service,RO,AR,-1.054786205291748,-0.42978638410567527,0.6249998211860728,1
ar-ar_logformat_service-i1-ro-o1-ll-c1-fx-bed38f80ce91,ar_logformat_service,RO,AR,-0.03884957358240371,-3.2888494729995656,-3.249999899417162,1
ar-ar_logformat_service-i1-ro-o1-ln-c0-fx-42d34d32b5b7,ar_logformat_service,RO,AR,-0.9750532507896423,-0.4750533699989248,0.49999988079071755,1
ar-ar_logformat_service-i1-ro-o1-ln-c1-fx-83c75344d973,ar_logformat_service,RO,AR,-0.030484130606048154,-3.530484080314629,-3.499999949708581,1
ar-ar_logformat_service-i2-ar-o0-ll-c0-fe-ef489e039b73,ar_logformat_service,AR,AR,-0.006837187800549316,-5.006837248802128,-5.000000061001579,1
ar-ar_logformat_service-i2-ar-o0-ll-c0-fh-7282e9e58c21,ar_logformat_service,AR,AR,-0.029956389218341428,-3.5299563407895675,-3.499999951571226,1
ar-ar_logformat_service-i2-ar-o0-ll-c1-fe-c08f55219777,ar_logformat_service,AR,AR,-0.016342833638191223,-4.141345620150787,-4.125002786512596,1
ar-ar_logformat_service-i2-ar-o0-ll-c1-fh-f78eb487cdfa,ar_logformat_service,AR,AR,-0.04885710030794144,-3.0488578081129276,-3.000000707804986,1
ar-ar_logformat_service-i2-ar-o0-ln-c0-fe-6fef31a38c26,ar_logformat_service,AR,AR,-0.003726208116830776,-5.62872624397275,-5.625000035855919,1
ar-ar_logformat_service-i2-ar-o0-ln-c0-fh-942ffccd9502,ar_logformat_service,AR,AR,-0.038280803709881184,-3.288280487060433,-3.249999683350552,1
ar-ar_logformat_service-i2-ar-o0-ln-c1-fe-e06f22ff6f08,ar_logformat_service,AR,AR,-0.012720045633614063,-4.387726783730159,-4.375006738096545,1
ar-ar_logformat_service-i2-ar-o0-ln-c1-fh-36c282b45ed9,ar_logformat_service,AR,AR,-0.048902396112680435,-3.048903107642957,-3.0000007115302765,1
ar-ar_logformat_service-i2-ar-o1-ll-c0-fe-77c7e063c70f,ar_logformat_service,AR,AR,-1.4067114591597942,-0.28171107172966003,1.1250003874301342,1
ar-ar_logformat_service-i2-ar-o1-ll-c0-fh-1a0090b63f05,ar_logformat_service,AR,AR,-0.7581391334533407,-0.6331391334533407,0.125,1
ar-ar_logformat_service-i2-ar-o1-ll-c1-fe-e6210aa470ff,ar_logformat_service,AR,AR,-1.8051050901412893,-0.18010528385633506,1.6249998062849542,1
ar-ar_logformat_service-i2-ar-o1-ll-c1-fh-3539ac6c05f2,ar_logformat_service,AR,AR,-1.3136886358261037,-0.3136895596975364,0.9999990761285673,1
ar-ar_logformat_service-i2-ar-o1-ln-c0-fe-fa3766ed04eb,ar_logformat_service,AR,AR,-1.1373842954635336,-0.3873840272426605,0.7500002682208731,1
ar-ar_logformat_service-i2-ar-o1-ln-c0-fh-5ea538d4b1d2,ar_logformat_service,AR,AR,-0.5765211582183767,-0.8265211582183767,-0.25,1
ar-ar_logformat_service-i2-ar-o1-ln-c1-fe-b99f0741d235,ar_logformat_service,AR,AR,-2.0179640054702688,-0.14296440780151443,1.8749995976687543,1
ar-ar_logformat_service-i2-ar-o1-ln-c1-fh-5338f28f87c4,ar_logformat_service,AR,AR,-1.2238839864730764,-0.3488851487627471,0.8749988377103293,1
ar-ar_logformat_service-i2-ro-o0-ll-c0-fx-8587d5d3258a,ar_logformat_service,RO,AR,-0.4763961136341095,-0.9763964414595989,-0.5000003278254894,1
ar-ar_logformat_service-i2-ro-o0-ll-c1-fx-95e8fcc76684,ar_logformat_service,RO,AR,-0.04383465275167708,-3.1688346862792685,-3.1250000335275914,1
ar-ar_logformat_service-i2-ro-o0-ln-c0-fx-852b54ee7eea,ar_logformat_service,RO,AR,-0.47588974237442017,-0.9758899807929708,-0.5000002384185507,1
ar-ar_logformat_service-i2-ro-o0-ln-c1-fx-532a50f0f8ab,ar_logformat_service,RO,AR,-0.0434969849884439,-3.1684969663619924,-3.1249999813735485,1
ar-ar_logformat_service-i2-ro-o1-ll-c0-fx-e37a2cb1c46b,ar_logformat_service,RO,AR,-0.8994860053062439,-0.5244861245155263,0.37499988079071755,1
ar-ar_logformat_service-i2-ro-o1-ll-c1-fx-50ed9735ee32,ar_logformat_service,RO,AR,-0.03903485834597831,-3.2890349626541067,-3.2500001043081284,1
ar-ar_logformat_service-i2-ro-o1-ln-c0-fx-33f06651414e,ar_logformat_service,RO,AR,-0.8269509077072144,-0.5769510269164968,0.24999988079071755,1
ar-ar_logformat_service-i2-ro-o1-ln-c1-fx-a2654c59fea2,ar_logformat_service,RO,AR,-0.027025904506437826,-3.652025818824761,-3.624999914318323,1
ar-ar_logformat_service-i3-ar-o0-ll-c0-fe-cbbffa96e1b5,ar_logformat_service,AR,AR,-0.018328821286559105,-4.018328785896294,-3.999999964609735,1
ar-ar_logformat_service-i3-ar-o0-ll-c0-fh-89e3eca79962,ar_logformat_service,AR,AR,-0.07021110504859962,-2.695211172103768,-2.6250000670551685,1
ar-ar_logformat_service-i3-ar-o0-ll-c1-fe-06215cc92480,ar_logformat_service,AR,AR,-0.03403782472014427,-3.4090387821192962,-3.375000957399152,1
ar-ar_logformat_service-i3-ar-o0-ll-c1-fh-4af5115edaca,ar_logformat_service,AR,AR,-0.11319893598556519,-2.2381999492640716,-2.1250010132785064,1
ar-ar_logformat_service-i3-ar-o0-ln-c0-fe-52bafd98af37,ar_logformat_service,AR,AR,-0.009909011423580694,-4.634908795356743,-4.624999783933163,1
ar-ar_logformat_service-i3-ar-o0-ln-c0-fh-31d854e24e91,ar_logformat_service,AR,AR,-0.05516044422978439,-2.93016028404233,-2.8749998398125456,1
ar-ar_logformat_service-i3-ar-o0-ln-c1-fe-7a7f959761fb,ar_logformat_service,AR,AR,-0.048883892595767975,-3.0488849878305473,-3.0000010952347793,1
ar-ar_logformat_service-i3-ar-o0-ln-c1-fh-7513e7753374,ar_logformat_service,AR,AR,-0.1430821418762207,-2.018082737922498,-1.8750005960462772,1
ar-ar_logformat_service-i3-ar-o1-ll-c0-fe-a26d6f585d44,ar_logformat_service,AR,AR,-1.224040865898104,-0.3490407168865133,0.8750001490115906,1
ar-ar_logformat_service-i3-ar-o1-ll-c0-fh-9747137af639,ar_logformat_service,AR,AR,-0.6936984658240135,-0.6936984658240135,0.0,1
ar-ar_logformat_service-i3-ar-o1-ll-c1-fe-0452e7cc2bb3,ar_logformat_service,AR,AR,-1.9105663299560476,-0.1605663150548864,1.7500000149011612,1
ar-ar_logformat_service-i3-ar-o1-ll-c1-fh-7671c76e3671,ar_logformat_service,AR,AR,-1.2238637208938528,-0.3488642573354923,0.8749994635583604,1
ar-ar_logformat_service-i3-ar-o1-ln-c0-fe-936c62113f06,ar_logformat_service,AR,AR,-0.8986144065856863,-0.5236142873764038,0.37500011920928245,1
ar-ar_logformat_service-i3-ar-o1-ln-c0-fh-f9ce54daba51,ar_logformat_service,AR,AR,-0.4291914701461721,-1.0541918277739342,-0.6250003576277621,1
ar-ar_logformat_service-i3-ar-o1-ln-c1-fe-337c61fb3847,ar_logformat_service,AR,AR,-1.600738763809204,-0.22573922574508742,1.3749995380641167,1
ar-ar_logformat_service-i3-ar-o1-ln-c1-fh-4d5ebe95cf8e,ar_logformat_service,AR,AR,-1.1372925043106008,-0.3872948586908933,0.7499976456197075,1
ar-ar_logformat_service-i3-ro-o0-ll-c0-fx-6f3c58e9e434,ar_logformat_service,RO,AR,-0.5784027576446533,-0.828402996063204,-0.2500002384185507,1
ar-ar_logformat_service-i3-ro-o0-ll-c1-fx-219db0f6af64,ar_logformat_service,RO,AR,-0.06297575682400947,-2.8129758834838583,-2.750000126659849,1
ar-ar_logformat_service-i3-ro-o0-ln-c0-fx-6a17b8486269,ar_logformat_service,RO,AR,-0.7594919204711914,-0.6344921588897421,0.12499976158144932,1
ar-ar_logformat_service-i3-ro-o0-ln-c1-fx-985783295c7b,ar_logformat_service,RO,AR,-0.07070014625787735,-2.6957002878189016,-2.6250001415610242,1
ar-ar_logformat_service-i3-ro-o1-ll-c0-fx-c1943355d6c3,ar_logformat_service,RO,AR,-1.0552152395248342,-0.430215299129479,0.6249999403953552,1
ar-ar_logformat_service-i3-ro-o1-ll-c1-fx-d08ed3988571,ar_logformat_service,RO,AR,-0.055955890566103506,-2.9309560060501028,-2.8750001154839993,1
ar-ar_logformat_service-i3-ro-o1-ln-c0-fx-3fc2f0f6f4cd,ar_logformat_service,RO,AR,-1.0547839403152466,-0.429784059524529,0.6249998807907176,1
ar-ar_logformat_service-i3-ro-o1-ln-c1-fx-7d276d0bbf1f,ar_logformat_service,RO,AR,-0.02706547081469779,-3.6520652770996094,-3.6249998062849116,1
ar-ar_logformat_service-i4-ar-o0-ll-c0-fe-cf540553cd89,ar_logformat_service,AR,AR,-0.004703411832423399,-5.379703283309908,-5.374999871477485,1
ar-ar_logformat_service-i4-ar-o0-ll-c0-fh-f570c3819891,ar_logformat_service,AR,AR,-0.038232389837048686,-3.2882318496702965,-3.249999459833248,1
ar-ar_logformat_service-i4-ar-o0-ll-c1-fe-2b9c16c2332e,ar_logformat_service,AR,AR,-0.012710864655673504,-4.387711644172498,-4.375000779516824,1
ar-ar_logformat_service-i4-ar-o0-ll-c1-fh-b8c29a2f37f6,ar_logformat_service,AR,AR,-0.062266621738672256,-2.8122668266296103,-2.750000204890938,1
ar-ar_logformat_service-i4-ar-o0-ln-c0-fe-0e639098efbd,ar_logformat_service,AR,AR,-0.0028794051613090232,-5.877879381179781,-5.874999976018472,1
ar-ar_logformat_service-i4-ar-o0-ln-c0-fh-e59c8313062b,ar_logformat_service,AR,AR,-0.03822850063374972,-3.2882277965544517,-3.249999295920702,1
ar-ar_logformat_service-i4-ar-o0-ln-c1-fe-fbd73e1db339,ar_logformat_service,AR,AR,-0.011198525317013264,-4.511198997497445,-4.500000472180432,1
ar-ar_logformat_service-i4-ar-o0-ln-c1-fh-739a7949d5f4,ar_logformat_service,AR,AR,-0.07027997821569443,-2.695280313491793,-2.6250003352760984,1
ar-ar_logformat_service-i4-ar-o1-ll-c0-fe-f87c061e1519,ar_logformat_service,AR,AR,-1.502372384071343,-0.2523723244667053,1.2500000596046377,1
ar-ar_logformat_service-i4-ar-o1-ll-c0-fh-d71cbd539052,ar_logformat_service,AR,AR,-0.9745573997497488,-0.47455799579597624,0.4999994039537725,1
ar-ar_logformat_service-i4-ar-o1-ll-c1-fe-185646ef16df,ar_logformat_service,AR,AR,-2.127132534980767,-0.12713269889351864,1.9999998360872482,1
ar-ar_logformat_service-i4-ar-o1-ll-c1-fh-ec77837bd83f,ar_logformat_service,AR,AR,-1.5022697448730398,-0.25227019190771216,1.2499995529653276,1
ar-ar_logformat_service-i4-ar-o1-ln-c0-fe-50566148aa7d,ar_logformat_service,AR,AR,-1.3136574029922414,-0.3136572241783142,1.0000001788139272,1
ar-ar_logformat_service-i4-ar-o1-ln-c0-fh-ca7759c85f92,ar_logformat_service,AR,AR,-0.826442003250115,-0.5764421224593832,0.24999988079073177,1
ar-ar_logformat_service-i4-ar-o1-ln-c1-fe-34c591e4c0fa,ar_logformat_service,AR,AR,-2.23801589012146,-0.11301640421140746,2.1249994859100525,1
ar-ar_logformat_service-i4-ar-o1-ln-c1-fh-530cdfdc1be8,ar_logformat_service,AR,AR,-1.6007436513900757,-0.22574453055824506,1.3749991208318306,1
ar-ar_logformat_service-i4-ro-o0-ll-c0-fx-5e2e1a8612be,ar_logformat_service,RO,AR,-0.5779405832290649,-0.8279408216476156,-0.2500002384185507,1
ar-ar_logformat_service-i4-ro-o0-ll-c1-fx-52f954a6961d,ar_logformat_service,RO,AR,-0.049197625368826436,-3.0491975545883108,-2.9999999292194843,1
ar-ar_logformat_service-i4-ro-o0-ln-c0-fx-774e0e5738e9,ar_logformat_service,RO,AR,-0.5775368809700012,-0.8275371193885519,-0.2500002384185507,1
ar-ar_logformat_service-i4-ro-o0-ln-c1-fx-5879bc37da4e,ar_logformat_service,RO,AR,-0.05534621328114753,-2.930346131324761,-2.8749999180436134,1
ar-ar_logformat_service-i4-ro-o1-ll-c0-fx-f1567bfe8fe7,ar_logformat_service,RO,AR,-0.7589164972305298,-0.6339166164398122,0.12499988079071755,1
ar-ar_logformat_service-i4-ro-o1-ll-c1-fx-0f8b52a2ab19,ar_logformat_service,RO,AR,-0.03451622277497535,-3.4095162153243948,-3.3749999925494194,1
ar-ar_logformat_service-i4-ro-o1-ln-c0-fx-c328b2f3789c,ar_logformat_service,RO,AR,-0.7586548328399658,-0.6336549520492483,0.12499988079071755,1
ar-ar_logformat_service-i4-ro-o1-ln-c1-fx-a4f8d2e30e18,ar_logformat_service,RO,AR,-0.02692077495157008,-3.651920676231377,-3.624999901279807,1
ar-ar_naming_config-i0-ar-o0-ll-c0-fe-2f1f6ba335e9,ar_naming_config,AR,AR,-0.03015226124216497,-3.5301506519244867,-3.4999983906823218,1
ar-ar_naming_config-i0-ar-o0-ll-c0-fh-835ca1fe3007,ar_naming_config,AR,AR,-0.0029646365392181906,-5.877974867733428,-5.87501023119421,1
ar-ar_naming_config-i0-ar-o0-ll-c1-fe-037356113a9a,ar_naming_config,AR,AR,-0.06257177144220805,-2.812606930070615,-2.750035158628407,1
ar-ar_naming_config-i0-ar-o0-ll-c1-fh-105c408117fd,ar_naming_config,AR,AR,-0.030113577835436445,-3.530183431779733,-3.5000698539442965,1
ar-ar_naming_config-i0-ar-o0-ln-c0-fe-26f03fd6f55e,ar_naming_config,AR,AR,-0.030167628067829355,-3.530167818056725,-3.5000001899888957,1
ar-ar_naming_config-i0-ar-o0-ln-c0-fh-46faf74e336f,ar_naming_config,AR,AR,-0.0009419070546528019,-7.125971674428001,-7.1250297673733485,1
ar-ar_naming_config-i0-ar-o0-ln-c1-fe-91afbd161dea,ar_naming_config,AR,AR,-0.05544900894119564,-2.930526611104142,-2.8750776021629463,1
ar-ar_naming_config-i0-ar-o0-ln-c1-fh-9d5c8e1e09ed,ar_naming_config,AR,AR,-0.01132407877469177,-4.5114400317761465,-4.500115953001455,1
ar-ar_naming_config-i0-ar-o1-ll-c0-fe-a553bf5d7d69,ar_naming_config,AR,AR,-0.8990885018674817,-0.5240858792894869,0.37500262257799477,1
ar-ar_naming_config-i0-ar-o1-ll-c0-fh-d4fcbcc7c4a4,ar_naming_config,AR,AR,-0.974992930865028,-0.4750102159432572,0.4999827149217708,1
ar-ar_naming_config-i0-ar-o1-ll-c1-fe-f3be9997f6f1,ar_naming_config,AR,AR,-1.054600000381015,-0.42960387467201144,0.6249961257090035,1
ar-ar_naming_config-i0-ar-o1-ll-c1-fh-02ea26b0ff0f,ar_naming_config,AR,AR,-1.6011031866066787,-0.2261080294661042,1.3749951571405745,1
ar-ar_naming_config-i0-ar-o1-ln-c0-fe-31ca28347ccc,ar_naming_config,AR,AR,-0.7585568426893587,-0.6335446834518734,0.12501215923748532,1
ar-ar_naming_config-i0-ar-o1-ln-c0-fh-0821252bcb6e,ar_naming_config,AR,AR,-1.2245470285229203,-0.34955000873287645,0.8749970197900439,1
ar-ar_naming_config-i0-ar-o1-ln-c1-fe-cc4cf616e0c0,ar_naming_config,AR,AR,-0.8268460035317275,-0.5768505334690417,0.24999547006268585,1
ar-ar_naming_config-i0-ar-o1-ln-c1-fh-c3f9e96885c9,ar_naming_config,AR,AR,-1.137845635413555,-0.3878540396244716,0.7499915957890835,1
ar-ar_naming_config-i0-ro-o0-ll-c0-fx-f516dcc56620,ar_naming_config,RO,AR,-0.002909596776532908,-6.127911448476198,-6.125001851699665,1
ar-ar_naming_config-i0-ro-o0-ll-c1-fx-6a7b567d957c,ar_naming_config,RO,AR,-0.0018598423338858083,-6.626860380172502,-6.625000537838616,1
ar-ar_naming_config-i0-ro-o0-ln-c0-fx-d34193ffb408,ar_naming_config,RO,AR,-0.000669851200626681,-8.250672459597808,-8.250002608397182,1
ar-ar_naming_config-i0-ro-o0-ln-c1-fx-ee8e68c15946,ar_naming_config,RO,AR,-0.0003370671474556275,-9.750337600707553,-9.750000533560097,1
ar-ar_naming_config-i0-ro-o1-ll-c0-fx-322ac9160980,ar_naming_config,RO,AR,-0.7654342055319603,-0.6404348015779533,0.124999403954007,1
ar-ar_naming_config-i0-ro-o1-ll-c1-fx-e1cb7157d514,ar_naming_config,RO,AR,-0.14755085110607524,-2.022550582885515,-1.8749997317794396,1
ar-ar_naming_config-i0-ro-o1-ln-c0-fx-c591c82e13b8,ar_naming_config,RO,AR,-0.835080504417391,-0.5850813388818779,0.24999916553551316,1
ar-ar_naming_config-i0-ro-o1-ln-c1-fx-d90c9cef94f5,ar_naming_config,RO,AR,-0.11845122277702558,-2.2434512376781868,-2.125000014901161,1
ar-ar_naming_config-i1-ar-o0-ll-c0-fe-0b76166e0546,ar_naming_config,AR,AR,-0.02997837028306094,-3.5299767255737606,-3.4999983552906997,1
ar-ar_naming_config-i1-ar-o0-ll-c0-fh-cce8aee90446,ar_naming_config,AR,AR,-0.005362071093031773,-5.255367279019993,-5.250005207926961,1
ar-ar_naming_config-i1-ar-o0-ll-c1-fe-663347433e99,ar_naming_config,AR,AR,-0.043323688206555744,-3.168354987534258,-3.125031299327702,1
ar-ar_naming_config-i1-ar-o0-ll-c1-fh-7458cb9aa4fe,ar_naming_config,AR,AR,-0.038347087781858136,-3.2883777611677942,-3.250030673385936,1
ar-ar_naming_config-i1-ar-o0-ln-c0-fe-eb421ad1237a,ar_naming_config,AR,AR,-0.03827304392871156,-3.28827655313944,-3.2500035092107282,1
ar-ar_naming_config-i1-ar-o0-ln-c0-fh-21e41153ed3f,ar_naming_config,AR,AR,-0.002928140572862503,-5.87794339643915,-5.875015255866288,1
ar-ar_naming_config-i1-ar-o0-ln-c1-fe-699333f919f6,ar_naming_config,AR,AR,-0.030039235948834175,-3.5300995092620724,-3.500060273313238,1
ar-ar_naming_config-i1-ar-o0-ln-c1-fh-d4cb82533488,ar_naming_config,AR,AR,-0.016268061468508677,-4.141338584093319,-4.12507052262481,1
ar-ar_naming_config-i1-ar-o1-ll-c0-fe-bcc88e20fd63,ar_naming_config,AR,AR,-0.8266139030224622,-0.5766174792706806,0.24999642375178155,1
ar-ar_naming_config-i1-ar-o1-ll-c0-fh-799d717641a1,ar_naming_config,AR,AR,-0.9748488664572506,-0.47486579397627793,0.4999830724809726,1
ar-ar_naming_config-i1-ar-o1-ll-c1-fe-07b6a483fe08,ar_naming_config,AR,AR,-0.9747864007948124,-0.4747949838219938,0.49999141697281857,1
ar-ar_naming_config-i1-ar-o1-ll-c1-fh-f78f2088e099,ar_naming_config,AR,AR,-1.5025154352186405,-0.2525232135903934,1.249992221628247,1
ar-ar_naming_config-i1-ar-o1-ln-c0-fe-e5099554147a,ar_naming_config,AR,AR,-0.8988634347579136,-0.5238578319515454,0.3750056028063682,1
ar-ar_naming_config-i1-ar-o1-ln-c0-fh-f7b5428e5ee9,ar_naming_config,AR,AR,-1.0545948743772442,-0.42960456005585,0.6249903143213942,1
ar-ar_naming_config-i1-ar-o1-ln-c1-fe-4fc457c6068e,ar_naming_config,AR,AR,-0.8988453149793827,-0.5238494872933188,0.3749958276860639,1
ar-ar_naming_config-i1-ar-o1-ln-c1-fh-0d3b981284dc,ar_naming_config,AR,AR,-1.137590527534428,-0.3875992595740172,0.7499912679604108,1
ar-ar_naming_config-i1-ro-o0-ll-c0-fx-3793fc9d203a,ar_naming_config,RO,AR,-0.006279975175829122,-5.131281375883987,-5.1250014007081575,1
ar-ar_naming_config-i1-ro-o0-ll-c1-fx-951a7d51d02d,ar_naming_config,RO,AR,-0.0024230903945792193,-6.127423286437875,-6.125000196043295,1
ar-ar_naming_config-i1-ro-o0-ln-c0-fx-5deb73e15fd3,ar_naming_config,RO,AR,-0.000759075162903855,-7.375760793683639,-7.3750017185207355,1
ar-ar_naming_config-i1-ro-o0-ln-c1-fx-4419287a0126,ar_naming_config,RO,AR,-0.0002172949461893836,-9.125217914581185,-9.125000619634996,1
ar-ar_naming_config-i1-ro-o1-ll-c0-fx-4b476dc8d26c,ar_naming_config,RO,AR,-0.6984709501265343,-0.6984711885449997,-2.3841846541472478e-07,1
ar-ar_naming_config-i1-ro-o1-ll-c1-fx-8053e0d4ead9,ar_naming_config,RO,AR,-0.09214200079395596,-2.4671418666837326,-2.3749998658897766,1
ar-ar_naming_config-i1-ro-o1-ln-c0-fx-bbe34b9b9c22,ar_naming_config,RO,AR,-0.6386929154395773,-0.7636933922765365,-0.12500047683695925,1
ar-ar_naming_config-i1-ro-o1-ln-c1-fx-fea22dfccb87,ar_naming_config,RO,AR,-0.07281921058859098,-2.6978189945218674,-2.6249997839332764,1
ar-ar_naming_config-i2-ar-o0-ll-c0-fe-ee653bb61e47,ar_naming_config,AR,AR,-0.03829426315314777,-3.2882901430061793,-3.2499958798530315,1
ar-ar_naming_config-i2-ar-o0-ll-c0-fh-7deafcad4b7f,ar_naming_config,AR,AR,-0.006082500788579637,-5.131093501928262,-5.125011001139683,1
ar-ar_naming_config-i2-ar-o0-ll-c1-fe-a899278c0395,ar_naming_config,AR,AR,-0.08938016742422406,-2.4644402246995014,-2.3750600572752774,1
ar-ar_naming_config-i2-ar-o0-ll-c1-fh-059ee71c2d07,ar_naming_config,AR,AR,-0.04333108290893506,-3.1684020731336204,-3.1250709902246854,1
ar-ar_naming_config-i2-ar-o0-ln-c0-fe-3e26199a299f,ar_naming_config,AR,AR,-0.06228619067587715,-2.812285184852044,-2.749998994176167,1
ar-ar_naming_config-i2-ar-o0-ln-c0-fh-f1c52a83a47e,ar_naming_config,AR,AR,-0.003323515875308658,-5.753354787277203,-5.750031271401895,1
ar-ar_naming_config-i2-ar-o0-ln-c1-fe-b20fcffccfcd,ar_naming_config,AR,AR,-0.07933223992563398,-2.5794191322202096,-2.5000868922945756,1
ar-ar_naming_config-i2-ar-o0-ln-c1-fh-85a1633b6b05,ar_naming_config,AR,AR,-0.02078958600736769,-3.8958408819053147,-3.875051295897947,1
ar-ar_naming_config-i2-ar-o1-ll-c0-fe-5e12580ffd3e,ar_naming_config,AR,AR,-0.6939038633845485,-0.6939033865519377,4.7683261072961614e-07,1
ar-ar_naming_config-i2-ar-o1-ll-c0-fh-3040129f8b69,ar_naming_config,AR,AR,-0.8268157243569476,-0.5768235920950247,0.24999213226192296,1
ar-ar_naming_config-i2-ar-o1-ll-c1-fe-f6687d7e89f3,ar_naming_config,AR,AR,-0.9748212099073044,-0.47482815381954424,0.4999930560877601,1
ar-ar_naming_config-i2-ar-o1-ll-c1-fh-647cba8385be,ar_naming_config,AR,AR,-1.4068475961679496,-0.28185266254467933,1.1249949336232703,1
ar-ar_naming_config-i2-ar-o1-ln-c0-fe-37f36b76fe43,ar_naming_config,AR,AR,-0.6333467959993868,-0.7583405971499815,-0.12499380115059466,1
ar-ar_naming_config-i2-ar-o1-ln-c0-fh-cd134a9fec83,ar_naming_config,AR,AR,-0.8990367650912958,-0.5240397453076184,0.3749970197836774,1
ar-ar_naming_config-i2-ar-o1-ln-c1-fe-1bc9ea70d8d8,ar_naming_config,AR,AR,-0.8266471028323394,-0.5766505598926415,0.24999654293969797,1
ar-ar_naming_config-i2-ar-o1-ln-c1-fh-f43e72bf10be,ar_naming_config,AR,AR,-1.0545842647547943,-0.42959150668593793,0.6249927580688563,1
ar-ar_naming_config-i2-ro-o0-ll-c0-fx-79d3140b905c,ar_naming_config,RO,AR,-0.005139829590888212,-5.380142688747128,-5.37500285915624,1
ar-ar_naming_config-i2-ro-o0-ll-c1-fx-3913fa91f2bc,ar_naming_config,RO,AR,-0.007229952607275436,-5.007230520248186,-5.00000056764091,1
ar-ar_naming_config-i2-ro-o0-ln-c0-fx-e61d4a34155b,ar_naming_config,RO,AR,-0.0013299679849012591,-6.876333594315383,-6.875003626330482,1
ar-ar_naming_config-i2-ro-o0-ln-c1-fx-598a2cd70d2f,ar_naming_config,RO,AR,-0.0014793657464622356,-6.751479864120256,-6.750000498373794,1
ar-ar_naming_config-i2-ro-o1-ll-c0-fx-01cf0af1a3c2,ar_naming_config,RO,AR,-0.5819016695020878,-0.8319019079204963,-0.25000023841840857,1
ar-ar_naming_config-i2-ro-o1-ll-c1-fx-532604a24213,ar_naming_config,RO,AR,-0.09173063188757169,-2.4667304754255497,-2.374999843537978,1
ar-ar_naming_config-i2-ro-o1-ln-c0-fx-ccdc6dad3440,ar_naming_config,RO,AR,-0.4360866844653515,-1.061087250709079,-0.6250005662437275,1
ar-ar_naming_config-i2-ro-o1-ln-c1-fx-3ca2bc647421,ar_naming_config,RO,AR,-0.08205470442754859,-2.582054734229871,-2.5000000298023224,1
ar-ar_naming_config-i3-ar-o0-ll-c0-fe-b149dc49f508,ar_naming_config,AR,AR,-0.008791575204213586,-4.75879180430843,-4.7500002291042165,1
ar-ar_naming_config-i3-ar-o0-ll-c0-fh-250150d64fc7,ar_naming_config,AR,AR,-0.001621606169919687,-6.50163054458244,-6.50000893841252,1
ar-ar_naming_config-i3-ar-o0-ll-c1-fe-5fc1d9d3317a,ar_naming_config,AR,AR,-0.06234570219930902,-2.812366604544877,-2.750020902345568,1
ar-ar_naming_config-i3-ar-o0-ll-c1-fh-a73049902e30,ar_naming_config,AR,AR,-0.0433399936882779,-3.1684093439544085,-3.1250693502661306,1
ar-ar_naming_config-i3-ar-o0-ln-c0-fe-416c5067a092,ar_naming_config,AR,AR,-0.008799955247241087,-4.75880205630483,-4.750002101057589,1
ar-ar_naming_config-i3-ar-o0-ln-c0-fh-81c022991088,ar_naming_config,AR,AR,-0.0004833967819877216,-7.875509261715706,-7.875025864933718,1
ar-ar_naming_config-i3-ar-o0-ln-c1-fe-d622ef382e93,ar_naming_config,AR,AR,-0.06238530948689913,-2.812406420458501,-2.750021110971602,1
ar-ar_naming_config-i3-ar-o0-ln-c1-fh-64496f583c82,ar_naming_config,AR,AR,-0.023520503182226093,-3.7736670856684214,-3.7501465824861953,1
ar-ar_naming_config-i3-ar-o1-ll-c0-fe-6365377cbf5b,ar_naming_config,AR,AR,-0.6938472986089437,-0.6939830680785235,-0.00013576946957982727,1
ar-ar_naming_config-i3-ar-o1-ll-c0-fh-b1817f7b0880,ar_naming_config,AR,AR,-0.7584244608497102,-0.6336797723197378,0.12474468852997234,1
ar-ar_naming_config-i3-ar-o1-ll-c1-fe-16ce01c806c5,ar_naming_config,AR,AR,-1.502518773078691,-0.25252631303283124,1.2499924600458598,1
ar-ar_naming_config-i3-ar-o1-ll-c1-fh-de993bd762ab,ar_naming_config,AR,AR,-1.7020746469491996,-0.2020940182483173,1.4999806287008823,1
ar-ar_naming_config-i3-ar-o1-ln-c0-fe-86b626576691,ar_naming_config,AR,AR,-0.5766938328679316,-0.8267262571534957,-0.25003242428556405,1
ar-ar_naming_config-i3-ar-o1-ln-c0-fh-52c77cfe4906,ar_naming_config,AR,AR,-0.8990039229265676,-0.5240760415836121,0.3749278813429555,1
ar-ar_naming_config-i3-ar-o1-ln-c1-fe-41f51064ec4f,ar_naming_config,AR,AR,-1.2241787910458015,-0.34918248652365946,0.874996304522142,1
ar-ar_naming_config-i3-ar-o1-ln-c1-fh-25c4ba31416a,ar_naming_config,AR,AR,-1.2242432832715622,-0.34926494930914487,0.8749783339624173,1
ar-ar_naming_config-i3-ro-o0-ll-c0-fx-e25063fbe758,ar_naming_config,RO,AR,-0.00157673028292038,-6.626578807828082,-6.625002077545162,1
ar-ar_naming_config-i3-ro-o0-ll-c1-fx-72b14f34c20b,ar_naming_config,RO,AR,-0.0019483653595102624,-6.376948475837537,-6.375000110478027,1
ar-ar_naming_config-i3-ro-o0-ln-c0-fx-edfafb37135e,ar_naming_config,RO,AR,-0.00039295590246979373,-8.250395655628154,-8.250002699725684,1
ar-ar_naming_config-i3-ro-o0-ln-c1-fx-a3644dff8d24,ar_naming_config,RO,AR,-0.0001534106267797597,-10.375154256820451,-10.375000846193672,1
ar-ar_naming_config-i3-ro-o1-ll-c0-fx-439a3fdc6f4a,ar_naming_config,RO,AR,-0.6999693512914291,-0.6999693512914291,0.0,1
ar-ar_naming_config-i3-ro-o1-ll-c1-fx-02ae9046f37c,ar_naming_config,RO,AR,-0.09277616441193004,-2.4677759408947395,-2.3749997764828095,1
ar-ar_naming_config-i3-ro-o1-ln-c0-fx-443b3da6369e,ar_naming_config,RO,AR,-0.641384541988316,-0.76638501882519,-0.12500047683687399,1
ar-ar_naming_config-i3-ro-o1-ln-c1-fx-624ae7b5ffaa,ar_naming_config,RO,AR,-0.08274908363785016,-2.582749009132044,-2.499999925494194,1
ar-ar_naming_config-i4-ar-o0-ll-c0-fe-bf46fb1d016f,ar_naming_config,AR,AR,-0.0208018663997791,-3.8957973718597714,-3.8749955054599923,1
ar-ar_naming_config-i4-ar-o0-ll-c0-fh-f7bbb5331e62,ar_naming_config,AR,AR,-0.00232081697186004,-6.12732923025942,-6.12500841328756,1
ar-ar_naming_config-i4-ar-o0-ll-c1-fe-7c44d94d56ff,ar_naming_config,AR,AR,-0.03397251293046111,-3.409030197359243,-3.375057684428782,1
ar-ar_naming_config-i4-ar-o0-ll-c1-fh-fd8608a97af1,ar_naming_config,AR,AR,-0.018400007857849232,-4.018501753271266,-4.000101745413417,1
ar-ar_naming_config-i4-ar-o0-ln-c0-fe-13eada4a4246,ar_naming_config,AR,AR,-0.01838473229554438,-4.018384218207757,-3.9999994859122125,1
ar-ar_naming_config-i4-ar-o0-ln-c0-fh-8d5e47577d95,ar_naming_config,AR,AR,-0.0018394956130691753,-6.376859307076302,-6.375019811463233,1
ar-ar_naming_config-i4-ar-o0-ln-c1-fe-d8a46e109a2b,ar_naming_config,AR,AR,-0.02353612706048125,-3.773590324806719,-3.7500541977462376,1
ar-ar_naming_config-i4-ar-o0-ln-c1-fh-86df8d3b7670,ar_naming_config,AR,AR,-0.008809165097318328,-4.7588911022103275,-4.750081937113009,1
ar-ar_naming_config-i4-ar-o1-ll-c0-fe-f2abe92653d2,ar_naming_config,AR,AR,-0.9748045205669769,-0.4747999012379296,0.5000046193290473,1
ar-ar_naming_config-i4-ar-o1-ll-c0-fh-3fb836e7bf6a,ar_naming_config,AR,AR,-1.2242166995793013,-0.3492155074936818,0.8750011920856196,1
ar-ar_naming_config-i4-ar-o1-ll-c1-fe-56bc6a029ee0,ar_naming_config,AR,AR,-1.054571628570386,-0.42959472508846375,0.6249769034819224,1
ar-ar_naming_config-i4-ar-o1-ll-c1-fh-cc627a0d4fee,ar_naming_config,AR,AR,-1.6010938882824348,-0.22609885035217303,1.3749950379302618,1
ar-ar_naming_config-i4-ar-o1-ln-c0-fe-deb8a49d59c3,ar_naming_config,AR,AR,-0.898884892442311,-0.5238796472540344,0.3750052451882766,1
ar-ar_naming_config-i4-ar-o1-ln-c0-fh-73160be6a344,ar_naming_config,AR,AR,-1.2243068218178905,-0.34930774568647394,0.8749990761314166,1
ar-ar_naming_config-i4-ar-o1-ln-c1-fe-61da32d0b4d1,ar_naming_config,AR,AR,-0.8989664912222111,-0.5239779352414189,0.37498855598079217,1
ar-ar_naming_config-i4-ar-o1-ln-c1-fh-5078cabcad0e,ar_naming_config,AR,AR,-1.1377027034757248,-0.3877073824260151,0.7499953210497097,1
ar-ar_naming_config-i4-ro-o0-ll-c0-fx-b12bf0134d92,ar_naming_config,RO,AR,-0.004999874159665296,-5.380000948905035,-5.37500107474537,1
ar-ar_naming_config-i4-ro-o0-ll-c1-fx-4c9f9a18e2e6,ar_naming_config,RO,AR,-0.0008472192566557624,-7.250847339630013,-7.2500001203733575,1
ar-ar_naming_config-i4-ro-o0-ln-c0-fx-627e4bafca15,ar_naming_config,RO,AR,-0.0011252986732586123,-7.001126408575715,-7.000001109902456,1
ar-ar_naming_config-i4-ro-o0-ln-c1-fx-7ede0aac610f,ar_naming_config,RO,AR,-0.00018749867737710701,-9.50018739700306,-9.499999898325683,1
ar-ar_naming_config-i4-ro-o1-ll-c0-fx-3568135879e4,ar_naming_config,RO,AR,-0.9032241106033041,-0.5282245874402633,0.37499952316304075,1
ar-ar_naming_config-i4-ro-o1-ll-c1-fx-4ac3b2a14baf,ar_naming_config,RO,AR,-0.09232721477724226,-2.467326998710462,-2.3749997839332195,1
ar-ar_naming_config-i4-ro-o1-ln-c0-fx-f94e3cd75379,ar_naming_config,RO,AR,-0.8331751823425009,-0.5831756591794601,0.24999952316304075,1
ar-ar_naming_config-i4-ro-o1-ln-c1-fx-0e064e5e7a51,ar_naming_config,RO,AR,-0.08235436677910002,-2.5823541879652225,-2.4999998211861225,1
ar-ar_naming_parser-i0-ar-o0-ll-c0-fe-034c8af222f9,ar_naming_parser,AR,AR,-0.01275824102367551,-4.3877573013232904,-4.374999060299615,1
ar-ar_naming_parser-i0-ar-o0-ll-c0-fh-6ae3af2f5621,ar_naming_parser,AR,AR,-0.0014536570502059476,-6.626472949750678,-6.625019292700472,1
ar-ar_naming_parser-i0-ar-o0-ll-c1-fe-b8cf37de1a1c,ar_naming_parser,AR,AR,-0.06248421966904516,-2.812519668845198,-2.7500354491761527,1
ar-ar_naming_parser-i0-ar-o0-ll-c1-fh-c6b3a795f3f0,ar_naming_parser,AR,AR,-0.018466483800352762,-4.018581264419481,-4.000114780619128,1
ar-ar_naming_parser-i0-ar-o0-ln-c0-fe-5a1322fd647c,ar_naming_parser,AR,AR,-0.014423797832932905,-4.264427185036311,-4.250003387203378,1
ar-ar_naming_parser-i0-ar-o0-ln-c0-fh-053e93816ae1,ar_naming_parser,AR,AR,-0.0006080218578290442,-7.625654100240354,-7.625046078382525,1
ar-ar_naming_parser-i0-ar-o0-ln-c1-fe-d33fc3582768,ar_naming_parser,AR,AR,-0.03843304887368504,-3.2885204514604993,-3.2500874025868143,1
ar-ar_naming_parser-i0-ar-o0-ln-c1-fh-47ff114ee073,ar_naming_parser,AR,AR,-0.006915922742109615,-5.007064092977089,-5.000148170234979,1
ar-ar_naming_parser-i0-ar-o1-ll-c0-fe-716838c41df4,ar_naming_parser,AR,AR,-0.6940355896822439,-0.6940359473082935,-3.576260496629402e-07,1
ar-ar_naming_parser-i0-ar-o1-ll-c0-fh-7ee744f6d4b0,ar_naming_parser,AR,AR,-0.8269709348492142,-0.5769735574340302,0.24999737741518402,1
ar-ar_naming_parser-i0-ar-o1-ll-c1-fe-1d85e71b93c3,ar_naming_parser,AR,AR,-1.2242366075512336,-0.34924080966629845,0.8749957978849352,1
ar-ar_naming_parser-i0-ar-o1-ll-c1-fh-9a0c56b5bf7b,ar_naming_parser,AR,AR,-1.8053691387171966,-0.18037290870006473,1.624996230017132,1
ar-ar_naming_parser-i0-ar-o1-ln-c0-fe-04ce00a8964c,ar_naming_parser,AR,AR,-0.6335237621933629,-0.7585176825502913,-0.12499392035692836,1
ar-ar_naming_parser-i0-ar-o1-ln-c0-fh-673b989e76df,ar_naming_parser,AR,AR,-1.0548371076397416,-0.4298379420993115,0.6249991655404301,1
ar-ar_naming_parser-i0-ar-o1-ln-c1-fe-1cb5ddee463f,ar_naming_parser,AR,AR,-0.9749673604962936,-0.47497212885309636,0.49999523164319726,1
ar-ar_naming_parser-i0-ar-o1-ln-c1-fh-ae5e3973325a,ar_naming_parser,AR,AR,-1.4070324897761566,-0.28204157943491737,1.1249909103412392,1
ar-ar_naming_parser-i0-ro-o0-ll-c0-fx-d43d58e8ca69,ar_naming_parser,RO,AR,-0.0017708354861838416,-6.751773357387265,-6.750002521901081,1
ar-ar_naming_parser-i0-ro-o0-ll-c1-fx-66f4b9705df3,ar_naming_parser,RO,AR,-0.0009196346508701936,-7.500920057296526,-7.500000422645655,1
ar-ar_naming_parser-i0-ro-o0-ln-c0-fx-114a1d8f8067,ar_naming_parser,RO,AR,-0.0005129453492997982,-8.500516295427815,-8.500003350078515,1
ar-ar_naming_parser-i0-ro-o0-ln-c1-fx-07005e637e29,ar_naming_parser,RO,AR,-0.00024089301584240275,-10.000241279601596,-10.000000386585754,1
ar-ar_naming_parser-i0-ro-o1-ll-c0-fx-6d9a5bca3855,ar_naming_parser,RO,AR,-0.5316263437269413,-0.9066265821453499,-0.37500023841840857,1
ar-ar_naming_parser-i0-ro-o1-ll-c1-fx-4bfe2eee7f5d,ar_naming_parser,RO,AR,-0.11809813231172939,-2.243097543716317,-2.1249994114045876,1
ar-ar_naming_parser-i0-ro-o1-ln-c0-fx-d7006f04ceea,ar_naming_parser,RO,AR,-0.5332338213919456,-0.9082341790195869,-0.3750003576276413,1
ar-ar_naming_parser-i0-ro-o1-ln-c1-fx-2b139eff5277,ar_naming_parser,RO,AR,-0.11814294010343929,-2.243142485618421,-2.1249995455149815,1
ar-ar_naming_parser-i1-ar-o0-ll-c0-fe-a130c8f80514,ar_naming_parser,AR,AR,-0.03840577601249606,-3.2884045839250575,-3.2499988079125615,1
ar-ar_naming_parser-i1-ar-o0-ll-c0-fh-9c32705259c7,ar_naming_parser,AR,AR,-0.0061152041798777645,-5.131117463091869,-5.125002258911991,1
ar-ar_naming_parser-i1-ar-o0-ll-c1-fe-852879a0480a,ar_naming_parser,AR,AR,-0.11341054737511058,-2.238458274605364,-2.1250477272302533,1
ar-ar_naming_parser-i1-ar-o0-ll-c1-fh-a3879fb385af,ar_naming_parser,AR,AR,-0.04896722733633396,-3.0489984744963294,-3.0000312471599955,1
ar-ar_naming_parser-i1-ar-o0-ln-c0-fe-94a3f5ebbeee,ar_naming_parser,AR,AR,-0.03402144461460921,-3.4090234041095755,-3.3750019594949663,1
ar-ar_naming_parser-i1-ar-o0-ln-c0-fh-3b0d57ae320f,ar_naming_parser,AR,AR,-0.001304135656255312,-6.751311421352511,-6.750007285696256,1
ar-ar_naming_parser-i1-ar-o0-ln-c1-fe-1508698b4678,ar_naming_parser,AR,AR,-0.06251284480060804,-2.8125734310306143,-2.7500605862300063,1
ar-ar_naming_parser-i1-ar-o0-ln-c1-fh-b48f9bc898aa,ar_naming_parser,AR,AR,-0.018443549050516594,-4.018475770368241,-4.000032221317724,1
ar-ar_naming_parser-i1-ar-o1-ll-c0-fe-673a5da82c56,ar_naming_parser,AR,AR,-0.8988512754140174,-0.5238498449125473,0.37500143050147017,1
ar-ar_naming_parser-i1-ar-o1-ll-c0-fh-44b95c7875b7,ar_naming_parser,AR,AR,-1.0544960498664295,-0.4295002519629634,0.6249957979034662,1
ar-ar_naming_parser-i1-ar-o1-ll-c1-fe-1c6647186c78,ar_naming_parser,AR,AR,-1.2242374420162605,-0.34924218056994505,0.8749952614463155,1
ar-ar_naming_parser-i1-ar-o1-ll-c1-fh-51120618e5da,ar_naming_parser,AR,AR,-1.7020401954646331,-0.20204985136115283,1.4999903441034803,1
ar-ar_naming_parser-i1-ar-o1-ln-c0-fe-c7aa157f0d37,ar_naming_parser,AR,AR,-0.9749315976187063,-0.47492000460442796,0.5000115930142783,1
ar-ar_naming_parser-i1-ar-o1-ln-c0-fh-fe65b57056f1,ar_naming_parser,AR,AR,-1.2243180274858787,-0.3493247031537976,0.8749933243320811,1
ar-ar_naming_parser-i1-ar-o1-ln-c1-fe-3fb909f5ad9f,ar_naming_parser,AR,AR,-0.974958479403881,-0.47496110200199837,0.49999737740188266,1
ar-ar_naming_parser-i1-ar-o1-ln-c1-fh-e7b86fd333d2,ar_naming_parser,AR,AR,-1.4068465232846847,-0.28186330183962127,1.1249832214450635,1
ar-ar_naming_parser-i1-ro-o0-ll-c0-fx-535aae2ce30a,ar_naming_parser,RO,AR,-0.004828698933067699,-5.504830479619841,-5.500001780686773,1
ar-ar_naming_parser-i1-ro-o0-ll-c1-fx-0af68cd57835,ar_naming_parser,RO,AR,-0.0014221093151149944,-6.876422882079623,-6.875000772764508,1
ar-ar_naming_parser-i1-ro-o0-ln-c0-fx-093b8196cb60,ar_naming_parser,RO,AR,-0.0011589963687299587,-7.251161217686331,-7.250002221317601,1
ar-ar_naming_parser-i1-ro-o0-ln-c1-fx-56aa1454a809,ar_naming_parser,RO,AR,-0.00018177769376848119,-10.625182151793979,-10.62500037410021,1
ar-ar_naming_parser-i1-ro-o1-ll-c0-fx-6c23495a2319,ar_naming_parser,RO,AR,-1.059111595153638,-0.43411171436287077,0.6249998807907673,1
ar-ar_naming_parser-i1-ro-o1-ll-c1-fx-5145edebfd31,ar_naming_parser,RO,AR,-0.18528844416096035,-1.8102880716322147,-1.6249996274712544,1
ar-ar_naming_parser-i1-ro-o1-ln-c0-fx-abc4d56f049a,ar_naming_parser,RO,AR,-1.2283980846403892,-0.3533982634542667,0.8749998211861225,1
ar-ar_naming_parser-i1-ro-o1-ln-c1-fx-0f86d12ce1ab,ar_naming_parser,RO,AR,-0.14713077247108686,-2.0221306085584843,-1.8749998360873974,1
ar-ar_naming_parser-i2-ar-o0-ll-c0-fe-d5ac42bca8fe,ar_naming_parser,AR,AR,-0.012686323363595875,-4.387687563877535,-4.375001240513939,1
ar-ar_naming_parser-i2-ar-o0-ll-c0-fh-a5b1c7d18cd1,ar_naming_parser,AR,AR,-0.0016198169893186787,-6.50165581632973,-6.500035999340412,1
ar-ar_naming_parser-i2-ar-o0-ll-c1-fe-f3328c787a72,ar_naming_parser,AR,AR,-0.04895818233433147,-3.049027202054276,-3.0000690197199447,1
ar-ar_naming_parser-i2-ar-o0-ll-c1-fh-d2b3f47924f6,ar_naming_parser,AR,AR,-0.012731599620224188,-4.387835854664445,-4.375104255044221,1
ar-ar_naming_parser-i2-ar-o0-ln-c0-fe-6ba4b04af74c,ar_naming_parser,AR,AR,-0.018347959960010485,-4.018355250299464,-4.000007290339454,1
ar-ar_naming_parser-i2-ar-o0-ln-c0-fh-307e0b5ac9dd,ar_naming_parser,AR,AR,-0.0006189819538349184,-7.625830031800433,-7.625211049846598,1
ar-ar_naming_parser-i2-ar-o0-ln-c1-fe-0311714c47a2,ar_naming_parser,AR,AR,-0.030046628787772534,-3.530158513385686,-3.5001118845979136,1
ar-ar_naming_parser-i2-ar-o0-ln-c1-fh-e9ab4b8c3c71,ar_naming_parser,AR,AR,-0.004240571986656505,-5.5043777132668765,-5.50013714128022,1
ar-ar_naming_parser-i2-ar-o1-ll-c0-fe-96c074a04d2a,ar_naming_parser,AR,AR,-0.693850874884447,-0.6938536166790072,-2.7417945602792315e-06,1
ar-ar_naming_parser-i2-ar-o1-ll-c0-fh-2dd49636b431,ar_naming_parser,AR,AR,-1.137678027144375,-0.38767933844019353,0.7499986887041814,1
ar-ar_naming_parser-i2-ar-o1-ll-c1-fe-bdcd2170831c,ar_naming_parser,AR,AR,-1.224173784255754,-0.34918159242806723,0.8749921918276868,1
ar-ar_naming_parser-i2-ar-o1-ll-c1-fh-ac1c4bdcea38,ar_naming_parser,AR,AR,-1.6011390686031746,-0.22614566979063966,1.374993398812535,1
ar-ar_naming_parser-i2-ar-o1-ln-c0-fe-3744d7ac69fe,ar_naming_parser,AR,AR,-0.7583468556094886,-0.6333412528013014,0.12500560280818718,1
ar-ar_naming_parser-i2-ar-o1-ln-c0-fh-b3f415792bd3,ar_naming_parser,AR,AR,-1.314131617540852,-0.31413257121175775,0.9999990463290942,1
ar-ar_naming_parser-i2-ar-o1-ln-c1-fe-b488ff285e37,ar_naming_parser,AR,AR,-0.8267267942425178,-0.5767322778501693,0.2499945163923485,1
ar-ar_naming_parser-i2-ar-o1-ln-c1-fh-9c6a46a2cfbe,ar_naming_parser,AR,AR,-1.1377940177912933,-0.38780322665843414,0.7499907911328592,1
ar-ar_naming_parser-i2-ro-o0-ll-c0-fx-e0fd28745d08,ar_naming_parser,RO,AR,-0.0009607232058783666,-7.625963807100106,-7.625003083894228,1
ar-ar_naming_parser-i2-ro-o0-ll-c1-fx-702ed5ceab3c,ar_naming_parser,RO,AR,-0.0004897112375488177,-8.250489950179826,-8.250000238942278,1
ar-ar_naming_parser-i2-ro-o0-ln-c0-fx-4cd7404b4a3d,ar_naming_parser,RO,AR,-0.0003900960145699628,-9.250394701946789,-9.250004605932219,1
ar-ar_naming_parser-i2-ro-o0-ln-c1-fx-ce3273529528,ar_naming_parser,RO,AR,-0.00018237362380091326,-10.62518298625912,-10.625000612635318,1
ar-ar_naming_parser-i2-ro-o1-ll-c0-fx-6dfbf74e6962,ar_naming_parser,RO,AR,-1.057938456535112,-0.432938456535112,0.625,1
ar-ar_naming_parser-i2-ro-o1-ll-c1-fx-4a2c566dc21a,ar_naming_parser,RO,AR,-0.1644644588226356,-1.9144639968870365,-1.749999538064401,1
ar-ar_naming_parser-i2-ro-o1-ln-c0-fx-ca0fb62a91f3,ar_naming_parser,RO,AR,-0.832228183746281,-0.5822284221647465,0.24999976158153459,1
ar-ar_naming_parser-i2-ro-o1-ln-c1-fx-babd25e5b057,ar_naming_parser,RO,AR,-0.13076217472530516,-2.1307619810102665,-1.9999998062849613,1
ar-ar_naming_parser-i3-ar-o0-ll-c0-fe-26055d081ddb,ar_naming_parser,AR,AR,-0.008881444056896726,-4.758875608433755,-4.749994164376858,1
ar-ar_naming_parser-i3-ar-o0-ll-c0-fh-c24930e83c70,ar_naming_parser,AR,AR,-0.002078415326650429,-6.252087950553687,-6.250009535227036,1
ar-ar_naming_parser-i3-ar-o0-ll-c1-fe-d672aba458d0,ar_naming_parser,AR,AR,-0.14335931834466464,-2.0183641909752623,-1.8750048726305977,1
ar-ar_naming_parser-i3-ar-o0-ll-c1-fh-e388722a5dee,ar_naming_parser,AR,AR,-0.04342068619735073,-3.1683483120395977,-3.124927625842247,1
ar-ar_naming_parser-i3-ar-o0-ln-c0-fe-21a40fe311ad,ar_naming_parser,AR,AR,-0.008894042097381316,-4.758892536156054,-4.749998494058673,1
ar-ar_naming_parser-i3-ar-o0-ln-c0-fh-e718894624a7,ar_naming_parser,AR,AR,-0.0005034147138758271,-7.875525474240931,-7.875022059527055,1
ar-ar_naming_parser-i3-ar-o0-ln-c1-fe-4c8fbba77b28,ar_naming_parser,AR,AR,-0.11338286101363337,-2.2383879422823156,-2.1250050812686823,1
ar-ar_naming_parser-i3-ar-o0-ln-c1-fh-56bcbc3b62f4,ar_naming_parser,AR,AR,-0.030018635055967025,-3.530054091435886,-3.500035456379919,1
ar-ar_naming_parser-i3-ar-o1-ll-c0-fe-64bdc1f9c872,ar_naming_parser,AR,AR,-0.6333188414546385,-0.7583548419243016,-0.12503600046966312,1
ar-ar_naming_parser-i3-ar-o1-ll-c0-fh-500acbe4b62b,ar_naming_parser,AR,AR,-0.6334184408119654,-0.7589693915215321,-0.12555095070956668,1
ar-ar_naming_parser-i3-ar-o1-ll-c1-fe-01cb853384ee,ar_naming_parser,AR,AR,-1.702007770537989,-0.20202895974580315,1.4999788107921859,1
ar-ar_naming_parser-i3-ar-o1-ll-c1-fh-396b330d6856,ar_naming_parser,AR,AR,-1.6011074781411025,-0.22615294049683143,1.3749545376442711,1
ar-ar_naming_parser-i3-ar-o1-ln-c0-fe-e13083c867b7,ar_naming_parser,AR,AR,-0.5765941739072105,-0.8265975117569724,-0.2500033378497619,1
ar-ar_naming_parser-i3-ar-o1-ln-c0-fh-7abf79041a26,ar_naming_parser,AR,AR,-0.6939853429760205,-0.6940058467098424,-2.0503733821897185e-05,1
ar-ar_naming_parser-i3-ar-o1-ln-c1-fe-dd09f5e8812c,ar_naming_parser,AR,AR,-1.3139384984966682,-0.31394642587565613,0.9999920726210121,1
ar-ar_naming_parser-i3-ar-o1-ln-c1-fh-350be4a5308e,ar_naming_parser,AR,AR,-1.3140236139294075,-0.3140512700792897,0.9999723438501178,1
ar-ar_naming_parser-i3-ro-o0-ll-c0-fx-fe55d9de919d,ar_naming_parser,RO,AR,-0.003224771702605267,-6.003227114673564,-6.000002342970959,1
ar-ar_naming_parser-i3-ro-o0-ll-c1-fx-cbb7491af493,ar_naming_parser,RO,AR,-0.0035444805397446544,-5.753544688224451,-5.750000207684707,1
ar-ar_naming_parser-i3-ro-o0-ln-c0-fx-4cd64dce383f,ar_naming_parser,RO,AR,-0.0007215520599572756,-7.750724554057115,-7.7500030019971575,1
ar-ar_naming_parser-i3-ro-o0-ln-c1-fx-c4e3ffbb7a3d,ar_naming_parser,RO,AR,-0.0003315853827530191,-8.625331759452479,-8.625000174069726,1
ar-ar_naming_parser-i3-ro-o1-ll-c0-fx-0b36e7f1dfa8,ar_naming_parser,RO,AR,-0.6996120810507023,-0.6996123194691108,-2.3841840857130592e-07,1
ar-ar_naming_parser-i3-ro-o1-ll-c1-fx-1d47c3b9fd56,ar_naming_parser,RO,AR,-0.13089880347206417,-2.1308983564375126,-1.9999995529654484,1
ar-ar_naming_parser-i3-ro-o1-ln-c0-fx-b627a382b94d,ar_naming_parser,RO,AR,-0.5305843353270348,-0.9055848121638519,-0.37500047683681714,1
ar-ar_naming_parser-i3-ro-o1-ln-c1-fx-abb619e6fbf9,ar_naming_parser,RO,AR,-0.10419966280414883,-2.354199290275403,-2.2499996274712544,1
ar-ar_naming_parser-i4-ar-o0-ll-c0-fe-354d0f3f8d76,ar_naming_parser,AR,AR,-0.02662389721353975,-3.651618123049275,-3.624994225835735,1
ar-ar_naming_parser-i4-ar-o0-ll-c0-fh-ae8afc568fd7,ar_naming_parser,AR,AR,-0.003348471358549432,-5.753350973111537,-5.750002501752988,1
ar-ar_naming_parser-i4-ar-o0-ll-c1-fe-a5dc102d7131,ar_naming_parser,AR,AR,-0.03841961547709616,-3.2884551280185406,-3.2500355125414444,1
ar-ar_naming_parser-i4-ar-o0-ll-c1-fh-1c4ae076688a,ar_naming_parser,AR,AR,-0.01630732230717058,-4.141343592888006,-4.125036270580836,1
ar-ar_naming_parser-i4-ar-o0-ln-c0-fe-8710d2e2e6ad,ar_naming_parser,AR,AR,-0.03839800877722155,-3.288395524019734,-3.2499975152425122,1
ar-ar_naming_parser-i4-ar-o0-ln-c0-fh-a79cd22abea3,ar_naming_parser,AR,AR,-0.0023606598820151703,-6.127367615657931,-6.125006955775916,1
ar-ar_naming_parser-i4-ar-o0-ln-c1-fe-101295dd184e,ar_naming_parser,AR,AR,-0.026663253083711425,-3.651705621756264,-3.6250423686725526,1
ar-ar_naming_parser-i4-ar-o0-ln-c1-fh-8d50a64a8925,ar_naming_parser,AR,AR,-0.0069380626077872876,-5.006973742765695,-5.000035680157907,1
ar-ar_naming_parser-i4-ar-o1-ll-c0-fe-1b6a5d4c965c,ar_naming_parser,AR,AR,-1.137667655903897,-0.38766142725535246,0.7500062286485445,1
ar-ar_naming_parser-i4-ar-o1-ll-c0-fh-b258eafe2bf3,ar_naming_parser,AR,AR,-1.6011813878885732,-0.22618199883299894,1.3749993890555743,1
ar-ar_naming_parser-i4-ar-o1-ll-c1-fe-caf9dc94fba3,ar_naming_parser,AR,AR,-1.6010712385173065,-0.22608327857142285,1.3749879599458836,1
ar-ar_naming_parser-i4-ar-o1-ll-c1-fh-58cbe1a0f98e,ar_naming_parser,AR,AR,-2.1274878978722427,-0.1274938583119365,1.9999940395603062,1
ar-ar_naming_parser-i4-ar-o1-ln-c0-fe-6c993689cbb6,ar_naming_parser,AR,AR,-1.13759803770472,-0.3875938653936828,0.7500041723110371,1
ar-ar_naming_parser-i4-ar-o1-ln-c0-fh-1c64f51e77b8,ar_naming_parser,AR,AR,-1.6012433767280072,-0.22624748942826045,1.3749958872997468,1
ar-ar_naming_parser-i4-ar-o1-ln-c1-fe-c716b7073163,ar_naming_parser,AR,AR,-1.2242552042002899,-0.3492625653398136,0.8749926388604763,1
ar-ar_naming_parser-i4-ar-o1-ln-c1-fh-a6edae1e2828,ar_naming_parser,AR,AR,-1.6011202335354255,-0.22612793739972403,1.3749922961357015,1
ar-ar_naming_parser-i4-ro-o0-ll-c0-fx-df6d08031c7a,ar_naming_parser,RO,AR,-0.013760115951271246,-4.388761878012019,-4.375001762060748,1
ar-ar_naming_parser-i4-ro-o0-ll-c1-fx-4cb1ca0d22df,ar_naming_parser,RO,AR,-0.001847467501590927,-6.501847863197156,-6.500000395695565,1
ar-ar_naming_parser-i4-ro-o0-ln-c0-fx-9aa5a2026f70,ar_naming_parser,RO,AR,-0.0030257187317772605,-6.003027439115613,-6.000001720383835,1
ar-ar_naming_parser-i4-ro-o0-ln-c1-fx-0afd201886c4,ar_naming_parser,RO,AR,-0.0002774808380650029,-9.375278234481584,-9.37500075364352,1
ar-ar_naming_parser-i4-ro-o1-ll-c0-fx-0bc322511bc9,ar_naming_parser,RO,AR,-1.0580098628996666,-0.4330101609226631,0.6249997019770035,1
ar-ar_naming_parser-i4-ro-o1-ll-c1-fx-dafb386c5582,ar_naming_parser,RO,AR,-0.1644680798049194,-1.9144675731657799,-1.7499994933608605,1
ar-ar_naming_parser-i4-ro-o1-ln-c0-fx-b13d24d9749f,ar_naming_parser,RO,AR,-0.979199647903414,-0.4792001247403732,0.49999952316304075,1
ar-ar_naming_parser-i4-ro-o1-ln-c1-fx-249ad318a4ce,ar_naming_parser,RO,AR,-0.14702497422672423,-2.0220246315001305,-1.8749996572734062,1
ar-ar_naming_serializer-i0-ar-o0-ll-c0-fe-f3c41a329ad8,ar_naming_serializer,AR,AR,-0.030003100626800006,-3.5300046205388753,-3.5000015199120753,1
ar-ar_naming_serializer-i0-ar-o0-ll-c0-fh-8649fe6eab56,ar_naming_serializer,AR,AR,-0.0029248169130369206,-5.877954244111606,-5.8750294271985695,1
ar-ar_naming_serializer-i0-ar-o0-ll-c1-fe-84c374c30a67,ar_naming_serializer,AR,AR,-0.12744112312520883,-2.1274749034091656,-2.0000337802839567,1
ar-ar_naming_serializer-i0-ar-o0-ll-c1-fh-0746ccc02c63,ar_naming_serializer,AR,AR,-0.04892292243994234,-3.0490192122015287,-3.0000962897615864,1
ar-ar_naming_serializer-i0-ar-o0-ln-c0-fe-0846b17597fc,ar_naming_serializer,AR,AR,-0.0339062735333755,-3.4089139699181032,-3.3750076963847278,1
ar-ar_naming_serializer-i0-ar-o0-ln-c0-fh-d7d8da1d4428,ar_naming_serializer,AR,AR,-0.0009022467993418104,-7.12597369881405,-7.1250714520147085,1
ar-ar_naming_serializer-i0-ar-o0-ln-c1-fe-695cca0e3ec2,ar_naming_serializer,AR,AR,-0.07927742600384136,-2.579353448752954,-2.500076022749113,1
ar-ar_naming_serializer-i0-ar-o0-ln-c1-fh-3e20b8f57eda,ar_naming_serializer,AR,AR,-0.018369236958960755,-4.01851474151772,-4.000145504558759,1
ar-ar_naming_serializer-i0-ar-o1-ll-c0-fe-ce23558c90f5,ar_naming_serializer,AR,AR,-0.7584334611756276,-0.6334431170307653,0.12499034414486232,1
ar-ar_naming_serializer-i0-ar-o1-ll-c0-fh-8f1d803510dd,ar_naming_serializer,AR,AR,-0.8990513086182546,-0.5241228312588646,0.37492847735938994,1
ar-ar_naming_serializer-i0-ar-o1-ll-c1-fe-e2fa8f88bb2c,ar_naming_serializer,AR,AR,-0.8989592790597953,-0.5239659547505653,0.37499332430923005,1
ar-ar_naming_serializer-i0-ar-o1-ll-c1-fh-bdc0c70af59d,ar_naming_serializer,AR,AR,-1.6010224819177665,-0.22603464117855765,1.3749878407392089,1
ar-ar_naming_serializer-i0-ar-o1-ln-c0-fe-7ed7ffab5224,ar_naming_serializer,AR,AR,-0.7584801911962131,-0.6334754228528254,0.1250047683433877,1
ar-ar_naming_serializer-i0-ar-o1-ln-c0-fh-32046e482ae0,ar_naming_serializer,AR,AR,-1.0547372102632835,-0.4297486542382103,0.6249885560250732,1
ar-ar_naming_serializer-i0-ar-o1-ln-c1-fe-f721329b7632,ar_naming_serializer,AR,AR,-0.6335598826401565,-0.7585658430798503,-0.1250059604396938,1
ar-ar_naming_serializer-i0-ar-o1-ln-c1-fh-fc96817a2b85,ar_naming_serializer,AR,AR,-1.1377103328701423,-0.38772496569072246,0.7499853671794199,1
ar-ar_naming_serializer-i0-ro-o0-ll-c0-fx-128d538c12b8,ar_naming_serializer,RO,AR,-0.011605490930350015,-4.51160764693941,-4.50000215600906,1
ar-ar_naming_serializer-i0-ro-o0-ll-c1-fx-9377abaf0db1,ar_naming_serializer,RO,AR,-0.0027195164002193906,-6.002720236777918,-6.000000720377699,1
ar-ar_naming_serializer-i0-ro-o0-ln-c0-fx-677324d666e5,ar_naming_serializer,RO,AR,-0.0017088350141349906,-6.501711249347636,-6.500002414333501,1
ar-ar_naming_serializer-i0-ro-o0-ln-c1-fx-206e8881dbdc,ar_naming_serializer,RO,AR,-0.00023064343255896347,-9.125231862067608,-9.125001218635049,1
ar-ar_naming_serializer-i0-ro-o1-ll-c0-fx-6fb691dbf89c,ar_naming_serializer,RO,AR,-0.6388505697248092,-0.7638506889339851,-0.12500011920917586,1
ar-ar_naming_serializer-i0-ro-o1-ll-c1-fx-924a12d7f770,ar_naming_serializer,RO,AR,-0.14643618464424435,-2.0214358568189823,-1.874999672174738,1
ar-ar_naming_serializer-i0-ro-o1-ln-c0-fx-61bbfe8d9031,ar_naming_serializer,RO,AR,-0.6402251720427898,-0.7652256488796638,-0.12500047683687399,1
ar-ar_naming_serializer-i0-ro-o1-ln-c1-fx-0892ee7def62,ar_naming_serializer,RO,AR,-0.11711883544887769,-2.2421184778211796,-2.124999642372302,1
ar-ar_naming_serializer-i1-ar-o0-ll-c0-fe-930393dbd030,ar_naming_serializer,AR,AR,-0.01622777429747657,-4.141224980344759,-4.124997206047283,1
ar-ar_naming_serializer-i1-ar-o0-ll-c0-fh-962c215b8ec5,ar_naming_serializer,AR,AR,-0.0020243930603101035,-6.252030253374869,-6.250005860314559,1
ar-ar_naming_serializer-i1-ar-o0-ll-c1-fe-b905911e3763,ar_naming_serializer,AR,AR,-0.08934258669523842,-2.4644194810680347,-2.3750768943727962,1
ar-ar_naming_serializer-i1-ar-o0-ll-c1-fh-ee5c86755545,ar_naming_serializer,AR,AR,-0.04885456338399763,-3.048945422662655,-3.0000908592786573,1
ar-ar_naming_serializer-i1-ar-o0-ln-c0-fe-73256280131e,ar_naming_serializer,AR,AR,-0.012697618445599801,-4.38769888876368,-4.37500127031808,1
ar-ar_naming_serializer-i1-ar-o0-ln-c0-fh-ee7d7434020d,ar_naming_serializer,AR,AR,-0.0005880065136807389,-7.625599861055889,-7.625011854542208,1
ar-ar_naming_serializer-i1-ar-o0-ln-c1-fe-d60386219eec,ar_naming_serializer,AR,AR,-0.04888188838924634,-3.0490078845614335,-3.000125996172187,1
ar-ar_naming_serializer-i1-ar-o0-ln-c1-fh-279519d4c664,ar_naming_serializer,AR,AR,-0.01832673139824692,-4.018409129486827,-4.00008239808858,1
ar-ar_naming_serializer-i1-ar-o1-ll-c0-fe-89a79f2111a4,ar_naming_serializer,AR,AR,-0.8987774847046239,-0.5237736700746609,0.375003814629963,1
ar-ar_naming_serializer-i1-ar-o1-ll-c0-fh-9ca4d7d2376e,ar_naming_serializer,AR,AR,-1.1374524830753217,-0.3874571321593976,0.7499953509159241,1
ar-ar_naming_serializer-i1-ar-o1-ll-c1-fe-b9f49cf6357a,ar_naming_serializer,AR,AR,-1.22412776946976,-0.34913900487208593,0.8749887645976742,1
ar-ar_naming_serializer-i1-ar-o1-ll-c1-fh-6e2b7a4d7618,ar_naming_serializer,AR,AR,-1.9107018709179329,-0.16071330003342155,1.7499885708845113,1
ar-ar_naming_serializer-i1-ar-o1-ln-c0-fe-d3b3031ad9b8,ar_naming_serializer,AR,AR,-0.8987779613180464,-0.5237517356840726,0.3750262256339738,1
ar-ar_naming_serializer-i1-ar-o1-ln-c0-fh-8c261a08a326,ar_naming_serializer,AR,AR,-1.2241365909212618,-0.34913617369147687,0.8750004172297849,1
ar-ar_naming_serializer-i1-ar-o1-ln-c1-fe-773f0a674987,ar_naming_serializer,AR,AR,-1.054355859756015,-0.42936676733552304,0.6249890924204919,1
ar-ar_naming_serializer-i1-ar-o1-ln-c1-fh-8adbaeceb6a6,ar_naming_serializer,AR,AR,-1.502513051032679,-0.25252956137046567,1.2499834896622133,1
ar-ar_naming_serializer-i1-ro-o0-ll-c0-fx-153035ac530b,ar_naming_serializer,RO,AR,-0.005644456017734001,-5.255646467206589,-5.250002011188855,1
ar-ar_naming_serializer-i1-ro-o0-ll-c1-fx-11328b150cb6,ar_naming_serializer,RO,AR,-0.001962166512356589,-6.3769625425335335,-6.375000376021177,1
ar-ar_naming_serializer-i1-ro-o0-ln-c0-fx-4778376aba16,ar_naming_serializer,RO,AR,-0.0008742563659254188,-7.250877022738678,-7.250002766372752,1
ar-ar_naming_serializer-i1-ro-o0-ln-c1-fx-fb27d5097941,ar_naming_serializer,RO,AR,-0.0001886905519938864,-9.62518978118851,-9.625001090636516,1
ar-ar_naming_serializer-i1-ro-o1-ll-c0-fx-cabbff06dc92,ar_naming_serializer,RO,AR,-1.2264950275419437,-0.35149511694885405,0.8749999105930897,1
ar-ar_naming_serializer-i1-ro-o1-ll-c1-fx-192af2958062,ar_naming_serializer,RO,AR,-0.2291224449868423,-1.6041220426557743,-1.374999597668932,1
ar-ar_naming_serializer-i1-ro-o1-ln-c0-fx-044abe8ce5c3,ar_naming_serializer,RO,AR,-1.3161090612410362,-0.3161091804502689,0.9999998807907673,1
ar-ar_naming_serializer-i1-ro-o1-ln-c1-fx-2cbc9f670917,ar_naming_serializer,RO,AR,-0.204437822103273,-1.7044377326963627,-1.4999999105930897,1
ar-ar_naming_serializer-i2-ar-o0-ll-c0-fe-e68515dfcfcd,ar_naming_serializer,AR,AR,-0.01620333082109937,-4.141204714759169,-4.12500138393807,1
ar-ar_naming_serializer-i2-ar-o0-ll-c0-fh-e3abd524d4fb,ar_naming_serializer,AR,AR,-0.0029092440368003736,-5.877959011671919,-5.875049767635119,1
ar-ar_naming_serializer-i2-ar-o0-ll-c1-fe-f79f36ea73e0,ar_naming_serializer,AR,AR,-0.043352771549052704,-3.1684968365443638,-3.125144064995311,1
ar-ar_naming_serializer-i2-ar-o0-ll-c1-fh-b5d11caa1c72,ar_naming_serializer,AR,AR,-0.016224177551976027,-4.1414945946016815,-4.125270417049705,1
ar-ar_naming_serializer-i2-ar-o0-ln-c0-fe-2de2f4a8f9a2,ar_naming_serializer,AR,AR,-0.029970370224873477,-3.529975414235196,-3.5000050440103223,1
ar-ar_naming_serializer-i2-ar-o0-ln-c0-fh-05dc205cce03,ar_naming_serializer,AR,AR,-0.0012725846605690094,-6.751576258073328,-6.750303673412759,1
ar-ar_naming_serializer-i2-ar-o0-ln-c1-fe-6d5ce5a3a3de,ar_naming_serializer,AR,AR,-0.03391676023545642,-3.409151049592765,-3.3752342893573086,1
ar-ar_naming_serializer-i2-ar-o0-ln-c1-fh-3e9c42f2cd7c,ar_naming_serializer,AR,AR,-0.004752059932457087,-5.380027851933846,-5.375275792001389,1
ar-ar_naming_serializer-i2-ar-o1-ll-c0-fe-85ebcdc9657b,ar_naming_serializer,AR,AR,-0.7583203315562059,-0.6333341596582613,0.12498617189794459,1
ar-ar_naming_serializer-i2-ar-o1-ll-c0-fh-4996bca0823e,ar_naming_serializer,AR,AR,-1.0544236898276722,-0.4294308423213806,0.6249928475062916,1
ar-ar_naming_serializer-i2-ar-o1-ll-c1-fe-8ed76930f541,ar_naming_serializer,AR,AR,-0.8266943097112289,-0.5767005085704113,0.2499938011408176,1
ar-ar_naming_serializer-i2-ar-o1-ll-c1-fh-776243b99479,ar_naming_serializer,AR,AR,-0.9748207330699188,-0.4748322962932434,0.49998843677667537,1
ar-ar_naming_serializer-i2-ar-o1-ln-c0-fe-2358a55c94b3,ar_naming_serializer,AR,AR,-0.6333675980231419,-0.7583623528435055,-0.1249947548203636,1
ar-ar_naming_serializer-i2-ar-o1-ln-c0-fh-e35cdeb05fcb,ar_naming_serializer,AR,AR,-0.9749804139096341,-0.47498434779708987,0.4999960661125442,1
ar-ar_naming_serializer-i2-ar-o1-ln-c1-fe-034aa671f411,ar_naming_serializer,AR,AR,-0.47489508986450346,-0.9749039411090052,-0.5000088512445018,1
ar-ar_naming_serializer-i2-ar-o1-ln-c1-fh-ce2e67e4ba9d,ar_naming_serializer,AR,AR,-0.5768004655833465,-0.8268171547279053,-0.25001668914455877,1
ar-ar_naming_serializer-i2-ro-o0-ll-c0-fx-05834a1112ed,ar_naming_serializer,RO,AR,-0.0010319392895041801,-7.126034855838043,-7.125002916548539,1
ar-ar_naming_serializer-i2-ro-o0-ll-c1-fx-b25b28601b02,ar_naming_serializer,RO,AR,-0.0006460250005773105,-7.625646471976893,-7.6250004469763155,1
ar-ar_naming_serializer-i2-ro-o0-ln-c0-fx-1c342abea8bc,ar_naming_serializer,RO,AR,-0.000404395424965287,-8.375408649435485,-8.37500425401052,1
ar-ar_naming_serializer-i2-ro-o0-ln-c1-fx-1a836f583d0d,ar_naming_serializer,RO,AR,-0.00020489982850335764,-9.500205755233537,-9.500000855405034,1
ar-ar_naming_serializer-i2-ro-o1-ll-c0-fx-f5c8a0dd5a10,ar_naming_serializer,RO,AR,-0.762247979640847,-0.6372482180593124,0.12499976158153459,1
ar-ar_naming_serializer-i2-ro-o1-ll-c1-fx-e9f7b1d0a627,ar_naming_serializer,RO,AR,-0.10298375785305325,-2.3529833555219852,-2.249999597668932,1
ar-ar_naming_serializer-i2-ro-o1-ln-c0-fx-b57b0141934d,ar_naming_serializer,RO,AR,-0.5826994776725201,-0.832699954509394,-0.250000476836874,1
ar-ar_naming_serializer-i2-ro-o1-ln-c1-fx-a1d5df052510,ar_naming_serializer,RO,AR,-0.09204967319942625,-2.4670494794843876,-2.3749998062849613,1
ar-ar_naming_serializer-i3-ar-o0-ll-c0-fe-b1d7261694bb,ar_naming_serializer,AR,AR,-0.0026232229952256603,-6.002625226959481,-6.000002003964255,1
ar-ar_naming_serializer-i3-ar-o0-ll-c0-fh-92f314965034,ar_naming_serializer,AR,AR,-0.000636735107491404,-7.500648379203994,-7.500011644096503,1
ar-ar_naming_serializer-i3-ar-o0-ll-c1-fe-216025d2b737,ar_naming_serializer,AR,AR,-0.05525839699930657,-2.9302705524860357,-2.875012155486729,1
ar-ar_naming_serializer-i3-ar-o0-ll-c1-fh-d607adec4134,ar_naming_serializer,AR,AR,-0.03827118481785874,-3.2883054003432335,-3.2500342155253747,1
ar-ar_naming_serializer-i3-ar-o0-ln-c0-fe-0298c4b08ad1,ar_naming_serializer,AR,AR,-0.002634989328953452,-6.0026384591910755,-6.000003469862122,1
ar-ar_naming_serializer-i3-ar-o0-ln-c0-fh-87a323e374a3,ar_naming_serializer,AR,AR,-0.0001459016779108424,-9.500175356402906,-9.500029454724995,1
ar-ar_naming_serializer-i3-ar-o0-ln-c1-fe-7766c2b16670,ar_naming_serializer,AR,AR,-0.0623467117529799,-2.81235694877887,-2.75001023702589,1
ar-ar_naming_serializer-i3-ar-o0-ln-c1-fh-38cc25ec4a85,ar_naming_serializer,AR,AR,-0.023415897037011746,-3.7735338138008956,-3.750117916763884,1
ar-ar_naming_serializer-i3-ar-o1-ll-c0-fe-5f491a0b5dfb,ar_naming_serializer,AR,AR,-0.693898856637361,-0.6942775119969156,-0.0003786553595546138,1
ar-ar_naming_serializer-i3-ar-o1-ll-c0-fh-12752847ffbb,ar_naming_serializer,AR,AR,-0.6333501934959713,-0.7650671801529825,-0.13171698665701115,1
ar-ar_naming_serializer-i3-ar-o1-ll-c1-fe-58be978324a8,ar_naming_serializer,AR,AR,-2.0182211399076095,-0.14323131734181516,1.8749898225657944,1
ar-ar_naming_serializer-i3-ar-o1-ll-c1-fh-2169fddb8e09,ar_naming_serializer,AR,AR,-1.910796403884433,-0.160841910950694,1.749954492933739,1
ar-ar_naming_serializer-i3-ar-o1-ln-c0-fe-7b4aa3555ed9,ar_naming_serializer,AR,AR,-0.5766466855993713,-0.8266704079360352,-0.2500237223366639,1
ar-ar_naming_serializer-i3-ar-o1-ln-c0-fh-2defcd2e6b96,ar_naming_serializer,AR,AR,-0.6333633661256499,-0.7584388226314331,-0.12507545650578322,1
ar-ar_naming_serializer-i3-ar-o1-ln-c1-fe-51e9ca86204f,ar_naming_serializer,AR,AR,-1.5025695562360966,-0.25257474182399164,1.249994814412105,1
ar-ar_naming_serializer-i3-ar-o1-ln-c1-fh-084cada5c920,ar_naming_serializer,AR,AR,-1.7020908594129764,-0.2021153119057999,1.4999755475071765,1
ar-ar_naming_serializer-i3-ro-o0-ll-c0-fx-3ddcbdd43e74,ar_naming_serializer,RO,AR,-0.0005988474003899569,-7.875602960578362,-7.875004113177972,1
ar-ar_naming_serializer-i3-ro-o0-ll-c1-fx-f7a421b41301,ar_naming_serializer,RO,AR,-0.0010415852302401163,-7.001042246818201,-7.000000661587961,1
ar-ar_naming_serializer-i3-ro-o0-ln-c0-fx-2d825bfb2962,ar_naming_serializer,RO,AR,-0.00022587612328806017,-9.125230789173202,-9.125004913049914,1
ar-ar_naming_serializer-i3-ro-o0-ln-c1-fx-80698a5e434e,ar_naming_serializer,RO,AR,-9.262133971077446e-05,-10.500093460082553,-10.500000838742842,1
ar-ar_naming_serializer-i3-ro-o1-ll-c0-fx-a820695decc5,ar_naming_serializer,RO,AR,-0.7634438872336204,-0.6384441256520859,0.12499976158153459,1
ar-ar_naming_serializer-i3-ro-o1-ll-c1-fx-9700007e1279,ar_naming_serializer,RO,AR,-0.05725600942935216,-2.9322557449339683,-2.874999735504616,1
ar-ar_naming_serializer-i3-ro-o1-ln-c0-fx-11cc2a513f74,ar_naming_serializer,RO,AR,-0.6999554634093954,-0.6999560594555305,-5.960461351151025e-07,1
ar-ar_naming_serializer-i3-ro-o1-ln-c1-fx-d461ffa38b63,ar_naming_serializer,RO,AR,-0.03603284805996054,-3.411032915115129,-3.3750000670551685,1
ar-ar_naming_serializer-i4-ar-o0-ll-c0-fe-2a35e1e3c79e,ar_naming_serializer,AR,AR,-0.016225075325110083,-4.141223788245497,-4.124998712920387,1
ar-ar_naming_serializer-i4-ar-o0-ll-c0-fh-b055f1db2e4d,ar_naming_serializer,AR,AR,-0.0006316104547750001,-7.500652312992315,-7.50002070253754,1
ar-ar_naming_serializer-i4-ar-o0-ll-c1-fe-b0e0900645b7,ar_naming_serializer,AR,AR,-0.033919177948860124,-3.4089885925277486,-3.3750694145788884,1
ar-ar_naming_serializer-i4-ar-o0-ll-c1-fh-1ece5c608e7d,ar_naming_serializer,AR,AR,-0.008760727008393587,-4.758974409647635,-4.750213682639242,1
ar-ar_naming_serializer-i4-ar-o0-ln-c0-fe-17912cc45937,ar_naming_serializer,AR,AR,-0.02072101457770259,-3.895722985244447,-3.8750019706667445,1
ar-ar_naming_serializer-i4-ar-o0-ln-c0-fh-0be4e9b4fa20,ar_naming_serializer,AR,AR,-0.0001808242085985512,-9.12521195361478,-9.125031129406182,1
ar-ar_naming_serializer-i4-ar-o0-ln-c1-fe-539842279496,ar_naming_serializer,AR,AR,-0.023465335368882734,-3.773564572111354,-3.7500992367424715,1
ar-ar_naming_serializer-i4-ar-o0-ln-c1-fh-71032139be03,ar_naming_serializer,AR,AR,-0.002581482054438311,-6.002752170155873,-6.000170688101434,1
ar-ar_naming_serializer-i4-ar-o1-ll-c0-fe-26143936a607,ar_naming_serializer,AR,AR,-0.6938666105243101,-0.6938732862063262,-6.6756820160662755e-06,1
ar-ar_naming_serializer-i4-ar-o1-ll-c0-fh-5f9584171a86,ar_naming_serializer,AR,AR,-0.8266632556902778,-0.5766960376568022,0.24996721803347555,1
ar-ar_naming_serializer-i4-ar-o1-ll-c1-fe-2e981daaac9c,ar_naming_serializer,AR,AR,-0.633401751518079,-0.7584168909743312,-0.1250151394562522,1
ar-ar_naming_serializer-i4-ar-o1-ll-c1-fh-d5a599437608,ar_naming_serializer,AR,AR,-1.0543100833891117,-0.4293173253226996,0.6249927580664121,1
ar-ar_naming_serializer-i4-ar-o1-ln-c0-fe-59a10ec4d838,ar_naming_serializer,AR,AR,-0.6938740015013991,-0.6938751935913388,-1.1920899396500317e-06,1
ar-ar_naming_serializer-i4-ar-o1-ln-c0-fh-b300d89b6f42,ar_naming_serializer,AR,AR,-0.9749190211290397,-0.47494667727187334,0.4999723438571664,1
ar-ar_naming_serializer-i4-ar-o1-ln-c1-fe-f78d42838d97,ar_naming_serializer,AR,AR,-0.3492402434347923,-1.2242500781485433,-0.8750098347137509,1
ar-ar_naming_serializer-i4-ar-o1-ln-c1-fh-1f2921cfd034,ar_naming_serializer,AR,AR,-0.5767168402671246,-0.8267263769612327,-0.2500095366941082,1
ar-ar_naming_serializer-i4-ro-o0-ll-c0-fx-fab5703837f0,ar_naming_serializer,RO,AR,-0.0011269656242518522,-7.1261298656415875,-7.125002900017336,1
ar-ar_naming_serializer-i4-ro-o0-ll-c1-fx-2b70572ee023,ar_naming_serializer,RO,AR,-0.0005783555679670371,-7.750578880309604,-7.750000524741637,1
ar-ar_naming_serializer-i4-ro-o0-ln-c0-fx-d33022eeab21,ar_naming_serializer,RO,AR,-0.0001629458420140395,-10.000168204294368,-10.000005258452354,1
ar-ar_naming_serializer-i4-ro-o0-ln-c1-fx-6be2c2a922b9,ar_naming_serializer,RO,AR,-7.04502235464588e-05,-11.937571763991627,-11.937501313768081,1
ar-ar_naming_serializer-i4-ro-o1-ll-c0-fx-7e6072fa7dfc,ar_naming_serializer,RO,AR,-0.5282822251319317,-0.9032827019688057,-0.375000476836874,1
ar-ar_naming_serializer-i4-ro-o1-ll-c1-fx-32c952961e5d,ar_naming_serializer,RO,AR,-0.07216061651683958,-2.6971604824065025,-2.624999865889663,1
ar-ar_naming_serializer-i4-ro-o1-ln-c0-fx-8714da43755b,ar_naming_serializer,RO,AR,-0.43548780679699917,-1.0604884624476654,-0.6250006556506662,1
ar-ar_naming_serializer-i4-ro-o1-ln-c1-fx-0d504f29c890,ar_naming_serializer,RO,AR,-0.050862129777499376,-3.0508621931074345,-3.000000063329935,1
ar-ar_seed_benchmark-i0-ar-o0-ll-c0-fe-4924b976155e,ar_seed_benchmark,AR,AR,-0.16062632203068006,-1.9106258153914837,-1.7499994933608036,1
ar-ar_seed_benchmark-i0-ar-o0-ll-c0-fh-df83cd5ab3ec,ar_seed_benchmark,AR,AR,-0.0892231240868,-2.4642230272292522,-2.3749999031424522,1
ar-ar_seed_benchmark-i0-ar-o0-ll-c1-fe-51fdff149fa6,ar_seed_benchmark,AR,AR,-0.143169477581921,-2.01816976070387,-1.875000283121949,1
ar-ar_seed_benchmark-i0-ar-o0-ll-c1-fh-042ecddae71f,ar_seed_benchmark,AR,AR,-0.07940118014778363,-2.579401254653476,-2.5000000745056923,1
ar-ar_seed_benchmark-i0-ar-o0-ln-c0-fe-852ff7d6d322,ar_seed_benchmark,AR,AR,-0.16052231192577437,-1.910522103309603,-1.7499997913838286,1
ar-ar_seed_benchmark-i0-ar-o0-ln-c0-fh-c1f2a0cc5e7b,ar_seed_benchmark,AR,AR,-0.08919825404879589,-2.4641983509063436,-2.3750000968575478,1
ar-ar_seed_benchmark-i0-ar-o0-ln-c1-fe-8511d328f2eb,ar_seed_benchmark,AR,AR,-0.12726865708822288,-2.127268671989384,-2.000000014901161,1
ar-ar_seed_benchmark-i0-ar-o0-ln-c1-fh-312d74611b86,ar_seed_benchmark,AR,AR,-0.07036500424140968,-2.6953653097151005,-2.625000305473691,1
ar-ar_seed_benchmark-i0-ar-o1-ll-c0-fe-46e892fa9515,ar_seed_benchmark,AR,AR,-1.91068768501259,-0.16068737208837547,1.7500003129242145,1
ar-ar_seed_benchmark-i0-ar-o1-ll-c0-fh-0d818e58f61b,ar_seed_benchmark,AR,AR,-2.0183438062662162,-0.14334350824321973,1.8750002980229965,1
ar-ar_seed_benchmark-i0-ar-o1-ll-c1-fe-04f31298df8b,ar_seed_benchmark,AR,AR,-1.8051887750625042,-0.18018893897522048,1.6249998360872837,1
ar-ar_seed_benchmark-i0-ar-o1-ll-c1-fh-ca62ed4e14ff,ar_seed_benchmark,AR,AR,-1.910616993904057,-0.160616889595957,1.7500001043081,1
ar-ar_seed_benchmark-i0-ar-o1-ln-c0-fe-1ca63f8d8a98,ar_seed_benchmark,AR,AR,-2.018003940582048,-0.14300331473349814,1.8750006258485499,1
ar-ar_seed_benchmark-i0-ar-o1-ln-c0-fh-3e13ede23a5a,ar_seed_benchmark,AR,AR,-2.127470731735002,-0.1274701505899145,2.0000005811450876,1
ar-ar_seed_benchmark-i0-ar-o1-ln-c1-fe-5a28a820c170,ar_seed_benchmark,AR,AR,-1.8050559759139446,-0.18005588650700588,1.6250000894069387,1
ar-ar_seed_benchmark-i0-ar-o1-ln-c1-fh-29b4a112bb61,ar_seed_benchmark,AR,AR,-1.805112004280062,-0.18011191487311606,1.6250000894069458,1
ar-ar_seed_benchmark-i0-ro-o0-ll-c0-fx-d9422dd06bef,ar_seed_benchmark,RO,AR,-0.6337736845016408,-0.7587741613386356,-0.12500047683699478,1
ar-ar_seed_benchmark-i0-ro-o0-ll-c1-fx-b6f5e7265757,ar_seed_benchmark,RO,AR,-0.2820895016193319,-1.4070898294447716,-1.1250003278254397,1
ar-ar_seed_benchmark-i0-ro-o0-ln-c0-fx-d289bda9e2ab,ar_seed_benchmark,RO,AR,-0.6338507533073354,-0.7588512301443302,-0.12500047683699478,1
ar-ar_seed_benchmark-i0-ro-o0-ln-c1-fx-6d2ff9a8b22e,ar_seed_benchmark,RO,AR,-0.22615446150302176,-1.6011548042296226,-1.3750003427266009,1
ar-ar_seed_benchmark-i0-ro-o1-ll-c0-fx-fc92586a7072,ar_seed_benchmark,RO,AR,-1.2243908643721397,-0.34939053654670005,0.8750003278254397,1
ar-ar_seed_benchmark-i0-ro-o1-ll-c1-fx-8973c56dff5a,ar_seed_benchmark,RO,AR,-0.6337407827373909,-0.7587400674819875,-0.12499928474459665,1
ar-ar_seed_benchmark-i0-ro-o1-ln-c0-fx-85c4269c2c1e,ar_seed_benchmark,RO,AR,-1.406857728958073,-0.2818574905395437,1.1250002384185294,1
ar-ar_seed_benchmark-i0-ro-o1-ln-c1-fx-cb5f3f799661,ar_seed_benchmark,RO,AR,-0.6336413025854881,-0.758640944957726,-0.12499964237223793,1
ar-ar_seed_benchmark-i1-ar-o0-ll-c0-fe-f55a55c8953b,ar_seed_benchmark,AR,AR,-0.31371706724121395,-1.3137164115905478,-0.9999993443493338,1
ar-ar_seed_benchmark-i1-ar-o0-ll-c0-fh-0c3bb26f8e66,ar_seed_benchmark,AR,AR,-0.12716776132580776,-2.127167701721163,-1.9999999403953552,1
ar-ar_seed_benchmark-i1-ar-o0-ll-c1-fe-729fb733df8a,ar_seed_benchmark,AR,AR,-0.20183522999280967,-1.701835393905526,-1.5000001639127163,1
ar-ar_seed_benchmark-i1-ar-o0-ll-c1-fh-5b1bae4625e0,ar_seed_benchmark,AR,AR,-0.127258434891246,-2.1272583007810226,-1.9999998658897766,1
ar-ar_seed_benchmark-i1-ar-o0-ln-c0-fe-6013a6dc5f15,ar_seed_benchmark,AR,AR,-0.28146725893003577,-1.406466960906954,-1.1249997019769182,1
ar-ar_seed_benchmark-i1-ar-o0-ln-c0-fh-d6d6b2c8b9a0,ar_seed_benchmark,AR,AR,-0.1271325796842504,-2.127132654190035,-2.0000000745057847,1
ar-ar_seed_benchmark-i1-ar-o0-ln-c1-fe-18ff7058e0d5,ar_seed_benchmark,AR,AR,-0.14297088980671901,-2.017970919609013,-1.875000029802294,1
ar-ar_seed_benchmark-i1-ar-o0-ln-c1-fh-baac206661cc,ar_seed_benchmark,AR,AR,-0.08921799808734932,-2.464218139648324,-2.3750001415609745,1
ar-ar_seed_benchmark-i1-ar-o1-ll-c0-fe-913427123c72,ar_seed_benchmark,AR,AR,-1.7018568515775314,-0.2018564641475109,1.5000003874300205,1
ar-ar_seed_benchmark-i1-ar-o1-ll-c0-fh-31c81b747b7c,ar_seed_benchmark,AR,AR,-1.600846886634372,-0.22584654390794867,1.3750003427264232,1
ar-ar_seed_benchmark-i1-ar-o1-ll-c1-fe-25f731efae11,ar_seed_benchmark,AR,AR,-1.5024044513702322,-0.252405077218782,1.2499993741514501,1
ar-ar_seed_benchmark-i1-ar-o1-ll-c1-fh-95a8efde3ab9,ar_seed_benchmark,AR,AR,-1.7017699480056692,-0.20177012681958217,1.499999821186087,1
ar-ar_seed_benchmark-i1-ar-o1-ln-c0-fe-075a901342d2,ar_seed_benchmark,AR,AR,-1.9105464220045292,-0.160545915365212,1.7500005066393172,1
ar-ar_seed_benchmark-i1-ar-o1-ln-c0-fh-9ac5d38adbdc,ar_seed_benchmark,AR,AR,-1.7017838954923263,-0.2017833739518835,1.5000005215404428,1
ar-ar_seed_benchmark-i1-ar-o1-ln-c1-fe-4b8769535e7c,ar_seed_benchmark,AR,AR,-1.4065146446227956,-0.281514883041325,1.1249997615814706,1
ar-ar_seed_benchmark-i1-ar-o1-ln-c1-fh-243d7da7f77f,ar_seed_benchmark,AR,AR,-1.5022413730621267,-0.25224125385284424,1.2500001192092824,1
ar-ar_seed_benchmark-i1-ro-o0-ll-c0-fx-b22b7017ea28,ar_seed_benchmark,RO,AR,-0.57697141170501,-0.826971769332772,-0.25000035762776207,1
ar-ar_seed_benchmark-i1-ro-o0-ll-c1-fx-b528e33d5712,ar_seed_benchmark,RO,AR,-0.16075585782527213,-1.9107559919357016,-1.7500001341104294,1
ar-ar_seed_benchmark-i1-ro-o0-ln-c0-fx-945da5159506,ar_seed_benchmark,RO,AR,-0.5240695476531911,-0.8990697860717205,-0.37500023841852936,1
ar-ar_seed_benchmark-i1-ro-o0-ln-c1-fx-7efe8c89dd4b,ar_seed_benchmark,RO,AR,-0.14312440156935935,-2.018124818801766,-1.8750004172324068,1
ar-ar_seed_benchmark-i1-ro-o1-ll-c0-fx-e263a828bc5d,ar_seed_benchmark,RO,AR,-1.6010634899138836,-0.2260632812976766,1.375000208616207,1
ar-ar_seed_benchmark-i1-ro-o1-ll-c1-fx-2307f81dd3c9,ar_seed_benchmark,RO,AR,-0.6940594315525459,-0.6940587162971426,7.152554033496017e-07,1
ar-ar_seed_benchmark-i1-ro-o1-ln-c0-fx-0a6b88b1e9ac,ar_seed_benchmark,RO,AR,-1.701930403709298,-0.20193006098269706,1.5000003427266009,1
ar-ar_seed_benchmark-i1-ro-o1-ln-c1-fx-b96d1b38fcfc,ar_seed_benchmark,RO,AR,-0.6939124464987572,-0.6939120888709951,3.576277620709334e-07,1
ar-ar_seed_benchmark-i2-ar-o0-ll-c0-fe-3cfd54900f7e,ar_seed_benchmark,AR,AR,-0.18020889162926323,-1.8052078485488607,-1.6249989569195975,1
ar-ar_seed_benchmark-i2-ar-o0-ll-c0-fh-8121c5f6a6d3,ar_seed_benchmark,AR,AR,-0.1272610872983364,-2.127261042594853,-1.9999999552965164,1
ar-ar_seed_benchmark-i2-ar-o0-ll-c1-fe-48271f05e96a,ar_seed_benchmark,AR,AR,-0.14318580925458946,-2.018185973167249,-1.8750001639126594,1
ar-ar_seed_benchmark-i2-ar-o0-ll-c1-fh-1a0fcaa25964,ar_seed_benchmark,AR,AR,-0.08949787169677847,-2.4644981622692512,-2.3750002905724727,1
ar-ar_seed_benchmark-i2-ar-o0-ln-c0-fe-3882514139b3,ar_seed_benchmark,AR,AR,-0.1800695210691856,-1.805068969726534,-1.6249994486573485,1
ar-ar_seed_benchmark-i2-ar-o0-ln-c0-fh-be84b83ddf0e,ar_seed_benchmark,AR,AR,-0.11310068517922645,-2.2381007671355917,-2.1250000819563652,1
ar-ar_seed_benchmark-i2-ar-o0-ln-c1-fe-eb1f853ac8e5,ar_seed_benchmark,AR,AR,-0.10052210092541713,-2.3505221605300335,-2.2500000596046164,1
ar-ar_seed_benchmark-i2-ar-o0-ln-c1-fh-82f52d554c44,ar_seed_benchmark,AR,AR,-0.07036609947680716,-2.695366501807996,-2.625000402331189,1
ar-ar_seed_benchmark-i2-ar-o1-ll-c0-fe-8968f73ed69e,ar_seed_benchmark,AR,AR,-2.018191337585222,-0.14319096505636253,1.8750003725288593,1
ar-ar_seed_benchmark-i2-ar-o1-ll-c0-fh-6ad0dc6d6759,ar_seed_benchmark,AR,AR,-1.9108625650396789,-0.16086179018003577,1.7500007748596431,1
ar-ar_seed_benchmark-i2-ar-o1-ll-c1-fe-fc18a1318059,ar_seed_benchmark,AR,AR,-1.8052453994750692,-0.18024580180627936,1.6249995976687899,1
ar-ar_seed_benchmark-i2-ar-o1-ll-c1-fh-385e2d001a56,ar_seed_benchmark,AR,AR,-1.7018709182738974,-0.20187096297738094,1.4999999552965164,1
ar-ar_seed_benchmark-i2-ar-o1-ln-c0-fe-ae4f5605d71c,ar_seed_benchmark,AR,AR,-2.3505188226698124,-0.10051842778920417,2.250000394880608,1
ar-ar_seed_benchmark-i2-ar-o1-ln-c0-fh-760f7a2d9f86,ar_seed_benchmark,AR,AR,-1.9108260869974174,-0.16082507371901755,1.7500010132783999,1
ar-ar_seed_benchmark-i2-ar-o1-ln-c1-fe-2729ad239e24,ar_seed_benchmark,AR,AR,-1.8050941228866506,-0.18009433150285759,1.624999791383793,1
ar-ar_seed_benchmark-i2-ar-o1-ln-c1-fh-81c117e8eee5,ar_seed_benchmark,AR,AR,-1.5023466348648,-0.25234657526016235,1.2500000596046377,1
ar-ar_seed_benchmark-i2-ro-o0-ll-c0-fx-7cdab2afbac9,ar_seed_benchmark,RO,AR,-0.52440953254699,-0.899409890174752,-0.37500035762776207,1
ar-ar_seed_benchmark-i2-ro-o0-ll-c1-fx-62ede561611a,ar_seed_benchmark,RO,AR,-0.25281304121016746,-1.502813100814791,-1.2500000596046235,1
ar-ar_seed_benchmark-i2-ro-o0-ln-c0-fx-e220ece1a613,ar_seed_benchmark,RO,AR,-0.5772143006324697,-0.8272146582602318,-0.25000035762776207,1
ar-ar_seed_benchmark-i2-ro-o0-ln-c1-fx-48d82cf7e5a8,ar_seed_benchmark,RO,AR,-0.20218165218829398,-1.702181935310307,-1.500000283122013,1
ar-ar_seed_benchmark-i2-ro-o1-ll-c0-fx-7d6ede6a574a,ar_seed_benchmark,RO,AR,-1.2244607210158733,-0.34946054220198874,0.8750001788138846,1
ar-ar_seed_benchmark-i2-ro-o1-ll-c1-fx-7abf8947e6b3,ar_seed_benchmark,RO,AR,-0.6338249444952453,-0.7588237524032522,-0.12499880790800688,1
ar-ar_seed_benchmark-i2-ro-o1-ln-c0-fx-edc32bd811cf,ar_seed_benchmark,RO,AR,-1.4069229364394005,-0.2819226086139608,1.1250003278254397,1
ar-ar_seed_benchmark-i2-ro-o1-ln-c1-fx-9d62f2b745de,ar_seed_benchmark,RO,AR,-0.6336733698842636,-0.7586727738380361,-0.12499940395377251,1
ar-ar_seed_benchmark-i3-ar-o0-ll-c0-fe-938391c9b4d4,ar_seed_benchmark,AR,AR,-0.142931550741082,-2.017931222915621,-1.874999672174539,1
ar-ar_seed_benchmark-i3-ar-o0-ll-c0-fh-9f695cc75f1e,ar_seed_benchmark,AR,AR,-0.14301852881905575,-2.0180186033248333,-1.8750000745057775,1
ar-ar_seed_benchmark-i3-ar-o0-ll-c1-fe-d66e654a2044,ar_seed_benchmark,AR,AR,-0.18006305396554012,-1.8050637245173675,-1.6250006705518274,1
ar-ar_seed_benchmark-i3-ar-o0-ll-c1-fh-eed9768333c6,ar_seed_benchmark,AR,AR,-0.12736023962463605,-2.1273608207692405,-2.0000005811446044,1
ar-ar_seed_benchmark-i3-ar-o0-ln-c0-fe-c1eac5cf0412,ar_seed_benchmark,AR,AR,-0.1604334414004711,-1.9104331731796194,-1.7499997317791482,1
ar-ar_seed_benchmark-i3-ar-o0-ln-c0-fh-302c24b42130,ar_seed_benchmark,AR,AR,-0.1605088561773229,-1.9105089902877523,-1.7500001341104294,1
ar-ar_seed_benchmark-i3-ar-o0-ln-c1-fe-bc0de91c73ca,ar_seed_benchmark,AR,AR,-0.14289845526215572,-2.0178989171980106,-1.875000461935855,1
ar-ar_seed_benchmark-i3-ar-o0-ln-c1-fh-618e8ddec63b,ar_seed_benchmark,AR,AR,-0.11320642381900825,-2.2382071018214447,-2.1250006780024364,1
ar-ar_seed_benchmark-i3-ar-o1-ll-c0-fe-2f1e73a7ee0f,ar_seed_benchmark,AR,AR,-1.8050826787939513,-0.18008157610890407,1.6250011026850473,1
ar-ar_seed_benchmark-i3-ar-o1-ll-c0-fh-1c368ee5198e,ar_seed_benchmark,AR,AR,-1.7020032405725942,-0.20199930667820354,1.5000039338943907,1
ar-ar_seed_benchmark-i3-ar-o1-ll-c1-fe-cb75308531fe,ar_seed_benchmark,AR,AR,-2.238111138343804,-0.1131114810704048,2.124999657273399,1
ar-ar_seed_benchmark-i3-ar-o1-ll-c1-fh-6e50131c7a20,ar_seed_benchmark,AR,AR,-1.4066203832625206,-0.28162029385561027,1.1250000894069103,1
ar-ar_seed_benchmark-i3-ar-o1-ln-c0-fe-6313be004b6b,ar_seed_benchmark,AR,AR,-1.910472273826258,-0.16047170758244533,1.7500005662438127,1
ar-ar_seed_benchmark-i3-ar-o1-ln-c0-fh-9cc333249520,ar_seed_benchmark,AR,AR,-1.6009274721106976,-0.2259251475333599,1.3750023245773377,1
ar-ar_seed_benchmark-i3-ar-o1-ln-c1-fe-0fae078b3566,ar_seed_benchmark,AR,AR,-2.017894387245171,-0.1428944021463323,1.8749999850988388,1
ar-ar_seed_benchmark-i3-ar-o1-ln-c1-fh-ba41efefcdb8,ar_seed_benchmark,AR,AR,-1.2238647937774374,-0.34886449575424194,0.8750002980231955,1
ar-ar_seed_benchmark-i3-ro-o0-ll-c0-fx-ada13d123daf,ar_seed_benchmark,RO,AR,-0.3878180682659078,-1.1378184556959923,-0.7500003874300845,1
ar-ar_seed_benchmark-i3-ro-o0-ll-c1-fx-6af39d6cec77,ar_seed_benchmark,RO,AR,-0.2818954586982656,-1.4068957567214397,-1.1250002980231741,1
ar-ar_seed_benchmark-i3-ro-o0-ln-c0-fx-9251fb9e37df,ar_seed_benchmark,RO,AR,-0.42969807982444763,-1.0546984672545818,-0.6250003874301342,1
ar-ar_seed_benchmark-i3-ro-o0-ln-c1-fx-1188f60ade6e,ar_seed_benchmark,RO,AR,-0.22604987025260215,-1.601050138473454,-1.3750002682208518,1
ar-ar_seed_benchmark-i3-ro-o1-ll-c0-fx-b63b79218a1d,ar_seed_benchmark,RO,AR,-1.1377807855602668,-0.3877801299095083,0.7500006556507586,1
ar-ar_seed_benchmark-i3-ro-o1-ll-c1-fx-5b3ddcbabb10,ar_seed_benchmark,RO,AR,-0.826855421065261,-0.576854109764092,0.250001311301169,1
ar-ar_seed_benchmark-i3-ro-o1-ln-c0-fx-9e24c727b409,ar_seed_benchmark,RO,AR,-1.4067896604536259,-0.2817891538143087,1.1250005066393172,1
ar-ar_seed_benchmark-i3-ro-o1-ln-c1-fx-c35468ca1c4e,ar_seed_benchmark,RO,AR,-0.8267415761946495,-0.5767412185668874,0.25000035762776207,1
ar-ar_seed_benchmark-i4-ar-o0-ll-c0-fe-c54a664de176,ar_seed_benchmark,AR,AR,-0.22578379511810454,-1.6007833480834677,-1.3749995529653631,1
ar-ar_seed_benchmark-i4-ar-o0-ll-c0-fh-ec35fbb560a2,ar_seed_benchmark,AR,AR,-0.1130857020615963,-2.238085508346529,-2.124999806284933,1
ar-ar_seed_benchmark-i4-ar-o0-ll-c1-fe-2c45ad651e4a,ar_seed_benchmark,AR,AR,-0.14304326474649542,-2.0180429220199017,-1.8749996572734062,1
ar-ar_seed_benchmark-i4-ar-o0-ll-c1-fh-5b1c757ba154,ar_seed_benchmark,AR,AR,-0.07927796989633862,-2.579277634620496,-2.4999996647241574,1
ar-ar_seed_benchmark-i4-ar-o0-ln-c0-fe-067f591d286b,ar_seed_benchmark,AR,AR,-0.22572712600225486,-1.600726842880242,-1.374999716877987,1
ar-ar_seed_benchmark-i4-ar-o0-ln-c0-fh-5313b163dc9d,ar_seed_benchmark,AR,AR,-0.12716104090210933,-2.12716090679168,-1.9999998658895706,1
ar-ar_seed_benchmark-i4-ar-o0-ln-c1-fe-4cf4450806d4,ar_seed_benchmark,AR,AR,-0.11312124878165264,-2.2381213903426556,-2.125000141561003,1
ar-ar_seed_benchmark-i4-ar-o0-ln-c1-fh-27a0fdfe0d48,ar_seed_benchmark,AR,AR,-0.07025822252029457,-2.6952582597731976,-2.625000037252903,1
ar-ar_seed_benchmark-i4-ar-o1-ll-c0-fe-531e6b252493,ar_seed_benchmark,AR,AR,-2.1272886991500286,-0.12728857994076748,2.000000119209261,1
ar-ar_seed_benchmark-i4-ar-o1-ll-c0-fh-3f75f4252687,ar_seed_benchmark,AR,AR,-2.0181605815885177,-0.14316053688503416,1.8750000447034836,1
ar-ar_seed_benchmark-i4-ar-o1-ll-c1-fe-6d11acc21eeb,ar_seed_benchmark,AR,AR,-1.8051207065581991,-0.18012094497669295,1.6249997615815062,1
ar-ar_seed_benchmark-i4-ar-o1-ll-c1-fh-b9bc5dd649b8,ar_seed_benchmark,AR,AR,-1.8050764799117758,-0.18007649481293697,1.6249999850988388,1
ar-ar_seed_benchmark-i4-ar-o1-ln-c0-fe-b792cc98c004,ar_seed_benchmark,AR,AR,-2.2381062507628258,-0.11310601234435325,2.1250002384184725,1
ar-ar_seed_benchmark-i4-ar-o1-ln-c0-fh-a49ebd701192,ar_seed_benchmark,AR,AR,-2.0181075334547245,-0.14310729503625907,1.8750002384184654,1
ar-ar_seed_benchmark-i4-ar-o1-ln-c1-fe-da914d8384b1,ar_seed_benchmark,AR,AR,-1.6007204055786062,-0.2257205396890356,1.3749998658895706,1
ar-ar_seed_benchmark-i4-ar-o1-ln-c1-fh-db05162486f6,ar_seed_benchmark,AR,AR,-1.5022716522216726,-0.25227168202399497,1.2499999701976776,1
ar-ar_seed_benchmark-i4-ro-o0-ll-c0-fx-b7762f2adbde,ar_seed_benchmark,RO,AR,-0.6336956620216299,-0.7586959004401592,-0.12500023841852936,1
ar-ar_seed_benchmark-i4-ro-o0-ll-c1-fx-b9e8613737e7,ar_seed_benchmark,RO,AR,-0.28191253542899375,-1.4069126844405844,-1.1250001490115906,1
ar-ar_seed_benchmark-i4-ro-o0-ln-c0-fx-97cc1a3b0a39,ar_seed_benchmark,RO,AR,-0.6336091756820679,-0.7586095333098797,-0.1250003576278118,1
ar-ar_seed_benchmark-i4-ro-o0-ln-c1-fx-4de7185ffcd5,ar_seed_benchmark,RO,AR,-0.25252044200896506,-1.5025206804274944,-1.2500002384185294,1
ar-ar_seed_benchmark-i4-ro-o1-ll-c0-fx-75dde377de1d,ar_seed_benchmark,RO,AR,-1.224316716194096,-0.3493164777755666,0.8750002384185294,1
ar-ar_seed_benchmark-i4-ro-o1-ll-c1-fx-403beb751835,ar_seed_benchmark,RO,AR,-0.6336587071417057,-0.7586582303047109,-0.12499952316300522,1
ar-ar_seed_benchmark-i4-ro-o1-ln-c0-fx-0daec100aa2b,ar_seed_benchmark,RO,AR,-1.406761765480013,-0.28176164627074485,1.1250001192092682,1
ar-ar_seed_benchmark-i4-ro-o1-ln-c1-fx-999e94d51e67,ar_seed_benchmark,RO,AR,-0.6334960460661705,-0.7584956884384084,-0.12499964237223793,1
ar-ar_taskorder_setup-i0-ar-o0-ll-c0-fe-723cd9e41873,ar_taskorder_setup,AR,AR,-0.16088773310178794,-1.9108874797820974,-1.7499997466803094,1
ar-ar_taskorder_setup-i0-ar-o0-ll-c0-fh-0876d6f91973,ar_taskorder_setup,AR,AR,-0.0894350856540882,-2.464434504508965,-2.374999418854877,1
ar-ar_taskorder_setup-i0-ar-o0-ll-c1-fe-1af68c78ae70,ar_taskorder_setup,AR,AR,-0.08956586569541969,-2.4645662307736984,-2.3750003650782787,1
ar-ar_taskorder_setup-i0-ar-o0-ll-c1-fh-2f8d39d3c97c,ar_taskorder_setup,AR,AR,-0.07948746532196083,-2.579487800597917,-2.5000003352759563,1
ar-ar_taskorder_setup-i0-ar-o0-ln-c0-fe-371b26a26fb3,ar_taskorder_setup,AR,AR,-0.20207229256627102,-1.7020721435546804,-1.4999998509884094,1
ar-ar_taskorder_setup-i0-ar-o0-ln-c0-fh-62c0d71fc9ee,ar_taskorder_setup,AR,AR,-0.1007768660781494,-2.3507764339446737,-2.2499995678665243,1
ar-ar_taskorder_setup-i0-ar-o0-ln-c1-fe-48bfdd5ec608,ar_taskorder_setup,AR,AR,-0.07955263555047054,-2.5795526504516317,-2.500000014901161,1
ar-ar_taskorder_setup-i0-ar-o0-ln-c1-fh-bb0f32d3438a,ar_taskorder_setup,AR,AR,-0.07059785723683376,-2.69559812545765,-2.6250002682208162,1
ar-ar_taskorder_setup-i0-ar-o1-ll-c0-fe-3c502cb21fd8,ar_taskorder_setup,AR,AR,-1.1382062435143325,-0.3882054686545189,0.7500007748598136,1
ar-ar_taskorder_setup-i0-ar-o1-ll-c0-fh-b153438cf7cb,ar_taskorder_setup,AR,AR,-1.054673671722071,-0.42967322468751945,0.6250004470345516,1
ar-ar_taskorder_setup-i0-ar-o1-ll-c1-fe-1d4b285f5699,ar_taskorder_setup,AR,AR,-0.6337524652480795,-0.758752822875806,-0.12500035762772654,1
ar-ar_taskorder_setup-i0-ar-o1-ll-c1-fh-929ebc53dbb3,ar_taskorder_setup,AR,AR,-0.5768526196479229,-0.8268533349031486,-0.2500007152552257,1
ar-ar_taskorder_setup-i0-ar-o1-ln-c0-fe-303c0f066fc9,ar_taskorder_setup,AR,AR,-1.2244983911508598,-0.34949755668637295,0.8750008344644868,1
ar-ar_taskorder_setup-i0-ar-o1-ln-c0-fh-9b3c60450b6d,ar_taskorder_setup,AR,AR,-1.0547482967375004,-0.4297479689120962,0.6250003278254042,1
ar-ar_taskorder_setup-i0-ar-o1-ln-c1-fe-40be6f36015a,ar_taskorder_setup,AR,AR,-0.5240231156348898,-0.8990233540533836,-0.37500023841849384,1
ar-ar_taskorder_setup-i0-ar-o1-ln-c1-fh-fd32671194cc,ar_taskorder_setup,AR,AR,-0.5767596960067465,-0.8267602920528816,-0.2500005960461351,1
ar-ar_taskorder_setup-i0-ro-o0-ll-c0-fx-07f13518540a,ar_taskorder_setup,RO,AR,-0.5260878801345754,-0.9010881185531048,-0.37500023841852936,1
ar-ar_taskorder_setup-i0-ro-o0-ll-c1-fx-6a26b09a11ef,ar_taskorder_setup,RO,AR,-0.12839257717129726,-2.1283923387527395,-1.9999997615814422,1
ar-ar_taskorder_setup-i0-ro-o0-ln-c0-fx-a8288f02cafc,ar_taskorder_setup,RO,AR,-0.525774776935549,-0.9007750153540428,-0.37500023841849384,1
ar-ar_taskorder_setup-i0-ro-o0-ln-c1-fx-2c07df07907a,ar_taskorder_setup,RO,AR,-0.10155805200332679,-2.3515578508377004,-2.2499997988343736,1
ar-ar_taskorder_setup-i0-ro-o1-ll-c0-fx-28b99337a913,ar_taskorder_setup,RO,AR,-0.6961351037025381,-0.6961351037025381,0.0,1
ar-ar_taskorder_setup-i0-ro-o1-ll-c1-fx-6ce27f7a75d0,ar_taskorder_setup,RO,AR,-0.1628027111291317,-1.9128024578094411,-1.7499997466803094,1
ar-ar_taskorder_setup-i0-ro-o1-ln-c0-fx-5ad961a61084,ar_taskorder_setup,RO,AR,-0.9010585546493246,-0.5260585546493246,0.375,1
ar-ar_taskorder_setup-i0-ro-o1-ln-c1-fx-53a32c47279c,ar_taskorder_setup,RO,AR,-0.18252699077117995,-1.8075265884399343,-1.6249995976687543,1
ar-ar_taskorder_setup-i1-ar-o0-ll-c0-fe-54547f58bdb9,ar_taskorder_setup,AR,AR,-0.07080933451649685,-2.6958094835280804,-2.6250001490115835,1
ar-ar_taskorder_setup-i1-ar-o0-ll-c0-fh-d0be991915d6,ar_taskorder_setup,AR,AR,-0.06268044561142005,-2.8126803636550335,-2.7499999180436134,1
ar-ar_taskorder_setup-i1-ar-o0-ll-c1-fe-3b61686e5e1f,ar_taskorder_setup,AR,AR,-0.04400294274086036,-3.169019818156812,-3.1250168754159517,1
ar-ar_taskorder_setup-i1-ar-o0-ll-c1-fh-fcc38b15c57d,ar_taskorder_setup,AR,AR,-0.030462395399780462,-3.5304657220781337,-3.5000033266783532,1
ar-ar_taskorder_setup-i1-ar-o0-ln-c0-fe-2c513ff18d2d,ar_taskorder_setup,AR,AR,-0.08988559246062522,-2.4648858308791546,-2.3750002384185294,1
ar-ar_taskorder_setup-i1-ar-o0-ln-c0-fh-5edae7f10532,ar_taskorder_setup,AR,AR,-0.06259836256501217,-2.8125984668731405,-2.7500001043081284,1
ar-ar_taskorder_setup-i1-ar-o0-ln-c1-fe-58e3352ac1cf,ar_taskorder_setup,AR,AR,-0.03443318977949161,-3.409436941138665,-3.3750037513591735,1
ar-ar_taskorder_setup-i1-ar-o0-ln-c1-fh-1658dc797d40,ar_taskorder_setup,AR,AR,-0.02384928241371398,-3.77385020255997,-3.750000920146256,1
ar-ar_taskorder_setup-i1-ar-o1-ll-c0-fe-b4a5ce287a7c,ar_taskorder_setup,AR,AR,-1.1383862495367794,-0.38838332891452865,0.7500029206222507,1
ar-ar_taskorder_setup-i1-ar-o1-ll-c0-fh-c18a5bafdcfa,ar_taskorder_setup,AR,AR,-0.8270989060396232,-0.5770984292028629,0.2500004768367603,1
ar-ar_taskorder_setup-i1-ar-o1-ll-c1-fe-b205110ebc95,ar_taskorder_setup,AR,AR,-0.5245952606199467,-0.8995950222014812,-0.3749997615815346,1
ar-ar_taskorder_setup-i1-ar-o1-ll-c1-fh-3114ed3dff28,ar_taskorder_setup,AR,AR,-0.3143652677534874,-1.3143651485442547,-0.9999998807907673,1
ar-ar_taskorder_setup-i1-ar-o1-ln-c0-fe-ba5a602843a7,ar_taskorder_setup,AR,AR,-1.2246901988942227,-0.349687695503178,0.8750025033910447,1
ar-ar_taskorder_setup-i1-ar-o1-ln-c0-fh-340f918ba98a,ar_taskorder_setup,AR,AR,-0.8270149230955326,-0.577014565467806,0.25000035762772654,1
ar-ar_taskorder_setup-i1-ar-o1-ln-c1-fe-62ff164add86,ar_taskorder_setup,AR,AR,-0.5243538618086063,-0.8993533849716115,-0.3749995231630052,1
ar-ar_taskorder_setup-i1-ar-o1-ln-c1-fh-1f322523576d,ar_taskorder_setup,AR,AR,-0.3141959905623821,-1.314195871353121,-0.9999998807907389,1
ar-ar_taskorder_setup-i1-ro-o0-ll-c0-fx-de639b9bcf9e,ar_taskorder_setup,RO,AR,-0.28483200073239345,-1.4098321199416546,-1.1250001192092611,1
ar-ar_taskorder_setup-i1-ro-o0-ll-c1-fx-852d57f62455,ar_taskorder_setup,RO,AR,-0.10195148736235637,-2.351951479911797,-2.2499999925494407,1
ar-ar_taskorder_setup-i1-ro-o0-ln-c0-fx-7dbf18ee5603,ar_taskorder_setup,RO,AR,-0.22845883667468314,-1.603459119796696,-1.375000283122013,1
ar-ar_taskorder_setup-i1-ro-o0-ln-c1-fx-cc4aa17c5506,ar_taskorder_setup,RO,AR,-0.0807029008864788,-2.5807027816772177,-2.499999880790739,1
ar-ar_taskorder_setup-i1-ro-o1-ll-c0-fx-95e6771424f4,ar_taskorder_setup,RO,AR,-0.47768062353131313,-0.9776805043220449,-0.49999988079073177,1
ar-ar_taskorder_setup-i1-ro-o1-ll-c1-fx-028cc6811eac,ar_taskorder_setup,RO,AR,-0.2301203459500698,-1.6051200628280569,-1.374999716877987,1
ar-ar_taskorder_setup-i1-ro-o1-ln-c0-fx-2db61e752510,ar_taskorder_setup,RO,AR,-0.5796896815299704,-0.8296896815299704,-0.25,1
ar-ar_taskorder_setup-i1-ro-o1-ln-c1-fx-82e86ca247da,ar_taskorder_setup,RO,AR,-0.2559634745120718,-1.5059634447097494,-1.2499999701976776,1
ar-ar_taskorder_setup-i2-ar-o0-ll-c0-fe-3e12e0ea1a3d,ar_taskorder_setup,AR,AR,-0.07054942846292533,-2.6955492496490194,-2.624999821186094,1
ar-ar_taskorder_setup-i2-ar-o0-ll-c0-fh-a08ebc3e2752,ar_taskorder_setup,AR,AR,-0.07053998857730903,-2.6955399513244345,-2.6249999627471254,1
ar-ar_taskorder_setup-i2-ar-o0-ll-c1-fe-967b4f8d7822,ar_taskorder_setup,AR,AR,-0.07060807943341274,-2.6956086158750168,-2.625000536441604,1
ar-ar_taskorder_setup-i2-ar-o0-ll-c1-fh-cee9ace10de4,ar_taskorder_setup,AR,AR,-0.05564812198275604,-2.9306484460828983,-2.8750003241001423,1
ar-ar_taskorder_setup-i2-ar-o0-ln-c0-fe-560fb07339af,ar_taskorder_setup,AR,AR,-0.07945705950259452,-2.579457283019991,-2.5000002235173966,1
ar-ar_taskorder_setup-i2-ar-o0-ln-c0-fh-dc348d979bf3,ar_taskorder_setup,AR,AR,-0.0794984698295309,-2.5794985294341757,-2.5000000596046448,1
ar-ar_taskorder_setup-i2-ar-o0-ln-c1-fe-960794cb8e2e,ar_taskorder_setup,AR,AR,-0.06264572590586681,-2.8126457929610638,-2.750000067055197,1
ar-ar_taskorder_setup-i2-ar-o0-ln-c1-fh-616925ec21d8,ar_taskorder_setup,AR,AR,-0.05559410527345676,-2.9305944442747887,-2.875000339001332,1
ar-ar_taskorder_setup-i2-ar-o1-ll-c0-fe-5e44e7ea5917,ar_taskorder_setup,AR,AR,-1.3145601749406524,-0.3145586848258688,1.0000014901147836,1
ar-ar_taskorder_setup-i2-ar-o1-ll-c0-fh-0ad1cde9da03,ar_taskorder_setup,AR,AR,-1.4072468280787689,-0.28224629163730697,1.125000536441462,1
ar-ar_taskorder_setup-i2-ar-o1-ll-c1-fe-3eb798059bc4,ar_taskorder_setup,AR,AR,-1.3144605159757816,-0.3144603967665489,1.0000001192092327,1
ar-ar_taskorder_setup-i2-ar-o1-ll-c1-fh-b84afdee945a,ar_taskorder_setup,AR,AR,-1.2244566678999718,-0.34945657849306144,0.8750000894069103,1
ar-ar_taskorder_setup-i2-ar-o1-ln-c0-fe-601a04c169c4,ar_taskorder_setup,AR,AR,-1.3143131732924758,-0.3143116533755972,1.0000015199168786,1
ar-ar_taskorder_setup-i2-ar-o1-ln-c0-fh-ca913ef87dbe,ar_taskorder_setup,AR,AR,-1.407183766364824,-0.28218328952786464,1.1250004768369593,1
ar-ar_taskorder_setup-i2-ar-o1-ln-c1-fe-c166df7d56c5,ar_taskorder_setup,AR,AR,-0.9749761223791893,-0.4749760031699566,0.5000001192092327,1
ar-ar_taskorder_setup-i2-ar-o1-ln-c1-fh-4901373c156b,ar_taskorder_setup,AR,AR,-0.9749962091445354,-0.4749960899352743,0.5000001192092611,1
ar-ar_taskorder_setup-i2-ro-o0-ll-c0-fx-40b66c8a633b,ar_taskorder_setup,RO,AR,-0.526483118534081,-0.9014832377433493,-0.37500011920926823,1
ar-ar_taskorder_setup-i2-ro-o0-ll-c1-fx-c5c4ffcff42b,ar_taskorder_setup,RO,AR,-0.18146724998945274,-1.8064669370651245,-1.6249996870756718,1
ar-ar_taskorder_setup-i2-ro-o0-ln-c0-fx-1ff20fd39f90,ar_taskorder_setup,RO,AR,-0.5260466933250143,-0.9010468125342754,-0.37500011920926113,1
ar-ar_taskorder_setup-i2-ro-o0-ln-c1-fx-5ead4d07107b,ar_taskorder_setup,RO,AR,-0.14422529935814055,-2.0192246437072754,-1.8749993443491348,1
ar-ar_taskorder_setup-i2-ro-o1-ll-c0-fx-d3f2d891b8e5,ar_taskorder_setup,RO,AR,-0.6349546909332204,-0.7599546909332204,-0.125,1
ar-ar_taskorder_setup-i2-ro-o1-ll-c1-fx-a914eddd74c2,ar_taskorder_setup,RO,AR,-0.35257008671743506,-1.227569580078118,-0.8749994933606828,1
ar-ar_taskorder_setup-i2-ro-o1-ln-c0-fx-563829f92487,ar_taskorder_setup,RO,AR,-0.760020256042452,-0.635020256042452,0.125,1
ar-ar_taskorder_setup-i2-ro-o1-ln-c1-fx-e97ee03cdc3d,ar_taskorder_setup,RO,AR,-0.35203668475139693,-1.2270363569259573,-0.8749996721745603,1
ar-ar_taskorder_setup-i3-ar-o0-ll-c0-fe-7e85aafda294,ar_taskorder_setup,AR,AR,-0.055442757904522466,-2.9304429292678265,-2.875000171363304,1
ar-ar_taskorder_setup-i3-ar-o0-ll-c0-fh-4460043f70a5,ar_taskorder_setup,AR,AR,-0.06245333701371436,-2.8124535083770468,-2.7500001713633324,1
ar-ar_taskorder_setup-i3-ar-o0-ll-c1-fe-0ec51b10126b,ar_taskorder_setup,AR,AR,-0.07946378737685222,-2.5794682502632895,-2.5000044628864373,1
ar-ar_taskorder_setup-i3-ar-o0-ll-c1-fh-845963a033a7,ar_taskorder_setup,AR,AR,-0.06260845810163573,-2.8126094341267844,-2.7500009760251487,1
ar-ar_taskorder_setup-i3-ar-o0-ln-c0-fe-76e6308b1364,ar_taskorder_setup,AR,AR,-0.08953619748353248,-2.4645364284515097,-2.375000230967977,1
ar-ar_taskorder_setup-i3-ar-o0-ln-c0-fh-5f8181b0e24d,ar_taskorder_setup,AR,AR,-0.1008700355887342,-2.3508701324462606,-2.2500000968575264,1
ar-ar_taskorder_setup-i3-ar-o0-ln-c1-fe-bd9ea84d2910,ar_taskorder_setup,AR,AR,-0.07059685885903377,-2.6955993175472486,-2.625002458688215,1
ar-ar_taskorder_setup-i3-ar-o0-ln-c1-fh-dc065d594d5f,ar_taskorder_setup,AR,AR,-0.055506031960220525,-2.9305064678189865,-2.875000435858766,1
ar-ar_taskorder_setup-i3-ar-o1-ll-c0-fe-b7e8b875c98e,ar_taskorder_setup,AR,AR,-1.5029225349071567,-0.25291445851320304,1.2500080763939536,1
ar-ar_taskorder_setup-i3-ar-o1-ll-c0-fh-b434982d8097,ar_taskorder_setup,AR,AR,-1.314203262328192,-0.3142025768755161,1.000000685452676,1
ar-ar_taskorder_setup-i3-ar-o1-ll-c1-fe-638e56e57387,ar_taskorder_setup,AR,AR,-1.4071679115293136,-0.2821672558784414,1.1250006556508723,1
ar-ar_taskorder_setup-i3-ar-o1-ll-c1-fh-f10ce116fa24,ar_taskorder_setup,AR,AR,-0.9750424027441795,-0.4750424027441795,0.5,1
ar-ar_taskorder_setup-i3-ar-o1-ln-c0-fe-bcd3c2f44ea7,ar_taskorder_setup,AR,AR,-1.6012611388832738,-0.22625327110287685,1.375007867780397,1
ar-ar_taskorder_setup-i3-ar-o1-ln-c0-fh-776c479815b1,ar_taskorder_setup,AR,AR,-1.4070717096303724,-0.28206965327260036,1.125002056357772,1
ar-ar_taskorder_setup-i3-ar-o1-ln-c1-fe-444700a1b099,ar_taskorder_setup,AR,AR,-0.8990172743793892,-0.524016678333254,0.3750005960461351,1
ar-ar_taskorder_setup-i3-ar-o1-ln-c1-fh-63ea2cc39604,ar_taskorder_setup,AR,AR,-0.6941010951994713,-0.6941009759902386,1.1920923270736239e-07,1
ar-ar_taskorder_setup-i3-ro-o0-ll-c0-fx-f86780a7c2bb,ar_taskorder_setup,RO,AR,-0.6351051926612286,-0.7601051926612286,-0.125,1
ar-ar_taskorder_setup-i3-ro-o0-ll-c1-fx-c11ee5a6c152,ar_taskorder_setup,RO,AR,-0.12845329940313377,-2.128453016281128,-1.9999997168779942,1
ar-ar_taskorder_setup-i3-ro-o0-ln-c0-fx-eb27b48eeb43,ar_taskorder_setup,RO,AR,-0.6352554559703094,-0.7602547407149984,-0.12499928474468902,1
ar-ar_taskorder_setup-i3-ro-o0-ln-c1-fx-2b8701bcdfa5,ar_taskorder_setup,RO,AR,-0.1140583604569656,-2.2390575408935263,-2.1249991804365607,1
ar-ar_taskorder_setup-i3-ro-o1-ll-c0-fx-88e7b5cb3218,ar_taskorder_setup,RO,AR,-0.9759584069251943,-0.4759584069251943,0.5,1
ar-ar_taskorder_setup-i3-ro-o1-ll-c1-fx-fd63ea2e50fe,ar_taskorder_setup,RO,AR,-0.2834260463714031,-1.4084258079528738,-1.1249997615814706,1
ar-ar_taskorder_setup-i3-ro-o1-ln-c0-fx-c2a2890379dd,ar_taskorder_setup,RO,AR,-1.139210224151583,-0.3892102539539053,0.7499999701976776,1
ar-ar_taskorder_setup-i3-ro-o1-ln-c1-fx-c45194a6d20c,ar_taskorder_setup,RO,AR,-0.3161737024782951,-1.3161731958389282,-0.9999994933606331,1
ar-ar_taskorder_setup-i4-ar-o0-ll-c0-fe-039df45cddcb,ar_taskorder_setup,AR,AR,-0.12771201133725185,-2.127712130546513,-2.000000119209261,1
ar-ar_taskorder_setup-i4-ar-o0-ll-c0-fh-f7babfd952a0,ar_taskorder_setup,AR,AR,-0.10088708996767082,-2.350887060165377,-2.249999970197706,1
ar-ar_taskorder_setup-i4-ar-o0-ll-c1-fe-f29d08adbd72,ar_taskorder_setup,AR,AR,-0.07062888890470731,-2.695631265635484,-2.6250023767307766,1
ar-ar_taskorder_setup-i4-ar-o0-ll-c1-fh-fb3ff7b9525a,ar_taskorder_setup,AR,AR,-0.055568419396649915,-2.93056833744032,-2.8749999180436703,1
ar-ar_taskorder_setup-i4-ar-o0-ln-c0-fe-5b270992ec84,ar_taskorder_setup,AR,AR,-0.12765009701251273,-2.1276502609252645,-2.000000163912752,1
ar-ar_taskorder_setup-i4-ar-o0-ln-c0-fh-3afd8bee55b9,ar_taskorder_setup,AR,AR,-0.14334890246388454,-2.0183488130569387,-1.8749999105930542,1
ar-ar_taskorder_setup-i4-ar-o0-ln-c1-fe-e96bb09f3927,ar_taskorder_setup,AR,AR,-0.04918015748256721,-3.0491807460780365,-3.0000005885954693,1
ar-ar_taskorder_setup-i4-ar-o0-ln-c1-fh-02386b0bb172,ar_taskorder_setup,AR,AR,-0.049142364412489314,-3.0491424798964886,-3.0000001154839993,1
ar-ar_taskorder_setup-i4-ar-o1-ll-c0-fe-b877f477b772,ar_taskorder_setup,AR,AR,-1.4072836637433284,-0.2822844684028496,1.1249991953404788,1
ar-ar_taskorder_setup-i4-ar-o1-ll-c0-fh-84a0a24b6176,ar_taskorder_setup,AR,AR,-1.2245492935177253,-0.34954956173839946,0.8749997317793259,1
ar-ar_taskorder_setup-i4-ar-o1-ll-c1-fe-f17f7afd5dd9,ar_taskorder_setup,AR,AR,-0.8993656039232292,-0.5243650078772362,0.375000596045993,1
ar-ar_taskorder_setup-i4-ar-o1-ll-c1-fh-c2e867f9b03e,ar_taskorder_setup,AR,AR,-0.6942749619482811,-0.6942748427390484,1.1920923270736239e-07,1
ar-ar_taskorder_setup-i4-ar-o1-ln-c0-fe-3a2e58e83d45,ar_taskorder_setup,AR,AR,-1.5030331611581005,-0.2530308663840515,1.250002294774049,1
ar-ar_taskorder_setup-i4-ar-o1-ln-c0-fh-95c4af6882f1,ar_taskorder_setup,AR,AR,-1.4070852994915413,-0.28208488225931205,1.1250004172322292,1
ar-ar_taskorder_setup-i4-ar-o1-ln-c1-fe-e857b133542c,ar_taskorder_setup,AR,AR,-0.6336302161213325,-0.7586296200751974,-0.12499940395386488,1
ar-ar_taskorder_setup-i4-ar-o1-ln-c1-fh-74573a42ac93,ar_taskorder_setup,AR,AR,-0.6335114240645794,-0.7585113048553183,-0.12499988079073887,1
ar-ar_taskorder_setup-i4-ro-o0-ll-c0-fx-ec214cbf3004,ar_taskorder_setup,RO,AR,-0.6359808444976522,-0.760980725288384,-0.12499988079073177,1
ar-ar_taskorder_setup-i4-ro-o0-ll-c1-fx-0010b65f2a85,ar_taskorder_setup,RO,AR,-0.16192555427548427,-1.911925435066216,-1.7499998807907318,1
ar-ar_taskorder_setup-i4-ro-o0-ln-c0-fx-853d9c4ccd7b,ar_taskorder_setup,RO,AR,-0.525617480278008,-0.9006175994872763,-0.37500011920926823,1
ar-ar_taskorder_setup-i4-ro-o0-ln-c1-fx-aae4030ec57b,ar_taskorder_setup,RO,AR,-0.14409449696529464,-2.01909410953521,-1.8749996125699155,1
ar-ar_taskorder_setup-i4-ro-o1-ll-c0-fx-c525e1bf6a40,ar_taskorder_setup,RO,AR,-0.5786720514297414,-0.8286720514297414,-0.25,1
ar-ar_taskorder_setup-i4-ro-o1-ll-c1-fx-18e1ebb15931,ar_taskorder_setup,RO,AR,-0.35192131996151943,-1.2269212007522512,-0.8749998807907318,1
ar-ar_taskorder_setup-i4-ro-o1-ln-c0-fx-bd0c13f8fc95,ar_taskorder_setup,RO,AR,-0.6956336498260214,-0.6956336498260214,0.0,1
ar-ar_taskorder_setup-i4-ro-o1-ln-c1-fx-e50575082e3e,ar_taskorder_setup,RO,AR,-0.3516514003276541,-1.2266513109207082,-0.8749999105930542,1
ar-ar_testfix_suite-i0-ar-o0-ll-c0-fe-e37e2f0b3ce3,ar_testfix_suite,AR,AR,-0.026628552004467565,-3.6516278982162405,-3.624999346211773,1
ar-ar_testfix_suite-i0-ar-o0-ll-c0-fh-c40b63247c57,ar_testfix_suite,AR,AR,-0.02340687811351927,-3.77340638637542,-3.749999508261901,1
ar-ar_testfix_suite-i0-ar-o0-ll-c1-fe-b39cae5d044b,ar_testfix_suite,AR,AR,-0.06237642467004889,-2.812376618384974,-2.750000193714925,1
ar-ar_testfix_suite-i0-ar-o0-ll-c1-fh-5f121b726422,ar_testfix_suite,AR,AR,-0.04325442761177101,-3.168254613876229,-3.125000186264458,1
ar-ar_testfix_suite-i0-ar-o0-ln-c0-fe-2bb9937ba476,ar_testfix_suite,AR,AR,-0.0300230141728548,-3.5300227403640676,-3.499999726191213,1
ar-ar_testfix_suite-i0-ar-o0-ln-c0-fh-0313868e0420,ar_testfix_suite,AR,AR,-0.029929418116779516,-3.52992928028106,-3.4999998621642803,1
ar-ar_testfix_suite-i0-ar-o0-ln-c1-fe-2074f30cf6e7,ar_testfix_suite,AR,AR,-0.043351683765621374,-3.1683518886565025,-3.125000204890881,1
ar-ar_testfix_suite-i0-ar-o0-ln-c1-fh-ebc4f47ea155,ar_testfix_suite,AR,AR,-0.03387697041033988,-3.408877253532353,-3.375000283122013,1
ar-ar_testfix_suite-i0-ar-o1-ll-c0-fe-dd7ecb477be1,ar_testfix_suite,AR,AR,-0.6333782076831085,-0.7583782076831085,-0.125,1
ar-ar_testfix_suite-i0-ar-o1-ll-c0-fh-bf6041050d52,ar_testfix_suite,AR,AR,-0.758213102817308,-0.6332128643988426,0.12500023841846541,1
ar-ar_testfix_suite-i0-ar-o1-ll-c1-fe-9efac543ac1a,ar_testfix_suite,AR,AR,-0.7583665251731588,-0.6333692669822995,0.12499725819085938,1
ar-ar_testfix_suite-i0-ar-o1-ll-c1-fh-bbb9056f7efe,ar_testfix_suite,AR,AR,-1.0541211366653371,-0.4291240572881634,0.6249970793771737,1
ar-ar_testfix_suite-i0-ar-o1-ln-c0-fe-e83d1226ea64,ar_testfix_suite,AR,AR,-0.8988173007962814,-0.5238171815870487,0.3750001192092327,1
ar-ar_testfix_suite-i0-ar-o1-ln-c0-fh-450b47b5bd43,ar_testfix_suite,AR,AR,-0.9746369123457725,-0.47463694214809493,0.4999999701976776,1
ar-ar_testfix_suite-i0-ar-o1-ln-c1-fe-8ea1ad9ceda1,ar_testfix_suite,AR,AR,-0.7582344412803579,-0.6332359909997649,0.12499845028059298,1
ar-ar_testfix_suite-i0-ar-o1-ln-c1-fh-bd348dc6d179,ar_testfix_suite,AR,AR,-1.137293219566338,-0.38729438185600884,0.7499988377103293,1
ar-ar_testfix_suite-i0-ro-o0-ll-c0-fx-6797ed175f4f,ar_testfix_suite,RO,AR,-0.3506977260112478,-1.2256984710688812,-0.8750007450576334,1
ar-ar_testfix_suite-i0-ro-o0-ll-c1-fx-990abc626c45,ar_testfix_suite,RO,AR,-0.07098157703873653,-2.6959817409514244,-2.625000163912688,1
ar-ar_testfix_suite-i0-ro-o0-ln-c0-fx-e981e5ec045e,ar_testfix_suite,RO,AR,-0.2832213342189718,-1.408221840858289,-1.1250005066393172,1
ar-ar_testfix_suite-i0-ro-o0-ln-c1-fx-be9359b9c69f,ar_testfix_suite,RO,AR,-0.06325957924126868,-2.813259840011483,-2.7500002607702143,1
ar-ar_testfix_suite-i0-ro-o1-ll-c0-fx-51b6fbb2ce52,ar_testfix_suite,RO,AR,-0.5270397663115887,-0.9020395278930593,-0.37499976158147064,1
ar-ar_testfix_suite-i0-ro-o1-ll-c1-fx-820870386a62,ar_testfix_suite,RO,AR,-0.10251603275503385,-2.3525154590606405,-2.2499994263056067,1
ar-ar_testfix_suite-i0-ro-o1-ln-c0-fx-f0a7394d37dd,ar_testfix_suite,RO,AR,-0.5797466635703472,-0.8297465443610861,-0.24999988079073887,1
ar-ar_testfix_suite-i0-ro-o1-ln-c1-fx-5c0b57fbfe46,ar_testfix_suite,RO,AR,-0.09105670452106551,-2.466056466102593,-2.3749997615815275,1
ar-ar_testfix_suite-i1-ar-o0-ll-c0-fe-3a0b1b54f907,ar_testfix_suite,AR,AR,-0.062272958446101256,-2.8122683763503957,-2.7499954179042945,1
ar-ar_testfix_suite-i1-ar-o0-ll-c0-fh-c7a2866e540a,ar_testfix_suite,AR,AR,-0.07911885529665597,-2.5791175365448,-2.499998681248144,1
ar-ar_testfix_suite-i1-ar-o0-ll-c1-fe-8f8fb6079dc5,ar_testfix_suite,AR,AR,-0.12746179103834265,-2.1274619102475754,-2.0000001192092327,1
ar-ar_testfix_suite-i1-ar-o0-ll-c1-fh-e8d7f7d3c242,ar_testfix_suite,AR,AR,-0.12727339565736884,-2.1272733211516197,-1.9999999254942509,1
ar-ar_testfix_suite-i1-ar-o0-ln-c0-fe-18eae4eadaef,ar_testfix_suite,AR,AR,-0.08925459533861613,-2.464253544807427,-2.374998949468811,1
ar-ar_testfix_suite-i1-ar-o0-ln-c0-fh-d718d91ec872,ar_testfix_suite,AR,AR,-0.08916944265297388,-2.4641683101654053,-2.3749988675124314,1
ar-ar_testfix_suite-i1-ar-o0-ln-c1-fe-a3b2c1a5aa93,ar_testfix_suite,AR,AR,-0.12738986313340206,-2.1273901462553795,-2.0000002831219774,1
ar-ar_testfix_suite-i1-ar-o0-ln-c1-fh-219cd4727ec7,ar_testfix_suite,AR,AR,-0.10053784400221843,-2.350537776946993,-2.2499999329447746,1
ar-ar_testfix_suite-i1-ar-o1-ll-c0-fe-325ac916f82c,ar_testfix_suite,AR,AR,-0.4749768972384345,-0.9749772548657347,-0.5000003576273002,1
ar-ar_testfix_suite-i1-ar-o1-ll-c0-fh-eddcffff88c8,ar_testfix_suite,AR,AR,-0.5765588283533134,-0.8265593051897895,-0.2500004768364761,1
ar-ar_testfix_suite-i1-ar-o1-ll-c1-fe-a8efb66a45c8,ar_testfix_suite,AR,AR,-0.7583050727843954,-0.6333343978330959,0.12497067495129954,1
ar-ar_testfix_suite-i1-ar-o1-ll-c1-fh-8fc5c3237ed7,ar_testfix_suite,AR,AR,-1.3136749267578054,-0.31367769836970183,0.9999972283881036,1
ar-ar_testfix_suite-i1-ar-o1-ln-c0-fe-0bda5b7af24d,ar_testfix_suite,AR,AR,-0.898861706256298,-0.5238608717918112,0.37500083446448684,1
ar-ar_testfix_suite-i1-ar-o1-ln-c0-fh-f667b2efece5,ar_testfix_suite,AR,AR,-0.7582370638845077,-0.6332367062568096,0.12500035762769812,1
ar-ar_testfix_suite-i1-ar-o1-ln-c1-fe-246ba1023453,ar_testfix_suite,AR,AR,-0.8987073302268911,-0.523713529089946,0.37499380113694514,1
ar-ar_testfix_suite-i1-ar-o1-ln-c1-fh-2b1efc46f914,ar_testfix_suite,AR,AR,-1.0541725158691122,-0.42917367815869056,0.6249988377104216,1
ar-ar_testfix_suite-i1-ro-o0-ll-c0-fx-c84ac4ab8db3,ar_testfix_suite,RO,AR,-0.5251206159591604,-0.9001209735869224,-0.37500035762776207,1
ar-ar_testfix_suite-i1-ro-o0-ll-c1-fx-1a3820ba6b0f,ar_testfix_suite,RO,AR,-0.10159098356961493,-2.3515911102294638,-2.250000126659849,1
ar-ar_testfix_suite-i1-ro-o0-ln-c0-fx-fca9293cdf47,ar_testfix_suite,RO,AR,-0.5251810550689697,-0.9001815319060142,-0.3750004768370445,1
ar-ar_testfix_suite-i1-ro-o0-ln-c1-fx-24f87080a1d9,ar_testfix_suite,RO,AR,-0.10148511826991324,-2.3514852523803427,-2.2500001341104294,1
ar-ar_testfix_suite-i1-ro-o1-ll-c0-fx-0d4156244300,ar_testfix_suite,RO,AR,-0.9019701480865407,-0.5269701480865407,0.375,1
ar-ar_testfix_suite-i1-ro-o1-ll-c1-fx-fbf85643f987,ar_testfix_suite,RO,AR,-0.16295799612987594,-1.9129576683044363,-1.7499996721745603,1
ar-ar_testfix_suite-i1-ro-o1-ln-c0-fx-6b945dc271a5,ar_testfix_suite,RO,AR,-1.2267833948135092,-0.35178327560424094,0.8750001192092682,1
ar-ar_testfix_suite-i1-ro-o1-ln-c1-fx-67b983e322e0,ar_testfix_suite,RO,AR,-0.14491873979551428,-2.0199183225631643,-1.87499958276765,1
ar-ar_testfix_suite-i2-ar-o0-ll-c0-fe-b26244b8eac0,ar_testfix_suite,AR,AR,-0.03392542153460454,-3.4089239835739065,-3.374998562039302,1
ar-ar_testfix_suite-i2-ar-o0-ll-c0-fh-d00f00798a90,ar_testfix_suite,AR,AR,-0.033818602560131694,-3.40881693363189,-3.374998331071758,1
ar-ar_testfix_suite-i2-ar-o0-ll-c1-fe-0a65f6bf7096,ar_testfix_suite,AR,AR,-0.07929769158306499,-2.579297423362391,-2.499999731779326,1
ar-ar_testfix_suite-i2-ar-o0-ll-c1-fh-dcac5e77da6e,ar_testfix_suite,AR,AR,-0.08926600217796476,-2.464265823364144,-2.3749998211861794,1
ar-ar_testfix_suite-i2-ar-o0-ln-c0-fe-b76adec24097,ar_testfix_suite,AR,AR,-0.033914100378410694,-3.408913493156426,-3.3749993927780153,1
ar-ar_testfix_suite-i2-ar-o0-ln-c0-fh-7b644c88532b,ar_testfix_suite,AR,AR,-0.043197598307870066,-3.1681967973709035,-3.1249991990630335,1
ar-ar_testfix_suite-i2-ar-o0-ln-c1-fe-c9007b37940b,ar_testfix_suite,AR,AR,-0.048880837857694814,-3.048881053924447,-3.000000216066752,1
ar-ar_testfix_suite-i2-ar-o0-ln-c1-fh-776727632ef7,ar_testfix_suite,AR,AR,-0.05513652041551609,-2.930136561393681,-2.875000040978165,1
ar-ar_testfix_suite-i2-ar-o1-ll-c0-fe-9508decfde50,ar_testfix_suite,AR,AR,-0.5237711668008842,-0.8987787961577851,-0.3750076293569009,1
ar-ar_testfix_suite-i2-ar-o1-ll-c0-fh-b37b5a15b14f,ar_testfix_suite,AR,AR,-0.8264579176901634,-0.5764617323784478,0.24999618531171564,1
ar-ar_testfix_suite-i2-ar-o1-ll-c1-fe-3a1058faa6f0,ar_testfix_suite,AR,AR,-0.7582104206084921,-0.6332854004213004,0.12492502018719165,1
ar-ar_testfix_suite-i2-ar-o1-ll-c1-fh-e08a3ac83a6b,ar_testfix_suite,AR,AR,-1.4064846038818288,-0.2815024553110561,1.1249821485707727,1
ar-ar_testfix_suite-i2-ar-o1-ln-c0-fe-bf4aa3270be9,ar_testfix_suite,AR,AR,-0.7582380771634689,-0.633239388463835,0.12499868869963393,1
ar-ar_testfix_suite-i2-ar-o1-ln-c0-fh-d9c0a1e27cff,ar_testfix_suite,AR,AR,-1.137337088584843,-0.38733872771058486,0.7499983608742582,1
ar-ar_testfix_suite-i2-ar-o1-ln-c1-fe-a01bb594c1f8,ar_testfix_suite,AR,AR,-0.826487302780123,-0.576518415913597,0.24996888686652596,1
ar-ar_testfix_suite-i2-ar-o1-ln-c1-fh-e336d61e696f,ar_testfix_suite,AR,AR,-1.5022565126418996,-0.25226384398592927,1.2499926686559704,1
ar-ar_testfix_suite-i2-ro-o0-ll-c0-fx-827ff9d72420,ar_testfix_suite,RO,AR,-0.3892472386359884,-1.1392477750774788,-0.7500005364414903,1
ar-ar_testfix_suite-i2-ro-o0-ll-c1-fx-24226b9b7ea8,ar_testfix_suite,RO,AR,-0.08007731288668651,-2.5800775289534954,-2.500000216066809,1
ar-ar_testfix_suite-i2-ro-o0-ln-c0-fx-eddd8e3c4ba0,ar_testfix_suite,RO,AR,-0.43120425939559226,-1.0562046766279423,-0.62500041723235,1
ar-ar_testfix_suite-i2-ro-o0-ln-c1-fx-e35a4a7a4231,ar_testfix_suite,RO,AR,-0.05587325990199332,-2.9308733940124228,-2.8750001341104294,1
ar-ar_testfix_suite-i2-ro-o1-ll-c0-fx-8bbcca528ae7,ar_testfix_suite,RO,AR,-0.9012098908423809,-0.5262096524238515,0.37500023841852936,1
ar-ar_testfix_suite-i2-ro-o1-ll-c1-fx-67ba79d3f50b,ar_testfix_suite,RO,AR,-0.1443390101192108,-2.0193387269973186,-1.8749997168781078,1
ar-ar_testfix_suite-i2-ro-o1-ln-c0-fx-99be14d35691,ar_testfix_suite,RO,AR,-1.0561678409576132,-0.43116790056225796,0.6249999403953552,1
ar-ar_testfix_suite-i2-ro-o1-ln-c1-fx-cb5325843d45,ar_testfix_suite,RO,AR,-0.12878020107712018,-2.1287796497344686,-1.9999994486573485,1
ar-ar_testfix_suite-i3-ar-o0-ll-c0-fe-42a8097bc104,ar_testfix_suite,AR,AR,-0.020755009661115764,-3.895743846893282,-3.8749888372321664,1
ar-ar_testfix_suite-i3-ar-o0-ll-c0-fh-7d52523ebcc5,ar_testfix_suite,AR,AR,-0.03383246063799561,-3.4088298082351614,-3.3749973475971657,1
ar-ar_testfix_suite-i3-ar-o0-ll-c1-fe-5c3601c6bc23,ar_testfix_suite,AR,AR,-0.08918150514341505,-2.4641814231870285,-2.3749999180436134,1
ar-ar_testfix_suite-i3-ar-o0-ll-c1-fh-93e2b8a592de,ar_testfix_suite,AR,AR,-0.10042402893287772,-2.35042393207533,-2.2499999031424522,1
ar-ar_testfix_suite-i3-ar-o0-ln-c0-fe-4eb27245b71f,ar_testfix_suite,AR,AR,-0.02654901518508268,-3.651544928550713,-3.6249959133656304,1
ar-ar_testfix_suite-i3-ar-o0-ln-c0-fh-1a0c05b807d3,ar_testfix_suite,AR,AR,-0.04882421344495924,-3.0488237142562795,-2.9999995008113203,1
ar-ar_testfix_suite-i3-ar-o0-ln-c1-fe-b97d2414a223,ar_testfix_suite,AR,AR,-0.0791616067290235,-2.5791620016096317,-2.500000394880608,1
ar-ar_testfix_suite-i3-ar-o0-ln-c1-fh-593e43e020ac,ar_testfix_suite,AR,AR,-0.100426040589781,-2.3504260778426556,-2.2500000372528746,1
ar-ar_testfix_suite-i3-ar-o1-ll-c0-fe-456977674ee8,ar_testfix_suite,AR,AR,-1.0543458461743285,-0.4293448328968452,0.6250010132774833,1
ar-ar_testfix_suite-i3-ar-o1-ll-c0-fh-565bb18d547c,ar_testfix_suite,AR,AR,-0.9745167493813369,-0.4745168983927215,0.49999985098861544,1
ar-ar_testfix_suite-i3-ar-o1-ll-c1-fe-f727083c866f,ar_testfix_suite,AR,AR,-1.6010257005690391,-0.2260500040556508,1.3749756965133884,1
ar-ar_testfix_suite-i3-ar-o1-ll-c1-fh-d8b5327f5a88,ar_testfix_suite,AR,AR,-1.6008682250975994,-0.2258719950827981,1.3749962300148013,1
ar-ar_testfix_suite-i3-ar-o1-ln-c0-fe-099576bc14df,ar_testfix_suite,AR,AR,-1.13749039173058,-0.3874895870685009,0.7500008046620792,1
ar-ar_testfix_suite-i3-ar-o1-ln-c0-fh-9626a2239593,ar_testfix_suite,AR,AR,-0.9745010137556278,-0.4745011627671829,0.4999998509884449,1
ar-ar_testfix_suite-i3-ar-o1-ln-c1-fe-b2015ea1d740,ar_testfix_suite,AR,AR,-1.2240542173384483,-0.34906277056416,0.8749914467742883,1
ar-ar_testfix_suite-i3-ar-o1-ln-c1-fh-b255e20f4b8b,ar_testfix_suite,AR,AR,-1.3137670755386068,-0.3137685954554854,0.9999984800831214,1
ar-ar_testfix_suite-i3-ro-o0-ll-c0-fx-d7fc9204f8e6,ar_testfix_suite,RO,AR,-0.3884685933589864,-1.1384689807890709,-0.7500003874300845,1
ar-ar_testfix_suite-i3-ro-o0-ll-c1-fx-51475dc02f47,ar_testfix_suite,RO,AR,-0.09019751101729412,-2.4651976823806194,-2.3750001713633253,1
ar-ar_testfix_suite-i3-ro-o0-ln-c0-fx-e7b7911a1267,ar_testfix_suite,RO,AR,-0.4307919740676809,-1.0557922124862102,-0.6250002384185294,1
ar-ar_testfix_suite-i3-ro-o0-ln-c1-fx-dfa4c1fec809,ar_testfix_suite,RO,AR,-0.08016059547662024,-2.5801606178283407,-2.5000000223517205,1
ar-ar_testfix_suite-i3-ro-o1-ll-c0-fx-8e10591794ce,ar_testfix_suite,RO,AR,-1.2261534929275228,-0.351153403520577,0.8750000894069458,1
ar-ar_testfix_suite-i3-ro-o1-ll-c1-fx-9240faab5a01,ar_testfix_suite,RO,AR,-0.3509303927418159,-1.2259296178817678,-0.8749992251399519,1
ar-ar_testfix_suite-i3-ro-o1-ln-c0-fx-decc964d21ee,ar_testfix_suite,RO,AR,-1.3161779642104534,-0.31617769598960166,1.0000002682208518,1
ar-ar_testfix_suite-i3-ro-o1-ln-c1-fx-e6f2922cfb4f,ar_testfix_suite,RO,AR,-0.22784255444980772,-1.602841854095459,-1.3749992996456513,1
ar-ar_testfix_suite-i4-ar-o0-ll-c0-fe-acbd145a7a86,ar_testfix_suite,AR,AR,-0.04889851808343337,-3.0488966703414846,-2.999998152258051,1
ar-ar_testfix_suite-i4-ar-o0-ll-c0-fh-46905f7badc7,ar_testfix_suite,AR,AR,-0.07016298919910469,-2.6951626539230276,-2.624999664723923,1
ar-ar_testfix_suite-i4-ar-o0-ll-c1-fe-ec5cc3cd65db,ar_testfix_suite,AR,AR,-0.08934079110599669,-2.4643405675886356,-2.374999776482639,1
ar-ar_testfix_suite-i4-ar-o0-ll-c1-fh-5394b7d4824e,ar_testfix_suite,AR,AR,-0.11315770447231444,-2.2381575107573326,-2.124999806285018,1
ar-ar_testfix_suite-i4-ar-o0-ln-c0-fe-8286060f848a,ar_testfix_suite,AR,AR,-0.04330172017159839,-3.168300747871392,-3.1249990276997934,1
ar-ar_testfix_suite-i4-ar-o0-ln-c0-fh-ae4fbb1b994b,ar_testfix_suite,AR,AR,-0.07020743191239376,-2.6952072381973196,-2.624999806284926,1
ar-ar_testfix_suite-i4-ar-o0-ln-c1-fe-10fb7af78860,ar_testfix_suite,AR,AR,-0.048934534192056844,-3.0489346981047447,-3.000000163912688,1
ar-ar_testfix_suite-i4-ar-o0-ln-c1-fh-e533d716349a,ar_testfix_suite,AR,AR,-0.07024577260014553,-2.6952458620070843,-2.6250000894069387,1
ar-ar_testfix_suite-i4-ar-o1-ll-c0-fe-4948e738d1b1,ar_testfix_suite,AR,AR,-1.1375927925105316,-0.3876015543473841,0.7499912381631475,1
ar-ar_testfix_suite-i4-ar-o1-ll-c0-fh-924cd208801f,ar_testfix_suite,AR,AR,-1.1373889446255134,-0.38739523289041244,0.749993711735101,1
ar-ar_testfix_suite-i4-ar-o1-ll-c1-fe-a629c950ebf3,ar_testfix_suite,AR,AR,-1.6010181903838827,-0.2260494525253307,1.374968737858552,1
ar-ar_testfix_suite-i4-ar-o1-ll-c1-fh-0ea09aae34fa,ar_testfix_suite,AR,AR,-2.127240657806368,-0.12724347412108727,1.9999971836852808,1
ar-ar_testfix_suite-i4-ar-o1-ln-c0-fe-72603ed288ec,ar_testfix_suite,AR,AR,-1.3138717412946335,-0.3138724267472526,0.9999993145473809,1
ar-ar_testfix_suite-i4-ar-o1-ln-c0-fh-66b36fb7da38,ar_testfix_suite,AR,AR,-1.5024286508558475,-0.252429664133615,1.2499989867222325,1
ar-ar_testfix_suite-i4-ar-o1-ln-c1-fe-95d2c11f98a7,ar_testfix_suite,AR,AR,-1.701899647712679,-0.2019134013871735,1.4999862463255056,1
ar-ar_testfix_suite-i4-ar-o1-ln-c1-fh-fe31b49b1d99,ar_testfix_suite,AR,AR,-2.127266526222222,-0.127268657086006,1.999997869136216,1
ar-ar_testfix_suite-i4-ro-o0-ll-c0-fx-14229ff8bce6,ar_testfix_suite,RO,AR,-0.315671682357781,-1.315672039985543,-1.000000357627762,1
ar-ar_testfix_suite-i4-ro-o0-ll-c1-fx-60e81fe3c342,ar_testfix_suite,RO,AR,-0.09064488112923641,-2.465644955635014,-2.3750000745057775,1
ar-ar_testfix_suite-i4-ro-o0-ln-c0-fx-070240fba695,ar_testfix_suite,RO,AR,-0.28367528319358115,-1.4086756706236656,-1.1250003874300845,1
ar-ar_testfix_suite-i4-ro-o0-ln-c1-fx-44324fd06c54,ar_testfix_suite,RO,AR,-0.07136347889899497,-2.6963638067244915,-2.6250003278254965,1
ar-ar_testfix_suite-i4-ro-o1-ll-c0-fx-546a5b937571,ar_testfix_suite,RO,AR,-1.2268729209899618,-0.3518729507922842,0.8749999701976776,1
ar-ar_testfix_suite-i4-ro-o1-ll-c1-fx-50614995e0c3,ar_testfix_suite,RO,AR,-0.39000594615919226,-1.1400055885314657,-0.7499996423722735,1
ar-ar_testfix_suite-i4-ro-o1-ln-c0-fx-4dd80f6403e8,ar_testfix_suite,RO,AR,-1.409148812293978,-0.2841486930847097,1.1250001192092682,1
ar-ar_testfix_suite-i4-ro-o1-ln-c1-fx-378c5e97b2e4,ar_testfix_suite,RO,AR,-0.35138595104200476,-1.2263855934142782,-0.8749996423722735,1
ar-ar_traversal_indexer-i0-ar-o0-ll-c0-fe-90fc54d03ff0,ar_traversal_indexer,AR,AR,-0.16056248545643825,-1.91056227684021,-1.7499997913837717,1
ar-ar_traversal_indexer-i0-ar-o0-ll-c0-fh-07e937b778a8,ar_traversal_indexer,AR,AR,-0.10050441324710135,-2.3505045175552297,-2.2500001043081284,1
ar-ar_traversal_indexer-i0-ar-o0-ll-c1-fe-ae3315f1f0bd,ar_traversal_indexer,AR,AR,-0.12724561989307404,-2.1272460222243694,-2.0000004023312954,1
ar-ar_traversal_indexer-i0-ar-o0-ll-c1-fh-9b0200bc5cb7,ar_traversal_indexer,AR,AR,-0.07020285725593567,-2.695203065872164,-2.6250002086162283,1
ar-ar_traversal_indexer-i0-ar-o0-ln-c0-fe-be408ff58510,ar_traversal_indexer,AR,AR,-0.28150007128714805,-1.4065001010894704,-1.1250000298023224,1
ar-ar_traversal_indexer-i0-ar-o0-ln-c0-fh-5a5e05c9bf91,ar_traversal_indexer,AR,AR,-0.16051453351973777,-1.910514473915093,-1.7499999403953552,1
ar-ar_traversal_indexer-i0-ar-o0-ln-c1-fe-36e73620f40c,ar_traversal_indexer,AR,AR,-0.08918754756450653,-2.464187860488863,-2.3750003129243566,1
ar-ar_traversal_indexer-i0-ar-o0-ln-c1-fh-f60314ec3f32,ar_traversal_indexer,AR,AR,-0.0487995408475399,-3.0487997531890585,-3.0000002123415186,1
ar-ar_traversal_indexer-i0-ar-o1-ll-c0-fe-7db2bf713bf2,ar_traversal_indexer,AR,AR,-2.2381402254104046,-0.11313985288143158,2.125000372528973,1
ar-ar_traversal_indexer-i0-ar-o1-ll-c0-fh-5250c8e65016,ar_traversal_indexer,AR,AR,-2.350528478622408,-0.10052833706140518,2.250000141561003,1
ar-ar_traversal_indexer-i0-ar-o1-ll-c1-fe-59a222fdf891,ar_traversal_indexer,AR,AR,-2.017986178398125,-0.14298614859580994,1.8750000298023153,1
ar-ar_traversal_indexer-i0-ar-o1-ll-c1-fh-7d1594f5bed3,ar_traversal_indexer,AR,AR,-2.1272355318069387,-0.12723533809185028,2.0000001937150884,1
ar-ar_traversal_indexer-i0-ar-o1-ln-c0-fe-2dd5a56a7dcd,ar_traversal_indexer,AR,AR,-2.4642000198363974,-0.08919987082481384,2.3750001490115835,1
ar-ar_traversal_indexer-i0-ar-o1-ln-c0-fh-ffbfaa594600,ar_traversal_indexer,AR,AR,-2.6951903104781536,-0.07018996775150299,2.6250003427266506,1
ar-ar_traversal_indexer-i0-ar-o1-ln-c1-fe-79f8d74f6b23,ar_traversal_indexer,AR,AR,-1.7017314434051514,-0.20173150300979614,1.4999999403953552,1
ar-ar_traversal_indexer-i0-ar-o1-ln-c1-fh-d7b09fb9a32d,ar_traversal_indexer,AR,AR,-1.8050428628921438,-0.18004269897937775,1.625000163912766,1
ar-ar_traversal_indexer-i0-ro-o0-ll-c0-fx-56396d53939a,ar_traversal_indexer,RO,AR,-0.975237250328064,-0.4752375781535534,0.4999996721745106,1
ar-ar_traversal_indexer-i0-ro-o0-ll-c1-fx-3b1fddd504de,ar_traversal_indexer,RO,AR,-0.14337894320487266,-2.0183788537979055,-1.8749999105930328,1
ar-ar_traversal_indexer-i0-ro-o0-ln-c0-fx-a85016b3e9fd,ar_traversal_indexer,RO,AR,-0.9751001596450735,-0.47510051727283553,0.49999964237223793,1
ar-ar_traversal_indexer-i0-ro-o0-ln-c1-fx-62816ca31531,ar_traversal_indexer,RO,AR,-0.14332079887387295,-2.0183206796646047,-1.8749998807907318,1
ar-ar_traversal_indexer-i0-ro-o1-ll-c0-fx-c1e097f4ec75,ar_traversal_indexer,RO,AR,-2.018505334854126,-0.14350534975528006,1.874999985098846,1
ar-ar_traversal_indexer-i0-ro-o1-ll-c1-fx-8bbbf54a111d,ar_traversal_indexer,RO,AR,-0.42998155951497097,-1.0549814701080251,-0.6249999105930542,1
ar-ar_traversal_indexer-i0-ro-o1-ln-c0-fx-34712d2efd87,ar_traversal_indexer,RO,AR,-2.12764048576355,-0.1276406645774557,1.999999821186094,1
ar-ar_traversal_indexer-i0-ro-o1-ln-c1-fx-d70ce615e1a2,ar_traversal_indexer,RO,AR,-0.4298760890960409,-1.0548759698867727,-0.6249998807907318,1
ar-ar_traversal_indexer-i1-ar-o0-ll-c0-fe-d94b480c882b,ar_traversal_indexer,AR,AR,-0.1605117321013836,-1.9105114936828542,-1.7499997615814706,1
ar-ar_traversal_indexer-i1-ar-o0-ll-c0-fh-5ecd732386df,ar_traversal_indexer,AR,AR,-0.10046949237582226,-2.350469470024102,-2.2499999776482795,1
ar-ar_traversal_indexer-i1-ar-o0-ll-c1-fe-a73abde551e3,ar_traversal_indexer,AR,AR,-0.08922123908996582,-2.4642215967177776,-2.375000357627812,1
ar-ar_traversal_indexer-i1-ar-o0-ll-c1-fh-554edb9e8349,ar_traversal_indexer,AR,AR,-0.055163584649562836,-2.9301638603210165,-2.8750002756714537,1
ar-ar_traversal_indexer-i1-ar-o0-ln-c0-fe-edc4b6316f19,ar_traversal_indexer,AR,AR,-0.22568637132643943,-1.6006863117218018,-1.3749999403953623,1
ar-ar_traversal_indexer-i1-ar-o0-ln-c0-fh-911a886ec812,ar_traversal_indexer,AR,AR,-0.18000558018683677,-1.8050055503845144,-1.6249999701976776,1
ar-ar_traversal_indexer-i1-ar-o0-ln-c1-fe-ba2d9e864e4d,ar_traversal_indexer,AR,AR,-0.07913527637720108,-2.579135537147465,-2.500000260770264,1
ar-ar_traversal_indexer-i1-ar-o0-ln-c1-fh-fe654823be5d,ar_traversal_indexer,AR,AR,-0.03824291005730629,-3.2882430553435995,-3.250000145286293,1
ar-ar_traversal_indexer-i1-ar-o1-ll-c0-fe-a6cb42dfd3ce,ar_traversal_indexer,AR,AR,-2.5791444778441246,-0.07914409041404724,2.5000003874300774,1
ar-ar_traversal_indexer-i1-ar-o1-ll-c0-fh-009bf08bbc5b,ar_traversal_indexer,AR,AR,-2.5791932344436077,-0.07919299602507834,2.5000002384185294,1
ar-ar_traversal_indexer-i1-ar-o1-ll-c1-fe-ad937241b7aa,ar_traversal_indexer,AR,AR,-1.9105089902877737,-0.16050884127616882,1.7500001490116048,1
ar-ar_traversal_indexer-i1-ar-o1-ll-c1-fh-167984a79408,ar_traversal_indexer,AR,AR,-2.017998218536377,-0.14299823343753815,1.8749999850988388,1
ar-ar_traversal_indexer-i1-ar-o1-ln-c0-fe-3f3436fad5b1,ar_traversal_indexer,AR,AR,-2.6951597929000286,-0.07015940546989441,2.625000387430134,1
ar-ar_traversal_indexer-i1-ar-o1-ln-c0-fh-0aab4a6f02f9,ar_traversal_indexer,AR,AR,-2.812184572219735,-0.06218406558036804,2.750000506639367,1
ar-ar_traversal_indexer-i1-ar-o1-ln-c1-fe-d5f326903619,ar_traversal_indexer,AR,AR,-1.600704789161675,-0.2257046103477478,1.3750001788139272,1
ar-ar_traversal_indexer-i1-ar-o1-ln-c1-fh-36c25ba1adc4,ar_traversal_indexer,AR,AR,-1.7016972303390432,-0.20169711112976074,1.5000001192092824,1
ar-ar_traversal_indexer-i1-ro-o0-ll-c0-fx-5aa72604465f,ar_traversal_indexer,RO,AR,-0.8990380764007568,-0.5240383148193075,0.3749997615814493,1
ar-ar_traversal_indexer-i1-ro-o0-ll-c1-fx-5c78ebc81932,ar_traversal_indexer,RO,AR,-0.0894450694322515,-2.4644449949264455,-2.374999925494194,1
ar-ar_traversal_indexer-i1-ro-o0-ln-c0-fx-d22ff69d8c64,ar_traversal_indexer,RO,AR,-0.7584390640258718,-0.6334393024444012,0.12499976158147064,1
ar-ar_traversal_indexer-i1-ro-o0-ln-c1-fx-da825d5f0d7f,ar_traversal_indexer,RO,AR,-0.07926779240364112,-2.579267621040337,-2.499999828636696,1
ar-ar_traversal_indexer-i1-ro-o1-ll-c0-fx-634923a5f7da,ar_traversal_indexer,RO,AR,-2.1275689601898193,-0.12756909430026298,1.9999998658895564,1
ar-ar_traversal_indexer-i1-ro-o1-ll-c1-fx-66f1b8301faa,ar_traversal_indexer,RO,AR,-0.42963457107541103,-1.0546344518661428,-0.6249998807907318,1
ar-ar_traversal_indexer-i1-ro-o1-ln-c0-fx-c49812781d3b,ar_traversal_indexer,RO,AR,-2.350675582885742,-0.10067593306300182,2.2499996498227404,1
ar-ar_traversal_indexer-i1-ro-o1-ln-c1-fx-28ddc976d784,ar_traversal_indexer,RO,AR,-0.38761007785791435,-1.1376099586486532,-0.7499998807907389,1
ar-ar_traversal_indexer-i2-ar-o0-ll-c0-fe-7764cdd204db,ar_traversal_indexer,AR,AR,-0.2017402946948934,-1.7017401456832886,-1.4999998509883952,1
ar-ar_traversal_indexer-i2-ar-o0-ll-c0-fh-7a0dbc23338f,ar_traversal_indexer,AR,AR,-0.10047174245118384,-2.350471854209893,-2.250000111758709,1
ar-ar_traversal_indexer-i2-ar-o0-ll-c1-fe-b25fc1e053cb,ar_traversal_indexer,AR,AR,-0.12721066176891327,-2.1272108554839804,-2.000000193715067,1
ar-ar_traversal_indexer-i2-ar-o0-ll-c1-fh-a8b15566dddf,ar_traversal_indexer,AR,AR,-0.07917559146881104,-2.579175710678072,-2.500000119209261,1
ar-ar_traversal_indexer-i2-ar-o0-ln-c0-fe-9d37ae2877dc,ar_traversal_indexer,AR,AR,-0.2814655005931854,-1.4064655303955078,-1.1250000298023224,1
ar-ar_traversal_indexer-i2-ar-o0-ln-c0-fh-4f3407c9308a,ar_traversal_indexer,AR,AR,-0.2017192393541265,-1.70171928405761,-1.5000000447034836,1
ar-ar_traversal_indexer-i2-ar-o0-ln-c1-fe-4b78c52d76d4,ar_traversal_indexer,AR,AR,-0.10043906420469284,-2.350439310073824,-2.2500002458691313,1
ar-ar_traversal_indexer-i2-ar-o0-ln-c1-fh-ec49dd2ccd36,ar_traversal_indexer,AR,AR,-0.05512410029768944,-2.9301242828368856,-2.875000182539196,1
ar-ar_traversal_indexer-i2-ar-o1-ll-c0-fe-0f618fb843d3,ar_traversal_indexer,AR,AR,-2.238083124160738,-0.11308300495147705,2.125000119209261,1
ar-ar_traversal_indexer-i2-ar-o1-ll-c0-fh-f58cb652f402,ar_traversal_indexer,AR,AR,-2.3505172729491903,-0.10051712393760681,2.2500001490115835,1
ar-ar_traversal_indexer-i2-ar-o1-ll-c1-fe-604074e68342,ar_traversal_indexer,AR,AR,-1.7017015218734741,-0.20170149207115173,1.5000000298023224,1
ar-ar_traversal_indexer-i2-ar-o1-ll-c1-fh-f17ded2b6ed7,ar_traversal_indexer,AR,AR,-2.0179858207702637,-0.14298583567142487,1.8749999850988388,1
ar-ar_traversal_indexer-i2-ar-o1-ln-c0-fe-ef24fca97994,ar_traversal_indexer,AR,AR,-2.3504455089568808,-0.10044531524181366,2.250000193715067,1
ar-ar_traversal_indexer-i2-ar-o1-ln-c0-fh-ff37c45c739a,ar_traversal_indexer,AR,AR,-2.6951874494552044,-0.07018718868494034,2.625000260770264,1
ar-ar_traversal_indexer-i2-ar-o1-ln-c1-fe-03a4acd56d03,ar_traversal_indexer,AR,AR,-1.5022237300872803,-0.2522236704826355,1.2500000596046448,1
ar-ar_traversal_indexer-i2-ar-o1-ln-c1-fh-c35d5a144bc3,ar_traversal_indexer,AR,AR,-1.7017232179641653,-0.201723113656044,1.5000001043081213,1
ar-ar_traversal_indexer-i2-ro-o0-ll-c0-fx-ca36ea6a64ce,ar_traversal_indexer,RO,AR,-1.054837703704834,-0.42983794212338466,0.6249997615814493,1
ar-ar_traversal_indexer-i2-ro-o0-ll-c1-fx-41a75f5f8fb3,ar_traversal_indexer,RO,AR,-0.1134122535586286,-2.238412261009209,-2.1250000074505806,1
ar-ar_traversal_indexer-i2-ro-o0-ln-c0-fx-13396e791231,ar_traversal_indexer,RO,AR,-0.9750336408615041,-0.4750338792800335,0.49999976158147064,1
ar-ar_traversal_indexer-i2-ro-o0-ln-c1-fx-5f31eb7c6836,ar_traversal_indexer,RO,AR,-0.1274251192807867,-2.1274250745773244,-1.9999999552965377,1
ar-ar_traversal_indexer-i2-ro-o1-ll-c0-fx-7d8627c21361,ar_traversal_indexer,RO,AR,-2.127620220184326,-0.12762029469012504,1.9999999254942011,1
ar-ar_traversal_indexer-i2-ro-o1-ll-c1-fx-9c3e56a90d69,ar_traversal_indexer,RO,AR,-0.3496403396129324,-1.224640130996704,-0.8749997913837717,1
ar-ar_traversal_indexer-i2-ro-o1-ln-c0-fx-00c7e58a7e4e,ar_traversal_indexer,RO,AR,-2.127545118331909,-0.1275452822446539,1.9999998360872553,1
ar-ar_traversal_indexer-i2-ro-o1-ln-c1-fx-03a0287b5f32,ar_traversal_indexer,RO,AR,-0.31432384252545376,-1.3143237829208303,-0.9999999403953765,1
ar-ar_traversal_indexer-i3-ar-o0-ll-c0-fe-bca16b42003b,ar_traversal_indexer,AR,AR,-0.14301592111586814,-2.0180158615112305,-1.8749999403953623,1
ar-ar_traversal_indexer-i3-ar-o0-ll-c0-fh-29759a5d25f2,ar_traversal_indexer,AR,AR,-0.16054598987102509,-1.910546064376824,-1.7500000745057989,1
ar-ar_traversal_indexer-i3-ar-o0-ll-c1-fe-1b4e548d2244,ar_traversal_indexer,AR,AR,-0.10047442466020584,-2.3504747152327923,-2.2500002905725864,1
ar-ar_traversal_indexer-i3-ar-o0-ll-c1-fh-440f66c8f601,ar_traversal_indexer,AR,AR,-0.11305919289583244,-2.23805916309351,-2.1249999701976776,1
ar-ar_traversal_indexer-i3-ar-o0-ln-c0-fe-348c5f2de6b5,ar_traversal_indexer,AR,AR,-0.2814705967903137,-1.406470537185669,-1.1249999403953552,1
ar-ar_traversal_indexer-i3-ar-o0-ln-c0-fh-f46cd8d09afc,ar_traversal_indexer,AR,AR,-0.22570006549357657,-1.600700020790093,-1.3749999552965164,1
ar-ar_traversal_indexer-i3-ar-o0-ln-c1-fe-23c9110c0ca1,ar_traversal_indexer,AR,AR,-0.08914120495319366,-2.46414124965667,-2.3750000447034765,1
ar-ar_traversal_indexer-i3-ar-o0-ln-c1-fh-5997cad1c5ad,ar_traversal_indexer,AR,AR,-0.07011763006448035,-2.6951177120208456,-2.6250000819563652,1
ar-ar_traversal_indexer-i3-ar-o1-ll-c0-fe-309b186227bd,ar_traversal_indexer,AR,AR,-2.579114556312504,-0.07911425083874946,2.5000003054737547,1
ar-ar_traversal_indexer-i3-ar-o1-ll-c0-fh-53a17e99f55d,ar_traversal_indexer,AR,AR,-2.1271765232085897,-0.1271772980685455,1.9999992251400442,1
ar-ar_traversal_indexer-i3-ar-o1-ll-c1-fe-b00a9696006f,ar_traversal_indexer,AR,AR,-2.2381114959716797,-0.11311165243386512,2.1249998435378146,1
ar-ar_traversal_indexer-i3-ar-o1-ll-c1-fh-e1c9921549a6,ar_traversal_indexer,AR,AR,-1.8051362037658691,-0.18013618886470795,1.6250000149011612,1
ar-ar_traversal_indexer-i3-ar-o1-ln-c0-fe-5f66aa61496b,ar_traversal_indexer,AR,AR,-2.930064797401421,-0.055064644664525986,2.875000152736895,1
ar-ar_traversal_indexer-i3-ar-o1-ln-c0-fh-d6e1e66b1fae,ar_traversal_indexer,AR,AR,-2.4641602039336874,-0.08915997296571021,2.375000230967977,1
ar-ar_traversal_indexer-i3-ar-o1-ln-c1-fe-8ed9b3b2cfae,ar_traversal_indexer,AR,AR,-1.6007156372070312,-0.22571563720703125,1.375,1
ar-ar_traversal_indexer-i3-ar-o1-ln-c1-fh-829fd45cde46,ar_traversal_indexer,AR,AR,-1.6007568836212158,-0.2257569283246994,1.3749999552965164,1
ar-ar_traversal_indexer-i3-ro-o0-ll-c0-fx-d8ef491c0ec8,ar_traversal_indexer,RO,AR,-0.7591068744659424,-0.6341071128844931,0.12499976158144932,1
ar-ar_traversal_indexer-i3-ro-o0-ll-c1-fx-187e06a61481,ar_traversal_indexer,RO,AR,-0.14344897866246242,-2.0184489488601614,-1.874999970197699,1
ar-ar_traversal_indexer-i3-ro-o0-ln-c0-fx-07e63990603f,ar_traversal_indexer,RO,AR,-0.9753842949867177,-0.475384414195986,0.49999988079073177,1
ar-ar_traversal_indexer-i3-ro-o0-ln-c1-fx-3fcc3c8a2a33,ar_traversal_indexer,RO,AR,-0.1275886148214056,-2.127588391304009,-1.9999997764826034,1
ar-ar_traversal_indexer-i3-ro-o1-ll-c0-fx-49d11bad064e,ar_traversal_indexer,RO,AR,-2.018519163131714,-0.1435192972421575,1.8749998658895564,1
ar-ar_traversal_indexer-i3-ro-o1-ll-c1-fx-e6eff142c67f,ar_traversal_indexer,RO,AR,-0.5774723291397024,-0.8274722099304199,-0.24999988079071755,1
ar-ar_traversal_indexer-i3-ro-o1-ln-c0-fx-7bbd40752803,ar_traversal_indexer,RO,AR,-2.3508548736572266,-0.10085506737229366,2.249999806284933,1
ar-ar_traversal_indexer-i3-ro-o1-ln-c1-fx-b2fecd1f2a9e,ar_traversal_indexer,RO,AR,-0.3881613612174917,-1.138161301612847,-0.7499999403953552,1
ar-ar_traversal_indexer-i4-ar-o0-ll-c0-fe-2c8717d2a990,ar_traversal_indexer,AR,AR,-0.18012575805186515,-1.8051255941390991,-1.624999836087234,1
ar-ar_traversal_indexer-i4-ar-o0-ll-c0-fh-372e8e89a5b3,ar_traversal_indexer,AR,AR,-0.11312686651945114,-2.2381268739700246,-2.1250000074505735,1
ar-ar_traversal_indexer-i4-ar-o0-ll-c1-fe-a5bc37f5e501,ar_traversal_indexer,AR,AR,-0.10046505182981491,-2.350465297698946,-2.2500002458691313,1
ar-ar_traversal_indexer-i4-ar-o0-ll-c1-fh-2b61520fb08a,ar_traversal_indexer,AR,AR,-0.08919474482536316,-2.4641950130462362,-2.375000268220873,1
ar-ar_traversal_indexer-i4-ar-o0-ln-c0-fe-903816e81ce0,ar_traversal_indexer,AR,AR,-0.2522645294666219,-1.502264380455017,-1.2499998509883952,1
ar-ar_traversal_indexer-i4-ar-o0-ln-c0-fh-52a24a142aab,ar_traversal_indexer,AR,AR,-0.16052378714083915,-1.910523772239678,-1.7499999850988388,1
ar-ar_traversal_indexer-i4-ar-o0-ln-c1-fe-b146ca014cec,ar_traversal_indexer,AR,AR,-0.07911236584186554,-2.5791125297546103,-2.5000001639127447,1
ar-ar_traversal_indexer-i4-ar-o0-ln-c1-fh-aa48852ab6be,ar_traversal_indexer,AR,AR,-0.06217644736170769,-2.81217670440671,-2.750000257045002,1
ar-ar_traversal_indexer-i4-ar-o1-ll-c0-fe-caf28dc80afe,ar_traversal_indexer,AR,AR,-2.350448012351933,-0.10044758021831512,2.250000432133618,1
ar-ar_traversal_indexer-i4-ar-o1-ll-c0-fh-fd30fe86f5d7,ar_traversal_indexer,AR,AR,-2.127216577529879,-0.12721623480319977,2.000000342726679,1
ar-ar_traversal_indexer-i4-ar-o1-ll-c1-fe-650eae2baef0,ar_traversal_indexer,AR,AR,-2.017964482307427,-0.14296434819698334,1.8750001341104436,1
ar-ar_traversal_indexer-i4-ar-o1-ll-c1-fh-1749892c7b6a,ar_traversal_indexer,AR,AR,-2.0180165767669678,-0.1430165320634842,1.8750000447034836,1
ar-ar_traversal_indexer-i4-ar-o1-ln-c0-fe-af2e250a50bc,ar_traversal_indexer,AR,AR,-2.6951620578765585,-0.07016174495220184,2.6250003129243566,1
ar-ar_traversal_indexer-i4-ar-o1-ln-c0-fh-e08345994a77,ar_traversal_indexer,AR,AR,-2.350450277328463,-0.1004500612616539,2.250000216066809,1
ar-ar_traversal_indexer-i4-ar-o1-ln-c1-fe-553c13c149bf,ar_traversal_indexer,AR,AR,-1.7017123699188232,-0.20171239972114563,1.4999999701976776,1
ar-ar_traversal_indexer-i4-ar-o1-ln-c1-fh-dda18c379663,ar_traversal_indexer,AR,AR,-1.7017246484756399,-0.20172448456287384,1.500000163912766,1
ar-ar_traversal_indexer-i4-ro-o0-ll-c0-fx-3bd5effbac83,ar_traversal_indexer,RO,AR,-1.054876446723938,-0.42987671494481106,0.6249997317791269,1
ar-ar_traversal_indexer-i4-ro-o0-ll-c1-fx-bf5442de3472,ar_traversal_indexer,RO,AR,-0.11344482004641776,-2.2384448051452637,-2.124999985098846,1
ar-ar_traversal_indexer-i4-ro-o0-ln-c0-fx-07d4299a09a1,ar_traversal_indexer,RO,AR,-0.9751596450805664,-0.4751598536967947,0.4999997913837717,1
ar-ar_traversal_indexer-i4-ro-o0-ln-c1-fx-40a4802ce95f,ar_traversal_indexer,RO,AR,-0.10075623542067547,-2.3507559299468994,-2.249999694526224,1
ar-ar_traversal_indexer-i4-ro-o1-ll-c0-fx-604ab6b5a870,ar_traversal_indexer,RO,AR,-2.2385780811309814,-0.11357815563678031,2.124999925494201,1
ar-ar_traversal_indexer-i4-ro-o1-ll-c1-fx-9bb4537ad02f,ar_traversal_indexer,RO,AR,-0.34961652755736594,-1.2246164083480835,-0.8749998807907176,1
ar-ar_traversal_indexer-i4-ro-o1-ln-c0-fx-17306280a609,ar_traversal_indexer,RO,AR,-2.3507513999938965,-0.10075171291825313,2.2499996870756434,1
ar-ar_traversal_indexer-i4-ro-o1-ln-c1-fx-ae92d76531b7,ar_traversal_indexer,RO,AR,-0.3879772424697805,-1.1379772424697805,-0.75,1
nc-nc_null_archive-i0-ar-o0-ll-c0-fe-28d6c4882c2f,nc_null_archive,AR,NC,-0.003674780717112469,-5.628674626350396,-5.624999845633283,1
nc-nc_null_archive-i0-ar-o0-ll-c0-fh-b0f041e3771b,nc_null_archive,AR,NC,-0.003232731716707349,-5.753232955932617,-5.75000022421591,1
nc-nc_null_archive-i0-ar-o0-ll-c1-fe-e7d5604557b5,nc_null_archive,AR,NC,-0.02645138837396388,-3.6514514684677053,-3.6250000800937414,1
nc-nc_null_archive-i0-ar-o0-ll-c1-fh-5ff7b7646fe9,nc_null_archive,AR,NC,-0.03816442936658859,-3.2881643772125244,-3.249999947845936,1
nc-nc_null_archive-i0-ar-o0-ln-c0-fe-7b24669d14b7,nc_null_archive,AR,NC,-0.007685496937483549,-4.8826857805252,-4.875000283587717,1
nc-nc_null_archive-i0-ar-o0-ln-c0-fh-cf762d2d5bed,nc_null_archive,AR,NC,-0.005294468253850937,-5.255294442176812,-5.249999973922961,1
nc-nc_null_archive-i0-ar-o0-ln-c1-fe-876cf78cbf7b,nc_null_archive,AR,NC,-0.023368550464503812,-3.773368477821343,-3.749999927356839,1
nc-nc_null_archive-i0-ar-o0-ln-c1-fh-22b5d8dfb8f2,nc_null_archive,AR,NC,-0.0233401320874691,-3.773340344429009,-3.75000021234154,1
nc-nc_null_archive-i0-ar-o1-ll-c0-fe-584020d80130,nc_null_archive,AR,NC,-3.6514514684677053,-0.02645138837396388,3.6250000800937414,1
nc-nc_null_archive-i0-ar-o1-ll-c0-fh-dd15c7533c8a,nc_null_archive,AR,NC,-3.2881643772125244,-0.03816442936658859,3.249999947845936,1
nc-nc_null_archive-i0-ar-o1-ll-c1-fe-987f9164b490,nc_null_archive,AR,NC,-5.628674626350396,-0.003674780717112469,5.624999845633283,1
nc-nc_null_archive-i0-ar-o1-ll-c1-fh-fd3686d509b9,nc_null_archive,AR,NC,-5.753232955932617,-0.003232731716707349,5.75000022421591,1
nc-nc_null_archive-i0-ar-o1-ln-c0-fe-07d44a1e0ad3,nc_null_archive,AR,NC,-3.773368477821343,-0.023368550464503812,3.749999927356839,1
nc-nc_null_archive-i0-ar-o1-ln-c0-fh-705655b9946e,nc_null_archive,AR,NC,-3.773340344429009,-0.0233401320874691,3.75000021234154,1
nc-nc_null_archive-i0-ar-o1-ln-c1-fe-ce65aed3e081,nc_null_archive,AR,NC,-4.8826857805252,-0.007685496937483549,4.875000283587717,1
nc-nc_null_archive-i0-ar-o1-ln-c1-fh-33c11102bfac,nc_null_archive,AR,NC,-5.255294442176812,-0.005294468253850937,5.249999973922961,1
nc-nc_null_archive-i1-ar-o0-ll-c0-fe-28daefdaecd1,nc_null_archive,AR,NC,-0.004151299130164432,-5.504151463508599,-5.500000164378434,1
nc-nc_null_archive-i1-ar-o0-ll-c0-fh-324bdaebbb9c,nc_null_archive,AR,NC,-0.0036637347657162422,-5.628663659095757,-5.624999924330041,1
nc-nc_null_archive-i1-ar-o0-ll-c1-fe-07e8a0d211be,nc_null_archive,AR,NC,-0.04317643493413925,-3.16817653179168,-3.1250000968575407,1
nc-nc_null_archive-i1-ar-o0-ll-c1-fh-7e08c628023a,nc_null_archive,AR,NC,-0.04313591122626548,-3.1681360006332326,-3.125000089406967,1
nc-nc_null_archive-i1-ar-o0-ln-c0-fe-092dc938717a,nc_null_archive,AR,NC,-0.007678753696382046,-4.882679104804986,-4.8750003511086035,1
nc-nc_null_archive-i1-ar-o0-ln-c0-fh-164e9c6360d2,nc_null_archive,AR,NC,-0.006776447407901287,-5.006776332855225,-4.999999885447323,1
nc-nc_null_archive-i1-ar-o0-ln-c1-fe-e906b5bc2e72,nc_null_archive,AR,NC,-0.03377174958586693,-3.4087718725204397,-3.3750001229345727,1
nc-nc_null_archive-i1-ar-o0-ln-c1-fh-4a12bf1cd62a,nc_null_archive,AR,NC,-0.029855480417609215,-3.5298556089401174,-3.500000128522508,1
nc-nc_null_archive-i1-ar-o1-ll-c0-fe-a225fa813ab4,nc_null_archive,AR,NC,-3.16817653179168,-0.04317643493413925,3.1250000968575407,1
nc-nc_null_archive-i1-ar-o1-ll-c0-fh-5d45ebffdf85,nc_null_archive,AR,NC,-3.1681360006332326,-0.04313591122626548,3.125000089406967,1
nc-nc_null_archive-i1-ar-o1-ll-c1-fe-32fd1a3cd227,nc_null_archive,AR,NC,-5.504151463508599,-0.004151299130164432,5.500000164378434,1
nc-nc_null_archive-i1-ar-o1-ll-c1-fh-639025219536,nc_null_archive,AR,NC,-5.628663659095757,-0.0036637347657162422,5.624999924330041,1
nc-nc_null_archive-i1-ar-o1-ln-c0-fe-ddc356a537e7,nc_null_archive,AR,NC,-3.4087718725204397,-0.03377174958586693,3.3750001229345727,1
nc-nc_null_archive-i1-ar-o1-ln-c0-fh-6896e2013b08,nc_null_archive,AR,NC,-3.5298556089401174,-0.029855480417609215,3.500000128522508,1
nc-nc_null_archive-i1-ar-o1-ln-c1-fe-9f6c058ec34b,nc_null_archive,AR,NC,-4.882679104804986,-0.007678753696382046,4.8750003511086035,1
nc-nc_null_archive-i1-ar-o1-ln-c1-fh-921bb8ee79f3,nc_null_archive,AR,NC,-5.006776332855225,-0.006776447407901287,4.999999885447323,1
nc-nc_null_archive-i2-ar-o0-ll-c0-fe-64966b7106c6,nc_null_archive,AR,NC,-0.001993218436830091,-6.2519932985305715,-6.250000080093741,1
nc-nc_null_archive-i2-ar-o0-ll-c0-fh-653e37e26241,nc_null_archive,AR,NC,-0.001551615772768855,-6.501551628112793,-6.500000012340024,1
nc-nc_null_archive-i2-ar-o0-ll-c1-fe-1acfd3d40ab0,nc_null_archive,AR,NC,-0.04316445440053229,-3.168164491653414,-3.1250000372528817,1
nc-nc_null_archive-i2-ar-o0-ll-c1-fh-6181a1e49b53,nc_null_archive,AR,NC,-0.048721544444561005,-3.048721671104424,-3.000000126659863,1
nc-nc_null_archive-i2-ar-o0-ln-c0-fe-57771cdaba3d,nc_null_archive,AR,NC,-0.0036610024981200695,-5.628661274909966,-5.625000272411846,1
nc-nc_null_archive-i2-ar-o0-ln-c0-fh-2a613afc61c7,nc_null_archive,AR,NC,-0.0025284483563154936,-6.002528786659234,-6.000000338302918,1
nc-nc_null_archive-i2-ar-o0-ln-c1-fe-209b2783d895,nc_null_archive,AR,NC,-0.033778779208660126,-3.4087787866592336,-3.3750000074505735,1
nc-nc_null_archive-i2-ar-o0-ln-c1-fh-a1530664abe8,nc_null_archive,AR,NC,-0.03375953063368797,-3.4087597131729055,-3.3750001825392175,1
nc-nc_null_archive-i2-ar-o1-ll-c0-fe-64c5fc7acfb2,nc_null_archive,AR,NC,-3.168164491653414,-0.04316445440053229,3.1250000372528817,1
nc-nc_null_archive-i2-ar-o1-ll-c0-fh-42b9f8e38d16,nc_null_archive,AR,NC,-3.048721671104424,-0.048721544444561005,3.000000126659863,1
nc-nc_null_archive-i2-ar-o1-ll-c1-fe-8c0cad041351,nc_null_archive,AR,NC,-6.2519932985305715,-0.001993218436830091,6.250000080093741,1
nc-nc_null_archive-i2-ar-o1-ll-c1-fh-9d389bea5f31,nc_null_archive,AR,NC,-6.501551628112793,-0.001551615772768855,6.500000012340024,1
nc-nc_null_archive-i2-ar-o1-ln-c0-fe-7ade78418b01,nc_null_archive,AR,NC,-3.4087787866592336,-0.033778779208660126,3.3750000074505735,1
nc-nc_null_archive-i2-ar-o1-ln-c0-fh-c6e95a03516a,nc_null_archive,AR,NC,-3.4087597131729055,-0.03375953063368797,3.3750001825392175,1
nc-nc_null_archive-i2-ar-o1-ln-c1-fe-fbaa0fa88e95,nc_null_archive,AR,NC,-5.628661274909966,-0.0036610024981200695,5.625000272411846,1
nc-nc_null_archive-i2-ar-o1-ln-c1-fh-9545f5ad4651,nc_null_archive,AR,NC,-6.002528786659234,-0.0025284483563154936,6.000000338302918,1
nc-nc_null_archive-i3-ar-o0-ll-c0-fe-aa7b0a4d7b80,nc_null_archive,AR,NC,-0.008712969720306774,-4.75871288776397,-4.749999918043663,1
nc-nc_null_archive-i3-ar-o0-ll-c0-fh-ec2538ffad0e,nc_null_archive,AR,NC,-0.016140867024603267,-4.1411405801773,-4.124999713152697,1
nc-nc_null_archive-i3-ar-o0-ll-c1-fe-7e920d33d384,nc_null_archive,AR,NC,-0.10039556026441687,-2.3503952026366903,-2.2499996423722735,1
nc-nc_null_archive-i3-ar-o0-ll-c1-fh-40801ad65935,nc_null_archive,AR,NC,-0.10037697106599097,-2.3503772020339397,-2.2500002309679488,1
nc-nc_null_archive-i3-ar-o0-ln-c0-fe-6b03a4371d89,nc_null_archive,AR,NC,-0.02334059774875641,-3.773340821266167,-3.750000223517411,1
nc-nc_null_archive-i3-ar-o0-ln-c0-fh-7c8419c28821,nc_null_archive,AR,NC,-0.018224414438002157,-4.018224358558648,-3.9999999441206455,1
nc-nc_null_archive-i3-ar-o0-ln-c1-fe-78aac0677345,nc_null_archive,AR,NC,-0.08906685560938854,-2.4640667438506796,-2.374999888241291,1
nc-nc_null_archive-i3-ar-o0-ln-c1-fh-35a4dd5553aa,nc_null_archive,AR,NC,-0.10034514963626862,-2.35034525394439,-2.2500001043081213,1
nc-nc_null_archive-i3-ar-o1-ll-c0-fe-ab058a6a2caf,nc_null_archive,AR,NC,-2.3503952026366903,-0.10039556026441687,2.2499996423722735,1
nc-nc_null_archive-i3-ar-o1-ll-c0-fh-088eaf108632,nc_null_archive,AR,NC,-2.3503772020339397,-0.10037697106599097,2.2500002309679488,1
nc-nc_null_archive-i3-ar-o1-ll-c1-fe-d189dad3420d,nc_null_archive,AR,NC,-4.75871288776397,-0.008712969720306774,4.749999918043663,1
nc-nc_null_archive-i3-ar-o1-ll-c1-fh-e1631d8346cb,nc_null_archive,AR,NC,-4.1411405801773,-0.016140867024603267,4.124999713152697,1
nc-nc_null_archive-i3-ar-o1-ln-c0-fe-13335ac114d6,nc_null_archive,AR,NC,-2.4640667438506796,-0.08906685560938854,2.374999888241291,1
nc-nc_null_archive-i3-ar-o1-ln-c0-fh-2ab0e791f265,nc_null_archive,AR,NC,-2.35034525394439,-0.10034514963626862,2.2500001043081213,1
nc-nc_null_archive-i3-ar-o1-ln-c1-fe-332ce91cdf53,nc_null_archive,AR,NC,-3.773340821266167,-0.02334059774875641,3.750000223517411,1
nc-nc_null_archive-i3-ar-o1-ln-c1-fh-0976e15266dd,nc_null_archive,AR,NC,-4.018224358558648,-0.018224414438002157,3.9999999441206455,1
nc-nc_null_archive-i4-ar-o0-ll-c0-fe-ed648a1ec9b2,nc_null_archive,AR,NC,-0.004694987088434743,-5.37969505786895,-5.375000070780516,1
nc-nc_null_archive-i4-ar-o0-ll-c0-fh-ea2bae9ad4e4,nc_null_archive,AR,NC,-0.0032353464048284764,-5.753235459327691,-5.750000112922862,1
nc-nc_null_archive-i4-ar-o0-ll-c1-fe-95db7d81b680,nc_null_archive,AR,NC,-0.026430258527391004,-3.6514302492141653,-3.6249999906867743,1
nc-nc_null_archive-i4-ar-o0-ll-c1-fh-928828ceeac4,nc_null_archive,AR,NC,-0.02334234863518958,-3.773342251777642,-3.7499999031424522,1
nc-nc_null_archive-i4-ar-o0-ln-c0-fe-03891afa51fa,nc_null_archive,AR,NC,-0.005988038145005703,-5.130988240241997,-5.125000202096992,1
nc-nc_null_archive-i4-ar-o0-ln-c0-fh-fef27ea44fcd,nc_null_archive,AR,NC,-0.005987564101815224,-5.130987763404839,-5.125000199303024,1
nc-nc_null_archive-i4-ar-o0-ln-c1-fe-892b002e7611,nc_null_archive,AR,NC,-0.026410400867462158,-3.6514104604721,-3.6250000596046377,1
nc-nc_null_archive-i4-ar-o0-ln-c1-fh-656523f2710c,nc_null_archive,AR,NC,-0.020635209977619695,-3.8956352472305227,-3.875000037252903,1
nc-nc_null_archive-i4-ar-o1-ll-c0-fe-450bc7d42e1c,nc_null_archive,AR,NC,-3.6514302492141653,-0.026430258527391004,3.6249999906867743,1
nc-nc_null_archive-i4-ar-o1-ll-c0-fh-4c6e04660a6e,nc_null_archive,AR,NC,-3.773342251777642,-0.02334234863518958,3.7499999031424522,1
nc-nc_null_archive-i4-ar-o1-ll-c1-fe-dc7d1f79616c,nc_null_archive,AR,NC,-5.37969505786895,-0.004694987088434743,5.375000070780516,1
nc-nc_null_archive-i4-ar-o1-ll-c1-fh-ab34a665bae5,nc_null_archive,AR,NC,-5.753235459327691,-0.0032353464048284764,5.750000112922862,1
nc-nc_null_archive-i4-ar-o1-ln-c0-fe-a9e8d28c4d5c,nc_null_archive,AR,NC,-3.6514104604721,-0.026410400867462158,3.6250000596046377,1
nc-nc_null_archive-i4-ar-o1-ln-c0-fh-48f5222d3f75,nc_null_archive,AR,NC,-3.8956352472305227,-0.020635209977619695,3.875000037252903,1
nc-nc_null_archive-i4-ar-o1-ln-c1-fe-f6a937242f8a,nc_null_archive,AR,NC,-5.130988240241997,-0.005988038145005703,5.125000202096992,1
nc-nc_null_archive-i4-ar-o1-ln-c1-fh-79df76addaba,nc_null_archive,AR,NC,-5.130987763404839,-0.005987564101815224,5.125000199303024,1
nc-nc_null_deploy-i0-ar-o0-ll-c0-fe-3e88fa109849,nc_null_deploy,AR,NC,-0.001558400574111829,-6.50155842304229,-6.500000022468178,1
nc-nc_null_deploy-i0-ar-o0-ll-c0-fh-5d1f37ac2357,nc_null_deploy,AR,NC,-0.0019772762898071505,-6.251977086067193,-6.2499998097773855,1
nc-nc_null_deploy-i0-ar-o0-ll-c1-fe-59166a5a2264,nc_null_deploy,AR,NC,-0.01616737805301227,-4.141167402267428,-4.125000024214415,1
nc-nc_null_deploy-i0-ar-o0-ll-c1-fh-9c1fcef93e82,nc_null_deploy,AR,NC,-0.018274044618003416,-4.018273949623101,-3.9999999050050974,1
nc-nc_null_deploy-i0-ar-o0-ln-c0-fe-c1c2ecaa4914,nc_null_deploy,AR,NC,-0.0025367720518261194,-6.002536892890923,-6.000000120839097,1
nc-nc_null_deploy-i0-ar-o0-ln-c0-fh-d5ac7c4a2889,nc_null_deploy,AR,NC,-0.002522384049370885,-6.002522587776177,-6.000000203726806,1
nc-nc_null_deploy-i0-ar-o0-ln-c1-fe-19d29e5771ab,nc_null_deploy,AR,NC,-0.014273690059773969,-4.264273762702935,-4.250000072643161,1
nc-nc_null_deploy-i0-ar-o0-ln-c1-fh-f3be947f4d75,nc_null_deploy,AR,NC,-0.011143592186265039,-4.5111438035964895,-4.500000211410224,1
nc-nc_null_deploy-i0-ar-o1-ll-c0-fe-8a0f6b6f6ae7,nc_null_deploy,AR,NC,-4.141167402267428,-0.01616737805301227,4.125000024214415,1
nc-nc_null_deploy-i0-ar-o1-ll-c0-fh-e71c5d542a34,nc_null_deploy,AR,NC,-4.018273949623101,-0.018274044618003416,3.9999999050050974,1
nc-nc_null_deploy-i0-ar-o1-ll-c1-fe-c8dee575a80a,nc_null_deploy,AR,NC,-6.50155842304229,-0.001558400574111829,6.500000022468178,1
nc-nc_null_deploy-i0-ar-o1-ll-c1-fh-095ff8d7be75,nc_null_deploy,AR,NC,-6.251977086067193,-0.0019772762898071505,6.2499998097773855,1
nc-nc_null_deploy-i0-ar-o1-ln-c0-fe-309f870da3b8,nc_null_deploy,AR,NC,-4.264273762702935,-0.014273690059773969,4.250000072643161,1
nc-nc_null_deploy-i0-ar-o1-ln-c0-fh-e96bce4ac01f,nc_null_deploy,AR,NC,-4.5111438035964895,-0.011143592186265039,4.500000211410224,1
nc-nc_null_deploy-i0-ar-o1-ln-c1-fe-ecaa584dc7d5,nc_null_deploy,AR,NC,-6.002536892890923,-0.0025367720518261194,6.000000120839097,1
nc-nc_null_deploy-i0-ar-o1-ln-c1-fh-320e95126009,nc_null_deploy,AR,NC,-6.002522587776177,-0.002522384049370885,6.000000203726806,1
nc-nc_null_deploy-i1-ar-o0-ll-c0-fe-cec5ae309f76,nc_null_deploy,AR,NC,-0.0028633573092449183,-5.877863526344292,-5.875000169035047,1
nc-nc_null_deploy-i1-ar-o0-ll-c0-fh-457e7e639271,nc_null_deploy,AR,NC,-0.004137171432375908,-5.504137158393853,-5.499999986961477,1
nc-nc_null_deploy-i1-ar-o0-ll-c1-fe-7c7e0cd2c603,nc_null_deploy,AR,NC,-0.020656112581484365,-3.895656347274752,-3.8750002346932675,1
nc-nc_null_deploy-i1-ar-o0-ll-c1-fh-7e6c355c45d8,nc_null_deploy,AR,NC,-0.026432931423158834,-3.6514328718185354,-3.6249999403953765,1
nc-nc_null_deploy-i1-ar-o0-ln-c0-fe-e491d0088608,nc_null_deploy,AR,NC,-0.0053007532842457294,-5.255300641059868,-5.249999887775623,1
nc-nc_null_deploy-i1-ar-o0-ln-c0-fh-bc50eccaeeb8,nc_null_deploy,AR,NC,-0.005294349975883961,-5.255294442176812,-5.250000092200928,1
nc-nc_null_deploy-i1-ar-o0-ln-c1-fe-18eb9fcd3ae1,nc_null_deploy,AR,NC,-0.020656926557421684,-3.895656943321221,-3.8750000167637992,1
nc-nc_null_deploy-i1-ar-o0-ln-c1-fh-247745082184,nc_null_deploy,AR,NC,-0.014260410331182527,-4.264260411262505,-4.250000000931323,1
nc-nc_null_deploy-i1-ar-o1-ll-c0-fe-1c6f66094a45,nc_null_deploy,AR,NC,-3.895656347274752,-0.020656112581484365,3.8750002346932675,1
nc-nc_null_deploy-i1-ar-o1-ll-c0-fh-401a7aae281e,nc_null_deploy,AR,NC,-3.6514328718185354,-0.026432931423158834,3.6249999403953765,1
nc-nc_null_deploy-i1-ar-o1-ll-c1-fe-8af36dd6ac62,nc_null_deploy,AR,NC,-5.877863526344292,-0.0028633573092449183,5.875000169035047,1
nc-nc_null_deploy-i1-ar-o1-ll-c1-fh-bee2f710751e,nc_null_deploy,AR,NC,-5.504137158393853,-0.004137171432375908,5.499999986961477,1
nc-nc_null_deploy-i1-ar-o1-ln-c0-fe-840ac92f9503,nc_null_deploy,AR,NC,-3.895656943321221,-0.020656926557421684,3.8750000167637992,1
nc-nc_null_deploy-i1-ar-o1-ln-c0-fh-20df8eb6b41d,nc_null_deploy,AR,NC,-4.264260411262505,-0.014260410331182527,4.250000000931323,1
nc-nc_null_deploy-i1-ar-o1-ln-c1-fe-648f0ebae0ca,nc_null_deploy,AR,NC,-5.255300641059868,-0.0053007532842457294,5.249999887775623,1
nc-nc_null_deploy-i1-ar-o1-ln-c1-fh-0d1aeec07d27,nc_null_deploy,AR,NC,-5.255294442176812,-0.005294349975883961,5.250000092200928,1
nc-nc_null_deploy-i2-ar-o0-ll-c0-fe-865d7fd410fb,nc_null_deploy,AR,NC,-0.0017559604020505049,-6.376755833625786,-6.374999873223736,1
nc-nc_null_deploy-i2-ar-o0-ll-c0-fh-3596c0755608,nc_null_deploy,AR,NC,-0.0019785847980458016,-6.251978516578667,-6.249999931780621,1
nc-nc_null_deploy-i2-ar-o0-ll-c1-fe-bdff75d99d83,nc_null_deploy,AR,NC,-0.02642956189810519,-3.651429653167696,-3.625000091269591,1
nc-nc_null_deploy-i2-ar-o0-ll-c1-fh-aaf886a5cf76,nc_null_deploy,AR,NC,-0.020652843639247465,-3.895652890205376,-3.8750000465661287,1
nc-nc_null_deploy-i2-ar-o0-ln-c0-fe-7a965fd302f6,nc_null_deploy,AR,NC,-0.0028647833969444036,-5.877864956855767,-5.875000173458822,1
nc-nc_null_deploy-i2-ar-o0-ln-c0-fh-b48c9691291c,nc_null_deploy,AR,NC,-0.002522384049370885,-6.002522587776177,-6.000000203726806,1
nc-nc_null_deploy-i2-ar-o0-ln-c1-fe-f7f3dcbce77b,nc_null_deploy,AR,NC,-0.018260935321443128,-4.018261075019829,-4.000000139698386,1
nc-nc_null_deploy-i2-ar-o0-ln-c1-fh-9a2f315cb0d1,nc_null_deploy,AR,NC,-0.014261702075600624,-4.26426184177398,-4.250000139698379,1
nc-nc_null_deploy-i2-ar-o1-ll-c0-fe-9ca362bbaf81,nc_null_deploy,AR,NC,-3.651429653167696,-0.02642956189810519,3.625000091269591,1
nc-nc_null_deploy-i2-ar-o1-ll-c0-fh-7e04c3ddec45,nc_null_deploy,AR,NC,-3.895652890205376,-0.020652843639247465,3.8750000465661287,1
nc-nc_null_deploy-i2-ar-o1-ll-c1-fe-2545a925f3d4,nc_null_deploy,AR,NC,-6.376755833625786,-0.0017559604020505049,6.374999873223736,1
nc-nc_null_deploy-i2-ar-o1-ll-c1-fh-4c69c04dd2ef,nc_null_deploy,AR,NC,-6.251978516578667,-0.0019785847980458016,6.249999931780621,1
nc-nc_null_deploy-i2-ar-o1-ln-c0-fe-7c426e7dc451,nc_null_deploy,AR,NC,-4.018261075019829,-0.018260935321443128,4.000000139698386,1
nc-nc_null_deploy-i2-ar-o1-ln-c0-fh-b12542446c36,nc_null_deploy,AR,NC,-4.26426184177398,-0.014261702075600624,4.250000139698379,1
nc-nc_null_deploy-i2-ar-o1-ln-c1-fe-ab5b4fe0646e,nc_null_deploy,AR,NC,-5.877864956855767,-0.0028647833969444036,5.875000173458822,1
nc-nc_null_deploy-i2-ar-o1-ln-c1-fh-0f1102a5fef3,nc_null_deploy,AR,NC,-6.002522587776177,-0.002522384049370885,6.000000203726806,1
nc-nc_null_deploy-i3-ar-o0-ll-c0-fe-7068d27a461e,nc_null_deploy,AR,NC,-0.0032434263266551966,-5.75324356555938,-5.750000139232725,1
nc-nc_null_deploy-i3-ar-o0-ll-c0-fh-88260a93e9a7,nc_null_deploy,AR,NC,-0.006006879732005643,-5.131006836891167,-5.124999957159162,1
nc-nc_null_deploy-i3-ar-o0-ll-c1-fe-e1db5c3fd4d2,nc_null_deploy,AR,NC,-0.055051911622229,-2.9300519227981,-2.875000011175871,1
nc-nc_null_deploy-i3-ar-o0-ll-c1-fh-d8b8ff497d0f,nc_null_deploy,AR,NC,-0.07009530067441005,-2.69509530067441,-2.625,1
nc-nc_null_deploy-i3-ar-o0-ln-c0-fe-e346632ba200,nc_null_deploy,AR,NC,-0.0067924316972494125,-5.006792664527886,-5.0000002328306365,1
nc-nc_null_deploy-i3-ar-o0-ln-c0-fh-6199cc0e1f71,nc_null_deploy,AR,NC,-0.007677925750613213,-4.882678151130669,-4.875000225380056,1
nc-nc_null_deploy-i3-ar-o0-ln-c1-fe-76db2322bf39,nc_null_deploy,AR,NC,-0.04871144145726447,-3.048711538314791,-3.0000000968575264,1
nc-nc_null_deploy-i3-ar-o0-ln-c1-fh-8ac76c92d840,nc_null_deploy,AR,NC,-0.07008862495421653,-2.695088505744927,-2.6249998807907104,1
nc-nc_null_deploy-i3-ar-o1-ll-c0-fe-9aff8591784c,nc_null_deploy,AR,NC,-2.9300519227981,-0.055051911622229,2.875000011175871,1
nc-nc_null_deploy-i3-ar-o1-ll-c0-fh-174f3db0904d,nc_null_deploy,AR,NC,-2.69509530067441,-0.07009530067441005,2.625,1
nc-nc_null_deploy-i3-ar-o1-ll-c1-fe-ca38b90fb59c,nc_null_deploy,AR,NC,-5.75324356555938,-0.0032434263266551966,5.750000139232725,1
nc-nc_null_deploy-i3-ar-o1-ll-c1-fh-5c63853095e0,nc_null_deploy,AR,NC,-5.131006836891167,-0.006006879732005643,5.124999957159162,1
nc-nc_null_deploy-i3-ar-o1-ln-c0-fe-b17483e9f547,nc_null_deploy,AR,NC,-3.048711538314791,-0.04871144145726447,3.0000000968575264,1
nc-nc_null_deploy-i3-ar-o1-ln-c0-fh-34681002cd13,nc_null_deploy,AR,NC,-2.695088505744927,-0.07008862495421653,2.6249998807907104,1
nc-nc_null_deploy-i3-ar-o1-ln-c1-fe-d60ff337285b,nc_null_deploy,AR,NC,-5.006792664527886,-0.0067924316972494125,5.0000002328306365,1
nc-nc_null_deploy-i3-ar-o1-ln-c1-fh-3828560cdf91,nc_null_deploy,AR,NC,-4.882678151130669,-0.007677925750613213,4.875000225380056,1
nc-nc_null_deploy-i4-ar-o0-ll-c0-fe-e20f8429258e,nc_null_deploy,AR,NC,-0.0025254762731208302,-6.002525448799126,-5.999999972526005,1
nc-nc_null_deploy-i4-ar-o0-ll-c0-fh-6c6970d98490,nc_null_deploy,AR,NC,-0.0032333263661641354,-5.753233551979058,-5.750000225612894,1
nc-nc_null_deploy-i4-ar-o0-ll-c1-fe-2405f0899e03,nc_null_deploy,AR,NC,-0.01614379882809658,-4.141144037246676,-4.125000238418579,1
nc-nc_null_deploy-i4-ar-o0-ll-c1-fh-cc142d01ce2c,nc_null_deploy,AR,NC,-0.014257121831150243,-4.264257073402398,-4.249999951571247,1
nc-nc_null_deploy-i4-ar-o0-ln-c0-fe-effd6def8a2c,nc_null_deploy,AR,NC,-0.004137527663260698,-5.504137635231011,-5.50000010756775,1
nc-nc_null_deploy-i4-ar-o0-ln-c0-fh-7b9faf4d71cb,nc_null_deploy,AR,NC,-0.004131473135203123,-5.504131436347954,-5.499999963212751,1
nc-nc_null_deploy-i4-ar-o0-ln-c1-fe-d74ea0352ed7,nc_null_deploy,AR,NC,-0.011139819398515272,-4.511139988899224,-4.500000169500709,1
nc-nc_null_deploy-i4-ar-o0-ln-c1-fh-e0b321a1ad02,nc_null_deploy,AR,NC,-0.008694886229925203,-4.758694767951958,-4.749999881722033,1
nc-nc_null_deploy-i4-ar-o1-ll-c0-fe-274f7cb0cd7a,nc_null_deploy,AR,NC,-4.141144037246676,-0.01614379882809658,4.125000238418579,1
nc-nc_null_deploy-i4-ar-o1-ll-c0-fh-2c5aa6d38c16,nc_null_deploy,AR,NC,-4.264257073402398,-0.014257121831150243,4.249999951571247,1
nc-nc_null_deploy-i4-ar-o1-ll-c1-fe-b72acdbc63d9,nc_null_deploy,AR,NC,-6.002525448799126,-0.0025254762731208302,5.999999972526005,1
nc-nc_null_deploy-i4-ar-o1-ll-c1-fh-b4cf25ded66b,nc_null_deploy,AR,NC,-5.753233551979058,-0.0032333263661641354,5.750000225612894,1
nc-nc_null_deploy-i4-ar-o1-ln-c0-fe-ca4f076d5ea0,nc_null_deploy,AR,NC,-4.511139988899224,-0.011139819398515272,4.500000169500709,1
nc-nc_null_deploy-i4-ar-o1-ln-c0-fh-bb7013acaf06,nc_null_deploy,AR,NC,-4.758694767951958,-0.008694886229925203,4.749999881722033,1
nc-nc_null_deploy-i4-ar-o1-ln-c1-fe-52e2691c7f55,nc_null_deploy,AR,NC,-5.504137635231011,-0.004137527663260698,5.50000010756775,1
nc-nc_null_deploy-i4-ar-o1-ln-c1-fh-2ac7ca9faf99,nc_null_deploy,AR,NC,-5.504131436347954,-0.004131473135203123,5.499999963212751,1
pc-pc_quality_config-i0-ar-o0-ll-c0-fe-f48acc86d03f,pc_quality_config,AR,PC,-2.455681169521995e-05,-14.187533974605685,-14.18750941779399,1
pc-pc_quality_config-i0-ar-o0-ll-c0-fh-6f0d521cde05,pc_quality_config,AR,PC,-2.2291887944447808e-05,-16.31266855132708,-16.312646259439134,1
pc-pc_quality_config-i0-ar-o0-ll-c1-fe-6d5c1001e88e,pc_quality_config,AR,PC,-2.7894588122023833e-05,-11.750072955059295,-11.750045060471173,1
pc-pc_quality_config-i0-ar-o0-ll-c1-fh-17279bd56ad8,pc_quality_config,AR,PC,-1.5139465176616795e-05,-15.625728948507458,-15.625713809042281,1
pc-pc_quality_config-i0-ar-o0-ln-c0-fe-bf38d2ce20c9,pc_quality_config,AR,PC,-3.802703940891661e-05,-12.875045776338084,-12.875007749298675,1
pc-pc_quality_config-i0-ar-o0-ln-c0-fh-ae1161e1476f,pc_quality_config,AR,PC,-2.95634672511369e-05,-15.56271873114747,-15.562689167680219,1
pc-pc_quality_config-i0-ar-o0-ln-c1-fe-82cca958dfd9,pc_quality_config,AR,PC,-2.7536969348318507e-05,-12.125154725581524,-12.125127188612176,1
pc-pc_quality_config-i0-ar-o0-ln-c1-fh-6cf04d748ca8,pc_quality_config,AR,PC,-1.5139466988500772e-05,-16.00093477399787,-16.00091963453088,1
pc-pc_quality_config-i0-ar-o1-ll-c0-fe-27faaed49cc2,pc_quality_config,AR,PC,-0.00013207519076985363,-9.804880440235138,-9.804748365044368,1
pc-pc_quality_config-i0-ar-o1-ll-c0-fh-c64af43e3d1e,pc_quality_config,AR,PC,-0.0001530530280362541,-9.25263061793521,-9.252477564907174,1
pc-pc_quality_config-i0-ar-o1-ll-c1-fe-95aec11342e6,pc_quality_config,AR,PC,-5.626520941603985e-05,-18.875437259674072,-18.875380994464656,1
pc-pc_quality_config-i0-ar-o1-ll-c1-fh-b4d8393b5297,pc_quality_config,AR,PC,-6.568217212787886e-05,-10.283721141517162,-10.283655459345034,1
pc-pc_quality_config-i0-ar-o1-ln-c0-fe-0326a1613966,pc_quality_config,AR,PC,-0.00014852375897334014,-12.079040765762329,-12.078892242003356,1
pc-pc_quality_config-i0-ar-o1-ln-c0-fh-d99e62caeebd,pc_quality_config,AR,PC,-0.00015972771506511663,-9.256877454463392,-9.256717726748327,1
pc-pc_quality_config-i0-ar-o1-ln-c1-fe-c09889bebcf9,pc_quality_config,AR,PC,-4.076874756719917e-05,-17.75322151184082,-17.753180743093253,1
pc-pc_quality_config-i0-ar-o1-ln-c1-fh-e27e60436099,pc_quality_config,AR,PC,-4.5298504119273275e-05,-11.023299703374505,-11.023254404870386,1
pc-pc_quality_config-i0-ro-o0-ll-c0-fx-09bf56d835ed,pc_quality_config,RO,PC,-1.168244216387393e-05,-14.500012755393072,-14.500001072950909,1
pc-pc_quality_config-i0-ro-o0-ll-c1-fx-185a1e34e82f,pc_quality_config,RO,PC,-1.1086402082582936e-05,-13.562512278556483,-13.5625011921544,1
pc-pc_quality_config-i0-ro-o0-ln-c0-fx-f2026572222e,pc_quality_config,RO,PC,-1.2993727978027891e-05,-14.750016093250224,-14.750003099522246,1
pc-pc_quality_config-i0-ro-o0-ln-c1-fx-ec3d59ca52cd,pc_quality_config,RO,PC,-8.4638240878121e-06,-16.000009059904983,-16.000000596080895,1
pc-pc_quality_config-i0-ro-o1-ll-c0-fx-f5282baf258d,pc_quality_config,RO,PC,-0.0019343255553323502,-6.376935958860486,-6.375001633305153,1
pc-pc_quality_config-i0-ro-o1-ll-c1-fx-cd2cbc0aa11b,pc_quality_config,RO,PC,-4.768258440179807e-05,-11.125048875808034,-11.125001193223632,1
pc-pc_quality_config-i0-ro-o1-ln-c0-fx-66861daada0c,pc_quality_config,RO,PC,-0.00337257888167386,-5.7533853053246276,-5.750012726442954,1
pc-pc_quality_config-i0-ro-o1-ln-c1-fx-118ffe5bd648,pc_quality_config,RO,PC,-5.8291650923081306e-05,-10.37505984306199,-10.375001551411067,1
pc-pc_quality_config-i1-ar-o0-ll-c0-fe-8cb18285a896,pc_quality_config,AR,PC,-2.932505594799295e-05,-13.687534213055187,-13.68750488799924,1
pc-pc_quality_config-i1-ar-o0-ll-c0-fh-7a0cb765cdf7,pc_quality_config,AR,PC,-2.2411095415009186e-05,-15.812541127021177,-15.812518715925762,1
pc-pc_quality_config-i1-ar-o0-ll-c1-fe-e96b02a4bc28,pc_quality_config,AR,PC,-3.0636321746158046e-05,-11.500082014666987,-11.50005137834524,1
pc-pc_quality_config-i1-ar-o0-ll-c1-fh-dfd43f5703c5,pc_quality_config,AR,PC,-1.5258672647178173e-05,-15.12522301900026,-15.125207760327612,1
pc-pc_quality_config-i1-ar-o0-ln-c0-fe-7c1e7887b732,pc_quality_config,AR,PC,-4.410646579344757e-05,-12.250048398961098,-12.250004292495305,1
pc-pc_quality_config-i1-ar-o0-ln-c0-fh-9928db77172b,pc_quality_config,AR,PC,-3.135155202471651e-05,-15.375060677102738,-15.375029325550713,1
pc-pc_quality_config-i1-ar-o0-ln-c1-fe-0f829584c287,pc_quality_config,AR,PC,-2.729855804517456e-05,-12.12507927279512,-12.125051974237074,1
pc-pc_quality_config-i1-ar-o0-ln-c1-fh-69586f5d82c7,pc_quality_config,AR,PC,-1.4662635294371285e-05,-15.500356019765604,-15.50034135713031,1
pc-pc_quality_config-i1-ar-o1-ll-c0-fe-a7514a9b0dbe,pc_quality_config,AR,PC,-0.00016842856711463128,-9.339111119508743,-9.338942690941629,1
pc-pc_quality_config-i1-ar-o1-ll-c0-fh-610ca75859fb,pc_quality_config,AR,PC,-0.00015793985220824425,-9.258774714544415,-9.258616774692207,1
pc-pc_quality_config-i1-ar-o1-ll-c1-fe-b7c4c7ac7f0f,pc_quality_config,AR,PC,-6.413254595116769e-05,-18.750361442565918,-18.750297310019967,1
pc-pc_quality_config-i1-ar-o1-ll-c1-fh-d2a6bd363fba,pc_quality_config,AR,PC,-4.911301948595792e-05,-10.937027681618929,-10.936978568599443,1
pc-pc_quality_config-i1-ar-o1-ln-c0-fe-464991c0ed3e,pc_quality_config,AR,PC,-0.00021717573690693825,-10.679965734481812,-10.679748558744905,1
pc-pc_quality_config-i1-ar-o1-ln-c0-fh-bc88fd3002e8,pc_quality_config,AR,PC,-0.00010096518234803398,-10.011151308193803,-10.011050343011455,1
pc-pc_quality_config-i1-ar-o1-ln-c1-fe-97ab8eb6ab02,pc_quality_config,AR,PC,-3.302042750874534e-05,-20.125330924987793,-20.125297904560284,1
pc-pc_quality_config-i1-ar-o1-ln-c1-fh-f0f9b7125e41,pc_quality_config,AR,PC,-3.516612196108326e-05,-11.554929215461016,-11.554894049339055,1
pc-pc_quality_config-i1-ro-o0-ll-c0-fx-0db3b4e49bc9,pc_quality_config,RO,PC,-1.2516897186287679e-05,-13.750013828276565,-13.750001311379378,1
pc-pc_quality_config-i1-ro-o0-ll-c1-fx-65355a11d9f6,pc_quality_config,RO,PC,-1.168244216387393e-05,-13.500012278556483,-13.500000596114319,1
pc-pc_quality_config-i1-ro-o0-ln-c0-fx-8d4fce246052,pc_quality_config,RO,PC,-1.3232143828645349e-05,-14.56251668929508,-14.562503457151251,1
pc-pc_quality_config-i1-ro-o0-ln-c1-fx-c920f4614abb,pc_quality_config,RO,PC,-8.34461570775602e-06,-15.312510132788361,-15.312501788172654,1
pc-pc_quality_config-i1-ro-o1-ll-c0-fx-a5c3398d3956,pc_quality_config,RO,PC,-0.001334015629247176,-6.7513359785054945,-6.750001962876247,1
pc-pc_quality_config-i1-ro-o1-ll-c1-fx-5e143c459db0,pc_quality_config,RO,PC,-3.2305200868165684e-05,-11.75003385543721,-11.750001550236341,1
pc-pc_quality_config-i1-ro-o1-ln-c0-fx-c8f4d295708f,pc_quality_config,RO,PC,-0.002062695566557693,-6.252076983350889,-6.250014287784332,1
pc-pc_quality_config-i1-ro-o1-ln-c1-fx-358344f07a2d,pc_quality_config,RO,PC,-4.0411137881335435e-05,-10.87504231929529,-10.875001908157408,1
pc-pc_quality_config-i2-ar-o0-ll-c0-fe-d82faa5c8216,pc_quality_config,AR,PC,-2.4914430468925275e-05,-15.062551736467867,-15.062526822037398,1
pc-pc_quality_config-i2-ar-o0-ll-c0-fh-cabb4478c04e,pc_quality_config,AR,PC,-2.4676019165781327e-05,-16.75051808106946,-16.750493405050292,1
pc-pc_quality_config-i2-ar-o0-ll-c1-fe-b044aef62d0d,pc_quality_config,AR,PC,-2.1338237267798377e-05,-12.500203354415135,-12.500182016177867,1
pc-pc_quality_config-i2-ar-o0-ll-c1-fh-f4a30c52c00b,pc_quality_config,AR,PC,-1.6927575416048057e-05,-15.250730498461053,-15.250713570885637,1
pc-pc_quality_config-i2-ar-o0-ln-c0-fe-18ee986f03db,pc_quality_config,AR,PC,-4.100715523236431e-05,-13.187573909217463,-13.18753290206223,1
pc-pc_quality_config-i2-ar-o0-ln-c0-fh-face0d236ffd,pc_quality_config,AR,PC,-3.0040289857424796e-05,-16.314468055265024,-16.314438014975167,1
pc-pc_quality_config-i2-ar-o0-ln-c1-fe-6b3bd66c01fc,pc_quality_config,AR,PC,-2.253030469745454e-05,-12.62528761671274,-12.625265086408042,1
pc-pc_quality_config-i2-ar-o0-ln-c1-fh-d366178c619e,pc_quality_config,AR,PC,-1.490105023549404e-05,-15.875826030038297,-15.875811128988062,1
pc-pc_quality_config-i2-ar-o1-ll-c0-fe-43ed008fb0e6,pc_quality_config,AR,PC,-0.00020597246474807207,-8.88937261607498,-8.889166643610231,1
pc-pc_quality_config-i2-ar-o1-ll-c0-fh-08b2ab7e2136,pc_quality_config,AR,PC,-0.0001901207724515075,-8.877377023687586,-8.877186902915135,1
pc-pc_quality_config-i2-ar-o1-ll-c1-fe-59af72803cbd,pc_quality_config,AR,PC,-0.00010883217327517514,-17.875405311584473,-17.875296479411197,1
pc-pc_quality_config-i2-ar-o1-ll-c1-fh-1ffda6cc0cc2,pc_quality_config,AR,PC,-7.819823804311454e-05,-10.062058366835117,-10.061980168597074,1
pc-pc_quality_config-i2-ar-o1-ln-c0-fe-bf6e1176585a,pc_quality_config,AR,PC,-0.0002256377338198945,-9.724307775497437,-9.724082137763617,1
pc-pc_quality_config-i2-ar-o1-ln-c0-fh-b1d2a11cf891,pc_quality_config,AR,PC,-0.00015352979243488107,-9.257762024179101,-9.257608494386666,1
pc-pc_quality_config-i2-ar-o1-ln-c1-fe-b373671012d7,pc_quality_config,AR,PC,-5.3165931603871286e-05,-18.12596607208252,-18.125912906150916,1
pc-pc_quality_config-i2-ar-o1-ln-c1-fh-f2ef3d6f1ec2,pc_quality_config,AR,PC,-3.8265450712060556e-05,-11.276347186416388,-11.276308920965675,1
pc-pc_quality_config-i2-ro-o0-ll-c0-fx-e0048b490de4,pc_quality_config,RO,PC,-9.775113539944869e-06,-14.500011086462678,-14.500001311349138,1
pc-pc_quality_config-i2-ro-o0-ll-c1-fx-2a907a0a8da2,pc_quality_config,RO,PC,-1.2636104656849056e-05,-13.125013232230799,-13.125000596126142,1
pc-pc_quality_config-i2-ro-o0-ln-c0-fx-763e36e1d2a2,pc_quality_config,RO,PC,-1.0013530300057027e-05,-15.31251239776202,-15.31250238423172,1
pc-pc_quality_config-i2-ro-o0-ln-c1-fx-b045636e0725,pc_quality_config,RO,PC,-7.152531907195225e-06,-16.250009059904983,-16.250001907373075,1
pc-pc_quality_config-i2-ro-o1-ll-c0-fx-d82a7e2b5521,pc_quality_config,RO,PC,-0.0027344955597001785,-6.00273728370189,-6.00000278814219,1
pc-pc_quality_config-i2-ro-o1-ll-c1-fx-699a50a2c1a9,pc_quality_config,RO,PC,-4.315283512568158e-05,-11.125043988227276,-11.12500083539215,1
pc-pc_quality_config-i2-ro-o1-ln-c0-fx-44f7f8810f0b,pc_quality_config,RO,PC,-0.0026038337964493508,-6.002621412117151,-6.000017578320701,1
pc-pc_quality_config-i2-ro-o1-ln-c1-fx-65582142aeb0,pc_quality_config,RO,PC,-6.115250288729612e-05,-10.25006270408494,-10.250001551582052,1
pc-pc_quality_config-i3-ar-o0-ll-c0-fe-37b6e8228334,pc_quality_config,AR,PC,-2.276871418871451e-05,-15.375029563881526,-15.375006795167337,1
pc-pc_quality_config-i3-ar-o0-ll-c0-fh-4cd27cfc54ac,pc_quality_config,AR,PC,-2.2053474822314456e-05,-16.18758678231825,-16.187564728843427,1
pc-pc_quality_config-i3-ar-o0-ll-c1-fe-c4c0ba2a8a2c,pc_quality_config,AR,PC,-1.800044264399503e-05,-13.125068901681516,-13.125050901238872,1
pc-pc_quality_config-i3-ar-o0-ll-c1-fh-289a1f1581e6,pc_quality_config,AR,PC,-1.3828183902830915e-05,-14.875572048476897,-14.875558220292994,1
pc-pc_quality_config-i3-ar-o0-ln-c0-fe-198bbebcca57,pc_quality_config,AR,PC,-3.909988299710676e-05,-13.31254649159564,-13.312507391712643,1
pc-pc_quality_config-i3-ar-o0-ln-c0-fh-d956e8e8a943,pc_quality_config,AR,PC,-2.9205850296420977e-05,-15.312720757327043,-15.312691551476746,1
pc-pc_quality_config-i3-ar-o0-ln-c1-fe-07bd195420d3,pc_quality_config,AR,PC,-2.288792165927589e-05,-12.75007653092689,-12.75005364300523,1
pc-pc_quality_config-i3-ar-o0-ln-c1-fh-22617e9b7660,pc_quality_config,AR,PC,-1.3828184791009335e-05,-14.751067678444088,-14.751053850259296,1
pc-pc_quality_config-i3-ar-o1-ll-c0-fe-b7b2901e03d7,pc_quality_config,AR,PC,-0.0002449451130743796,-8.910476103425026,-8.910231158311952,1
pc-pc_quality_config-i3-ar-o1-ll-c0-fh-bf6f1543b51f,pc_quality_config,AR,PC,-0.0002561479923244292,-10.535486936569214,-10.53523078857689,1
pc-pc_quality_config-i3-ar-o1-ll-c1-fe-7ade442c6692,pc_quality_config,AR,PC,-0.00011908300074736644,-16.751032829284668,-16.75091374628392,1
pc-pc_quality_config-i3-ar-o1-ll-c1-fh-cc0863a9a7bf,pc_quality_config,AR,PC,-0.00011252725379762296,-9.752057433128357,-9.75194490587456,1
pc-pc_quality_config-i3-ar-o1-ln-c0-fe-776a47d81fe0,pc_quality_config,AR,PC,-0.00034517052699811757,-10.502281665802002,-10.501936495275004,1
pc-pc_quality_config-i3-ar-o1-ln-c0-fh-2c3c6ea45c5e,pc_quality_config,AR,PC,-0.00013660453259234373,-10.938418865203857,-10.938282260671265,1
pc-pc_quality_config-i3-ar-o1-ln-c1-fe-62d92fba6d1e,pc_quality_config,AR,PC,-4.815939246327616e-05,-19.125481605529785,-19.125433446137322,1
pc-pc_quality_config-i3-ar-o1-ln-c1-fh-0d5213c963b6,pc_quality_config,AR,PC,-6.0318088792143953e-05,-10.688342213630676,-10.688281895541884,1
pc-pc_quality_config-i3-ro-o0-ll-c0-fx-b2f862191ab1,pc_quality_config,RO,PC,-1.0013530300057027e-05,-15.125010967253615,-15.125000953723315,1
pc-pc_quality_config-i3-ro-o0-ll-c1-fx-d9958b405955,pc_quality_config,RO,PC,-1.0371154530730564e-05,-13.750011324882166,-13.750000953727636,1
pc-pc_quality_config-i3-ro-o0-ln-c0-fx-aab18082b753,pc_quality_config,RO,PC,-1.0609570381348021e-05,-15.62501275539148,-15.6250021458211,1
pc-pc_quality_config-i3-ro-o0-ln-c1-fx-b8044b4686a9,pc_quality_config,RO,PC,-6.079655122448457e-06,-16.750006914138112,-16.75000083448299,1
pc-pc_quality_config-i3-ro-o1-ll-c0-fx-bc0a00c06642,pc_quality_config,RO,PC,-0.0012597254244539613,-6.8762617111187865,-6.8750019856943325,1
pc-pc_quality_config-i3-ro-o1-ll-c1-fx-abc9f6400163,pc_quality_config,RO,PC,-7.104621908382569e-05,-10.37507188320069,-10.375000836981606,1
pc-pc_quality_config-i3-ro-o1-ln-c0-fx-c8969eac44ee,pc_quality_config,RO,PC,-0.002966054249547767,-5.877972245196361,-5.875006190946813,1
pc-pc_quality_config-i3-ro-o1-ln-c1-fx-07aa19548ee8,pc_quality_config,RO,PC,-0.00013195599603221808,-9.250133156775178,-9.250001200779145,1
pc-pc_quality_config-i4-ar-o0-ll-c0-fe-d44cc5d2a1c9,pc_quality_config,AR,PC,-2.074220174108632e-05,-14.937539458103856,-14.937518715902115,1
pc-pc_quality_config-i4-ar-o0-ll-c0-fh-748ce518726f,pc_quality_config,AR,PC,-1.9073304429184645e-05,-16.562589642897365,-16.562570569592935,1
pc-pc_quality_config-i4-ar-o0-ll-c1-fe-562950fd744b,pc_quality_config,AR,PC,-2.4199196552388003e-05,-12.250088093598606,-12.250063894402054,1
pc-pc_quality_config-i4-ar-o0-ll-c1-fh-27293beba19f,pc_quality_config,AR,PC,-1.3232143828645349e-05,-16.50015603477368,-16.500142802629853,1
pc-pc_quality_config-i4-ar-o0-ln-c0-fe-f4cdf4b7cf6f,pc_quality_config,AR,PC,-3.1470757676288486e-05,-13.312541723198592,-13.312510252440916,1
pc-pc_quality_config-i4-ar-o0-ln-c0-fh-e75eecf4c17f,pc_quality_config,AR,PC,-2.777537883957848e-05,-15.625078796034359,-15.625051020655519,1
pc-pc_quality_config-i4-ar-o0-ln-c1-fe-583fcc4f3fc4,pc_quality_config,AR,PC,-2.2411097226893162e-05,-12.75016509462148,-12.750142683524253,1
pc-pc_quality_config-i4-ar-o0-ln-c1-fh-bcabb970bac1,pc_quality_config,AR,PC,-1.4662635294371285e-05,-16.750316097779432,-16.750301435144138,1
pc-pc_quality_config-i4-ar-o1-ll-c0-fe-5be1a42f38dd,pc_quality_config,AR,PC,-0.00012015576066204403,-9.704012662172318,-9.703892506411655,1
pc-pc_quality_config-i4-ar-o1-ll-c0-fh-ac6527d8ed86,pc_quality_config,AR,PC,-0.00012063253961258624,-9.612946450710297,-9.612825818170684,1
pc-pc_quality_config-i4-ar-o1-ll-c1-fe-4844e4b1dfe5,pc_quality_config,AR,PC,-6.007968476495762e-05,-18.37554931640625,-18.375489236721485,1
pc-pc_quality_config-i4-ar-o1-ll-c1-fh-85769dd9f784,pc_quality_config,AR,PC,-3.9219088648678735e-05,-11.319987781345844,-11.319948562257196,1
pc-pc_quality_config-i4-ar-o1-ln-c0-fe-a1d283443370,pc_quality_config,AR,PC,-0.00016592556494288146,-11.16039228439331,-11.160226358828368,1
pc-pc_quality_config-i4-ar-o1-ln-c0-fh-fc7ef5f8049a,pc_quality_config,AR,PC,-0.00014125305460055415,-9.48796721547842,-9.48782596242382,1
pc-pc_quality_config-i4-ar-o1-ln-c1-fe-5bce7a81e4d7,pc_quality_config,AR,PC,-3.2782016205601394e-05,-18.376736164093018,-18.376703382076812,1
pc-pc_quality_config-i4-ar-o1-ln-c1-fh-88c295782036,pc_quality_config,AR,PC,-2.7656173188006505e-05,-12.15478871949017,-12.154761063316982,1
pc-pc_quality_config-i4-ro-o0-ll-c0-fx-b467f5292f4d,pc_quality_config,RO,PC,-1.0251946150674485e-05,-14.125012397764294,-14.125002145818144,1
pc-pc_quality_config-i4-ro-o0-ll-c1-fx-e54229e7fb78,pc_quality_config,RO,PC,-6.6756979322235566e-06,-15.062507867812428,-15.062501192114496,1
pc-pc_quality_config-i4-ro-o0-ln-c0-fx-a0dbd580400b,pc_quality_config,RO,PC,-1.0609570381348021e-05,-15.500015139568859,-15.500004529998478,1
pc-pc_quality_config-i4-ro-o0-ln-c1-fx-aa755780a1cc,pc_quality_config,RO,PC,-4.887569048150908e-06,-17.750007271765412,-17.750002384196364,1
pc-pc_quality_config-i4-ro-o1-ll-c0-fx-5cb2b6b5f6c4,pc_quality_config,RO,PC,-0.0013125862460512394,-6.7513151168782315,-6.75000253063218,1
pc-pc_quality_config-i4-ro-o1-ll-c1-fx-47212c0f6e3b,pc_quality_config,RO,PC,-1.4901052047378016e-05,-14.437515735625198,-14.43750083457315,1
pc-pc_quality_config-i4-ro-o1-ln-c0-fx-8a4e8a3a2584,pc_quality_config,RO,PC,-0.0014291323022845859,-6.626447081403967,-6.625017949101682,1
pc-pc_quality_config-i4-ro-o1-ln-c1-fx-300a2c5f4796,pc_quality_config,RO,PC,-1.5497089400184905e-05,-13.000016927717752,-13.000001430628352,1
pc-pc_quality_tests-i0-ar-o0-ll-c0-fe-752c76e594c7,pc_quality_tests,AR,PC,-3.814624506048858e-05,-14.722798198461533,-14.722760052216472,1
pc-pc_quality_tests-i0-ar-o0-ll-c0-fh-6f80ec4464b2,pc_quality_tests,AR,PC,-2.9205850296420977e-05,-16.701022744178772,-16.700993538328476,1
pc-pc_quality_tests-i0-ar-o0-ll-c1-fe-9d6864ead571,pc_quality_tests,AR,PC,-1.633154169411455e-05,-15.898169219493866,-15.898152887952172,1
pc-pc_quality_tests-i0-ar-o0-ll-c1-fh-15ecaec394bf,pc_quality_tests,AR,PC,-1.5735502529423684e-05,-17.178747177124023,-17.178731441621494,1
pc-pc_quality_tests-i0-ar-o0-ln-c0-fe-d695881de0f8,pc_quality_tests,AR,PC,-4.3391246428825525e-05,-14.636964052915573,-14.636920661669144,1
pc-pc_quality_tests-i0-ar-o0-ln-c0-fh-2b6774979a8a,pc_quality_tests,AR,PC,-3.075552739773002e-05,-16.75577473640442,-16.75574398087702,1
pc-pc_quality_tests-i0-ar-o0-ln-c1-fe-1d459f95a3d2,pc_quality_tests,AR,PC,-1.5973919282430415e-05,-16.849212527275085,-16.849196553355803,1
pc-pc_quality_tests-i0-ar-o0-ln-c1-fh-3871fa10ffc4,pc_quality_tests,AR,PC,-1.2278483147554198e-05,-18.335808038711548,-18.3357957602284,1
pc-pc_quality_tests-i0-ar-o1-ll-c0-fe-430afce18b60,pc_quality_tests,AR,PC,-0.00014447123975713794,-9.781313627958298,-9.78116915671854,1
pc-pc_quality_tests-i0-ar-o1-ll-c0-fh-aee52d1d60c5,pc_quality_tests,AR,PC,-6.508616205991302e-05,-16.506792068481445,-16.506726982319385,1
pc-pc_quality_tests-i0-ar-o1-ll-c1-fe-7ef2a8512d11,pc_quality_tests,AR,PC,-5.400035660585445e-05,-12.326082825660706,-12.3260288253041,1
pc-pc_quality_tests-i0-ar-o1-ll-c1-fh-650a25133614,pc_quality_tests,AR,PC,-2.1457444738359754e-05,-15.007730185985565,-15.007708728540827,1
pc-pc_quality_tests-i0-ar-o1-ln-c0-fe-7ce28750cb31,pc_quality_tests,AR,PC,-0.00016342260641266648,-12.658836603164673,-12.65867318055826,1
pc-pc_quality_tests-i0-ar-o1-ln-c0-fh-8d610a68ce15,pc_quality_tests,AR,PC,-7.259583070862163e-05,-17.93977928161621,-17.939706685785502,1
pc-pc_quality_tests-i0-ar-o1-ln-c1-fe-8c80fded40b1,pc_quality_tests,AR,PC,-3.9457499944717256e-05,-13.899152398109436,-13.899112940609491,1
pc-pc_quality_tests-i0-ar-o1-ln-c1-fh-9a9dd0695dac,pc_quality_tests,AR,PC,-1.8119650114556407e-05,-16.88925737142563,-16.889239251775514,1
pc-pc_quality_tests-i0-ro-o0-ll-c0-fx-86ddd75d8a97,pc_quality_tests,RO,PC,-1.4066600641626792e-05,-17.375019192678337,-17.375005126077696,1
pc-pc_quality_tests-i0-ro-o0-ll-c1-fx-9c3374d1e7e0,pc_quality_tests,RO,PC,-5.1259867106523416e-06,-20.250009775153558,-20.250004649166847,1
pc-pc_quality_tests-i0-ro-o0-ln-c0-fx-d2087f6a4698,pc_quality_tests,RO,PC,-1.4305013785076426e-05,-16.562518715843908,-16.562504410830122,1
pc-pc_quality_tests-i0-ro-o0-ln-c1-fx-4e01b87ea03b,pc_quality_tests,RO,PC,-3.6954811548639555e-06,-20.87500941751796,-20.875005722036803,1
pc-pc_quality_tests-i0-ro-o1-ll-c0-fx-76df76fa1f5b,pc_quality_tests,RO,PC,-2.9444265230438305e-05,-15.812559008165408,-15.812529563900178,1
pc-pc_quality_tests-i0-ro-o1-ll-c1-fx-f169b09aa12e,pc_quality_tests,RO,PC,-8.225408230089215e-06,-16.50001716609222,-16.50000894068399,1
pc-pc_quality_tests-i0-ro-o1-ln-c0-fx-385dc7666dc3,pc_quality_tests,RO,PC,-3.135155202471651e-05,-15.562600729448604,-15.56256937789658,1
pc-pc_quality_tests-i0-ro-o1-ln-c1-fx-f25c0a7001e0,pc_quality_tests,RO,PC,-7.510157949752738e-06,-16.812514305092463,-16.812506794934514,1
pc-pc_quality_tests-i1-ar-o0-ll-c0-fe-c78d4b3c437b,pc_quality_tests,AR,PC,-2.729855441430118e-05,-15.814481109380722,-15.814453810826308,1
pc-pc_quality_tests-i1-ar-o0-ll-c0-fh-bfa077852e67,pc_quality_tests,AR,PC,-3.0397906812140718e-05,-16.60048034787178,-16.60044994996497,1
pc-pc_quality_tests-i1-ar-o0-ll-c1-fe-904fe47b1e04,pc_quality_tests,AR,PC,-1.3828182090946939e-05,-17.47348392009735,-17.47347009191526,1
pc-pc_quality_tests-i1-ar-o0-ll-c1-fh-a01e8b70492c,pc_quality_tests,AR,PC,-1.4662635294371285e-05,-17.818194270133972,-17.818179607498678,1
pc-pc_quality_tests-i1-ar-o0-ln-c0-fe-1dac09b5d2da,pc_quality_tests,AR,PC,-3.5523738915799186e-05,-16.00083902478218,-16.000803501043265,1
pc-pc_quality_tests-i1-ar-o0-ln-c0-fh-4d36c29430d6,pc_quality_tests,AR,PC,-3.302043113961872e-05,-16.564522802829742,-16.564489782398603,1
pc-pc_quality_tests-i1-ar-o0-ln-c1-fe-246e03f12692,pc_quality_tests,AR,PC,-1.275531393929441e-05,-18.679827570915222,-18.679814815601283,1
pc-pc_quality_tests-i1-ar-o0-ln-c1-fh-5e8c0ee7b634,pc_quality_tests,AR,PC,-1.0847986231965479e-05,-19.491430044174194,-19.491419196187962,1
pc-pc_quality_tests-i1-ar-o1-ll-c0-fe-c4279c15a6e8,pc_quality_tests,AR,PC,-0.00019679519754589592,-10.281360507011414,-10.281163711813868,1
pc-pc_quality_tests-i1-ar-o1-ll-c0-fh-a650fa5fefd5,pc_quality_tests,AR,PC,-7.223823194379975e-05,-18.50056505203247,-18.500492813800527,1
pc-pc_quality_tests-i1-ar-o1-ll-c1-fe-0a2dc141709f,pc_quality_tests,AR,PC,-4.649054244509898e-05,-11.389244616031647,-11.389198125489202,1
pc-pc_quality_tests-i1-ar-o1-ll-c1-fh-3a3ecb65fe0c,pc_quality_tests,AR,PC,-1.7046782886609435e-05,-15.523242712020874,-15.523225665237987,1
pc-pc_quality_tests-i1-ar-o1-ln-c0-fe-9cfd5d5059d8,pc_quality_tests,AR,PC,-0.00039700735941750054,-12.264587879180908,-12.26419087182149,1
pc-pc_quality_tests-i1-ar-o1-ln-c0-fh-9ef10de31b70,pc_quality_tests,AR,PC,-7.795984856073801e-05,-20.125195503234863,-20.125117543386303,1
pc-pc_quality_tests-i1-ar-o1-ln-c1-fe-95ad7202f4c3,pc_quality_tests,AR,PC,-3.504691630951129e-05,-12.305444031953812,-12.305408985037502,1
pc-pc_quality_tests-i1-ar-o1-ln-c1-fh-432d7c48efea,pc_quality_tests,AR,PC,-1.597391747054644e-05,-17.53838276863098,-17.53836679471351,1
pc-pc_quality_tests-i1-ro-o0-ll-c0-fx-d909c5573163,pc_quality_tests,RO,PC,-1.3828183902830915e-05,-17.375019550304387,-17.375005722120484,1
pc-pc_quality_tests-i1-ro-o0-ll-c1-fx-9c70988387b4,pc_quality_tests,RO,PC,-5.245195097813848e-06,-22.625009179109384,-22.625003933914286,1
pc-pc_quality_tests-i1-ro-o0-ln-c0-fx-8f1cfcf432f0,pc_quality_tests,RO,PC,-1.621233422355317e-05,-16.81252050398416,-16.812504291649937,1
pc-pc_quality_tests-i1-ro-o0-ln-c1-fx-4d62adcece84,pc_quality_tests,RO,PC,-3.3378546504536644e-06,-22.593757629387255,-22.593754291532605,1
pc-pc_quality_tests-i1-ro-o1-ll-c0-fx-064d5d0ebadd,pc_quality_tests,RO,PC,-2.6106496072486607e-05,-16.18755269016765,-16.187526583671577,1
pc-pc_quality_tests-i1-ro-o1-ll-c1-fx-b8befe4b360e,pc_quality_tests,RO,PC,-6.556489999809401e-06,-18.187514901119357,-18.187508344629357,1
pc-pc_quality_tests-i1-ro-o1-ln-c0-fx-156ce0cc6f23,pc_quality_tests,RO,PC,-2.9444261599564925e-05,-15.750112649329822,-15.750083205068222,1
pc-pc_quality_tests-i1-ro-o1-ln-c1-fx-ffbb898898cb,pc_quality_tests,RO,PC,-6.675698834612831e-06,-18.25001239774383,-18.250005722044996,1
pc-pc_quality_tests-i2-ar-o0-ll-c0-fe-9a74171f0864,pc_quality_tests,AR,PC,-3.766942609217949e-05,-14.57895889133215,-14.578921221906057,1
pc-pc_quality_tests-i2-ar-o0-ll-c0-fh-90efc6d3d79f,pc_quality_tests,AR,PC,-3.182837463100441e-05,-16.335695385932922,-16.33566355755829,1
pc-pc_quality_tests-i2-ar-o0-ll-c1-fe-49bc0cd67d76,pc_quality_tests,AR,PC,-1.788123517343365e-05,-16.313305020332336,-16.313287139097163,1
pc-pc_quality_tests-i2-ar-o0-ll-c1-fh-b5a466acc8f4,pc_quality_tests,AR,PC,-1.5616295058862306e-05,-16.78120267391205,-16.78118705761699,1
pc-pc_quality_tests-i2-ar-o0-ln-c0-fe-a827b099fd37,pc_quality_tests,AR,PC,-4.911302675481011e-05,-14.531243205070496,-14.53119409204374,1
pc-pc_quality_tests-i2-ar-o0-ln-c0-fh-e474b986a018,pc_quality_tests,AR,PC,-3.719261075474378e-05,-16.616312384605408,-16.616275191994653,1
pc-pc_quality_tests-i2-ar-o0-ln-c1-fe-a2ae2af0547c,pc_quality_tests,AR,PC,-1.6689160474925302e-05,-16.975601196289062,-16.975584507128588,1
pc-pc_quality_tests-i2-ar-o0-ln-c1-fh-2fc1d9111f3b,pc_quality_tests,AR,PC,-1.5258672647178173e-05,-17.762369394302368,-17.76235413562972,1
pc-pc_quality_tests-i2-ar-o1-ll-c0-fe-265305c7489f,pc_quality_tests,AR,PC,-0.00014959648250822966,-11.850364446640015,-11.850214850157506,1
pc-pc_quality_tests-i2-ar-o1-ll-c0-fh-466d11c64ff0,pc_quality_tests,AR,PC,-5.9841280737771285e-05,-20.25026798248291,-20.250208141202172,1
pc-pc_quality_tests-i2-ar-o1-ll-c1-fe-6d6b0ef24d4e,pc_quality_tests,AR,PC,-5.507318200415057e-05,-12.100545302033424,-12.10049022885142,1
pc-pc_quality_tests-i2-ar-o1-ll-c1-fh-ec47e83a2dac,pc_quality_tests,AR,PC,-2.1815061700181104e-05,-15.178808808326721,-15.178786993265021,1
pc-pc_quality_tests-i2-ar-o1-ln-c0-fe-3e7dc7b79926,pc_quality_tests,AR,PC,-0.00014494800415576492,-15.37795639038086,-15.377811442376704,1
pc-pc_quality_tests-i2-ar-o1-ln-c0-fh-9e14f43b7bdb,pc_quality_tests,AR,PC,-6.0198886778550786e-05,-20.375362396240234,-20.375302197353456,1
pc-pc_quality_tests-i2-ar-o1-ln-c1-fe-b9f7282fb75d,pc_quality_tests,AR,PC,-4.172238186583854e-05,-12.952624261379242,-12.952582538997376,1
pc-pc_quality_tests-i2-ar-o1-ln-c1-fh-7b79d6f33e26,pc_quality_tests,AR,PC,-2.098061486321967e-05,-16.679115891456604,-16.67909491084174,1
pc-pc_quality_tests-i2-ro-o0-ll-c0-fx-3ad492468474,pc_quality_tests,RO,PC,-1.3112937260473245e-05,-16.50001740454809,-16.50000429161083,1
pc-pc_quality_tests-i2-ro-o0-ll-c1-fx-753930523b2c,pc_quality_tests,RO,PC,-5.960446742392378e-06,-20.3750079870199,-20.375002026573156,1
pc-pc_quality_tests-i2-ro-o0-ln-c0-fx-3876401b0dc3,pc_quality_tests,RO,PC,-1.2516898998171655e-05,-16.75001513957295,-16.750002622673954,1
pc-pc_quality_tests-i2-ro-o0-ln-c1-fx-de027bdff8f1,pc_quality_tests,RO,PC,-4.6491513785440475e-06,-21.250006675716122,-21.250002026564744,1
pc-pc_quality_tests-i2-ro-o1-ll-c0-fx-383a965d363e,pc_quality_tests,RO,PC,-3.9457499944717256e-05,-14.625067233642767,-14.625027776142822,1
pc-pc_quality_tests-i2-ro-o1-ll-c1-fx-d4fc774d865f,pc_quality_tests,RO,PC,-8.106199850033136e-06,-16.812518238964913,-16.812510132765063,1
pc-pc_quality_tests-i2-ro-o1-ln-c0-fx-f97c8e02eba7,pc_quality_tests,RO,PC,-3.313963316031732e-05,-14.812603232807305,-14.812570093174145,1
pc-pc_quality_tests-i2-ro-o1-ln-c1-fx-35223fc83362,pc_quality_tests,RO,PC,-8.463824990201374e-06,-17.25001466271806,-17.250006198893068,1
pc-pc_quality_tests-i3-ar-o0-ll-c0-fe-cfe3ad23ef05,pc_quality_tests,AR,PC,-2.3245544063854595e-05,-16.348521143198013,-16.34849789765395,1
pc-pc_quality_tests-i3-ar-o0-ll-c0-fh-c32843bbc5c9,pc_quality_tests,AR,PC,-2.276871781958789e-05,-16.83569300174713,-16.83567023302931,1
pc-pc_quality_tests-i3-ar-o0-ll-c1-fe-1a1bca766bbc,pc_quality_tests,AR,PC,-1.6927577227932034e-05,-15.064486145973206,-15.064469218395978,1
pc-pc_quality_tests-i3-ar-o0-ll-c1-fh-d9394ec65beb,pc_quality_tests,AR,PC,-1.2755313036905136e-05,-16.974132925271988,-16.97412016995895,1
pc-pc_quality_tests-i3-ar-o0-ln-c0-fe-8b9cf17625dc,pc_quality_tests,AR,PC,-3.93382906622719e-05,-16.099214553833008,-16.099175215542346,1
pc-pc_quality_tests-i3-ar-o0-ln-c0-fh-e6e28c093af3,pc_quality_tests,AR,PC,-3.421248401735966e-05,-16.17885112762451,-16.178816915140494,1
pc-pc_quality_tests-i3-ar-o0-ln-c1-fe-066d7c555442,pc_quality_tests,AR,PC,-1.347056058165208e-05,-15.930405780673027,-15.930392310112445,1
pc-pc_quality_tests-i3-ar-o0-ln-c1-fh-ceacc3e50e29,pc_quality_tests,AR,PC,-1.1205610462639015e-05,-17.814443171024323,-17.81443196541386,1
pc-pc_quality_tests-i3-ar-o1-ll-c0-fe-a3cdc6443e18,pc_quality_tests,AR,PC,-0.0002534068771566922,-9.012140154838562,-9.011886747961405,1
pc-pc_quality_tests-i3-ar-o1-ll-c0-fh-85118e1ace8d,pc_quality_tests,AR,PC,-6.890060466702153e-05,-20.000181198120117,-20.00011229751545,1
pc-pc_quality_tests-i3-ar-o1-ll-c1-fe-12682b55908a,pc_quality_tests,AR,PC,-8.105904270649944e-05,-10.895644100382924,-10.895563041340218,1
pc-pc_quality_tests-i3-ar-o1-ll-c1-fh-0523dcf25da2,pc_quality_tests,AR,PC,-2.074220174108632e-05,-15.349156022071838,-15.349135279870097,1
pc-pc_quality_tests-i3-ar-o1-ln-c0-fe-34a122cf29a1,pc_quality_tests,AR,PC,-0.0003412380174196983,-12.637874603271484,-12.637533365254065,1
pc-pc_quality_tests-i3-ar-o1-ln-c0-fh-a14dbd42d462,pc_quality_tests,AR,PC,-6.615897290629391e-05,-20.625170707702637,-20.62510454872973,1
pc-pc_quality_tests-i3-ar-o1-ln-c1-fe-1074da18b6df,pc_quality_tests,AR,PC,-4.99474517638987e-05,-11.628205180168152,-11.628155232716388,1
pc-pc_quality_tests-i3-ar-o1-ln-c1-fh-df186529e714,pc_quality_tests,AR,PC,-1.6331539882230572e-05,-16.661275386810303,-16.66125905527042,1
pc-pc_quality_tests-i3-ro-o0-ll-c0-fx-c5595827842a,pc_quality_tests,RO,PC,-1.788123517343365e-05,-16.937523484210033,-16.93750560297486,1
pc-pc_quality_tests-i3-ro-o0-ll-c1-fx-71a9874d14fa,pc_quality_tests,RO,PC,-5.245195097813848e-06,-21.875010490406112,-21.875005245211014,1
pc-pc_quality_tests-i3-ro-o0-ln-c0-fx-d55692045a4d,pc_quality_tests,RO,PC,-1.1324817933200393e-05,-17.500015735617126,-17.500004410799193,1
pc-pc_quality_tests-i3-ro-o0-ln-c1-fx-b60b5a9ddc5d,pc_quality_tests,RO,PC,-2.9802276912960224e-06,-22.781260371186818,-22.781257390959126,1
pc-pc_quality_tests-i3-ro-o1-ll-c0-fx-b7977f7122e2,pc_quality_tests,RO,PC,-3.421248038648628e-05,-14.375050425400332,-14.375016212919945,1
pc-pc_quality_tests-i3-ro-o1-ll-c1-fx-0d8050cd983d,pc_quality_tests,RO,PC,-1.1086403894466912e-05,-16.50002336494981,-16.500012278545917,1
pc-pc_quality_tests-i3-ro-o1-ln-c0-fx-a238591c62b8,pc_quality_tests,RO,PC,-3.7788631743751466e-05,-13.81258594875544,-13.812548160123697,1
pc-pc_quality_tests-i3-ro-o1-ln-c1-fx-c1b607f253bc,pc_quality_tests,RO,PC,-9.417489309271332e-06,-16.37501740452535,-16.375007987036042,1
pc-pc_quality_tests-i4-ar-o0-ll-c0-fe-4498e3242293,pc_quality_tests,AR,PC,-4.255681051290594e-05,-14.877007067203522,-14.876964510393009,1
pc-pc_quality_tests-i4-ar-o0-ll-c0-fh-6f2f712f3b72,pc_quality_tests,AR,PC,-3.6238969187252223e-05,-15.536020368337631,-15.535984129368444,1
pc-pc_quality_tests-i4-ar-o0-ll-c1-fe-ad44657ad1fc,pc_quality_tests,AR,PC,-1.6689164105798682e-05,-17.718692541122437,-17.71867585195833,1
pc-pc_quality_tests-i4-ar-o0-ll-c1-fh-59f3b1ce04cb,pc_quality_tests,AR,PC,-1.4901052047378016e-05,-17.507647454738617,-17.50763255368657,1
pc-pc_quality_tests-i4-ar-o0-ln-c0-fe-0c88e50f372b,pc_quality_tests,AR,PC,-5.006664650863968e-05,-15.46070796251297,-15.460657895866461,1
pc-pc_quality_tests-i4-ar-o0-ln-c0-fh-f99e445d3c65,pc_quality_tests,AR,PC,-4.315283512568158e-05,-15.55381390452385,-15.553770751688724,1
pc-pc_quality_tests-i4-ar-o0-ln-c1-fe-2201fd8ab5d8,pc_quality_tests,AR,PC,-1.573550434130766e-05,-18.814579725265503,-18.81456398976116,1
pc-pc_quality_tests-i4-ar-o0-ln-c1-fh-deff789bdc27,pc_quality_tests,AR,PC,-1.4543429635693883e-05,-18.38882851600647,-18.388813972576834,1
pc-pc_quality_tests-i4-ar-o1-ll-c0-fe-07187a0a97a9,pc_quality_tests,AR,PC,-0.00013314792885665838,-11.877070903778076,-11.87693775584922,1
pc-pc_quality_tests-i4-ar-o1-ll-c0-fh-5f8d7d5b5126,pc_quality_tests,AR,PC,-7.223823194379975e-05,-18.375988960266113,-18.37591672203417,1
pc-pc_quality_tests-i4-ar-o1-ll-c1-fe-6987796978a6,pc_quality_tests,AR,PC,-4.851700941088666e-05,-13.632747411727905,-13.632698894718494,1
pc-pc_quality_tests-i4-ar-o1-ll-c1-fh-8151cc181a46,pc_quality_tests,AR,PC,-1.8596476365928538e-05,-16.41169011592865,-16.411671519452284,1
pc-pc_quality_tests-i4-ar-o1-ln-c0-fe-4f36544c8f24,pc_quality_tests,AR,PC,-0.00013386308273055647,-14.632765293121338,-14.632631430038607,1
pc-pc_quality_tests-i4-ar-o1-ln-c0-fh-86e11b83ff09,pc_quality_tests,AR,PC,-7.283423473580797e-05,-19.87541961669922,-19.875346782464483,1
pc-pc_quality_tests-i4-ar-o1-ln-c1-fe-2586ce885779,pc_quality_tests,AR,PC,-3.123234637314454e-05,-14.383414208889008,-14.383382976542634,1
pc-pc_quality_tests-i4-ar-o1-ln-c1-fh-9cd4cc7dbf77,pc_quality_tests,AR,PC,-1.6450749164675926e-05,-17.49155068397522,-17.491534233226055,1
pc-pc_quality_tests-i4-ro-o0-ll-c0-fx-8f50831822a2,pc_quality_tests,RO,PC,-1.6927577227932034e-05,-16.312522888167223,-16.312505960589995,1
pc-pc_quality_tests-i4-ro-o0-ll-c1-fx-b9171865e5fb,pc_quality_tests,RO,PC,-6.318073239697242e-06,-20.937509655944723,-20.937503337871483,1
pc-pc_quality_tests-i4-ro-o0-ln-c0-fx-1cffd39b35e9,pc_quality_tests,RO,PC,-1.645074735279195e-05,-16.250025272336643,-16.25000882158929,1
pc-pc_quality_tests-i4-ro-o0-ln-c1-fx-d514deed286e,pc_quality_tests,RO,PC,-5.006777428206988e-06,-21.00001084803216,-21.000005841254733,1
pc-pc_quality_tests-i4-ro-o1-ll-c0-fx-73c951b3f0cb,pc_quality_tests,RO,PC,-2.288792165927589e-05,-16.625060080790718,-16.62503719286906,1
pc-pc_quality_tests-i4-ro-o1-ll-c1-fx-8d49b899de4c,pc_quality_tests,RO,PC,-8.106199850033136e-06,-15.43751227854591,-15.43750417234606,1
pc-pc_quality_tests-i4-ro-o1-ln-c0-fx-e66fd2cdbf80,pc_quality_tests,RO,PC,-2.6702524337451905e-05,-16.000090597015515,-16.000063894491177,1
pc-pc_quality_tests-i4-ro-o1-ln-c1-fx-1b8890596877,pc_quality_tests,RO,PC,-5.722029527532868e-06,-17.500009536735888,-17.50000381470636,1
pc-pc_safety_cleanup-i0-ar-o0-ll-c0-fe-1d22e26683f3,pc_safety_cleanup,AR,PC,-0.12735290808086575,-2.1273350715634933,-1.9999821634826276,1
pc-pc_safety_cleanup-i0-ar-o0-ll-c0-fh-5f6b6f0e6592,pc_safety_cleanup,AR,PC,-0.00291316606910641,-5.877912759780202,-5.874999593711095,1
pc-pc_safety_cleanup-i0-ar-o0-ll-c1-fe-d9006197b7d4,pc_safety_cleanup,AR,PC,-0.2258277833457214,-1.6008279323572197,-1.3750001490114983,1
pc-pc_safety_cleanup-i0-ar-o0-ll-c1-fh-8a3eceeddbc3,pc_safety_cleanup,AR,PC,-0.020773841066898058,-3.895776987064437,-3.875003145997539,1
pc-pc_safety_cleanup-i0-ar-o0-ln-c0-fe-3aeec1379e7b,pc_safety_cleanup,AR,PC,-0.12735873460496805,-2.127356886863538,-1.99999815225857,1
pc-pc_safety_cleanup-i0-ar-o0-ln-c0-fh-f202b34a0256,pc_safety_cleanup,AR,PC,-0.002285252557953754,-6.127286076545147,-6.125000823987193,1
pc-pc_safety_cleanup-i0-ar-o0-ln-c1-fe-f0554220b53e,pc_safety_cleanup,AR,PC,-0.18020208179939345,-1.805202960967108,-1.6250008791677146,1
pc-pc_safety_cleanup-i0-ar-o0-ln-c1-fh-14dc751b4f79,pc_safety_cleanup,AR,PC,-0.0047881263305953325,-5.379793882349077,-5.375005756018481,1
pc-pc_safety_cleanup-i0-ar-o1-ll-c0-fe-0d6ce387c671,pc_safety_cleanup,AR,PC,-0.633170366287203,-0.7581722736335905,-0.1250019073463875,1
pc-pc_safety_cleanup-i0-ar-o1-ll-c0-fh-b1b59a2d926c,pc_safety_cleanup,AR,PC,-0.048791151493759344,-3.04879474639165,-3.0000035948978905,1
pc-pc_safety_cleanup-i0-ar-o1-ll-c1-fe-5eec1bc3978f,pc_safety_cleanup,AR,PC,-1.1374419927596762,-0.3874541222285188,0.7499878705311573,1
pc-pc_safety_cleanup-i0-ar-o1-ll-c1-fh-2ffd4f02acdd,pc_safety_cleanup,AR,PC,-0.2522515058517172,-1.5022540092429608,-1.2500025033912436,1
pc-pc_safety_cleanup-i0-ar-o1-ln-c0-fe-6253b9fd89aa,pc_safety_cleanup,AR,PC,-0.7581812739372182,-0.6331834197019361,0.12499785423528209,1
pc-pc_safety_cleanup-i0-ar-o1-ln-c0-fh-254734ba309b,pc_safety_cleanup,AR,PC,-0.062218125909559774,-2.812220692630717,-2.7500025667211574,1
pc-pc_safety_cleanup-i0-ar-o1-ln-c1-fe-d0c409748d22,pc_safety_cleanup,AR,PC,-0.8987437486648275,-0.5237575768433089,0.3749861718215186,1
pc-pc_safety_cleanup-i0-ar-o1-ln-c1-fh-d65d3bb382e7,pc_safety_cleanup,AR,PC,-0.20172715187069912,-1.7017291784261488,-1.5000020265554497,1
pc-pc_safety_cleanup-i0-ro-o0-ll-c0-fx-3043a6f43a4a,pc_safety_cleanup,RO,PC,-0.0027113128453422064,-6.002712726591994,-6.000001413746652,1
pc-pc_safety_cleanup-i0-ro-o0-ll-c1-fx-9f59af942e19,pc_safety_cleanup,RO,PC,-0.0006966548971760744,-7.375697493552821,-7.3750008386556445,1
pc-pc_safety_cleanup-i0-ro-o0-ln-c0-fx-5b4767b610e2,pc_safety_cleanup,RO,PC,-0.0005057963426153833,-7.875507831570758,-7.8750020352281425,1
pc-pc_safety_cleanup-i0-ro-o0-ln-c1-fx-54fb3294baa9,pc_safety_cleanup,RO,PC,-0.00014339851622224842,-9.375144362448737,-9.375000963932514,1
pc-pc_safety_cleanup-i0-ro-o1-ll-c0-fx-26c0a4f370d6,pc_safety_cleanup,RO,PC,-0.0072828531265187735,-5.007283449172746,-5.0000005960462275,1
pc-pc_safety_cleanup-i0-ro-o1-ll-c1-fx-d25d80365ddd,pc_safety_cleanup,RO,PC,-0.00031311382189613823,-8.250313878058819,-8.250000764236923,1
pc-pc_safety_cleanup-i0-ro-o1-ln-c0-fx-7b8be9702320,pc_safety_cleanup,RO,PC,-0.013089682906858968,-4.3880909681311095,-4.375001285224251,1
pc-pc_safety_cleanup-i0-ro-o1-ln-c1-fx-5b20f90eea0e,pc_safety_cleanup,RO,PC,-0.0006814065854925389,-7.375683069227762,-7.375001662642269,1
pc-pc_safety_cleanup-i1-ar-o0-ll-c0-fe-ec03cbf05ea5,pc_safety_cleanup,AR,PC,-0.06227254861551046,-2.8122622966764084,-2.749989748060898,1
pc-pc_safety_cleanup-i1-ar-o0-ll-c0-fh-497f66e9aaba,pc_safety_cleanup,AR,PC,-0.0014303249758995662,-6.626430392263728,-6.625000067287829,1
pc-pc_safety_cleanup-i1-ar-o0-ll-c1-fe-54c23604aeaa,pc_safety_cleanup,AR,PC,-0.12722726166202847,-2.127227902411164,-2.0000006407491355,1
pc-pc_safety_cleanup-i1-ar-o0-ll-c1-fh-95ffdc6846f2,pc_safety_cleanup,AR,PC,-0.012687817214327879,-4.387700438398497,-4.375012621184169,1
pc-pc_safety_cleanup-i1-ar-o0-ln-c0-fe-9186f19aa099,pc_safety_cleanup,AR,PC,-0.0702293068156905,-2.6952283382413498,-2.6249990314256593,1
pc-pc_safety_cleanup-i1-ar-o0-ln-c0-fh-c69a2d11acbe,pc_safety_cleanup,AR,PC,-0.000995974871159433,-7.0009964704504455,-7.000000495579286,1
pc-pc_safety_cleanup-i1-ar-o0-ln-c1-fe-a33c18587fa4,pc_safety_cleanup,AR,PC,-0.11317278444761314,-2.2381745576838057,-2.1250017732361925,1
pc-pc_safety_cleanup-i1-ar-o0-ln-c1-fh-f4d61b501b83,pc_safety_cleanup,AR,PC,-0.003306877566330968,-5.753326296608066,-5.750019419041735,1
pc-pc_safety_cleanup-i1-ar-o1-ll-c0-fe-679b34f75df9,pc_safety_cleanup,AR,PC,-0.47462975978848476,-0.9746323823887906,-0.5000026226003058,1
pc-pc_safety_cleanup-i1-ar-o1-ll-c0-fh-276e633d5884,pc_safety_cleanup,AR,PC,-0.038246478885383794,-3.2882529496914685,-3.2500064708060847,1
pc-pc_safety_cleanup-i1-ar-o1-ll-c1-fe-c506be6750e7,pc_safety_cleanup,AR,PC,-0.9746522903442099,-0.4746668337684241,0.49998545657578575,1
pc-pc_safety_cleanup-i1-ar-o1-ll-c1-fh-67383c4cece6,pc_safety_cleanup,AR,PC,-0.16051578521725673,-1.9105195999063653,-1.7500038146891086,1
pc-pc_safety_cleanup-i1-ar-o1-ln-c0-fe-eebd33e7c1a3,pc_safety_cleanup,AR,PC,-0.5765278935432363,-0.8265309929795421,-0.25000309943630583,1
pc-pc_safety_cleanup-i1-ar-o1-ln-c0-fh-19dff08229c1,pc_safety_cleanup,AR,PC,-0.033853460103266286,-3.408858656868688,-3.3750051967654215,1
pc-pc_safety_cleanup-i1-ar-o1-ln-c1-fe-5c94bc3b997f,pc_safety_cleanup,AR,PC,-0.8265025019645407,-0.5765263435332599,0.24997615843128074,1
pc-pc_safety_cleanup-i1-ar-o1-ln-c1-fh-77c205a1941b,pc_safety_cleanup,AR,PC,-0.12720513343808193,-2.1272100210057943,-2.0000048875677123,1
pc-pc_safety_cleanup-i1-ro-o0-ll-c0-fx-ecfa1c7864dd,pc_safety_cleanup,RO,PC,-0.0004134516057021642,-8.125414609907693,-8.125001158301991,1
pc-pc_safety_cleanup-i1-ro-o0-ll-c1-fx-7c9b609001bb,pc_safety_cleanup,RO,PC,-0.00015031163638212774,-9.125150680541537,-9.125000368905155,1
pc-pc_safety_cleanup-i1-ro-o0-ln-c0-fx-e18ead03fa13,pc_safety_cleanup,RO,PC,-0.00016449528629891574,-9.375166416165484,-9.375001920879185,1
pc-pc_safety_cleanup-i1-ro-o0-ln-c1-fx-3a18143af4ad,pc_safety_cleanup,RO,PC,-4.005352093372494e-05,-11.625041246413502,-11.625001192892569,1
pc-pc_safety_cleanup-i1-ro-o1-ll-c0-fx-85f5a1f60fd3,pc_safety_cleanup,RO,PC,-0.0027265304233807797,-6.002727627753643,-6.000001097330262,1
pc-pc_safety_cleanup-i1-ro-o1-ll-c1-fx-9c824bbd7e88,pc_safety_cleanup,RO,PC,-0.00012540032911800836,-9.250126123427663,-9.250000723098545,1
pc-pc_safety_cleanup-i1-ro-o1-ln-c0-fx-fd9634930b8b,pc_safety_cleanup,RO,PC,-0.0043168934062052244,-5.504318475721902,-5.500001582315697,1
pc-pc_safety_cleanup-i1-ro-o1-ln-c1-fx-ff12ea6599df,pc_safety_cleanup,RO,PC,-0.00019155100743972753,-8.750193119048049,-8.75000156804061,1
pc-pc_safety_cleanup-i2-ar-o0-ll-c0-fe-a365d932d4f6,pc_safety_cleanup,AR,PC,-0.062290996259434905,-2.8122813701627365,-2.7499903739033016,1
pc-pc_safety_cleanup-i2-ar-o0-ll-c0-fh-a394326fd12e,pc_safety_cleanup,AR,PC,-0.000790522724287257,-7.250791311262674,-7.250000788538387,1
pc-pc_safety_cleanup-i2-ar-o0-ll-c1-fe-4031d6e1f363,pc_safety_cleanup,AR,PC,-0.14301283657505337,-2.0180131196966613,-1.875000283121608,1
pc-pc_safety_cleanup-i2-ar-o0-ll-c1-fh-134a7bb6cdb1,pc_safety_cleanup,AR,PC,-0.006884437518692721,-5.006892800280184,-5.000008362761491,1
pc-pc_safety_cleanup-i2-ar-o0-ln-c0-fe-338a6c09942c,pc_safety_cleanup,AR,PC,-0.07921171188252174,-2.5792108774183475,-2.499999165535826,1
pc-pc_safety_cleanup-i2-ar-o0-ln-c0-fh-2f55b5e7e7b6,pc_safety_cleanup,AR,PC,-0.0004449094412279919,-7.875446319578259,-7.875001410137031,1
pc-pc_safety_cleanup-i2-ar-o0-ln-c1-fe-505fc2247430,pc_safety_cleanup,AR,PC,-0.11316194385278777,-2.2381631135928046,-2.125001169740017,1
pc-pc_safety_cleanup-i2-ar-o0-ln-c1-fh-46b5f4e44a71,pc_safety_cleanup,AR,PC,-0.0012824663423316451,-6.751295924085753,-6.750013457743421,1
pc-pc_safety_cleanup-i2-ar-o1-ll-c0-fe-a412f0fa5c3e,pc_safety_cleanup,AR,PC,-0.38737756013867397,-1.1373795270894789,-0.7500019669508049,1
pc-pc_safety_cleanup-i2-ar-o1-ll-c0-fh-e3f20bc08ac3,pc_safety_cleanup,AR,PC,-0.026472400873892354,-3.651475548738972,-3.6250031478650797,1
pc-pc_safety_cleanup-i2-ar-o1-ll-c1-fe-2ee5304a3096,pc_safety_cleanup,AR,PC,-0.9746441245078756,-0.474669873376115,0.49997425113176064,1
pc-pc_safety_cleanup-i2-ar-o1-ll-c1-fh-967408792a2a,pc_safety_cleanup,AR,PC,-0.14295123517512565,-2.017957210521672,-1.8750059753465464,1
pc-pc_safety_cleanup-i2-ar-o1-ln-c0-fe-5f18852c33db,pc_safety_cleanup,AR,PC,-0.523665428161614,-0.8986672162991454,-0.3750017881375314,1
pc-pc_safety_cleanup-i2-ar-o1-ln-c0-fh-c939633d20df,pc_safety_cleanup,AR,PC,-0.02648726105689292,-3.6514896154371854,-3.6250023543802925,1
pc-pc_safety_cleanup-i2-ar-o1-ln-c1-fe-51c208fafc85,pc_safety_cleanup,AR,PC,-0.7581221461295797,-0.6331457492851769,0.12497639684440287,1
pc-pc_safety_cleanup-i2-ar-o1-ln-c1-fh-6a8778862255,pc_safety_cleanup,AR,PC,-0.1271984130143835,-2.127204179746059,-2.0000057667316753,1
pc-pc_safety_cleanup-i2-ro-o0-ll-c0-fx-8b614fb7f287,pc_safety_cleanup,RO,PC,-0.0005312939174402231,-7.875532865522928,-7.8750015716054875,1
pc-pc_safety_cleanup-i2-ro-o0-ll-c1-fx-0612f9375184,pc_safety_cleanup,RO,PC,-0.0004388323577515507,-7.875439405441057,-7.875000573083305,1
pc-pc_safety_cleanup-i2-ro-o0-ln-c0-fx-cd33186cfe5b,pc_safety_cleanup,RO,PC,-0.00012182447244413197,-10.000124573704397,-10.000002749231953,1
pc-pc_safety_cleanup-i2-ro-o0-ln-c1-fx-0307ad3b5891,pc_safety_cleanup,RO,PC,-6.532455881824717e-05,-10.375065803527377,-10.375000478968559,1
pc-pc_safety_cleanup-i2-ro-o1-ll-c0-fx-c96ae8688e8d,pc_safety_cleanup,RO,PC,-0.0019412263063642854,-6.376941919326555,-6.375000693020191,1
pc-pc_safety_cleanup-i2-ro-o1-ll-c1-fx-a3905b9e94f6,pc_safety_cleanup,RO,PC,-0.00014053788617474083,-9.125141501425787,-9.125000963539613,1
pc-pc_safety_cleanup-i2-ro-o1-ln-c0-fx-f9954df79939,pc_safety_cleanup,RO,PC,-0.003868122817941355,-5.628869295119557,-5.625001172301616,1
pc-pc_safety_cleanup-i2-ro-o1-ln-c1-fx-477b785f8916,pc_safety_cleanup,RO,PC,-0.00023850936849356685,-8.500239849089553,-8.50000133972106,1
pc-pc_safety_cleanup-i3-ar-o0-ll-c0-fe-b8561cb74273,pc_safety_cleanup,AR,PC,-0.05516324562813679,-2.9301578998561126,-2.874994654227976,1
pc-pc_safety_cleanup-i3-ar-o0-ll-c0-fh-a5736907d369,pc_safety_cleanup,AR,PC,-0.0016067239918129417,-6.5016074180592796,-6.500000694067467,1
pc-pc_safety_cleanup-i3-ar-o0-ll-c1-fe-a1c452c487fe,pc_safety_cleanup,AR,PC,-0.0791739150874946,-2.579174518583386,-2.5000006034958915,1
pc-pc_safety_cleanup-i3-ar-o0-ll-c1-fh-f394d0c1797a,pc_safety_cleanup,AR,PC,-0.007739807011830635,-4.882754087320791,-4.87501428030896,1
pc-pc_safety_cleanup-i3-ar-o0-ln-c0-fe-769f8a537c30,pc_safety_cleanup,AR,PC,-0.07926168292704006,-2.5792616605752983,-2.499999977648258,1
pc-pc_safety_cleanup-i3-ar-o0-ln-c0-fh-9e98122903e7,pc_safety_cleanup,AR,PC,-0.0011086279991729953,-6.87610948085694,-6.875000852857767,1
pc-pc_safety_cleanup-i3-ar-o0-ln-c1-fe-3c37e9b3ca0e,pc_safety_cleanup,AR,PC,-0.1131517440078369,-2.2381527423845,-2.125000998376663,1
pc-pc_safety_cleanup-i3-ar-o0-ln-c1-fh-a6547ba774c5,pc_safety_cleanup,AR,PC,-0.002274548634659368,-6.127304434314283,-6.1250298856796235,1
pc-pc_safety_cleanup-i3-ar-o1-ll-c0-fe-acacc2717b6c,pc_safety_cleanup,AR,PC,-0.22577075660225887,-1.6007740497525447,-1.3750032931502858,1
pc-pc_safety_cleanup-i3-ar-o1-ll-c0-fh-4971c99c43dc,pc_safety_cleanup,AR,PC,-0.023392308503382253,-3.773440598270099,-3.750048289766717,1
pc-pc_safety_cleanup-i3-ar-o1-ll-c1-fe-6edec95dfa70,pc_safety_cleanup,AR,PC,-0.826423585414858,-0.5764320492362458,0.24999153617861225,1
pc-pc_safety_cleanup-i3-ar-o1-ll-c1-fh-39c6bdb2658b,pc_safety_cleanup,AR,PC,-0.10043671727177639,-2.3504406213673974,-2.250003904095621,1
pc-pc_safety_cleanup-i3-ar-o1-ln-c0-fe-f791178e93b3,pc_safety_cleanup,AR,PC,-0.1801353096961904,-1.8051404952866505,-1.6250051855904601,1
pc-pc_safety_cleanup-i3-ar-o1-ln-c0-fh-0dd96caccab2,pc_safety_cleanup,AR,PC,-0.02647669613360648,-3.6516177554731257,-3.6251410593395192,1
pc-pc_safety_cleanup-i3-ar-o1-ln-c1-fe-091dc174acf6,pc_safety_cleanup,AR,PC,-0.633106946945162,-0.7581206559161728,-0.12501370897101083,1
pc-pc_safety_cleanup-i3-ar-o1-ln-c1-fh-19967b559ee8,pc_safety_cleanup,AR,PC,-0.08919104933737998,-2.4641948938292444,-2.3750038444918644,1
pc-pc_safety_cleanup-i3-ro-o0-ll-c0-fx-39d57b913da6,pc_safety_cleanup,RO,PC,-0.00028999417553876583,-8.7502911090844,-8.750001114908862,1
pc-pc_safety_cleanup-i3-ro-o0-ll-c1-fx-7d23abe58724,pc_safety_cleanup,RO,PC,-0.0002141961740491638,-8.750214338302385,-8.750000142128336,1
pc-pc_safety_cleanup-i3-ro-o0-ln-c0-fx-51e7bad027ec,pc_safety_cleanup,RO,PC,-9.464769391342998e-05,-10.250095963476838,-10.250001315782924,1
pc-pc_safety_cleanup-i3-ro-o0-ln-c1-fx-aeff2e159914,pc_safety_cleanup,RO,PC,-3.528532761265524e-05,-11.750036358832745,-11.750001073505132,1
pc-pc_safety_cleanup-i3-ro-o1-ll-c0-fx-da8f55c3467c,pc_safety_cleanup,RO,PC,-0.002737824339412498,-6.002738475799106,-6.000000651459693,1
pc-pc_safety_cleanup-i3-ro-o1-ll-c1-fx-f299282415ca,pc_safety_cleanup,RO,PC,-0.0002949995105083758,-8.250295877455983,-8.250000877945475,1
pc-pc_safety_cleanup-i3-ro-o1-ln-c0-fx-77d2424b7c8a,pc_safety_cleanup,RO,PC,-0.0033812518231499666,-5.753382563590094,-5.750001311766944,1
pc-pc_safety_cleanup-i3-ro-o1-ln-c1-fx-7f84e99e6579,pc_safety_cleanup,RO,PC,-0.0003665013937279582,-8.000367641447951,-8.000001140054223,1
pc-pc_safety_cleanup-i4-ar-o0-ll-c0-fe-41f5ddd6243e,pc_safety_cleanup,AR,PC,-0.055188082099448366,-2.9301781654353363,-2.874990083335888,1
pc-pc_safety_cleanup-i4-ar-o0-ll-c0-fh-587fd7cafc06,pc_safety_cleanup,AR,PC,-0.0014160390705910686,-6.626417398450485,-6.625001359379894,1
pc-pc_safety_cleanup-i4-ar-o0-ll-c1-fe-ec6fde1060cc,pc_safety_cleanup,AR,PC,-0.10054815560533825,-2.350548624991461,-2.250000469386123,1
pc-pc_safety_cleanup-i4-ar-o0-ll-c1-fh-3d854486a285,pc_safety_cleanup,AR,PC,-0.009975239633490673,-4.634981751411942,-4.625006511778452,1
pc-pc_safety_cleanup-i4-ar-o0-ln-c0-fe-9972a2d611f1,pc_safety_cleanup,AR,PC,-0.07025751471428521,-2.6952571868891937,-2.6249996721749085,1
pc-pc_safety_cleanup-i4-ar-o0-ln-c0-fh-eb8e7bdcc161,pc_safety_cleanup,AR,PC,-0.0006214834865545527,-7.500622987745828,-7.500001504259274,1
pc-pc_safety_cleanup-i4-ar-o0-ln-c1-fe-3e0252872003,pc_safety_cleanup,AR,PC,-0.07922805100668029,-2.579229950902345,-2.500001899895665,1
pc-pc_safety_cleanup-i4-ar-o0-ln-c1-fh-b9843701dbc7,pc_safety_cleanup,AR,PC,-0.0018253359010032,-6.376834630917983,-6.37500929501698,1
pc-pc_safety_cleanup-i4-ar-o1-ll-c0-fe-8a42312577c1,pc_safety_cleanup,AR,PC,-0.5237528085708334,-0.8987556695890362,-0.3750028610182028,1
pc-pc_safety_cleanup-i4-ar-o1-ll-c0-fh-a277906e9c41,pc_safety_cleanup,AR,PC,-0.02992860972878475,-3.529932618132534,-3.5000040084037494,1
pc-pc_safety_cleanup-i4-ar-o1-ll-c1-fe-c50153a8dc1e,pc_safety_cleanup,AR,PC,-0.9746422171592428,-0.474659502353461,0.4999827148057818,1
pc-pc_safety_cleanup-i4-ar-o1-ll-c1-fh-591b9ce1bdee,pc_safety_cleanup,AR,PC,-0.14291901886460323,-2.0179218053772274,-1.8750027865126242,1
pc-pc_safety_cleanup-i4-ar-o1-ln-c0-fe-84bec5be9f9e,pc_safety_cleanup,AR,PC,-0.5765614509582448,-0.8265635967229628,-0.2500021457647179,1
pc-pc_safety_cleanup-i4-ar-o1-ln-c0-fh-4f225313b73f,pc_safety_cleanup,AR,PC,-0.026491673663251447,-3.6514941453901884,-3.625002471726937,1
pc-pc_safety_cleanup-i4-ar-o1-ln-c1-fe-64b161adc7c8,pc_safety_cleanup,AR,PC,-0.7582246065139486,-0.6332414148782846,0.12498319163566407,1
pc-pc_safety_cleanup-i4-ar-o1-ln-c1-fh-33ac85823839,pc_safety_cleanup,AR,PC,-0.11307056993243236,-2.2380727529493925,-2.12500218301696,1
pc-pc_safety_cleanup-i4-ro-o0-ll-c0-fx-70bd38d5b004,pc_safety_cleanup,RO,PC,-0.00018487653868959342,-9.375186562536896,-9.375001685998207,1
pc-pc_safety_cleanup-i4-ro-o0-ll-c1-fx-1102c1ec24fc,pc_safety_cleanup,RO,PC,-8.332383003306632e-05,-10.000083804130213,-10.00000048030018,1
pc-pc_safety_cleanup-i4-ro-o0-ln-c0-fx-4b40e7ee4cef,pc_safety_cleanup,RO,PC,-6.41325386823155e-05,-12.0000661611532,-12.000002028614517,1
pc-pc_safety_cleanup-i4-ro-o0-ln-c1-fx-54e55b426e9b,pc_safety_cleanup,RO,PC,-2.372236667724792e-05,-13.875025033950124,-13.875001311583446,1
pc-pc_safety_cleanup-i4-ro-o1-ll-c0-fx-0dd887cbe2b2,pc_safety_cleanup,RO,PC,-0.001528644002966928,-6.626529693603061,-6.625001049600094,1
pc-pc_safety_cleanup-i4-ro-o1-ll-c1-fx-01550b3ab150,pc_safety_cleanup,RO,PC,-6.27021290640073e-05,-10.12506401538792,-10.125001313258856,1
pc-pc_safety_cleanup-i4-ro-o1-ln-c0-fx-91721fdf1851,pc_safety_cleanup,RO,PC,-0.0033896870445389027,-5.753390669821783,-5.7500009827772445,1
pc-pc_safety_cleanup-i4-ro-o1-ln-c1-fx-5b71659206bd,pc_safety_cleanup,RO,PC,-0.00010036919410794098,-9.500101327895436,-9.500000958701328,1
pc-pc_safety_creds-i0-ar-o0-ll-c0-fe-fcd4242c0c46,pc_safety_creds,AR,PC,-6.592056161025539e-05,-10.625068664546689,-10.625002743985078,1
pc-pc_safety_creds-i0-ar-o0-ll-c0-fh-cd60f45d8501,pc_safety_creds,AR,PC,-5.507317473529838e-05,-12.250061392765474,-12.250006319590739,1
pc-pc_safety_creds-i0-ar-o0-ll-c1-fe-5b70fbff9c71,pc_safety_creds,AR,PC,-0.00015317222277388964,-9.125157475459673,-9.1250043032369,1
pc-pc_safety_creds-i0-ar-o0-ll-c1-fh-d337914c92fc,pc_safety_creds,AR,PC,-0.0001006075763143599,-9.6251055002067,-9.625004892630386,1
pc-pc_safety_creds-i0-ar-o0-ln-c0-fe-3359e2e27d52,pc_safety_creds,AR,PC,-7.86750388215296e-05,-10.62508165835743,-10.625002983318609,1
pc-pc_safety_creds-i0-ar-o0-ln-c0-fh-84a9216e3447,pc_safety_creds,AR,PC,-5.400034933700226e-05,-13.062558650961364,-13.062504650612027,1
pc-pc_safety_creds-i0-ar-o0-ln-c1-fe-25529f5f58cc,pc_safety_creds,AR,PC,-6.41325386823155e-05,-10.375068664539413,-10.37500453200073,1
pc-pc_safety_creds-i0-ar-o0-ln-c1-fh-01f136ba2891,pc_safety_creds,AR,PC,-3.099393507000059e-05,-12.000035524355553,-12.000004530420483,1
pc-pc_safety_creds-i0-ar-o1-ll-c0-fe-27dcda549022,pc_safety_creds,AR,PC,-0.0022869168315011734,-6.127288818357556,-6.125001901526055,1
pc-pc_safety_creds-i0-ar-o1-ll-c0-fh-01ed59b42529,pc_safety_creds,AR,PC,-0.0003436213883034611,-8.375351190536094,-8.37500756914779,1
pc-pc_safety_creds-i0-ar-o1-ll-c1-fe-5e5228c0ec5b,pc_safety_creds,AR,PC,-0.005331228021525192,-5.255429739852843,-5.250098511831318,1
pc-pc_safety_creds-i0-ar-o1-ll-c1-fh-56c9b2bc6548,pc_safety_creds,AR,PC,-0.0006798579124662751,-7.375864131186972,-7.375184273274506,1
pc-pc_safety_creds-i0-ar-o1-ln-c0-fe-a32143b19ee3,pc_safety_creds,AR,PC,-0.001810579793520617,-6.376822233131861,-6.3750116533383405,1
pc-pc_safety_creds-i0-ar-o1-ln-c0-fh-c4423f1ffc1c,pc_safety_creds,AR,PC,-0.0003019115829303587,-8.625324010592522,-8.625022099009591,1
pc-pc_safety_creds-i0-ar-o1-ln-c1-fe-740e8b7e3e77,pc_safety_creds,AR,PC,-0.0015762537950578803,-6.501839364646003,-6.500263110850945,1
pc-pc_safety_creds-i0-ar-o1-ln-c1-fh-5bfb26818d86,pc_safety_creds,AR,PC,-0.00020656838022858892,-8.750507666845806,-8.750301098465577,1
pc-pc_safety_creds-i0-ro-o0-ll-c0-fx-095120213a4a,pc_safety_creds,RO,PC,-0.00019202774273452405,-8.875192880629811,-8.875000852887077,1
pc-pc_safety_creds-i0-ro-o0-ll-c1-fx-cb016b92242c,pc_safety_creds,RO,PC,-0.00034445550409145653,-8.125344753265267,-8.125000297761176,1
pc-pc_safety_creds-i0-ro-o0-ln-c0-fx-9595833ab6f5,pc_safety_creds,RO,PC,-0.00020907126599212233,-8.750210404394807,-8.750001333128814,1
pc-pc_safety_creds-i0-ro-o0-ln-c1-fx-8f1bebcddf45,pc_safety_creds,RO,PC,-0.00022015534340624754,-8.625220894813367,-8.62500073946996,1
pc-pc_safety_creds-i0-ro-o1-ll-c0-fx-5e4e80a4c6c2,pc_safety_creds,RO,PC,-0.0005874101188894087,-7.625588893889358,-7.625001483770468,1
pc-pc_safety_creds-i0-ro-o1-ll-c1-fx-8a089249da03,pc_safety_creds,RO,PC,-0.00039390916935388987,-8.000394701957362,-8.000000792788008,1
pc-pc_safety_creds-i0-ro-o1-ln-c0-fx-6890fb60499a,pc_safety_creds,RO,PC,-0.0012722265673730249,-6.751274466512086,-6.750002239944713,1
pc-pc_safety_creds-i0-ro-o1-ln-c1-fx-81b4b11816f4,pc_safety_creds,RO,PC,-0.0004365683707803214,-7.875437617301031,-7.875001048930251,1
pc-pc_safety_creds-i1-ar-o0-ll-c0-fe-62e70b69b76c,pc_safety_creds,AR,PC,-0.00015948931104503572,-9.125161767002737,-9.125002277691692,1
pc-pc_safety_creds-i1-ar-o0-ll-c0-fh-357013e43b42,pc_safety_creds,AR,PC,-6.758938252460212e-05,-11.250072002401794,-11.25000441301927,1
pc-pc_safety_creds-i1-ar-o0-ll-c1-fe-bebe0ea16c44,pc_safety_creds,AR,PC,-0.000676998752169311,-7.375682950002556,-7.375005951250387,1
pc-pc_safety_creds-i1-ar-o0-ll-c1-fh-8dc6767b650a,pc_safety_creds,AR,PC,-0.0003003622987307608,-8.2503070831076,-8.25000672080887,1
pc-pc_safety_creds-i1-ar-o0-ln-c0-fe-0144809a04f2,pc_safety_creds,AR,PC,-0.00014161060971673578,-9.375144481653479,-9.375002871043762,1
pc-pc_safety_creds-i1-ar-o0-ln-c0-fh-c3320c2767d5,pc_safety_creds,AR,PC,-6.270212179515511e-05,-12.000067353239046,-12.000004651117251,1
pc-pc_safety_creds-i1-ar-o0-ln-c1-fe-c215ca5ab543,pc_safety_creds,AR,PC,-0.00017677174764685333,-8.875181674943633,-8.875004903195986,1
pc-pc_safety_creds-i1-ar-o0-ln-c1-fh-45955258287a,pc_safety_creds,AR,PC,-4.8993817472364753e-05,-10.750054478628044,-10.750005484810572,1
pc-pc_safety_creds-i1-ar-o1-ll-c0-fe-84ad12b6c786,pc_safety_creds,AR,PC,-0.0015906553016904468,-6.501592516897517,-6.500001861595827,1
pc-pc_safety_creds-i1-ar-o1-ll-c0-fh-0d03c9bd6b47,pc_safety_creds,AR,PC,-0.00045348855200444405,-8.00045835970377,-8.000004871151766,1
pc-pc_safety_creds-i1-ar-o1-ll-c1-fe-bd822b4724bd,pc_safety_creds,AR,PC,-0.002260274719439792,-6.127467134050676,-6.125206859331236,1
pc-pc_safety_creds-i1-ar-o1-ll-c1-fh-4bf65554da60,pc_safety_creds,AR,PC,-0.0006052808603200788,-7.500695224516676,-7.500089943656356,1
pc-pc_safety_creds-i1-ar-o1-ln-c0-fe-e6284e5e9831,pc_safety_creds,AR,PC,-0.0014318701578233117,-6.626435995093743,-6.62500412493592,1
pc-pc_safety_creds-i1-ar-o1-ln-c0-fh-20b1b17650e4,pc_safety_creds,AR,PC,-0.00047743847243708615,-8.00048828119543,-8.000010842722993,1
pc-pc_safety_creds-i1-ar-o1-ln-c1-fe-fd5ffde9868c,pc_safety_creds,AR,PC,-0.0011038647498864407,-6.876403167756507,-6.875299303006621,1
pc-pc_safety_creds-i1-ar-o1-ln-c1-fh-a8d625389acf,pc_safety_creds,AR,PC,-0.00025042740161751453,-8.500396240968257,-8.50014581356664,1
pc-pc_safety_creds-i1-ro-o0-ll-c0-fx-2089062ea684,pc_safety_creds,RO,PC,-0.0006192197906713659,-7.500620245932623,-7.500001026141952,1
pc-pc_safety_creds-i1-ro-o0-ll-c1-fx-8f36b97150c9,pc_safety_creds,RO,PC,-0.00043049128726124763,-7.875431060790902,-7.875000569503641,1
pc-pc_safety_creds-i1-ro-o0-ln-c0-fx-4665845e730d,pc_safety_creds,RO,PC,-0.000686171697445559,-7.375687956808406,-7.37500178511096,1
pc-pc_safety_creds-i1-ro-o0-ln-c1-fx-285bd2a9fc22,pc_safety_creds,RO,PC,-0.00019739109848160297,-8.750198006629773,-8.750000615531292,1
pc-pc_safety_creds-i1-ro-o1-ll-c0-fx-02dbd046bcb1,pc_safety_creds,RO,PC,-0.0011285134823921794,-6.876129746435822,-6.87500123295343,1
pc-pc_safety_creds-i1-ro-o1-ll-c1-fx-d44d9a5f0d2f,pc_safety_creds,RO,PC,-0.0003116837469789857,-8.250312924384502,-8.250001240637523,1
pc-pc_safety_creds-i1-ro-o1-ln-c0-fx-4eeda21369d2,pc_safety_creds,RO,PC,-0.002595629775889563,-6.002597451207976,-6.000001821432086,1
pc-pc_safety_creds-i1-ro-o1-ln-c1-fx-2006eaecdb3f,pc_safety_creds,RO,PC,-0.0005516676464978332,-7.6255533695207305,-7.625001701874233,1
pc-pc_safety_creds-i2-ar-o0-ll-c0-fe-09c8164833b4,pc_safety_creds,AR,PC,-4.9828242481453344e-05,-11.500053644172112,-11.500003815929631,1
pc-pc_safety_creds-i2-ar-o0-ll-c0-fh-53561ac4b8de,pc_safety_creds,AR,PC,-5.507317473529838e-05,-12.812569379707384,-12.812514306532648,1
pc-pc_safety_creds-i2-ar-o0-ll-c1-fe-3f31a05b24fc,pc_safety_creds,AR,PC,-0.000161038784426637,-9.000170230824551,-9.000009192040125,1
pc-pc_safety_creds-i2-ar-o0-ll-c1-fh-042d1c941bf8,pc_safety_creds,AR,PC,-8.868777513271198e-05,-9.750093698488854,-9.750005010713721,1
pc-pc_safety_creds-i2-ar-o0-ln-c0-fe-021453c0d8e5,pc_safety_creds,AR,PC,-5.364274329622276e-05,-12.125059843042436,-12.12500620029914,1
pc-pc_safety_creds-i2-ar-o0-ln-c0-fh-263c2bb4c128,pc_safety_creds,AR,PC,-5.376194530981593e-05,-13.87506747235875,-13.875013710413441,1
pc-pc_safety_creds-i2-ar-o0-ln-c1-fe-acd9023d8273,pc_safety_creds,AR,PC,-4.31528314948082e-05,-11.125057220357121,-11.125014067525626,1
pc-pc_safety_creds-i2-ar-o0-ln-c1-fh-5b200162cc4d,pc_safety_creds,AR,PC,-2.7894584491150454e-05,-12.500033497793083,-12.500005603208592,1
pc-pc_safety_creds-i2-ar-o1-ll-c0-fe-7685819075b5,pc_safety_creds,AR,PC,-0.001601009746082127,-6.5016026496876975,-6.500001639941615,1
pc-pc_safety_creds-i2-ar-o1-ll-c0-fh-1ea27e3cbdc0,pc_safety_creds,AR,PC,-0.00036745477699895446,-8.250371813763195,-8.250004358986196,1
pc-pc_safety_creds-i2-ar-o1-ll-c1-fe-7bbb6f656f31,pc_safety_creds,AR,PC,-0.002260036766521978,-6.127465226993081,-6.125205190226559,1
pc-pc_safety_creds-i2-ar-o1-ll-c1-fh-8c01c4179af6,pc_safety_creds,AR,PC,-0.000535225728519606,-7.625718815121218,-7.625183589392698,1
pc-pc_safety_creds-i2-ar-o1-ln-c0-fe-eb810570942b,pc_safety_creds,AR,PC,-0.0010088359704241157,-7.001012682907913,-7.000003846937489,1
pc-pc_safety_creds-i2-ar-o1-ln-c0-fh-99dadb4d6975,pc_safety_creds,AR,PC,-0.0003597089671458775,-8.375368118249753,-8.375008409282607,1
pc-pc_safety_creds-i2-ar-o1-ln-c1-fe-92047078a0d2,pc_safety_creds,AR,PC,-0.0008677055593508953,-7.1261651072709356,-7.125297401711585,1
pc-pc_safety_creds-i2-ar-o1-ln-c1-fh-f85450277c64,pc_safety_creds,AR,PC,-0.00015078840078075473,-9.125452592095826,-9.125301803695045,1
pc-pc_safety_creds-i2-ro-o0-ll-c0-fx-71e864784674,pc_safety_creds,RO,PC,-0.00010632904740504046,-9.750107049941334,-9.75000072089393,1
pc-pc_safety_creds-i2-ro-o0-ll-c1-fx-3c7da7d1497e,pc_safety_creds,RO,PC,-0.00014423283573705703,-9.125144243240328,-9.125000010404591,1
pc-pc_safety_creds-i2-ro-o0-ln-c0-fx-f03681f4ea97,pc_safety_creds,RO,PC,-0.00010895136801281069,-9.750110268591584,-9.750001317223571,1
pc-pc_safety_creds-i2-ro-o0-ln-c1-fx-dd6e513d19c5,pc_safety_creds,RO,PC,-0.00010597144137136638,-9.500106334686166,-9.500000363244794,1
pc-pc_safety_creds-i2-ro-o1-ll-c0-fx-483db0ff2314,pc_safety_creds,RO,PC,-0.0003710297169092769,-8.125372290610358,-8.125001260893448,1
pc-pc_safety_creds-i2-ro-o1-ll-c1-fx-486b31787e1c,pc_safety_creds,RO,PC,-0.0001671174832083011,-9.000167727470057,-9.000000609986849,1
pc-pc_safety_creds-i2-ro-o1-ln-c0-fx-15b1cfc916e5,pc_safety_creds,RO,PC,-0.0005762109649296576,-7.6255781650520476,-7.625001954087118,1
pc-pc_safety_creds-i2-ro-o1-ln-c1-fx-cdf2e03c2c0f,pc_safety_creds,RO,PC,-0.0001854724687220255,-8.875186562536896,-8.875001090068174,1
pc-pc_safety_creds-i3-ar-o0-ll-c0-fe-7521effc8f5a,pc_safety_creds,AR,PC,-7.331102824537084e-05,-10.750077605238857,-10.750004294210612,1
pc-pc_safety_creds-i3-ar-o0-ll-c0-fh-fad95c65628e,pc_safety_creds,AR,PC,-6.97350042173639e-05,-11.250074028959261,-11.250004293955044,1
pc-pc_safety_creds-i3-ar-o0-ll-c1-fe-2f37263f54e8,pc_safety_creds,AR,PC,-0.0002755738969426602,-8.3752796649851,-8.375004091088158,1
pc-pc_safety_creds-i3-ar-o0-ll-c1-fh-9cf416e56619,pc_safety_creds,AR,PC,-0.00017414962348283325,-8.875180959674253,-8.87500681005077,1
pc-pc_safety_creds-i3-ar-o0-ln-c0-fe-baea579e3686,pc_safety_creds,AR,PC,-7.724464375513662e-05,-10.750082135188677,-10.750004890544922,1
pc-pc_safety_creds-i3-ar-o0-ln-c0-fh-a43daee25f2e,pc_safety_creds,AR,PC,-5.8053239627042785e-05,-12.187566757165769,-12.187508703926142,1
pc-pc_safety_creds-i3-ar-o0-ln-c1-fe-a1ce8b1b91da,pc_safety_creds,AR,PC,-0.00010275312524754554,-9.62510788439522,-9.625005131269972,1
pc-pc_safety_creds-i3-ar-o0-ln-c1-fh-3e7b305d37bf,pc_safety_creds,AR,PC,-3.421248401735966e-05,-11.500040888764943,-11.500006676280925,1
pc-pc_safety_creds-i3-ar-o1-ll-c0-fe-dfb1ddce8fe7,pc_safety_creds,AR,PC,-0.002300713444121527,-6.127303600307187,-6.125002886863065,1
pc-pc_safety_creds-i3-ar-o1-ll-c0-fh-9036dbe288fc,pc_safety_creds,AR,PC,-0.0004961452213976258,-7.875584479224926,-7.875088334003529,1
pc-pc_safety_creds-i3-ar-o1-ll-c1-fe-5e79230e299a,pc_safety_creds,AR,PC,-0.014269459992640066,-4.26429009416097,-4.2500206341683295,1
pc-pc_safety_creds-i3-ar-o1-ll-c1-fh-0397a15c750e,pc_safety_creds,AR,PC,-0.0017639331053871388,-6.376812099246308,-6.375048166140921,1
pc-pc_safety_creds-i3-ar-o1-ln-c0-fe-68730ef432de,pc_safety_creds,AR,PC,-0.0010258656693551416,-7.0016539507196285,-7.000628085050273,1
pc-pc_safety_creds-i3-ar-o1-ln-c0-fh-a8623cdc9a39,pc_safety_creds,AR,PC,-0.00026627813348767404,-8.876444122404791,-8.876177844271304,1
pc-pc_safety_creds-i3-ar-o1-ln-c1-fe-59b3ded6a760,pc_safety_creds,AR,PC,-0.005318777635686445,-5.255429142569483,-5.250110364933796,1
pc-pc_safety_creds-i3-ar-o1-ln-c1-fh-c17ba0c0bb52,pc_safety_creds,AR,PC,-0.0004779150767646456,-7.750712605557055,-7.750234690480291,1
pc-pc_safety_creds-i3-ro-o0-ll-c0-fx-f727d716d069,pc_safety_creds,RO,PC,-0.00016115799370908235,-9.125162601469924,-9.125001443476215,1
pc-pc_safety_creds-i3-ro-o0-ll-c1-fx-21a8c8465129,pc_safety_creds,RO,PC,-0.00024351492174901068,-8.500243663787728,-8.500000148865979,1
pc-pc_safety_creds-i3-ro-o0-ln-c0-fx-83f003ba0367,pc_safety_creds,RO,PC,-0.0002547178300957853,-8.500256419180232,-8.500001701350136,1
pc-pc_safety_creds-i3-ro-o0-ln-c1-fx-c326a2c17aa6,pc_safety_creds,RO,PC,-0.00015793983766343445,-9.0001589059828,-9.000000966145137,1
pc-pc_safety_creds-i3-ro-o1-ll-c0-fx-0e23678ca1e6,pc_safety_creds,RO,PC,-0.0037480602040815825,-5.62874913215569,-5.625001071951608,1
pc-pc_safety_creds-i3-ro-o1-ll-c1-fx-6da3402537c7,pc_safety_creds,RO,PC,-0.00047994067426060383,-7.750480532645838,-7.7500005919715775,1
pc-pc_safety_creds-i3-ro-o1-ln-c0-fx-9169116713a9,pc_safety_creds,RO,PC,-0.006863116286687898,-5.006865024564831,-5.0000019082781435,1
pc-pc_safety_creds-i3-ro-o1-ln-c1-fx-12acf4a41a1c,pc_safety_creds,RO,PC,-0.00043323196586442236,-7.8754343986501,-7.875001166684235,1
pc-pc_safety_creds-i4-ar-o0-ll-c0-fe-882c88b0775f,pc_safety_creds,AR,PC,-4.8040190449682996e-05,-11.750050783152574,-11.750002742962124,1
pc-pc_safety_creds-i4-ar-o0-ll-c0-fh-facbecd9f463,pc_safety_creds,AR,PC,-4.7444173105759546e-05,-12.750054836247728,-12.750007392074622,1
pc-pc_safety_creds-i4-ar-o0-ll-c1-fe-bfa8ab464df3,pc_safety_creds,AR,PC,-9.19061494570883e-05,-9.750096440303423,-9.750004534153966,1
pc-pc_safety_creds-i4-ar-o0-ll-c1-fh-f2f4ef7394c6,pc_safety_creds,AR,PC,-6.568217212787886e-05,-10.250070214261996,-10.250004532089868,1
pc-pc_safety_creds-i4-ar-o0-ln-c0-fe-b1a11f0d5671,pc_safety_creds,AR,PC,-4.51792984677013e-05,-12.500049352635415,-12.500004173336947,1
pc-pc_safety_creds-i4-ar-o0-ln-c0-fh-40faafd94372,pc_safety_creds,AR,PC,-4.7444173105759546e-05,-13.562555074664488,-13.562507630491382,1
pc-pc_safety_creds-i4-ar-o0-ln-c1-fe-2be75b547fda,pc_safety_creds,AR,PC,-3.2782019836474774e-05,-11.75003921983307,-11.750006437813234,1
pc-pc_safety_creds-i4-ar-o0-ln-c1-fh-32d62a1c7b86,pc_safety_creds,AR,PC,-2.4079989081826625e-05,-12.625027537339065,-12.625003457349983,1
pc-pc_safety_creds-i4-ar-o1-ll-c0-fe-a811bab61aef,pc_safety_creds,AR,PC,-0.00031061121261899416,-8.375312805173962,-8.375002193961343,1
pc-pc_safety_creds-i4-ar-o1-ll-c0-fh-bc06460e21f9,pc_safety_creds,AR,PC,-0.00026377540779520814,-8.75026881693202,-8.750005041524226,1
pc-pc_safety_creds-i4-ar-o1-ll-c1-fe-9012452d5660,pc_safety_creds,AR,PC,-0.0007747986819524044,-7.25081825162124,-7.250043452939288,1
pc-pc_safety_creds-i4-ar-o1-ll-c1-fh-a23a4693442f,pc_safety_creds,AR,PC,-0.00019822541798220072,-8.750269529671641,-8.750071304253659,1
pc-pc_safety_creds-i4-ar-o1-ln-c0-fe-0d25c7b8702f,pc_safety_creds,AR,PC,-0.0003668589051812887,-8.250370740884136,-8.250003881978955,1
pc-pc_safety_creds-i4-ar-o1-ln-c0-fh-7dc02b2a1954,pc_safety_creds,AR,PC,-0.00021836759696469699,-9.12522983544477,-9.125011467847806,1
pc-pc_safety_creds-i4-ar-o1-ln-c1-fe-d346fa34ad7c,pc_safety_creds,AR,PC,-0.0005448764422837371,-7.625592945834796,-7.625048069392513,1
pc-pc_safety_creds-i4-ar-o1-ln-c1-fh-d4d93b9af191,pc_safety_creds,AR,PC,-8.666140637814124e-05,-9.87519013347628,-9.875103472069902,1
pc-pc_safety_creds-i4-ro-o0-ll-c0-fx-78f6cfe8aaf0,pc_safety_creds,RO,PC,-0.0002252802368900575,-8.625226259230885,-8.625000978993995,1
pc-pc_safety_creds-i4-ro-o0-ll-c1-fx-c7a9f5dabc57,pc_safety_creds,RO,PC,-8.689980312936996e-05,-9.750087022781344,-9.750000122978214,1
pc-pc_safety_creds-i4-ro-o0-ln-c0-fx-19912c0cb2f0,pc_safety_creds,RO,PC,-0.00011503037237048375,-9.500116109846658,-9.500001079474288,1
pc-pc_safety_creds-i4-ro-o0-ln-c1-fx-fbbc288cb54e,pc_safety_creds,RO,PC,-5.960287671058495e-05,-10.250059604644662,-10.250000001767951,1
pc-pc_safety_creds-i4-ro-o1-ll-c0-fx-6c11ab3017c8,pc_safety_creds,RO,PC,-0.00021050147187651191,-8.875212550161677,-8.875002048689801,1
pc-pc_safety_creds-i4-ro-o1-ll-c1-fx-d73cec5c136a,pc_safety_creds,RO,PC,-0.00011789105337101091,-9.500118494033131,-9.50000060297976,1
pc-pc_safety_creds-i4-ro-o1-ln-c0-fx-56213914d502,pc_safety_creds,RO,PC,-0.0006058764993142063,-7.6256079673739805,-7.625002090874666,1
pc-pc_safety_creds-i4-ro-o1-ln-c1-fx-4faed4dce76d,pc_safety_creds,RO,PC,-0.00021217005268425737,-8.750213623045056,-8.750001452992372,1
pc-pc_social_ack-i0-ar-o0-ll-c0-fe-9660513514e8,pc_social_ack,AR,PC,-6.007967749610543e-05,-15.375083327022367,-15.37502324734487,1
pc-pc_social_ack-i0-ar-o0-ll-c0-fh-e4ac70c45b23,pc_social_ack,AR,PC,-4.207999518257566e-05,-16.187601683741377,-16.187559603746195,1
pc-pc_social_ack-i0-ar-o0-ll-c1-fe-b78625c37b4d,pc_social_ack,AR,PC,-0.00010919222404481843,-16.312566518201493,-16.312457325977448,1
pc-pc_social_ack-i0-ar-o0-ll-c1-fh-28e679ba459e,pc_social_ack,AR,PC,-0.0009770557680894854,-16.625042080568164,-16.624065024800075,1
pc-pc_social_ack-i0-ar-o0-ln-c0-fe-894e1122bbb1,pc_social_ack,AR,PC,-6.103329360485077e-05,-15.75013470378326,-15.750073670489655,1
pc-pc_social_ack-i0-ar-o0-ln-c0-fh-d0f46d4e9e2f,pc_social_ack,AR,PC,-4.1483970562694594e-05,-16.2501198023092,-16.250078318338637,1
pc-pc_social_ack-i0-ar-o0-ln-c1-fe-839e1682c67e,pc_social_ack,AR,PC,-2.634490556374658e-05,-16.875155321438797,-16.875128976533233,1
pc-pc_social_ack-i0-ar-o0-ln-c1-fh-95a5d7f8512f,pc_social_ack,AR,PC,-1.4424222165132505e-05,-17.12506091481555,-17.125046490593384,1
pc-pc_social_ack-i0-ar-o1-ll-c0-fe-ce8b667d7285,pc_social_ack,AR,PC,-8.415822957630326e-05,-18.126798629760742,-18.126714471531166,1
pc-pc_social_ack-i0-ar-o1-ll-c0-fh-a9b7e8ffbbbd,pc_social_ack,AR,PC,-6.961580947262291e-05,-16.45012855529785,-16.45005893948838,1
pc-pc_social_ack-i0-ar-o1-ll-c1-fe-ad7347f75e9f,pc_social_ack,AR,PC,-4.970905135337489e-05,-16.1128933429718,-16.11284363392045,1
pc-pc_social_ack-i0-ar-o1-ll-c1-fh-f7e011119a6d,pc_social_ack,AR,PC,-2.6106499689149132e-05,-15.12698769569397,-15.12696158919428,1
pc-pc_social_ack-i0-ar-o1-ln-c0-fe-84d1cf232a8b,pc_social_ack,AR,PC,-9.667406992974747e-05,-15.757713794708252,-15.757617120638322,1
pc-pc_social_ack-i0-ar-o1-ln-c0-fh-b84db4ed3b7d,pc_social_ack,AR,PC,-6.663578096066658e-05,-15.283758401870728,-15.283691766089767,1
pc-pc_social_ack-i0-ar-o1-ln-c1-fe-b854e3b54ace,pc_social_ack,AR,PC,-4.9828246112326724e-05,-13.148189544677734,-13.148139716431622,1
pc-pc_social_ack-i0-ar-o1-ln-c1-fh-01d147af7bf0,pc_social_ack,AR,PC,-3.063632536282057e-05,-13.724138081073761,-13.724107444748398,1
pc-pc_social_ack-i0-ro-o0-ll-c0-fx-4bd77d89970a,pc_social_ack,RO,PC,-2.1099824145665025e-05,-19.437525391569125,-19.43750429174498,1
pc-pc_social_ack-i0-ro-o0-ll-c1-fx-cb01784d4a5d,pc_social_ack,RO,PC,-9.05986686916549e-06,-20.250014424312212,-20.250005364445343,1
pc-pc_social_ack-i0-ro-o0-ln-c0-fx-628981cbe26e,pc_social_ack,RO,PC,-1.728519782773219e-05,-19.687524557086363,-19.687507271888535,1
pc-pc_social_ack-i0-ro-o0-ln-c1-fx-a2eb29426e1a,pc_social_ack,RO,PC,-7.1525328095845e-06,-20.75001716609222,-20.75001001355941,1
pc-pc_social_ack-i0-ro-o1-ll-c0-fx-081bd9377186,pc_social_ack,RO,PC,-9.417093673391719e-05,-17.12509679793766,-17.125002627000924,1
pc-pc_social_ack-i0-ro-o1-ll-c1-fx-f0e1fd5c4855,pc_social_ack,RO,PC,-3.2424410136400184e-05,-15.125033497809795,-15.125001073399659,1
pc-pc_social_ack-i0-ro-o1-ln-c0-fx-2e9aecab9749,pc_social_ack,RO,PC,-8.797260667847695e-05,-16.1875915527271,-16.18750358012042,1
pc-pc_social_ack-i0-ro-o1-ln-c1-fx-b226817f062f,pc_social_ack,RO,PC,-2.360316283755992e-05,-14.375025153159186,-14.375001549996348,1
pc-pc_social_ack-i1-ar-o0-ll-c0-fe-5fc1b406d907,pc_social_ack,AR,PC,-5.2689116273541003e-05,-15.625090836740128,-15.625038147623854,1
pc-pc_social_ack-i1-ar-o0-ll-c0-fh-6931084fdece,pc_social_ack,AR,PC,-4.0649541915627196e-05,-16.06258857132343,-16.062547921781515,1
pc-pc_social_ack-i1-ar-o0-ll-c1-fe-838b4cb383fb,pc_social_ack,AR,PC,-4.196112695353804e-05,-16.4376116958083,-16.437569734681347,1
pc-pc_social_ack-i1-ar-o0-ll-c1-fh-f7bb6861f804,pc_social_ack,AR,PC,-0.0015978250394255156,-16.93755483563291,-16.935957010593484,1
pc-pc_social_ack-i1-ar-o0-ln-c0-fe-439c1ec21f84,pc_social_ack,AR,PC,-6.401333666872233e-05,-15.56269656731456,-15.562632553977892,1
pc-pc_social_ack-i1-ar-o0-ln-c0-fh-b550dfcf5c3b,pc_social_ack,AR,PC,-4.2914423829643056e-05,-16.250163786142366,-16.250120871718536,1
pc-pc_social_ack-i1-ar-o0-ln-c1-fe-62c077a4f025,pc_social_ack,AR,PC,-2.8132999425167782e-05,-16.937764974310994,-16.93773684131157,1
pc-pc_social_ack-i1-ar-o0-ln-c1-fh-20eaaaf20c41,pc_social_ack,AR,PC,-1.6927577227932034e-05,-17.375075219377322,-17.375058291800094,1
pc-pc_social_ack-i1-ar-o1-ll-c0-fe-58f1586bef07,pc_social_ack,AR,PC,-8.380063081148137e-05,-20.18792724609375,-20.18784344546294,1
pc-pc_social_ack-i1-ar-o1-ll-c0-fh-dbb8e04cab70,pc_social_ack,AR,PC,-6.75893897934543e-05,-16.705771923065186,-16.705704333675392,1
pc-pc_social_ack-i1-ar-o1-ll-c1-fe-2b278a6c280c,pc_social_ack,AR,PC,-3.254361217130963e-05,-17.330225944519043,-17.33019340090687,1
pc-pc_social_ack-i1-ar-o1-ll-c1-fh-4ea0fcca1a9e,pc_social_ack,AR,PC,-2.8848238770251555e-05,-14.632666826248169,-14.632637978009399,1
pc-pc_social_ack-i1-ar-o1-ln-c0-fe-a7f4cbd941ea,pc_social_ack,AR,PC,-9.119095920340214e-05,-17.190778255462646,-17.190687064503443,1
pc-pc_social_ack-i1-ar-o1-ln-c0-fh-d35dbb036995,pc_social_ack,AR,PC,-6.0318088792143953e-05,-14.267792224884033,-14.267731906795241,1
pc-pc_social_ack-i1-ar-o1-ln-c1-fe-a47c1fcacb7a,pc_social_ack,AR,PC,-3.361645939747859e-05,-14.945147454738617,-14.94511383827922,1
pc-pc_social_ack-i1-ar-o1-ln-c1-fh-125916e410ef,pc_social_ack,AR,PC,-2.777538247045186e-05,-13.642723932862282,-13.642696157479811,1
pc-pc_social_ack-i1-ro-o0-ll-c0-fx-9e29611942d9,pc_social_ack,RO,PC,-2.3483957185987947e-05,-18.750027418126137,-18.75000393416895,1
pc-pc_social_ack-i1-ro-o0-ll-c1-fx-76104dcbe0cc,pc_social_ack,RO,PC,-1.0490364701354338e-05,-20.250013947477328,-20.250003457112626,1
pc-pc_social_ack-i1-ro-o0-ln-c0-fx-ab45abe6e14c,pc_social_ack,RO,PC,-2.2172682292875834e-05,-18.875033736169826,-18.875011563487533,1
pc-pc_social_ack-i1-ro-o0-ln-c1-fx-314ea6a711f5,pc_social_ack,RO,PC,-8.106199850033136e-06,-20.750018000549062,-20.750009894349212,1
pc-pc_social_ack-i1-ro-o1-ll-c0-fx-72bfc70935c8,pc_social_ack,RO,PC,-6.747020228203837e-05,-17.562571048727477,-17.562503578525195,1
pc-pc_social_ack-i1-ro-o1-ll-c1-fx-b5b82797e71d,pc_social_ack,RO,PC,-2.1099825943338146e-05,-17.312522530554475,-17.31250143072853,1
pc-pc_social_ack-i1-ro-o1-ln-c0-fx-c68e96502796,pc_social_ack,RO,PC,-6.782780107528197e-05,-16.750070691100973,-16.750002863299898,1
pc-pc_social_ack-i1-ro-o1-ln-c1-fx-ee2124ec49ea,pc_social_ack,RO,PC,-1.764282384897342e-05,-16.750018596648147,-16.750000953824298,1
pc-pc_social_ack-i2-ar-o0-ll-c0-fe-5616f21992f6,pc_social_ack,AR,PC,-5.495397272170521e-05,-15.500133630543132,-15.50007867657041,1
pc-pc_social_ack-i2-ar-o0-ll-c0-fh-8125c2a92304,pc_social_ack,AR,PC,-4.184158387943171e-05,-16.187790124618914,-16.187748283035035,1
pc-pc_social_ack-i2-ar-o0-ll-c1-fe-df148926de58,pc_social_ack,AR,PC,-5.459710882860236e-05,-16.37509238504572,-16.37503778793689,1
pc-pc_social_ack-i2-ar-o0-ll-c1-fh-3f1886f24089,pc_social_ack,AR,PC,-0.0006230429407878546,-16.25005328590123,-16.249430242960443,1
pc-pc_social_ack-i2-ar-o0-ln-c0-fe-85f64aebcc4d,pc_social_ack,AR,PC,-5.602679812000133e-05,-15.563055033271667,-15.562999006473547,1
pc-pc_social_ack-i2-ar-o0-ln-c0-fh-437122d351fb,pc_social_ack,AR,PC,-4.172238186583854e-05,-16.188042753667105,-16.18800103128524,1
pc-pc_social_ack-i2-ar-o0-ln-c1-fe-125f84d0dc87,pc_social_ack,AR,PC,-2.109982233378105e-05,-17.31290738270036,-17.312886282878026,1
pc-pc_social_ack-i2-ar-o0-ln-c1-fh-c879349e58c0,pc_social_ack,AR,PC,-1.5020259517939394e-05,-17.187581656158727,-17.18756663589921,1
pc-pc_social_ack-i2-ar-o1-ll-c0-fe-dc581ed9166e,pc_social_ack,AR,PC,-8.809178689261898e-05,-20.312856674194336,-20.312768582407443,1
pc-pc_social_ack-i2-ar-o1-ll-c0-fh-487c5db8543c,pc_social_ack,AR,PC,-6.34173411455663e-05,-17.44736671447754,-17.447303297136393,1
pc-pc_social_ack-i2-ar-o1-ll-c1-fe-8c52d4040af5,pc_social_ack,AR,PC,-3.26628141849028e-05,-18.90134596824646,-18.901313305432275,1
pc-pc_social_ack-i2-ar-o1-ll-c1-fh-b52e8cf0b220,pc_social_ack,AR,PC,-2.1934274599288983e-05,-17.151489734649658,-17.15146780037506,1
pc-pc_social_ack-i2-ar-o1-ln-c0-fe-54745e8af3df,pc_social_ack,AR,PC,-7.64102369430475e-05,-18.688494205474854,-18.68841779523791,1
pc-pc_social_ack-i2-ar-o1-ln-c0-fh-2ecfcc3cec37,pc_social_ack,AR,PC,-5.6146007402446685e-05,-16.03374147415161,-16.03368532814421,1
pc-pc_social_ack-i2-ar-o1-ln-c1-fe-77733c7e8865,pc_social_ack,AR,PC,-3.0397910443014098e-05,-15.625807046890259,-15.625776648979816,1
pc-pc_social_ack-i2-ar-o1-ln-c1-fh-0557c48507ea,pc_social_ack,AR,PC,-1.955013430432473e-05,-15.388491690158844,-15.38847214002454,1
pc-pc_social_ack-i2-ro-o0-ll-c0-fx-1148646165fa,pc_social_ack,RO,PC,-1.9550132492440753e-05,-19.687524080263756,-19.687504530131264,1
pc-pc_social_ack-i2-ro-o0-ll-c1-fx-2d160144e137,pc_social_ack,RO,PC,-1.025194885073688e-05,-20.000014424312212,-20.00000417236336,1
pc-pc_social_ack-i2-ro-o0-ln-c0-fx-c1c5bfbcaee9,pc_social_ack,RO,PC,-2.1457441107486375e-05,-19.500032782484595,-19.500011325043488,1
pc-pc_social_ack-i2-ro-o0-ln-c1-fx-1d31ae83716e,pc_social_ack,RO,PC,-7.748573807475623e-06,-20.375018954212464,-20.375011205638657,1
pc-pc_social_ack-i2-ro-o1-ll-c0-fx-96b85f1ad816,pc_social_ack,RO,PC,-5.5788412225865613e-05,-19.000058650965002,-19.000002862552776,1
pc-pc_social_ack-i2-ro-o1-ll-c1-fx-e91f09afa04f,pc_social_ack,RO,PC,-1.9073308038741743e-05,-18.187520384787604,-18.187501311479565,1
pc-pc_social_ack-i2-ro-o1-ln-c0-fx-8b34f99f7fab,pc_social_ack,RO,PC,-5.149709974716643e-05,-18.00005567072958,-18.000004173629833,1
pc-pc_social_ack-i2-ro-o1-ln-c1-fx-5ce6f585f8ab,pc_social_ack,RO,PC,-1.6093126752991793e-05,-17.250016450881276,-17.250000357754523,1
pc-pc_social_ack-i3-ar-o0-ll-c0-fe-bdc483d63b5a,pc_social_ack,AR,PC,-5.07818695041351e-05,-15.687618968528113,-15.68756818665861,1
pc-pc_social_ack-i3-ar-o0-ll-c0-fh-e413c7b2eafb,pc_social_ack,AR,PC,-4.172238186583854e-05,-16.18758952504504,-16.187547802663175,1
pc-pc_social_ack-i3-ar-o0-ll-c1-fe-38e6110cbce7,pc_social_ack,AR,PC,-6.580243280041032e-05,-14.875051021344916,-14.874985218912116,1
pc-pc_social_ack-i3-ar-o0-ll-c1-fh-f98c6cc2a1c9,pc_social_ack,AR,PC,-4.3034087866544724e-05,-15.687541007775508,-15.687497973687641,1
pc-pc_social_ack-i3-ar-o0-ln-c0-fe-c8bcfcfe0692,pc_social_ack,AR,PC,-6.472854875028133e-05,-15.562695852277102,-15.562631123728352,1
pc-pc_social_ack-i3-ar-o0-ln-c0-fh-6c234c01ced2,pc_social_ack,AR,PC,-4.1960789531003684e-05,-16.18762838467228,-16.18758642388275,1
pc-pc_social_ack-i3-ar-o0-ln-c1-fe-8ea19fb769f1,pc_social_ack,AR,PC,-2.3841574147809297e-05,-15.250080107060057,-15.25005626548591,1
pc-pc_social_ack-i3-ar-o0-ln-c1-fh-16a935810208,pc_social_ack,AR,PC,-1.76428220513003e-05,-16.125045060722186,-16.125027417900135,1
pc-pc_social_ack-i3-ar-o1-ll-c0-fe-b5f26101989a,pc_social_ack,AR,PC,-8.380063081148137e-05,-19.375807762145996,-19.375723961515185,1
pc-pc_social_ack-i3-ar-o1-ll-c0-fh-bf5a47005a9c,pc_social_ack,AR,PC,-6.651657894707341e-05,-16.946229457855225,-16.946162941276278,1
pc-pc_social_ack-i3-ar-o1-ll-c1-fe-fcb74db6d132,pc_social_ack,AR,PC,-3.2782019836474774e-05,-16.25198531150818,-16.251952529488342,1
pc-pc_social_ack-i3-ar-o1-ll-c1-fh-8fea7c130d85,pc_social_ack,AR,PC,-2.5152852629162226e-05,-15.15621542930603,-15.156190276453401,1
pc-pc_social_ack-i3-ar-o1-ln-c0-fe-9a80d98e27af,pc_social_ack,AR,PC,-8.356223406025265e-05,-18.62564468383789,-18.62556112160383,1
pc-pc_social_ack-i3-ar-o1-ln-c0-fh-5442cfb527e3,pc_social_ack,AR,PC,-5.7934044882301805e-05,-15.717357158660889,-15.717299224616006,1
pc-pc_social_ack-i3-ar-o1-ln-c1-fe-e4c5c72d5633,pc_social_ack,AR,PC,-3.2066789565021736e-05,-14.257648706436157,-14.257616639646592,1
pc-pc_social_ack-i3-ar-o1-ln-c1-fh-c5db98b8cb26,pc_social_ack,AR,PC,-2.586808476934266e-05,-14.273179709911346,-14.273153841826577,1
pc-pc_social_ack-i3-ro-o0-ll-c0-fx-0902714699f4,pc_social_ack,RO,PC,-1.9550132492440753e-05,-19.125023961055376,-19.125004410922884,1
pc-pc_social_ack-i3-ro-o0-ll-c1-fx-b22c5466785c,pc_social_ack,RO,PC,-7.152533243015569e-06,-20.250011324875686,-20.250004172342443,1
pc-pc_social_ack-i3-ro-o0-ln-c0-fx-3eeb7307b94a,pc_social_ack,RO,PC,-1.8000440832111053e-05,-18.812525153128263,-18.81250715268743,1
pc-pc_social_ack-i3-ro-o0-ln-c1-fx-7e2beff9b8b8,pc_social_ack,RO,PC,-6.079655122448457e-06,-20.375012993786186,-20.375006914131063,1
pc-pc_social_ack-i3-ro-o1-ll-c0-fx-bc3e880b97a1,pc_social_ack,RO,PC,-4.208000243011156e-05,-19.062545537942242,-19.062503457939812,1
pc-pc_social_ack-i3-ro-o1-ll-c1-fx-680a2dafa0b4,pc_social_ack,RO,PC,-1.2636108266406154e-05,-17.625012516974834,-17.624999880866568,1
pc-pc_social_ack-i3-ro-o1-ln-c0-fx-cfb1671717f7,pc_social_ack,RO,PC,-3.743102205788773e-05,-18.375042438497985,-18.375005007475927,1
pc-pc_social_ack-i3-ro-o1-ln-c1-fx-8a1de0fc1440,pc_social_ack,RO,PC,-9.775115351828845e-06,-16.7500106096262,-16.75000083451085,1
pc-pc_social_ack-i4-ar-o0-ll-c0-fe-ab1796d39cd4,pc_social_ack,AR,PC,-4.589452510117553e-05,-15.312763905574684,-15.312718011049583,1
pc-pc_social_ack-i4-ar-o0-ll-c0-fh-d51163ce2eda,pc_social_ack,AR,PC,-3.862306402879767e-05,-15.875163308897754,-15.875124685833725,1
pc-pc_social_ack-i4-ar-o0-ll-c1-fe-ac5b378e2964,pc_social_ack,AR,PC,-4.804076343134511e-05,-16.812615867107525,-16.812567826344093,1
pc-pc_social_ack-i4-ar-o0-ll-c1-fh-388df6f4ad5c,pc_social_ack,AR,PC,-0.001028859272992122,-16.562565206328145,-16.561536347055153,1
pc-pc_social_ack-i4-ar-o0-ln-c0-fe-388a48198cca,pc_social_ack,AR,PC,-5.411955135059543e-05,-15.6883706098306,-15.688316490279249,1
pc-pc_social_ack-i4-ar-o0-ln-c0-fh-fd7ff2cfffc1,pc_social_ack,AR,PC,-4.017272294731811e-05,-16.06281467480585,-16.062774502082902,1
pc-pc_social_ack-i4-ar-o0-ln-c1-fe-07af9bd75f14,pc_social_ack,AR,PC,-2.0861411023531673e-05,-17.500325037515722,-17.5003041761047,1
pc-pc_social_ack-i4-ar-o0-ln-c1-fh-73839cbcd8d2,pc_social_ack,AR,PC,-1.4305013785076426e-05,-17.250119203687063,-17.25010489867328,1
pc-pc_social_ack-i4-ar-o1-ll-c0-fe-808dcf9f3be6,pc_social_ack,AR,PC,-8.153583620895688e-05,-20.56279182434082,-20.56271028850461,1
pc-pc_social_ack-i4-ar-o1-ll-c0-fh-1e24aaaae241,pc_social_ack,AR,PC,-6.79469958342338e-05,-17.32021141052246,-17.320143463526627,1
pc-pc_social_ack-i4-ar-o1-ll-c1-fe-4d252ac8ddc7,pc_social_ack,AR,PC,-2.6106496072486607e-05,-19.398283004760742,-19.39825689826467,1
pc-pc_social_ack-i4-ar-o1-ll-c1-fh-00279130f6d7,pc_social_ack,AR,PC,-2.1099825943338146e-05,-17.1174259185791,-17.11740481875316,1
pc-pc_social_ack-i4-ar-o1-ln-c0-fe-a27c82739bd4,pc_social_ack,AR,PC,-9.274052717955783e-05,-18.126132488250732,-18.126039747723553,1
pc-pc_social_ack-i4-ar-o1-ln-c0-fh-f1dccbfb1705,pc_social_ack,AR,PC,-6.043729080573712e-05,-15.779845476150513,-15.779785038859707,1
pc-pc_social_ack-i4-ar-o1-ln-c1-fe-eccfe3bba108,pc_social_ack,AR,PC,-2.7179352393602585e-05,-16.064470887184143,-16.06444370783175,1
pc-pc_social_ack-i4-ar-o1-ln-c1-fh-49fdef56e899,pc_social_ack,AR,PC,-2.407999269848915e-05,-14.898181557655334,-14.898157477662636,1
pc-pc_social_ack-i4-ro-o0-ll-c0-fx-789ba1505304,pc_social_ack,RO,PC,-1.6927575416048057e-05,-20.031272172915124,-20.031255245339707,1
pc-pc_social_ack-i4-ro-o0-ll-c1-fx-d9e5d05c70c4,pc_social_ack,RO,PC,-9.05986686916549e-06,-20.312516212441096,-20.312507152574227,1
pc-pc_social_ack-i4-ro-o0-ln-c0-fx-8cdb3b878765,pc_social_ack,RO,PC,-1.8000440832111053e-05,-19.750028014123927,-19.750010013683095,1
pc-pc_social_ack-i4-ro-o0-ln-c1-fx-f8934886fb43,pc_social_ack,RO,PC,-7.271741189640579e-06,-20.62502479538489,-20.6250175236437,1
pc-pc_social_ack-i4-ro-o1-ll-c0-fx-6124029fa1ca,pc_social_ack,RO,PC,-5.2927549290870957e-05,-19.31255602835563,-19.31250310080634,1
pc-pc_social_ack-i4-ro-o1-ll-c1-fx-ef761ac67c63,pc_social_ack,RO,PC,-1.4424223053310925e-05,-18.93751502036912,-18.937500596146066,1
pc-pc_social_ack-i4-ro-o1-ln-c0-fx-76c79687d10e,pc_social_ack,RO,PC,-4.744418399127426e-05,-18.56255269049325,-18.562505246309257,1
pc-pc_social_ack-i4-ro-o1-ln-c1-fx-3cbb1516dc6a,pc_social_ack,RO,PC,-1.1324819745084369e-05,-18.50001299381131,-18.500001668991565,1
pc-pc_social_review-i0-ar-o0-ll-c0-fe-6e0f1494211a,pc_social_review,AR,PC,-2.9682672902708873e-05,-17.00019680071273,-17.000167118039826,1
pc-pc_social_review-i0-ar-o0-ll-c0-fh-6ad82160799c,pc_social_review,AR,PC,-2.634490556374658e-05,-17.062618370626296,-17.062592025720733,1
pc-pc_social_review-i0-ar-o0-ll-c1-fe-cc37bfca0d66,pc_social_review,AR,PC,-0.00016187534492928535,-16.875055073898693,-16.874893198553764,1
pc-pc_social_review-i0-ar-o0-ll-c1-fh-a9f5407afc4e,pc_social_review,AR,PC,-2.4914523692132207e-05,-15.62506317999214,-15.625038265468447,1
pc-pc_social_review-i0-ar-o0-ln-c0-fe-1f349a2e7d0b,pc_social_review,AR,PC,-2.6464111215318553e-05,-17.188705583685078,-17.188679119573862,1
pc-pc_social_review-i0-ar-o0-ln-c0-fh-124c59be616b,pc_social_review,AR,PC,-2.9801878554280847e-05,-17.37674542167224,-17.376715619793686,1
pc-pc_social_review-i0-ar-o0-ln-c1-fe-aeb7a25903c3,pc_social_review,AR,PC,-1.1563235595701826e-05,-18.250196558990865,-18.25018499575527,1
pc-pc_social_review-i0-ar-o0-ln-c1-fh-e570d660e9cb,pc_social_review,AR,PC,-1.5377881929623527e-05,-17.062752218786045,-17.062736840904115,1
pc-pc_social_review-i0-ar-o1-ll-c0-fe-d6eda1f282c6,pc_social_review,AR,PC,-3.8980677345534787e-05,-26.9375581741333,-26.937519193455955,1
pc-pc_social_review-i0-ar-o1-ll-c0-fh-d68bdaf20cbb,pc_social_review,AR,PC,-4.0411134250462055e-05,-20.317166805267334,-20.317126394133084,1
pc-pc_social_review-i0-ar-o1-ll-c1-fe-7fffa5556299,pc_social_review,AR,PC,-1.7285199639616167e-05,-22.380953311920166,-22.380936026720526,1
pc-pc_social_review-i0-ar-o1-ll-c1-fh-93b7765aed85,pc_social_review,AR,PC,-1.6927577227932034e-05,-17.201441168785095,-17.201424241207867,1
pc-pc_social_review-i0-ar-o1-ln-c0-fe-1b97d6dc768e,pc_social_review,AR,PC,-3.766942609217949e-05,-27.31255054473877,-27.312512875312677,1
pc-pc_social_review-i0-ar-o1-ln-c0-fh-98f0e2845d48,pc_social_review,AR,PC,-3.3378044463461265e-05,-22.313861846923828,-22.313828468879365,1
pc-pc_social_review-i0-ar-o1-ln-c1-fe-e587bbd33fa4,pc_social_review,AR,PC,-1.4305012882687151e-05,-22.946134090423584,-22.9461197854107,1
pc-pc_social_review-i0-ar-o1-ln-c1-fh-89c047951b8b,pc_social_review,AR,PC,-1.4185804502631072e-05,-18.862844228744507,-18.862830042940004,1
pc-pc_social_review-i0-ro-o0-ll-c0-fx-fa78ea177eaf,pc_social_review,RO,PC,-8.4638240878121e-06,-20.812511324875686,-20.8125028610516,1
pc-pc_social_review-i0-ro-o0-ll-c1-fx-c12d06bf043b,pc_social_review,RO,PC,-3.933898824470816e-06,-21.31250774859609,-21.312503814697266,1
pc-pc_social_review-i0-ro-o0-ln-c0-fx-3def82bfcdd5,pc_social_review,RO,PC,-7.510157949752738e-06,-20.31251299379801,-20.31250548364006,1
pc-pc_social_review-i0-ro-o0-ln-c1-fx-69d87e611c2b,pc_social_review,RO,PC,-3.2186455882765586e-06,-21.43750894068353,-21.43750572203794,1
pc-pc_social_review-i0-ro-o1-ll-c0-fx-3310cb135d45,pc_social_review,RO,PC,-1.3232144731034623e-05,-23.65626716613042,-23.65625393398569,1
pc-pc_social_review-i0-ro-o1-ll-c1-fx-0e3e9d9e5b1e,pc_social_review,RO,PC,-3.4570639328990183e-06,-23.43750655650706,-23.437503099443127,1
pc-pc_social_review-i0-ro-o1-ln-c0-fx-2179221b6c95,pc_social_review,RO,PC,-6.437281619753321e-06,-24.281258821482652,-24.281252384201032,1
pc-pc_social_review-i0-ro-o1-ln-c1-fx-9acdef47a81b,pc_social_review,RO,PC,-1.7881377516459906e-06,-23.968754172322633,-23.96875238418488,1
pc-pc_social_review-i1-ar-o0-ll-c0-fe-262f9f1a9171,pc_social_review,AR,PC,-2.610649426060263e-05,-17.18808980821632,-17.188063701722058,1
pc-pc_social_review-i1-ar-o0-ll-c0-fh-73798a8a905a,pc_social_review,AR,PC,-3.242440288886428e-05,-17.250198231296963,-17.250165806894074,1
pc-pc_social_review-i1-ar-o0-ll-c1-fe-799a04121b8d,pc_social_review,AR,PC,-6.72324867991847e-05,-17.81256222605589,-17.81249499356909,1
pc-pc_social_review-i1-ar-o0-ll-c1-fh-08cbc0077b60,pc_social_review,AR,PC,-2.4080074126686668e-05,-16.5001459041232,-16.500121824049074,1
pc-pc_social_review-i1-ar-o0-ln-c0-fe-a6f02fa84f1c,pc_social_review,AR,PC,-2.90866428258596e-05,-17.190722960978746,-17.19069387433592,1
pc-pc_social_review-i1-ar-o0-ln-c0-fh-cd970e809cda,pc_social_review,AR,PC,-3.373566141817719e-05,-17.19072666298598,-17.190692927324562,1
pc-pc_social_review-i1-ar-o0-ln-c1-fe-cc84f200e179,pc_social_review,AR,PC,-1.0967194612021558e-05,-18.812624567312014,-18.812613600117402,1
pc-pc_social_review-i1-ar-o0-ln-c1-fh-4de8882f77d8,pc_social_review,AR,PC,-1.7046782886609435e-05,-17.625828532967716,-17.62581148618483,1
pc-pc_social_review-i1-ar-o1-ll-c0-fe-afbd541d9b67,pc_social_review,AR,PC,-4.124556289752945e-05,-28.750045776367188,-28.75000453080429,1
pc-pc_social_review-i1-ar-o1-ll-c0-fh-ca48a36e0abc,pc_social_review,AR,PC,-3.790783375734463e-05,-23.00047254562378,-23.000434637790022,1
pc-pc_social_review-i1-ar-o1-ll-c1-fe-9cbc78b609e9,pc_social_review,AR,PC,-1.6808369757370656e-05,-23.627209186553955,-23.627192378184198,1
pc-pc_social_review-i1-ar-o1-ll-c1-fh-e341a720a363,pc_social_review,AR,PC,-1.6927577227932034e-05,-18.912734746932983,-18.912717819355755,1
pc-pc_social_review-i1-ar-o1-ln-c0-fe-c2c2908a4b56,pc_social_review,AR,PC,-3.790783375734463e-05,-28.12504482269287,-28.125006914859114,1
pc-pc_social_review-i1-ar-o1-ln-c0-fh-33ce7ba7be67,pc_social_review,AR,PC,-3.7431014789035544e-05,-23.750300407409668,-23.75026297639488,1
pc-pc_social_review-i1-ar-o1-ln-c1-fe-f7fcbeeabb6b,pc_social_review,AR,PC,-1.3589766240329482e-05,-23.568449020385742,-23.568435430619502,1
pc-pc_social_review-i1-ar-o1-ln-c1-fh-fb82a4556414,pc_social_review,AR,PC,-1.4305012882687151e-05,-19.222751259803772,-19.22273695479089,1
pc-pc_social_review-i1-ro-o0-ll-c0-fx-11147b92c316,pc_social_review,RO,PC,-8.4638240878121e-06,-20.90626227854591,-20.906253814721822,1
pc-pc_social_review-i1-ro-o0-ll-c1-fx-97aa746fe018,pc_social_review,RO,PC,-3.933898824470816e-06,-21.937508106222595,-21.93750417232377,1
pc-pc_social_review-i1-ro-o0-ln-c0-fx-f729b873cc20,pc_social_review,RO,PC,-7.271740287251305e-06,-20.25001347063244,-20.25000619889215,1
pc-pc_social_review-i1-ro-o0-ln-c1-fx-fb8c5d787a79,pc_social_review,RO,PC,-3.4570634852570947e-06,-22.125009059892363,-22.125005602828878,1
pc-pc_social_review-i1-ro-o1-ll-c0-fx-a181813e7c0f,pc_social_review,RO,PC,-1.3589768052213458e-05,-23.56251692771275,-23.562503337944698,1
pc-pc_social_review-i1-ro-o1-ll-c1-fx-fd6e12f259c0,pc_social_review,RO,PC,-4.1723169417196004e-06,-23.406256318089163,-23.40625214577222,1
pc-pc_social_review-i1-ro-o1-ln-c0-fx-98dd7a5d4238,pc_social_review,RO,PC,-7.510157949752738e-06,-24.062511086458017,-24.062503576300067,1
pc-pc_social_review-i1-ro-o1-ln-c1-fx-d30eaeaa2276,pc_social_review,RO,PC,-2.145765158445556e-06,-24.000004529949592,-24.000002384184434,1
pc-pc_social_review-i2-ar-o0-ll-c0-fe-486357346359,pc_social_review,AR,PC,-2.5987286790041253e-05,-17.313089689065237,-17.313063701778447,1
pc-pc_social_review-i2-ar-o0-ll-c0-fh-40f00742282b,pc_social_review,AR,PC,-2.9205850296420977e-05,-17.313569718855433,-17.313540513005137,1
pc-pc_social_review-i2-ar-o0-ll-c1-fe-ee88dce4831d,pc_social_review,AR,PC,-2.4914577807066962e-05,-17.125065087031544,-17.125040172453737,1
pc-pc_social_review-i2-ar-o0-ll-c1-fh-174c40f8d69a,pc_social_review,AR,PC,-2.2172727085489896e-05,-16.312581179598055,-16.31255900687097,1
pc-pc_social_review-i2-ar-o0-ln-c0-fe-a31bbb062228,pc_social_review,AR,PC,-3.2543604902457446e-05,-17.19162365188822,-17.19159110828332,1
pc-pc_social_review-i2-ar-o0-ln-c0-fh-07ff59dcca0f,pc_social_review,AR,PC,-3.528532761265524e-05,-17.323600349016488,-17.323565063688875,1
pc-pc_social_review-i2-ar-o0-ln-c1-fe-3ffd19385ea6,pc_social_review,AR,PC,-1.2755313036905136e-05,-18.375158061040565,-18.37514530572753,1
pc-pc_social_review-i2-ar-o0-ln-c1-fh-28af24804113,pc_social_review,AR,PC,-1.7404405298293568e-05,-17.62528535106685,-17.625267946661552,1
pc-pc_social_review-i2-ar-o1-ll-c0-fe-a61efb1926b9,pc_social_review,AR,PC,-4.2199197196168825e-05,-27.750051498413086,-27.75000929921589,1
pc-pc_social_review-i2-ar-o1-ll-c0-fh-2f4da507b557,pc_social_review,AR,PC,-3.85038583772257e-05,-21.8763689994812,-21.876330495622824,1
pc-pc_social_review-i2-ar-o1-ll-c1-fe-aaab850af33b,pc_social_review,AR,PC,-1.8715685648373892e-05,-23.19112777709961,-23.19110906141396,1
pc-pc_social_review-i2-ar-o1-ll-c1-fh-33bd31e017d6,pc_social_review,AR,PC,-1.6808369757370656e-05,-19.078916549682617,-19.07889974131286,1
pc-pc_social_review-i2-ar-o1-ln-c0-fe-c1ba964d4d0a,pc_social_review,AR,PC,-4.0411134250462055e-05,-27.562549591064453,-27.562509179930203,1
pc-pc_social_review-i2-ar-o1-ln-c0-fh-edab5317e3ce,pc_social_review,AR,PC,-3.361645576660521e-05,-23.375588417053223,-23.375554800597456,1
pc-pc_social_review-i2-ar-o1-ln-c1-fe-e8429bc8d285,pc_social_review,AR,PC,-1.6689160474925302e-05,-23.258639335632324,-23.25862264647185,1
pc-pc_social_review-i2-ar-o1-ln-c1-fh-07d9a9725025,pc_social_review,AR,PC,-1.6331539882230572e-05,-19.251957416534424,-19.25194108499454,1
pc-pc_social_review-i2-ro-o0-ll-c0-fx-5471ca640808,pc_social_review,RO,PC,-8.583032467868179e-06,-21.250011324875686,-21.25000274184322,1
pc-pc_social_review-i2-ro-o0-ll-c1-fx-71e77411749a,pc_social_review,RO,PC,-4.529942543740617e-06,-21.56250691413402,-21.562502384191475,1
pc-pc_social_review-i2-ro-o0-ln-c0-fx-f6d7da0bf2f4,pc_social_review,RO,PC,-7.986991469977056e-06,-20.37501287458963,-20.37500488759816,1
pc-pc_social_review-i2-ro-o0-ln-c1-fx-59c9c1a71f02,pc_social_review,RO,PC,-3.814689989667386e-06,-21.75000751017842,-21.75000369548843,1
pc-pc_social_review-i2-ro-o1-ll-c0-fx-e6d9f3b138e8,pc_social_review,RO,PC,-1.0132739582502381e-05,-24.000013113015484,-24.0000029802759,1
pc-pc_social_review-i2-ro-o1-ll-c1-fx-1f6806ed0f5e,pc_social_review,RO,PC,-3.8146904373093093e-06,-23.718756675716122,-23.718752861025685,1
pc-pc_social_review-i2-ro-o1-ln-c0-fx-b97f339e7b83,pc_social_review,RO,PC,-7.629366329808818e-06,-24.218761563293356,-24.218753933927026,1
pc-pc_social_review-i2-ro-o1-ln-c1-fx-24bf592f69b6,pc_social_review,RO,PC,-2.264974000354414e-06,-24.09375476836749,-24.09375250339349,1
pc-pc_social_review-i3-ar-o0-ll-c0-fe-360da722c6fd,pc_social_review,AR,PC,-2.634490556374658e-05,-17.00527990469709,-17.005253559791527,1
pc-pc_social_review-i3-ar-o0-ll-c0-fh-ff1908734c50,pc_social_review,AR,PC,-2.9444261599564925e-05,-16.93779703351902,-16.93776758925742,1
pc-pc_social_review-i3-ar-o0-ll-c1-fe-f4b4564a570a,pc_social_review,AR,PC,-0.0002029953720921185,-16.75002920615043,-16.749826210778338,1
pc-pc_social_review-i3-ar-o0-ll-c1-fh-1c4c8f3a0504,pc_social_review,AR,PC,-2.7060269076173427e-05,-15.812564014460804,-15.812536954191728,1
pc-pc_social_review-i3-ar-o0-ln-c0-fe-48feed154716,pc_social_review,AR,PC,-2.95634672511369e-05,-17.00765566667542,-17.007626103208167,1
pc-pc_social_review-i3-ar-o0-ln-c0-fh-8ccfeb2035f7,pc_social_review,AR,PC,-3.45700973412022e-05,-16.75252223224379,-16.75248766214645,1
pc-pc_social_review-i3-ar-o0-ln-c1-fe-295caf371a38,pc_social_review,AR,PC,-1.1563235595701826e-05,-17.875074861425674,-17.875063298190078,1
pc-pc_social_review-i3-ar-o0-ln-c1-fh-12721b0ce106,pc_social_review,AR,PC,-1.7523614580738922e-05,-17.187681661423994,-17.187664137809413,1
pc-pc_social_review-i3-ar-o1-ll-c0-fe-b602e659035b,pc_social_review,AR,PC,-3.671578815556131e-05,-27.62504291534424,-27.625006199556083,1
pc-pc_social_review-i3-ar-o1-ll-c0-fh-d3754bf73f35,pc_social_review,AR,PC,-4.029192859889008e-05,-21.625954627990723,-21.625914336062124,1
pc-pc_social_review-i3-ar-o1-ll-c1-fe-1d6c38ddf13d,pc_social_review,AR,PC,-1.8596476365928538e-05,-22.007632732391357,-22.00761413591499,1
pc-pc_social_review-i3-ar-o1-ll-c1-fh-0bb2b885aced,pc_social_review,AR,PC,-2.0146169838142214e-05,-18.501957416534424,-18.501937270364586,1
pc-pc_social_review-i3-ar-o1-ln-c0-fe-94b4f9ae0186,pc_social_review,AR,PC,-3.8265450712060556e-05,-27.87504291534424,-27.875004649893526,1
pc-pc_social_review-i3-ar-o1-ln-c0-fh-0bf7ea9ebb1d,pc_social_review,AR,PC,-3.862306402879767e-05,-23.125375747680664,-23.125337124616635,1
pc-pc_social_review-i3-ar-o1-ln-c1-fe-6e845dcdf8af,pc_social_review,AR,PC,-1.4185804502631072e-05,-22.886067390441895,-22.886053204637392,1
pc-pc_social_review-i3-ar-o1-ln-c1-fh-23fdbad38a21,pc_social_review,AR,PC,-1.585470999998506e-05,-19.179771661758423,-19.179755807048423,1
pc-pc_social_review-i3-ro-o0-ll-c0-fx-98806ae35031,pc_social_review,RO,PC,-8.4638240878121e-06,-20.75001227854591,-20.750003814721822,1
pc-pc_social_review-i3-ro-o0-ll-c1-fx-56bd6c32a45b,pc_social_review,RO,PC,-4.410734163684538e-06,-21.437506675716122,-21.43750226498196,1
pc-pc_social_review-i3-ro-o0-ln-c0-fx-33a039f1b228,pc_social_review,RO,PC,-7.152531907195225e-06,-20.06251347063244,-20.06250631810053,1
pc-pc_social_review-i3-ro-o0-ln-c1-fx-b682b79f222c,pc_social_review,RO,PC,-3.576272320060525e-06,-21.75000822543143,-21.75000464915911,1
pc-pc_social_review-i3-ro-o1-ll-c0-fx-188da27a76e7,pc_social_review,RO,PC,-1.1324819745084369e-05,-23.93751513957295,-23.937503814753207,1
pc-pc_social_review-i3-ro-o1-ll-c1-fx-f26743da6a66,pc_social_review,RO,PC,-4.768360660989401e-06,-22.937506198880328,-22.937501430519667,1
pc-pc_social_review-i3-ro-o1-ln-c0-fx-1adbf8ffedbb,pc_social_review,RO,PC,-6.556489999809401e-06,-24.218759536735888,-24.21875298024589,1
pc-pc_social_review-i3-ro-o1-ln-c1-fx-547a28e21492,pc_social_review,RO,PC,-2.145764938177308e-06,-23.81250405311357,-23.812501907348633,1
pc-pc_social_review-i4-ar-o0-ll-c0-fe-5e3c34f30c7f,pc_social_review,AR,PC,-2.5748875486897305e-05,-17.250522966263816,-17.25049721738833,1
pc-pc_social_review-i4-ar-o0-ll-c0-fh-235d4fcb34b8,pc_social_review,AR,PC,-2.8013790142722428e-05,-17.250195608503418,-17.250167594713275,1
pc-pc_social_review-i4-ar-o0-ll-c1-fe-4e53ccca0c6e,pc_social_review,AR,PC,-4.8159866310015786e-05,-17.43757557675417,-17.43752741688786,1
pc-pc_social_review-i4-ar-o0-ll-c1-fh-967de27fc67e,pc_social_review,AR,PC,-2.2172760054672835e-05,-15.875087854816229,-15.875065682056174,1
pc-pc_social_review-i4-ar-o0-ln-c0-fe-16355bb31a7a,pc_social_review,AR,PC,-3.182837463100441e-05,-17.1272278749384,-17.127196046563768,1
pc-pc_social_review-i4-ar-o0-ln-c0-fh-646294570c50,pc_social_review,AR,PC,-3.373566141817719e-05,-17.378649724647403,-17.378615988985985,1
pc-pc_social_review-i4-ar-o0-ln-c1-fe-26a4b46c295f,pc_social_review,AR,PC,-1.1324819745084369e-05,-18.56277939066058,-18.562768065840835,1
pc-pc_social_review-i4-ar-o0-ln-c1-fh-804a9a626ba8,pc_social_review,AR,PC,-1.5139465176616795e-05,-17.31275198041112,-17.312736840945945,1
pc-pc_social_review-i4-ar-o1-ll-c0-fe-ad8d6106b9a6,pc_social_review,AR,PC,-4.2914423829643056e-05,-26.562561988830566,-26.562519074406737,1
pc-pc_social_review-i4-ar-o1-ll-c0-fh-6ca85fab7560,pc_social_review,AR,PC,-3.886147169396281e-05,-20.130975246429443,-20.13093638495775,1
pc-pc_social_review-i4-ar-o1-ll-c1-fe-996a916bb8f2,pc_social_review,AR,PC,-1.645074735279195e-05,-23.065000534057617,-23.064984083310264,1
pc-pc_social_review-i4-ar-o1-ll-c1-fh-de74232fdc00,pc_social_review,AR,PC,-1.6569956635237304e-05,-18.861113786697388,-18.861097216740752,1
pc-pc_social_review-i4-ar-o1-ln-c0-fe-c626a212ab41,pc_social_review,AR,PC,-3.8742269680369645e-05,-26.562560081481934,-26.562521339212253,1
pc-pc_social_review-i4-ar-o1-ln-c0-fh-1e72d687bdf6,pc_social_review,AR,PC,-3.3378044463461265e-05,-21.502841472625732,-21.50280809458127,1
pc-pc_social_review-i4-ar-o1-ln-c1-fe-99a994470f14,pc_social_review,AR,PC,-1.2755313036905136e-05,-23.255255222320557,-23.25524246700752,1
pc-pc_social_review-i4-ar-o1-ln-c1-fh-04fb9856f2df,pc_social_review,AR,PC,-1.2636104656849056e-05,-19.757460832595825,-19.75744819649117,1
pc-pc_social_review-i4-ro-o0-ll-c0-fx-490b5b73a892,pc_social_review,RO,PC,-9.179073458653875e-06,-21.09376537798107,-21.093756198907613,1
pc-pc_social_review-i4-ro-o0-ll-c1-fx-050e5fc82f6c,pc_social_review,RO,PC,-4.0531076592742465e-06,-21.750006675716122,-21.750002622608463,1
pc-pc_social_review-i4-ro-o0-ln-c0-fx-36c9407b940e,pc_social_review,RO,PC,-7.867783089920977e-06,-20.50001549717672,-20.50000762939363,1
pc-pc_social_review-i4-ro-o0-ln-c1-fx-8529f9eb0c55,pc_social_review,RO,PC,-3.099436753473128e-06,-22.06250751017842,-22.062504410741667,1
pc-pc_social_review-i4-ro-o1-ll-c0-fx-d73633a5239e,pc_social_review,RO,PC,-1.1324819745084369e-05,-23.718764901155282,-23.718753576335537,1
pc-pc_social_review-i4-ro-o1-ll-c1-fx-5c5a7b6b6759,pc_social_review,RO,PC,-4.05310810691617e-06,-23.250007033342854,-23.250002980234747,1
pc-pc_social_review-i4-ro-o1-ln-c0-fx-36e2b363537a,pc_social_review,RO,PC,-6.437281619753321e-06,-24.25000905990055,-24.25000262261893,1
pc-pc_social_review-i4-ro-o1-ln-c1-fx-3fca9e522204,pc_social_review,RO,PC,-2.0265560962684503e-06,-23.81250476836749,-23.812502741811393,1
