pair_key,scenario_id,family,ar_frame,both_valid,agree_content,ar_pole1,ro_pole1,ar_margin,ro_margin
ar_component_library|i0|o0|letters|c0,ar_component_library,AR,enacted,1,1.0,0.0,0.0,-1.4999998360872482,-0.3750004768370445
ar_component_library|i0|o0|letters|c1,ar_component_library,AR,enacted,1,1.0,0.0,0.0,-2.4999996870757286,-1.2499998509884094
ar_component_library|i0|o0|numbers|c0,ar_component_library,AR,enacted,1,1.0,0.0,0.0,-1.3749999254942011,-0.3750002384185507
ar_component_library|i0|o0|numbers|c1,ar_component_library,AR,enacted,1,1.0,0.0,0.0,-2.3750000447034836,-1.2499998807907176
ar_component_library|i0|o1|letters|c0,ar_component_library,AR,enacted,1,0.0,1.0,0.0,0.8749983608742582,-0.375
ar_component_library|i0|o1|letters|c1,ar_component_library,AR,enacted,1,1.0,0.0,0.0,-0.3750004768369948,-1.2500000298023224
ar_component_library|i0|o1|numbers|c0,ar_component_library,AR,enacted,1,0.0,1.0,0.0,0.6249997019768614,-0.3750002384185507
ar_component_library|i0|o1|numbers|c1,ar_component_library,AR,enacted,1,1.0,0.0,0.0,-0.6250002384185294,-1.3749999403953765
ar_component_library|i1|o0|letters|c0,ar_component_library,AR,enacted,1,1.0,0.0,0.0,-1.3749998658895706,-0.1250003576278118
ar_component_library|i1|o0|letters|c1,ar_component_library,AR,enacted,1,1.0,0.0,0.0,-2.624999351799886,-1.624999821186087
ar_component_library|i1|o0|numbers|c0,ar_component_library,AR,enacted,1,1.0,0.0,0.0,-1.2499998509883952,-0.12500023841855068
ar_component_library|i1|o0|numbers|c1,ar_component_library,AR,enacted,1,1.0,0.0,0.0,-2.74999976903203,-1.7499998807907176
ar_component_library|i1|o1|letters|c0,ar_component_library,AR,enacted,1,0.0,1.0,0.0,0.6249897182559607,-0.37500011920926823
ar_component_library|i1|o1|letters|c1,ar_component_library,AR,enacted,1,1.0,0.0,0.0,-0.7500023841826149,-1.6249998807907318
ar_component_library|i1|o1|numbers|c0,ar_component_library,AR,enacted,1,0.0,1.0,0.0,0.4999990463263373,-0.5000001490116048
ar_component_library|i1|o1|numbers|c1,ar_component_library,AR,enacted,1,1.0,0.0,0.0,-1.000000774860041,-1.749999821186087
ar_component_library|i2|o0|letters|c0,ar_component_library,AR,enacted,1,1.0,0.0,0.0,-1.6250000149011612,-4.768370445162873e-07
ar_component_library|i2|o0|letters|c1,ar_component_library,AR,enacted,1,1.0,0.0,0.0,-2.7499998137355988,-1.6249998658895706
ar_component_library|i2|o0|numbers|c0,ar_component_library,AR,enacted,1,1.0,0.0,0.0,-1.4999999254942011,-2.3841855067985307e-07
ar_component_library|i2|o0|numbers|c1,ar_component_library,AR,enacted,1,1.0,0.0,0.0,-2.8749999888241575,-1.7499999254942011
ar_component_library|i2|o1|letters|c0,ar_component_library,AR,enacted,1,0.0,1.0,0.0,0.749996662146657,-0.6250000894069458
ar_component_library|i2|o1|letters|c1,ar_component_library,AR,enacted,1,1.0,0.0,0.0,-0.7500011026852533,-1.7499999850988388
ar_component_library|i2|o1|numbers|c0,ar_component_library,AR,enacted,1,0.0,1.0,0.0,0.6249994635585097,-0.6250001192092824
ar_component_library|i2|o1|numbers|c1,ar_component_library,AR,enacted,1,1.0,0.0,0.0,-0.8750005066393172,-1.9999998509884094
ar_component_library|i3|o0|letters|c0,ar_component_library,AR,enacted,1,1.0,0.0,0.0,-1.7499999403953765,-0.37500023841849384
ar_component_library|i3|o0|letters|c1,ar_component_library,AR,enacted,1,1.0,0.0,0.0,-2.624997757380129,-1.4999999105930542
ar_component_library|i3|o0|numbers|c0,ar_component_library,AR,enacted,1,1.0,0.0,0.0,-1.6249998956918787,-0.12500023841852936
ar_component_library|i3|o0|numbers|c1,ar_component_library,AR,enacted,1,1.0,0.0,0.0,-2.4999995082620785,-1.6249998658895706
ar_component_library|i3|o1|letters|c0,ar_component_library,AR,enacted,1,1.0,1.0,1.0,1.6249691252957064,0.12499976158147064
ar_component_library|i3|o1|letters|c1,ar_component_library,AR,enacted,1,0.0,1.0,0.0,0.12499964237223793,-1.0
ar_component_library|i3|o1|numbers|c0,ar_component_library,AR,enacted,1,1.0,1.0,1.0,1.3749914467725546,0.12499976158144932
ar_component_library|i3|o1|numbers|c1,ar_component_library,AR,enacted,1,1.0,0.0,0.0,-0.12500011920926823,-1.375000253319655
ar_component_library|i4|o0|letters|c0,ar_component_library,AR,enacted,1,1.0,0.0,0.0,-1.6249999552965164,-0.2500003576278118
ar_component_library|i4|o0|letters|c1,ar_component_library,AR,enacted,1,1.0,0.0,0.0,-2.7499999590218636,-1.6249997019768827
ar_component_library|i4|o0|numbers|c0,ar_component_library,AR,enacted,1,1.0,0.0,0.0,-1.4999999254942011,-0.25000011920928245
ar_component_library|i4|o0|numbers|c1,ar_component_library,AR,enacted,1,1.0,0.0,0.0,-2.999999810010216,-1.7499999254942011
ar_component_library|i4|o1|letters|c0,ar_component_library,AR,enacted,1,0.0,1.0,0.0,1.374998196961883,-0.37500023841852936
ar_component_library|i4|o1|letters|c1,ar_component_library,AR,enacted,1,1.0,0.0,0.0,-0.37500166892826314,-1.3749998807907318
ar_component_library|i4|o1|numbers|c0,ar_component_library,AR,enacted,1,0.0,1.0,0.0,1.249999612569951,-0.5000002086162283
ar_component_library|i4|o1|numbers|c1,ar_component_library,AR,enacted,1,1.0,0.0,0.0,-0.5000007152555099,-1.6250001341104436
ar_docsection_readme|i0|o0|letters|c0,ar_docsection_readme,AR,enacted,1,0.0,0.0,1.0,-2.87499937042611,0.12500011920926823
ar_docsection_readme|i0|o0|letters|c1,ar_docsection_readme,AR,enacted,1,1.0,0.0,0.0,-2.8749996535480875,-2.1249998882413124
ar_docsection_readme|i0|o0|numbers|c0,ar_docsection_readme,AR,enacted,1,0.0,0.0,1.0,-2.8749997988343523,0.12499988079073177
ar_docsection_readme|i0|o0|numbers|c1,ar_docsection_readme,AR,enacted,1,1.0,0.0,0.0,-2.8750000558793545,-2.24999978393317
ar_docsection_readme|i0|o1|letters|c0,ar_docsection_readme,AR,enacted,1,0.0,0.0,1.0,-1.000015675894275,0.125
ar_docsection_readme|i0|o1|letters|c1,ar_docsection_readme,AR,enacted,1,1.0,0.0,0.0,-1.0000260766883073,-2.374999843537829
ar_docsection_readme|i0|o1|numbers|c0,ar_docsection_readme,AR,enacted,1,1.0,0.0,0.0,-1.3750033378542028,0.125
ar_docsection_readme|i0|o1|numbers|c1,ar_docsection_readme,AR,enacted,1,1.0,0.0,0.0,-1.125004470337906,-2.9999999925494194
ar_docsection_readme|i1|o0|letters|c0,ar_docsection_readme,AR,enacted,1,1.0,0.0,0.0,-2.4999994039537796,1.1920926823449918e-07
ar_docsection_readme|i1|o0|letters|c1,ar_docsection_readme,AR,enacted,1,1.0,0.0,0.0,-2.8749998956919,-2.499999843537829
ar_docsection_readme|i1|o0|numbers|c0,ar_docsection_readme,AR,enacted,1,0.0,0.0,1.0,-2.4999997019768045,0.12499976158144932
ar_docsection_readme|i1|o0|numbers|c1,ar_docsection_readme,AR,enacted,1,1.0,0.0,0.0,-2.874999821186087,-2.624999761581428
ar_docsection_readme|i1|o1|letters|c0,ar_docsection_readme,AR,enacted,1,0.0,0.0,1.0,-0.625004559743985,0.375
ar_docsection_readme|i1|o1|letters|c1,ar_docsection_readme,AR,enacted,1,1.0,0.0,0.0,-1.5000242736932776,-2.2499998286366676
ar_docsection_readme|i1|o1|numbers|c0,ar_docsection_readme,AR,enacted,1,0.0,0.0,1.0,-0.875001311301169,0.125
ar_docsection_readme|i1|o1|numbers|c1,ar_docsection_readme,AR,enacted,1,1.0,0.0,0.0,-1.5000070780270107,-2.999999925494201
ar_docsection_readme|i2|o0|letters|c0,ar_docsection_readme,AR,enacted,1,1.0,0.0,0.0,-2.9999990947547985,1.1920926823449918e-07
ar_docsection_readme|i2|o0|letters|c1,ar_docsection_readme,AR,enacted,1,1.0,0.0,0.0,-2.7499999627471254,-2.3749999031424736
ar_docsection_readme|i2|o0|numbers|c0,ar_docsection_readme,AR,enacted,1,1.0,0.0,0.0,-2.8749999664723944,-1.1920928244535389e-07
ar_docsection_readme|i2|o0|numbers|c1,ar_docsection_readme,AR,enacted,1,1.0,0.0,0.0,-2.7499997913837646,-2.3749996796250628
ar_docsection_readme|i2|o1|letters|c0,ar_docsection_readme,AR,enacted,1,0.0,0.0,1.0,-1.0000177918246038,0.375
ar_docsection_readme|i2|o1|letters|c1,ar_docsection_readme,AR,enacted,1,1.0,0.0,0.0,-0.875045417702502,-2.374999970197699
ar_docsection_readme|i2|o1|numbers|c0,ar_docsection_readme,AR,enacted,1,0.0,0.0,1.0,-1.1250033378542028,0.25
ar_docsection_readme|i2|o1|numbers|c1,ar_docsection_readme,AR,enacted,1,1.0,0.0,0.0,-0.7500089406566985,-2.8749999329447817
ar_docsection_readme|i3|o0|letters|c0,ar_docsection_readme,AR,enacted,1,0.0,0.0,1.0,-2.3749996572733494,0.375
ar_docsection_readme|i3|o0|letters|c1,ar_docsection_readme,AR,enacted,1,1.0,0.0,0.0,-2.6250001266598133,-2.374999843537829
ar_docsection_readme|i3|o0|numbers|c0,ar_docsection_readme,AR,enacted,1,0.0,0.0,1.0,-2.2499998807907176,0.37499988079071755
ar_docsection_readme|i3|o0|numbers|c1,ar_docsection_readme,AR,enacted,1,1.0,0.0,0.0,-2.375000335276077,-2.2499999552965164
ar_docsection_readme|i3|o1|letters|c0,ar_docsection_readme,AR,enacted,1,0.0,0.0,1.0,-0.5000034570621779,0.5
ar_docsection_readme|i3|o1|letters|c1,ar_docsection_readme,AR,enacted,1,1.0,0.0,0.0,-0.7500079571873428,-2.2499999776482795
ar_docsection_readme|i3|o1|numbers|c0,ar_docsection_readme,AR,enacted,1,0.0,0.0,1.0,-1.0000006556507586,0.25000011920928245
ar_docsection_readme|i3|o1|numbers|c1,ar_docsection_readme,AR,enacted,1,1.0,0.0,0.0,-0.7500026524032819,-2.9999998547136855
ar_docsection_readme|i4|o0|letters|c0,ar_docsection_readme,AR,enacted,1,1.0,0.0,0.0,-2.9999995082617943,-0.375
ar_docsection_readme|i4|o0|letters|c1,ar_docsection_readme,AR,enacted,1,1.0,0.0,0.0,-3.3749998770654486,-2.62499975413089
ar_docsection_readme|i4|o0|numbers|c0,ar_docsection_readme,AR,enacted,1,1.0,0.0,0.0,-2.9999997243285463,-0.375
ar_docsection_readme|i4|o0|numbers|c1,ar_docsection_readme,AR,enacted,1,1.0,0.0,0.0,-3.249999910593033,-2.6249999925494265
ar_docsection_readme|i4|o1|letters|c0,ar_docsection_readme,AR,enacted,1,1.0,0.0,0.0,-1.000025957479039,-0.125
ar_docsection_readme|i4|o1|letters|c1,ar_docsection_readme,AR,enacted,1,1.0,0.0,0.0,-1.0000354641342781,-2.3749999254942153
ar_docsection_readme|i4|o1|numbers|c0,ar_docsection_readme,AR,enacted,1,1.0,0.0,0.0,-1.0000028610184089,-0.25000011920926823
ar_docsection_readme|i4|o1|numbers|c1,ar_docsection_readme,AR,enacted,1,1.0,0.0,0.0,-1.1250062584676996,-3.1249998584389758
ar_execmode_ingest|i0|o0|letters|c0,ar_execmode_ingest,AR,enacted,1,1.0,0.0,0.0,-4.499999364838452,-0.9999999701976776
ar_execmode_ingest|i0|o0|letters|c1,ar_execmode_ingest,AR,enacted,1,1.0,0.0,0.0,-2.8749997913837717,-2.750000074505806
ar_execmode_ingest|i0|o0|numbers|c0,ar_execmode_ingest,AR,enacted,1,1.0,0.0,0.0,-4.749999936670086,-1.000000178813906
ar_execmode_ingest|i0|o0|numbers|c1,ar_execmode_ingest,AR,enacted,1,1.0,0.0,0.0,-2.8750000521540358,-3.0000000670552254
ar_execmode_ingest|i0|o1|letters|c0,ar_execmode_ingest,AR,enacted,1,1.0,1.0,1.0,1.1920928244535389e-07,1.3749999850988388
ar_execmode_ingest|i0|o1|letters|c1,ar_execmode_ingest,AR,enacted,1,0.0,1.0,0.0,1.4999999850988388,-2.124999836087248
ar_execmode_ingest|i0|o1|numbers|c0,ar_execmode_ingest,AR,enacted,1,1.0,1.0,1.0,1.1920928244535389e-07,1.3749999850988388
ar_execmode_ingest|i0|o1|numbers|c1,ar_execmode_ingest,AR,enacted,1,0.0,1.0,0.0,1.37500008940696,-1.9999998509883952
ar_execmode_ingest|i1|o0|letters|c0,ar_execmode_ingest,AR,enacted,1,1.0,0.0,0.0,-3.249993823488687,-0.25
ar_execmode_ingest|i1|o0|letters|c1,ar_execmode_ingest,AR,enacted,1,1.0,0.0,0.0,-2.624999806284926,-2.749999962747097
ar_execmode_ingest|i1|o0|numbers|c0,ar_execmode_ingest,AR,enacted,1,1.0,0.0,0.0,-3.374997232113394,-0.5000001192092824
ar_execmode_ingest|i1|o0|numbers|c1,ar_execmode_ingest,AR,enacted,1,1.0,0.0,0.0,-3.124999936670065,-2.8749999701976776
ar_execmode_ingest|i1|o1|letters|c0,ar_execmode_ingest,AR,enacted,1,1.0,1.0,1.0,1.2500003576278118,1.9999998807907104
ar_execmode_ingest|i1|o1|letters|c1,ar_execmode_ingest,AR,enacted,1,0.0,1.0,0.0,1.2499990761285673,-1.7499997466802881
ar_execmode_ingest|i1|o1|numbers|c0,ar_execmode_ingest,AR,enacted,1,1.0,1.0,1.0,1.1250001192092824,1.875000014901154
ar_execmode_ingest|i1|o1|numbers|c1,ar_execmode_ingest,AR,enacted,1,0.0,1.0,0.0,0.9999996423722379,-1.6249998509883952
ar_execmode_ingest|i2|o0|letters|c0,ar_execmode_ingest,AR,enacted,1,1.0,0.0,0.0,-3.6249982640163054,-0.750000178813913
ar_execmode_ingest|i2|o0|letters|c1,ar_execmode_ingest,AR,enacted,1,1.0,0.0,0.0,-2.7500003911554245,-2.8749999925494194
ar_execmode_ingest|i2|o0|numbers|c0,ar_execmode_ingest,AR,enacted,1,1.0,0.0,0.0,-3.4999994877728042,-1.0000002384185507
ar_execmode_ingest|i2|o0|numbers|c1,ar_execmode_ingest,AR,enacted,1,1.0,0.0,0.0,-2.8750003315507797,-3.125000011175871
ar_execmode_ingest|i2|o1|letters|c0,ar_execmode_ingest,AR,enacted,1,1.0,1.0,1.0,1.1250002384185507,1.8749999701976776
ar_execmode_ingest|i2|o1|letters|c1,ar_execmode_ingest,AR,enacted,1,0.0,1.0,0.0,1.7499998062849542,-1.8749997466803165
ar_execmode_ingest|i2|o1|numbers|c0,ar_execmode_ingest,AR,enacted,1,1.0,1.0,1.0,0.8750002682208731,1.7500000298023224
ar_execmode_ingest|i2|o1|numbers|c1,ar_execmode_ingest,AR,enacted,1,0.0,1.0,0.0,1.3749998509883952,-1.8749995827675434
ar_execmode_ingest|i3|o0|letters|c0,ar_execmode_ingest,AR,enacted,1,1.0,0.0,0.0,-3.3749999627471183,-0.7500000298023224
ar_execmode_ingest|i3|o0|letters|c1,ar_execmode_ingest,AR,enacted,1,1.0,0.0,0.0,-2.249999806284933,-2.874999951571226
ar_execmode_ingest|i3|o0|numbers|c0,ar_execmode_ingest,AR,enacted,1,1.0,0.0,0.0,-3.124999605119335,-0.8750001490116048
ar_execmode_ingest|i3|o0|numbers|c1,ar_execmode_ingest,AR,enacted,1,1.0,0.0,0.0,-2.2500001192092896,-3.2500000186264444
ar_execmode_ingest|i3|o1|letters|c0,ar_execmode_ingest,AR,enacted,1,1.0,1.0,1.0,0.6249999403953836,1.375000163912766
ar_execmode_ingest|i3|o1|letters|c1,ar_execmode_ingest,AR,enacted,1,0.0,1.0,0.0,1.7500000596046448,-1.999999821186087
ar_execmode_ingest|i3|o1|numbers|c0,ar_execmode_ingest,AR,enacted,1,1.0,1.0,1.0,0.125,1.6250000596046377
ar_execmode_ingest|i3|o1|numbers|c1,ar_execmode_ingest,AR,enacted,1,0.0,1.0,0.0,1.3749999552965164,-2.1249997913837717
ar_execmode_ingest|i4|o0|letters|c0,ar_execmode_ingest,AR,enacted,1,1.0,0.0,0.0,-3.7499969042889845,-0.7499999403953552
ar_execmode_ingest|i4|o0|letters|c1,ar_execmode_ingest,AR,enacted,1,1.0,0.0,0.0,-3.2500001266598204,-3.000000037252903
ar_execmode_ingest|i4|o0|numbers|c0,ar_execmode_ingest,AR,enacted,1,1.0,0.0,0.0,-3.8749988321221664,-0.8750000596046377
ar_execmode_ingest|i4|o0|numbers|c1,ar_execmode_ingest,AR,enacted,1,1.0,0.0,0.0,-3.5000003110617115,-3.1250000931322575
ar_execmode_ingest|i4|o1|letters|c0,ar_execmode_ingest,AR,enacted,1,1.0,1.0,1.0,0.7500002086162283,1.25
ar_execmode_ingest|i4|o1|letters|c1,ar_execmode_ingest,AR,enacted,1,0.0,1.0,0.0,1.249999642372238,-2.374999821186087
ar_execmode_ingest|i4|o1|numbers|c0,ar_execmode_ingest,AR,enacted,1,1.0,1.0,1.0,0.2500002384185507,1.25
ar_execmode_ingest|i4|o1|numbers|c1,ar_execmode_ingest,AR,enacted,1,0.0,1.0,0.0,0.9999999403953765,-1.999999731779127
ar_execmode_migration|i0|o0|letters|c0,ar_execmode_migration,AR,enacted,1,1.0,0.0,0.0,-3.1249877177942764,-0.375
ar_execmode_migration|i0|o0|letters|c1,ar_execmode_migration,AR,enacted,1,1.0,0.0,0.0,-2.500000193715067,-2.624999910593033
ar_execmode_migration|i0|o0|numbers|c0,ar_execmode_migration,AR,enacted,1,1.0,0.0,0.0,-2.7499956116184805,-0.5
ar_execmode_migration|i0|o0|numbers|c1,ar_execmode_migration,AR,enacted,1,1.0,0.0,0.0,-2.7500002905725935,-2.7500000931322575
ar_execmode_migration|i0|o1|letters|c0,ar_execmode_migration,AR,enacted,1,1.0,1.0,1.0,1.6250002533196906,1.9999999403953552
ar_execmode_migration|i0|o1|letters|c1,ar_execmode_migration,AR,enacted,1,0.0,1.0,0.0,1.4999976754220299,-1.1249998807907318
ar_execmode_migration|i0|o1|numbers|c0,ar_execmode_migration,AR,enacted,1,1.0,1.0,1.0,1.5000003427266506,2.0000001341104436
ar_execmode_migration|i0|o1|numbers|c1,ar_execmode_migration,AR,enacted,1,0.0,1.0,0.0,1.1249988675126517,-0.9999997317791269
ar_execmode_migration|i1|o0|letters|c0,ar_execmode_migration,AR,enacted,1,0.0,0.0,1.0,-2.874987814651824,0.37499988079073177
ar_execmode_migration|i1|o0|letters|c1,ar_execmode_migration,AR,enacted,1,1.0,0.0,0.0,-2.7500001192092824,-2.6250001043081284
ar_execmode_migration|i1|o0|numbers|c0,ar_execmode_migration,AR,enacted,1,0.0,0.0,1.0,-2.999997414652391,0.49999988079071755
ar_execmode_migration|i1|o0|numbers|c1,ar_execmode_migration,AR,enacted,1,1.0,0.0,0.0,-3.125000175088637,-2.6250001192092824
ar_execmode_migration|i1|o1|letters|c0,ar_execmode_migration,AR,enacted,1,1.0,1.0,1.0,1.8750002235174108,2.125000037252903
ar_execmode_migration|i1|o1|letters|c1,ar_execmode_migration,AR,enacted,1,0.0,1.0,0.0,1.7499984055771094,-1.4999997317791482
ar_execmode_migration|i1|o1|numbers|c0,ar_execmode_migration,AR,enacted,1,1.0,1.0,1.0,1.6250000596046377,2.1250002086162496
ar_execmode_migration|i1|o1|numbers|c1,ar_execmode_migration,AR,enacted,1,0.0,1.0,0.0,1.2499997317791482,-1.624999806284933
ar_execmode_migration|i2|o0|letters|c0,ar_execmode_migration,AR,enacted,1,0.0,0.0,1.0,-2.749983426325336,0.25
ar_execmode_migration|i2|o0|letters|c1,ar_execmode_migration,AR,enacted,1,1.0,0.0,0.0,-2.7500002346932675,-2.499999962747097
ar_execmode_migration|i2|o0|numbers|c0,ar_execmode_migration,AR,enacted,1,0.0,0.0,1.0,-2.749993957598228,0.24999988079071755
ar_execmode_migration|i2|o0|numbers|c1,ar_execmode_migration,AR,enacted,1,1.0,0.0,0.0,-2.8750000968575264,-2.6250000298023224
ar_execmode_migration|i2|o1|letters|c0,ar_execmode_migration,AR,enacted,1,1.0,1.0,1.0,1.6250001639127518,1.7499999701976776
ar_execmode_migration|i2|o1|letters|c1,ar_execmode_migration,AR,enacted,1,0.0,1.0,0.0,1.2499985396874465,-1.9999998509884094
ar_execmode_migration|i2|o1|numbers|c0,ar_execmode_migration,AR,enacted,1,1.0,1.0,1.0,1.5000001490116048,1.7500000447034836
ar_execmode_migration|i2|o1|numbers|c1,ar_execmode_migration,AR,enacted,1,0.0,1.0,0.0,1.1249992251400656,-1.7499997168779657
ar_execmode_migration|i3|o0|letters|c0,ar_execmode_migration,AR,enacted,1,1.0,0.0,0.0,-3.4999998416751836,-0.7499999701976776
ar_execmode_migration|i3|o0|letters|c1,ar_execmode_migration,AR,enacted,1,1.0,0.0,0.0,-2.6250000372528746,-2.8749998919665813
ar_execmode_migration|i3|o0|numbers|c0,ar_execmode_migration,AR,enacted,1,1.0,0.0,0.0,-3.0000000558793545,-0.5000000894069601
ar_execmode_migration|i3|o0|numbers|c1,ar_execmode_migration,AR,enacted,1,1.0,0.0,0.0,-2.375000178813913,-3.1250001080334187
ar_execmode_migration|i3|o1|letters|c0,ar_execmode_migration,AR,enacted,1,1.0,1.0,1.0,1.1250000894069458,2.1250001341104436
ar_execmode_migration|i3|o1|letters|c1,ar_execmode_migration,AR,enacted,1,0.0,1.0,0.0,2.2500001192092896,-1.375
ar_execmode_migration|i3|o1|numbers|c0,ar_execmode_migration,AR,enacted,1,1.0,1.0,1.0,0.6250001192092824,2.000000223517411
ar_execmode_migration|i3|o1|numbers|c1,ar_execmode_migration,AR,enacted,1,0.0,1.0,0.0,1.5000000745057989,-1.3749998956918787
ar_execmode_migration|i4|o0|letters|c0,ar_execmode_migration,AR,enacted,1,1.0,0.0,0.0,-2.499993063534923,0.125
ar_execmode_migration|i4|o0|letters|c1,ar_execmode_migration,AR,enacted,1,1.0,0.0,0.0,-2.4999998807907104,-2.625000014901161
ar_execmode_migration|i4|o0|numbers|c0,ar_execmode_migration,AR,enacted,1,0.0,0.0,1.0,-2.624997094278335,0.12499988079071755
ar_execmode_migration|i4|o0|numbers|c1,ar_execmode_migration,AR,enacted,1,1.0,0.0,0.0,-2.7500000223517347,-2.7499999664723873
ar_execmode_migration|i4|o1|letters|c0,ar_execmode_migration,AR,enacted,1,1.0,1.0,1.0,1.500000163912766,1.6249999701976776
ar_execmode_migration|i4|o1|letters|c1,ar_execmode_migration,AR,enacted,1,0.0,1.0,0.0,1.3749996125699155,-1.7499997913837717
ar_execmode_migration|i4|o1|numbers|c0,ar_execmode_migration,AR,enacted,1,1.0,1.0,1.0,1.3750001192092824,1.7500001043081213
ar_execmode_migration|i4|o1|numbers|c1,ar_execmode_migration,AR,enacted,1,0.0,1.0,0.0,1.2499998509884094,-1.49999991059304
ar_logformat_service|i0|o0|letters|c0,ar_logformat_service,AR,enacted,1,1.0,0.0,0.0,-5.250000274274477,-0.7500003576278118
ar_logformat_service|i0|o0|letters|c1,ar_logformat_service,AR,enacted,1,1.0,0.0,0.0,-4.12500290013395,-2.7500001043081284
ar_logformat_service|i0|o0|numbers|c0,ar_logformat_service,AR,enacted,1,1.0,0.0,0.0,-5.624999882886165,-0.8750002384185507
ar_logformat_service|i0|o0|numbers|c1,ar_logformat_service,AR,enacted,1,1.0,0.0,0.0,-4.125003481277872,-2.8749999031424522
ar_logformat_service|i0|o1|letters|c0,ar_logformat_service,AR,enacted,1,0.0,1.0,0.0,0.7500001788139059,-0.12500011920928245
ar_logformat_service|i0|o1|letters|c1,ar_logformat_service,AR,enacted,1,0.0,1.0,0.0,1.7499999254942153,-3.1249999552965164
ar_logformat_service|i0|o1|numbers|c0,ar_logformat_service,AR,enacted,1,0.0,1.0,0.0,0.25000011920928245,-1.1920928244535389e-07
ar_logformat_service|i0|o1|numbers|c1,ar_logformat_service,AR,enacted,1,0.0,1.0,0.0,1.6249995231629555,-3.375000014901161
ar_logformat_service|i1|o0|letters|c0,ar_logformat_service,AR,enacted,1,1.0,0.0,0.0,-4.625000081025121,-0.2500002384185507
ar_logformat_service|i1|o0|letters|c1,ar_logformat_service,AR,enacted,1,1.0,0.0,0.0,-3.750001600010819,-3.1250000596046235
ar_logformat_service|i1|o0|numbers|c0,ar_logformat_service,AR,enacted,1,1.0,0.0,0.0,-4.999999766703837,-0.2500002384185507
ar_logformat_service|i1|o0|numbers|c1,ar_logformat_service,AR,enacted,1,1.0,0.0,0.0,-3.875001665203513,-2.9999999329447746
ar_logformat_service|i1|o1|letters|c0,ar_logformat_service,AR,enacted,1,1.0,1.0,1.0,1.125000268220873,0.6249998211860728
ar_logformat_service|i1|o1|letters|c1,ar_logformat_service,AR,enacted,1,0.0,1.0,0.0,1.6249994784595216,-3.249999899417162
ar_logformat_service|i1|o1|numbers|c0,ar_logformat_service,AR,enacted,1,1.0,1.0,1.0,0.6250002682208731,0.49999988079071755
ar_logformat_service|i1|o1|numbers|c1,ar_logformat_service,AR,enacted,1,0.0,1.0,0.0,1.6249979287408607,-3.499999949708581
ar_logformat_service|i2|o0|letters|c0,ar_logformat_service,AR,enacted,1,1.0,0.0,0.0,-5.000000061001579,-0.5000003278254894
ar_logformat_service|i2|o0|letters|c1,ar_logformat_service,AR,enacted,1,1.0,0.0,0.0,-4.125002786512596,-3.1250000335275914
ar_logformat_service|i2|o0|numbers|c0,ar_logformat_service,AR,enacted,1,1.0,0.0,0.0,-5.625000035855919,-0.5000002384185507
ar_logformat_service|i2|o0|numbers|c1,ar_logformat_service,AR,enacted,1,1.0,0.0,0.0,-4.375006738096545,-3.1249999813735485
ar_logformat_service|i2|o1|letters|c0,ar_logformat_service,AR,enacted,1,1.0,1.0,1.0,1.1250003874301342,0.37499988079071755
ar_logformat_service|i2|o1|letters|c1,ar_logformat_service,AR,enacted,1,0.0,1.0,0.0,1.6249998062849542,-3.2500001043081284
ar_logformat_service|i2|o1|numbers|c0,ar_logformat_service,AR,enacted,1,1.0,1.0,1.0,0.7500002682208731,0.24999988079071755
ar_logformat_service|i2|o1|numbers|c1,ar_logformat_service,AR,enacted,1,0.0,1.0,0.0,1.8749995976687543,-3.624999914318323
ar_logformat_service|i3|o0|letters|c0,ar_logformat_service,AR,enacted,1,1.0,0.0,0.0,-3.999999964609735,-0.2500002384185507
ar_logformat_service|i3|o0|letters|c1,ar_logformat_service,AR,enacted,1,1.0,0.0,0.0,-3.375000957399152,-2.750000126659849
ar_logformat_service|i3|o0|numbers|c0,ar_logformat_service,AR,enacted,1,0.0,0.0,1.0,-4.624999783933163,0.12499976158144932
ar_logformat_service|i3|o0|numbers|c1,ar_logformat_service,AR,enacted,1,1.0,0.0,0.0,-3.0000010952347793,-2.6250001415610242
ar_logformat_service|i3|o1|letters|c0,ar_logformat_service,AR,enacted,1,1.0,1.0,1.0,0.8750001490115906,0.6249999403953552
ar_logformat_service|i3|o1|letters|c1,ar_logformat_service,AR,enacted,1,0.0,1.0,0.0,1.7500000149011612,-2.8750001154839993
ar_logformat_service|i3|o1|numbers|c0,ar_logformat_service,AR,enacted,1,1.0,1.0,1.0,0.37500011920928245,0.6249998807907176
ar_logformat_service|i3|o1|numbers|c1,ar_logformat_service,AR,enacted,1,0.0,1.0,0.0,1.3749995380641167,-3.6249998062849116
ar_logformat_service|i4|o0|letters|c0,ar_logformat_service,AR,enacted,1,1.0,0.0,0.0,-5.374999871477485,-0.2500002384185507
ar_logformat_service|i4|o0|letters|c1,ar_logformat_service,AR,enacted,1,1.0,0.0,0.0,-4.375000779516824,-2.9999999292194843
ar_logformat_service|i4|o0|numbers|c0,ar_logformat_service,AR,enacted,1,1.0,0.0,0.0,-5.874999976018472,-0.2500002384185507
ar_logformat_service|i4|o0|numbers|c1,ar_logformat_service,AR,enacted,1,1.0,0.0,0.0,-4.500000472180432,-2.8749999180436134
ar_logformat_service|i4|o1|letters|c0,ar_logformat_service,AR,enacted,1,1.0,1.0,1.0,1.2500000596046377,0.12499988079071755
ar_logformat_service|i4|o1|letters|c1,ar_logformat_service,AR,enacted,1,0.0,1.0,0.0,1.9999998360872482,-3.3749999925494194
ar_logformat_service|i4|o1|numbers|c0,ar_logformat_service,AR,enacted,1,0.0,1.0,0.0,1.0000001788139272,0.12499988079071755
ar_logformat_service|i4|o1|numbers|c1,ar_logformat_service,AR,enacted,1,0.0,1.0,0.0,2.1249994859100525,-3.624999901279807
ar_naming_config|i0|o0|letters|c0,ar_naming_config,AR,enacted,1,1.0,0.0,0.0,-3.4999983906823218,-6.125001851699665
ar_naming_config|i0|o0|letters|c1,ar_naming_config,AR,enacted,1,1.0,0.0,0.0,-2.750035158628407,-6.625000537838616
ar_naming_config|i0|o0|numbers|c0,ar_naming_config,AR,enacted,1,1.0,0.0,0.0,-3.5000001899888957,-8.250002608397182
ar_naming_config|i0|o0|numbers|c1,ar_naming_config,AR,enacted,1,1.0,0.0,0.0,-2.8750776021629463,-9.750000533560097
ar_naming_config|i0|o1|letters|c0,ar_naming_config,AR,enacted,1,1.0,1.0,1.0,0.37500262257799477,0.124999403954007
ar_naming_config|i0|o1|letters|c1,ar_naming_config,AR,enacted,1,0.0,1.0,0.0,0.6249961257090035,-1.8749997317794396
ar_naming_config|i0|o1|numbers|c0,ar_naming_config,AR,enacted,1,1.0,1.0,1.0,0.12501215923748532,0.24999916553551316
ar_naming_config|i0|o1|numbers|c1,ar_naming_config,AR,enacted,1,0.0,1.0,0.0,0.24999547006268585,-2.125000014901161
ar_naming_config|i1|o0|letters|c0,ar_naming_config,AR,enacted,1,1.0,0.0,0.0,-3.4999983552906997,-5.1250014007081575
ar_naming_config|i1|o0|letters|c1,ar_naming_config,AR,enacted,1,1.0,0.0,0.0,-3.125031299327702,-6.125000196043295
ar_naming_config|i1|o0|numbers|c0,ar_naming_config,AR,enacted,1,1.0,0.0,0.0,-3.2500035092107282,-7.3750017185207355
ar_naming_config|i1|o0|numbers|c1,ar_naming_config,AR,enacted,1,1.0,0.0,0.0,-3.500060273313238,-9.125000619634996
ar_naming_config|i1|o1|letters|c0,ar_naming_config,AR,enacted,1,0.0,1.0,0.0,0.24999642375178155,-2.3841846541472478e-07
ar_naming_config|i1|o1|letters|c1,ar_naming_config,AR,enacted,1,0.0,1.0,0.0,0.49999141697281857,-2.3749998658897766
ar_naming_config|i1|o1|numbers|c0,ar_naming_config,AR,enacted,1,0.0,1.0,0.0,0.3750056028063682,-0.12500047683695925
ar_naming_config|i1|o1|numbers|c1,ar_naming_config,AR,enacted,1,0.0,1.0,0.0,0.3749958276860639,-2.6249997839332764
ar_naming_config|i2|o0|letters|c0,ar_naming_config,AR,enacted,1,1.0,0.0,0.0,-3.2499958798530315,-5.37500285915624
ar_naming_config|i2|o0|letters|c1,ar_naming_config,AR,enacted,1,1.0,0.0,0.0,-2.3750600572752774,-5.00000056764091
ar_naming_config|i2|o0|numbers|c0,ar_naming_config,AR,enacted,1,1.0,0.0,0.0,-2.749998994176167,-6.875003626330482
ar_naming_config|i2|o0|numbers|c1,ar_naming_config,AR,enacted,1,1.0,0.0,0.0,-2.5000868922945756,-6.750000498373794
ar_naming_config|i2|o1|letters|c0,ar_naming_config,AR,enacted,1,0.0,1.0,0.0,4.7683261072961614e-07,-0.25000023841840857
ar_naming_config|i2|o1|letters|c1,ar_naming_config,AR,enacted,1,0.0,1.0,0.0,0.4999930560877601,-2.374999843537978
ar_naming_config|i2|o1|numbers|c0,ar_naming_config,AR,enacted,1,1.0,0.0,0.0,-0.12499380115059466,-0.6250005662437275
ar_naming_config|i2|o1|numbers|c1,ar_naming_config,AR,enacted,1,0.0,1.0,0.0,0.24999654293969797,-2.5000000298023224
ar_naming_config|i3|o0|letters|c0,ar_naming_config,AR,enacted,1,1.0,0.0,0.0,-4.7500002291042165,-6.625002077545162
ar_naming_config|i3|o0|letters|c1,ar_naming_config,AR,enacted,1,1.0,0.0,0.0,-2.750020902345568,-6.375000110478027
ar_naming_config|i3|o0|numbers|c0,ar_naming_config,AR,enacted,1,1.0,0.0,0.0,-4.750002101057589,-8.250002699725684
ar_naming_config|i3|o0|numbers|c1,ar_naming_config,AR,enacted,1,1.0,0.0,0.0,-2.750021110971602,-10.375000846193672
ar_naming_config|i3|o1|letters|c0,ar_naming_config,AR,enacted,1,1.0,0.0,0.0,-0.00013576946957982727,0.0
ar_naming_config|i3|o1|letters|c1,ar_naming_config,AR,enacted,1,0.0,1.0,0.0,1.2499924600458598,-2.3749997764828095
ar_naming_config|i3|o1|numbers|c0,ar_naming_config,AR,enacted,1,1.0,0.0,0.0,-0.25003242428556405,-0.12500047683687399
ar_naming_config|i3|o1|numbers|c1,ar_naming_config,AR,enacted,1,0.0,1.0,0.0,0.874996304522142,-2.499999925494194
ar_naming_config|i4|o0|letters|c0,ar_naming_config,AR,enacted,1,1.0,0.0,0.0,-3.8749955054599923,-5.37500107474537
ar_naming_config|i4|o0|letters|c1,ar_naming_config,AR,enacted,1,1.0,0.0,0.0,-3.375057684428782,-7.2500001203733575
ar_naming_config|i4|o0|numbers|c0,ar_naming_config,AR,enacted,1,1.0,0.0,0.0,-3.9999994859122125,-7.000001109902456
ar_naming_config|i4|o0|numbers|c1,ar_naming_config,AR,enacted,1,1.0,0.0,0.0,-3.7500541977462376,-9.499999898325683
ar_naming_config|i4|o1|letters|c0,ar_naming_config,AR,enacted,1,1.0,1.0,1.0,0.5000046193290473,0.37499952316304075
ar_naming_config|i4|o1|letters|c1,ar_naming_config,AR,enacted,1,0.0,1.0,0.0,0.6249769034819224,-2.3749997839332195
ar_naming_config|i4|o1|numbers|c0,ar_naming_config,AR,enacted,1,1.0,1.0,1.0,0.3750052451882766,0.24999952316304075
ar_naming_config|i4|o1|numbers|c1,ar_naming_config,AR,enacted,1,0.0,1.0,0.0,0.37498855598079217,-2.4999998211861225
ar_naming_parser|i0|o0|letters|c0,ar_naming_parser,AR,enacted,1,1.0,0.0,0.0,-4.374999060299615,-6.750002521901081
ar_naming_parser|i0|o0|letters|c1,ar_naming_parser,AR,enacted,1,1.0,0.0,0.0,-2.7500354491761527,-7.500000422645655
ar_naming_parser|i0|o0|numbers|c0,ar_naming_parser,AR,enacted,1,1.0,0.0,0.0,-4.250003387203378,-8.500003350078515
ar_naming_parser|i0|o0|numbers|c1,ar_naming_parser,AR,enacted,1,1.0,0.0,0.0,-3.2500874025868143,-10.000000386585754
ar_naming_parser|i0|o1|letters|c0,ar_naming_parser,AR,enacted,1,0.0,1.0,0.0,-3.576260496629402e-07,-0.37500023841840857
ar_naming_parser|i0|o1|letters|c1,ar_naming_parser,AR,enacted,1,0.0,1.0,0.0,0.8749957978849352,-2.1249994114045876
ar_naming_parser|i0|o1|numbers|c0,ar_naming_parser,AR,enacted,1,0.0,1.0,0.0,-0.12499392035692836,-0.3750003576276413
ar_naming_parser|i0|o1|numbers|c1,ar_naming_parser,AR,enacted,1,0.0,1.0,0.0,0.49999523164319726,-2.1249995455149815
ar_naming_parser|i1|o0|letters|c0,ar_naming_parser,AR,enacted,1,1.0,0.0,0.0,-3.2499988079125615,-5.500001780686773
ar_naming_parser|i1|o0|letters|c1,ar_naming_parser,AR,enacted,1,1.0,0.0,0.0,-2.1250477272302533,-6.875000772764508
ar_naming_parser|i1|o0|numbers|c0,ar_naming_parser,AR,enacted,1,1.0,0.0,0.0,-3.3750019594949663,-7.250002221317601
ar_naming_parser|i1|o0|numbers|c1,ar_naming_parser,AR,enacted,1,1.0,0.0,0.0,-2.7500605862300063,-10.62500037410021
ar_naming_parser|i1|o1|letters|c0,ar_naming_parser,AR,enacted,1,1.0,1.0,1.0,0.37500143050147017,0.6249998807907673
ar_naming_parser|i1|o1|letters|c1,ar_naming_parser,AR,enacted,1,0.0,1.0,0.0,0.8749952614463155,-1.6249996274712544
ar_naming_parser|i1|o1|numbers|c0,ar_naming_parser,AR,enacted,1,1.0,1.0,1.0,0.5000115930142783,0.8749998211861225
ar_naming_parser|i1|o1|numbers|c1,ar_naming_parser,AR,enacted,1,0.0,1.0,0.0,0.49999737740188266,-1.8749998360873974
ar_naming_parser|i2|o0|letters|c0,ar_naming_parser,AR,enacted,1,1.0,0.0,0.0,-4.375001240513939,-7.625003083894228
ar_naming_parser|i2|o0|letters|c1,ar_naming_parser,AR,enacted,1,1.0,0.0,0.0,-3.0000690197199447,-8.250000238942278
ar_naming_parser|i2|o0|numbers|c0,ar_naming_parser,AR,enacted,1,1.0,0.0,0.0,-4.000007290339454,-9.250004605932219
ar_naming_parser|i2|o0|numbers|c1,ar_naming_parser,AR,enacted,1,1.0,0.0,0.0,-3.5001118845979136,-10.625000612635318
ar_naming_parser|i2|o1|letters|c0,ar_naming_parser,AR,enacted,1,1.0,1.0,1.0,-2.7417945602792315e-06,0.625
ar_naming_parser|i2|o1|letters|c1,ar_naming_parser,AR,enacted,1,0.0,1.0,0.0,0.8749921918276868,-1.749999538064401
ar_naming_parser|i2|o1|numbers|c0,ar_naming_parser,AR,enacted,1,1.0,1.0,1.0,0.12500560280818718,0.24999976158153459
ar_naming_parser|i2|o1|numbers|c1,ar_naming_parser,AR,enacted,1,0.0,1.0,0.0,0.2499945163923485,-1.9999998062849613
ar_naming_parser|i3|o0|letters|c0,ar_naming_parser,AR,enacted,1,1.0,0.0,0.0,-4.749994164376858,-6.000002342970959
ar_naming_parser|i3|o0|letters|c1,ar_naming_parser,AR,enacted,1,1.0,0.0,0.0,-1.8750048726305977,-5.750000207684707
ar_naming_parser|i3|o0|numbers|c0,ar_naming_parser,AR,enacted,1,1.0,0.0,0.0,-4.749998494058673,-7.7500030019971575
ar_naming_parser|i3|o0|numbers|c1,ar_naming_parser,AR,enacted,1,1.0,0.0,0.0,-2.1250050812686823,-8.625000174069726
ar_naming_parser|i3|o1|letters|c0,ar_naming_parser,AR,enacted,1,1.0,0.0,0.0,-0.12503600046966312,-2.3841840857130592e-07
ar_naming_parser|i3|o1|letters|c1,ar_naming_parser,AR,enacted,1,0.0,1.0,0.0,1.4999788107921859,-1.9999995529654484
ar_naming_parser|i3|o1|numbers|c0,ar_naming_parser,AR,enacted,1,1.0,0.0,0.0,-0.2500033378497619,-0.37500047683681714
ar_naming_parser|i3|o1|numbers|c1,ar_naming_parser,AR,enacted,1,0.0,1.0,0.0,0.9999920726210121,-2.2499996274712544
ar_naming_parser|i4|o0|letters|c0,ar_naming_parser,AR,enacted,1,1.0,0.0,0.0,-3.624994225835735,-4.375001762060748
ar_naming_parser|i4|o0|letters|c1,ar_naming_parser,AR,enacted,1,1.0,0.0,0.0,-3.2500355125414444,-6.500000395695565
ar_naming_parser|i4|o0|numbers|c0,ar_naming_parser,AR,enacted,1,1.0,0.0,0.0,-3.2499975152425122,-6.000001720383835
ar_naming_parser|i4|o0|numbers|c1,ar_naming_parser,AR,enacted,1,1.0,0.0,0.0,-3.6250423686725526,-9.37500075364352
ar_naming_parser|i4|o1|letters|c0,ar_naming_parser,AR,enacted,1,1.0,1.0,1.0,0.7500062286485445,0.6249997019770035
ar_naming_parser|i4|o1|letters|c1,ar_naming_parser,AR,enacted,1,0.0,1.0,0.0,1.3749879599458836,-1.7499994933608605
ar_naming_parser|i4|o1|numbers|c0,ar_naming_parser,AR,enacted,1,1.0,1.0,1.0,0.7500041723110371,0.49999952316304075
ar_naming_parser|i4|o1|numbers|c1,ar_naming_parser,AR,enacted,1,0.0,1.0,0.0,0.8749926388604763,-1.8749996572734062
ar_naming_serializer|i0|o0|letters|c0,ar_naming_serializer,AR,enacted,1,1.0,0.0,0.0,-3.5000015199120753,-4.50000215600906
ar_naming_serializer|i0|o0|letters|c1,ar_naming_serializer,AR,enacted,1,1.0,0.0,0.0,-2.0000337802839567,-6.000000720377699
ar_naming_serializer|i0|o0|numbers|c0,ar_naming_serializer,AR,enacted,1,1.0,0.0,0.0,-3.3750076963847278,-6.500002414333501
ar_naming_serializer|i0|o0|numbers|c1,ar_naming_serializer,AR,enacted,1,1.0,0.0,0.0,-2.500076022749113,-9.125001218635049
ar_naming_serializer|i0|o1|letters|c0,ar_naming_serializer,AR,enacted,1,0.0,1.0,0.0,0.12499034414486232,-0.12500011920917586
ar_naming_serializer|i0|o1|letters|c1,ar_naming_serializer,AR,enacted,1,0.0,1.0,0.0,0.37499332430923005,-1.874999672174738
ar_naming_serializer|i0|o1|numbers|c0,ar_naming_serializer,AR,enacted,1,0.0,1.0,0.0,0.1250047683433877,-0.12500047683687399
ar_naming_serializer|i0|o1|numbers|c1,ar_naming_serializer,AR,enacted,1,1.0,0.0,0.0,-0.1250059604396938,-2.124999642372302
ar_naming_serializer|i1|o0|letters|c0,ar_naming_serializer,AR,enacted,1,1.0,0.0,0.0,-4.124997206047283,-5.250002011188855
ar_naming_serializer|i1|o0|letters|c1,ar_naming_serializer,AR,enacted,1,1.0,0.0,0.0,-2.3750768943727962,-6.375000376021177
ar_naming_serializer|i1|o0|numbers|c0,ar_naming_serializer,AR,enacted,1,1.0,0.0,0.0,-4.37500127031808,-7.250002766372752
ar_naming_serializer|i1|o0|numbers|c1,ar_naming_serializer,AR,enacted,1,1.0,0.0,0.0,-3.000125996172187,-9.625001090636516
ar_naming_serializer|i1|o1|letters|c0,ar_naming_serializer,AR,enacted,1,1.0,1.0,1.0,0.375003814629963,0.8749999105930897
ar_naming_serializer|i1|o1|letters|c1,ar_naming_serializer,AR,enacted,1,0.0,1.0,0.0,0.8749887645976742,-1.374999597668932
ar_naming_serializer|i1|o1|numbers|c0,ar_naming_serializer,AR,enacted,1,1.0,1.0,1.0,0.3750262256339738,0.9999998807907673
ar_naming_serializer|i1|o1|numbers|c1,ar_naming_serializer,AR,enacted,1,0.0,1.0,0.0,0.6249890924204919,-1.4999999105930897
ar_naming_serializer|i2|o0|letters|c0,ar_naming_serializer,AR,enacted,1,1.0,0.0,0.0,-4.12500138393807,-7.125002916548539
ar_naming_serializer|i2|o0|letters|c1,ar_naming_serializer,AR,enacted,1,1.0,0.0,0.0,-3.125144064995311,-7.6250004469763155
ar_naming_serializer|i2|o0|numbers|c0,ar_naming_serializer,AR,enacted,1,1.0,0.0,0.0,-3.5000050440103223,-8.37500425401052
ar_naming_serializer|i2|o0|numbers|c1,ar_naming_serializer,AR,enacted,1,1.0,0.0,0.0,-3.3752342893573086,-9.500000855405034
ar_naming_serializer|i2|o1|letters|c0,ar_naming_serializer,AR,enacted,1,0.0,1.0,0.0,0.12498617189794459,0.12499976158153459
ar_naming_serializer|i2|o1|letters|c1,ar_naming_serializer,AR,enacted,1,0.0,1.0,0.0,0.2499938011408176,-2.249999597668932
ar_naming_serializer|i2|o1|numbers|c0,ar_naming_serializer,AR,enacted,1,1.0,0.0,0.0,-0.1249947548203636,-0.250000476836874
ar_naming_serializer|i2|o1|numbers|c1,ar_naming_serializer,AR,enacted,1,1.0,0.0,0.0,-0.5000088512445018,-2.3749998062849613
ar_naming_serializer|i3|o0|letters|c0,ar_naming_serializer,AR,enacted,1,1.0,0.0,0.0,-6.000002003964255,-7.875004113177972
ar_naming_serializer|i3|o0|letters|c1,ar_naming_serializer,AR,enacted,1,1.0,0.0,0.0,-2.875012155486729,-7.000000661587961
ar_naming_serializer|i3|o0|numbers|c0,ar_naming_serializer,AR,enacted,1,1.0,0.0,0.0,-6.000003469862122,-9.125004913049914
ar_naming_serializer|i3|o0|numbers|c1,ar_naming_serializer,AR,enacted,1,1.0,0.0,0.0,-2.75001023702589,-10.500000838742842
ar_naming_serializer|i3|o1|letters|c0,ar_naming_serializer,AR,enacted,1,1.0,1.0,1.0,-0.0003786553595546138,0.12499976158153459
ar_naming_serializer|i3|o1|letters|c1,ar_naming_serializer,AR,enacted,1,0.0,1.0,0.0,1.8749898225657944,-2.874999735504616
ar_naming_serializer|i3|o1|numbers|c0,ar_naming_serializer,AR,enacted,1,1.0,0.0,0.0,-0.2500237223366639,-5.960461351151025e-07
ar_naming_serializer|i3|o1|numbers|c1,ar_naming_serializer,AR,enacted,1,0.0,1.0,0.0,1.249994814412105,-3.3750000670551685
ar_naming_serializer|i4|o0|letters|c0,ar_naming_serializer,AR,enacted,1,1.0,0.0,0.0,-4.124998712920387,-7.125002900017336
ar_naming_serializer|i4|o0|letters|c1,ar_naming_serializer,AR,enacted,1,1.0,0.0,0.0,-3.3750694145788884,-7.750000524741637
ar_naming_serializer|i4|o0|numbers|c0,ar_naming_serializer,AR,enacted,1,1.0,0.0,0.0,-3.8750019706667445,-10.000005258452354
ar_naming_serializer|i4|o0|numbers|c1,ar_naming_serializer,AR,enacted,1,1.0,0.0,0.0,-3.7500992367424715,-11.937501313768081
ar_naming_serializer|i4|o1|letters|c0,ar_naming_serializer,AR,enacted,1,0.0,1.0,0.0,-6.6756820160662755e-06,-0.375000476836874
ar_naming_serializer|i4|o1|letters|c1,ar_naming_serializer,AR,enacted,1,1.0,0.0,0.0,-0.1250151394562522,-2.624999865889663
ar_naming_serializer|i4|o1|numbers|c0,ar_naming_serializer,AR,enacted,1,0.0,1.0,0.0,-1.1920899396500317e-06,-0.6250006556506662
ar_naming_serializer|i4|o1|numbers|c1,ar_naming_serializer,AR,enacted,1,1.0,0.0,0.0,-0.8750098347137509,-3.000000063329935
ar_seed_benchmark|i0|o0|letters|c0,ar_seed_benchmark,AR,enacted,1,1.0,0.0,0.0,-1.7499994933608036,-0.12500047683699478
ar_seed_benchmark|i0|o0|letters|c1,ar_seed_benchmark,AR,enacted,1,1.0,0.0,0.0,-1.875000283121949,-1.1250003278254397
ar_seed_benchmark|i0|o0|numbers|c0,ar_seed_benchmark,AR,enacted,1,1.0,0.0,0.0,-1.7499997913838286,-0.12500047683699478
ar_seed_benchmark|i0|o0|numbers|c1,ar_seed_benchmark,AR,enacted,1,1.0,0.0,0.0,-2.000000014901161,-1.3750003427266009
ar_seed_benchmark|i0|o1|letters|c0,ar_seed_benchmark,AR,enacted,1,1.0,1.0,1.0,1.7500003129242145,0.8750003278254397
ar_seed_benchmark|i0|o1|letters|c1,ar_seed_benchmark,AR,enacted,1,0.0,1.0,0.0,1.6249998360872837,-0.12499928474459665
ar_seed_benchmark|i0|o1|numbers|c0,ar_seed_benchmark,AR,enacted,1,1.0,1.0,1.0,1.8750006258485499,1.1250002384185294
ar_seed_benchmark|i0|o1|numbers|c1,ar_seed_benchmark,AR,enacted,1,0.0,1.0,0.0,1.6250000894069387,-0.12499964237223793
ar_seed_benchmark|i1|o0|letters|c0,ar_seed_benchmark,AR,enacted,1,1.0,0.0,0.0,-0.9999993443493338,-0.25000035762776207
ar_seed_benchmark|i1|o0|letters|c1,ar_seed_benchmark,AR,enacted,1,1.0,0.0,0.0,-1.5000001639127163,-1.7500001341104294
ar_seed_benchmark|i1|o0|numbers|c0,ar_seed_benchmark,AR,enacted,1,1.0,0.0,0.0,-1.1249997019769182,-0.37500023841852936
ar_seed_benchmark|i1|o0|numbers|c1,ar_seed_benchmark,AR,enacted,1,1.0,0.0,0.0,-1.875000029802294,-1.8750004172324068
ar_seed_benchmark|i1|o1|letters|c0,ar_seed_benchmark,AR,enacted,1,1.0,1.0,1.0,1.5000003874300205,1.375000208616207
ar_seed_benchmark|i1|o1|letters|c1,ar_seed_benchmark,AR,enacted,1,1.0,1.0,1.0,1.2499993741514501,7.152554033496017e-07
ar_seed_benchmark|i1|o1|numbers|c0,ar_seed_benchmark,AR,enacted,1,1.0,1.0,1.0,1.7500005066393172,1.5000003427266009
ar_seed_benchmark|i1|o1|numbers|c1,ar_seed_benchmark,AR,enacted,1,1.0,1.0,1.0,1.1249997615814706,3.576277620709334e-07
ar_seed_benchmark|i2|o0|letters|c0,ar_seed_benchmark,AR,enacted,1,1.0,0.0,0.0,-1.6249989569195975,-0.37500035762776207
ar_seed_benchmark|i2|o0|letters|c1,ar_seed_benchmark,AR,enacted,1,1.0,0.0,0.0,-1.8750001639126594,-1.2500000596046235
ar_seed_benchmark|i2|o0|numbers|c0,ar_seed_benchmark,AR,enacted,1,1.0,0.0,0.0,-1.6249994486573485,-0.25000035762776207
ar_seed_benchmark|i2|o0|numbers|c1,ar_seed_benchmark,AR,enacted,1,1.0,0.0,0.0,-2.2500000596046164,-1.500000283122013
ar_seed_benchmark|i2|o1|letters|c0,ar_seed_benchmark,AR,enacted,1,1.0,1.0,1.0,1.8750003725288593,0.8750001788138846
ar_seed_benchmark|i2|o1|letters|c1,ar_seed_benchmark,AR,enacted,1,0.0,1.0,0.0,1.6249995976687899,-0.12499880790800688
ar_seed_benchmark|i2|o1|numbers|c0,ar_seed_benchmark,AR,enacted,1,1.0,1.0,1.0,2.250000394880608,1.1250003278254397
ar_seed_benchmark|i2|o1|numbers|c1,ar_seed_benchmark,AR,enacted,1,0.0,1.0,0.0,1.624999791383793,-0.12499940395377251
ar_seed_benchmark|i3|o0|letters|c0,ar_seed_benchmark,AR,enacted,1,1.0,0.0,0.0,-1.874999672174539,-0.7500003874300845
ar_seed_benchmark|i3|o0|letters|c1,ar_seed_benchmark,AR,enacted,1,1.0,0.0,0.0,-1.6250006705518274,-1.1250002980231741
ar_seed_benchmark|i3|o0|numbers|c0,ar_seed_benchmark,AR,enacted,1,1.0,0.0,0.0,-1.7499997317791482,-0.6250003874301342
ar_seed_benchmark|i3|o0|numbers|c1,ar_seed_benchmark,AR,enacted,1,1.0,0.0,0.0,-1.875000461935855,-1.3750002682208518
ar_seed_benchmark|i3|o1|letters|c0,ar_seed_benchmark,AR,enacted,1,1.0,1.0,1.0,1.6250011026850473,0.7500006556507586
ar_seed_benchmark|i3|o1|letters|c1,ar_seed_benchmark,AR,enacted,1,1.0,1.0,1.0,2.124999657273399,0.250001311301169
ar_seed_benchmark|i3|o1|numbers|c0,ar_seed_benchmark,AR,enacted,1,1.0,1.0,1.0,1.7500005662438127,1.1250005066393172
ar_seed_benchmark|i3|o1|numbers|c1,ar_seed_benchmark,AR,enacted,1,1.0,1.0,1.0,1.8749999850988388,0.25000035762776207
ar_seed_benchmark|i4|o0|letters|c0,ar_seed_benchmark,AR,enacted,1,1.0,0.0,0.0,-1.3749995529653631,-0.12500023841852936
ar_seed_benchmark|i4|o0|letters|c1,ar_seed_benchmark,AR,enacted,1,1.0,0.0,0.0,-1.8749996572734062,-1.1250001490115906
ar_seed_benchmark|i4|o0|numbers|c0,ar_seed_benchmark,AR,enacted,1,1.0,0.0,0.0,-1.374999716877987,-0.1250003576278118
ar_seed_benchmark|i4|o0|numbers|c1,ar_seed_benchmark,AR,enacted,1,1.0,0.0,0.0,-2.125000141561003,-1.2500002384185294
ar_seed_benchmark|i4|o1|letters|c0,ar_seed_benchmark,AR,enacted,1,1.0,1.0,1.0,2.000000119209261,0.8750002384185294
ar_seed_benchmark|i4|o1|letters|c1,ar_seed_benchmark,AR,enacted,1,0.0,1.0,0.0,1.6249997615815062,-0.12499952316300522
ar_seed_benchmark|i4|o1|numbers|c0,ar_seed_benchmark,AR,enacted,1,1.0,1.0,1.0,2.1250002384184725,1.1250001192092682
ar_seed_benchmark|i4|o1|numbers|c1,ar_seed_benchmark,AR,enacted,1,0.0,1.0,0.0,1.3749998658895706,-0.12499964237223793
ar_taskorder_setup|i0|o0|letters|c0,ar_taskorder_setup,AR,enacted,1,1.0,0.0,0.0,-1.7499997466803094,-0.37500023841852936
ar_taskorder_setup|i0|o0|letters|c1,ar_taskorder_setup,AR,enacted,1,1.0,0.0,0.0,-2.3750003650782787,-1.9999997615814422
ar_taskorder_setup|i0|o0|numbers|c0,ar_taskorder_setup,AR,enacted,1,1.0,0.0,0.0,-1.4999998509884094,-0.37500023841849384
ar_taskorder_setup|i0|o0|numbers|c1,ar_taskorder_setup,AR,enacted,1,1.0,0.0,0.0,-2.500000014901161,-2.2499997988343736
ar_taskorder_setup|i0|o1|letters|c0,ar_taskorder_setup,AR,enacted,1,0.0,1.0,0.0,0.7500007748598136,0.0
ar_taskorder_setup|i0|o1|letters|c1,ar_taskorder_setup,AR,enacted,1,1.0,0.0,0.0,-0.12500035762772654,-1.7499997466803094
ar_taskorder_setup|i0|o1|numbers|c0,ar_taskorder_setup,AR,enacted,1,1.0,1.0,1.0,0.8750008344644868,0.375
ar_taskorder_setup|i0|o1|numbers|c1,ar_taskorder_setup,AR,enacted,1,1.0,0.0,0.0,-0.37500023841849384,-1.6249995976687543
ar_taskorder_setup|i1|o0|letters|c0,ar_taskorder_setup,AR,enacted,1,1.0,0.0,0.0,-2.6250001490115835,-1.1250001192092611
ar_taskorder_setup|i1|o0|letters|c1,ar_taskorder_setup,AR,enacted,1,1.0,0.0,0.0,-3.1250168754159517,-2.2499999925494407
ar_taskorder_setup|i1|o0|numbers|c0,ar_taskorder_setup,AR,enacted,1,1.0,0.0,0.0,-2.3750002384185294,-1.375000283122013
ar_taskorder_setup|i1|o0|numbers|c1,ar_taskorder_setup,AR,enacted,1,1.0,0.0,0.0,-3.3750037513591735,-2.499999880790739
ar_taskorder_setup|i1|o1|letters|c0,ar_taskorder_setup,AR,enacted,1,0.0,1.0,0.0,0.7500029206222507,-0.49999988079073177
ar_taskorder_setup|i1|o1|letters|c1,ar_taskorder_setup,AR,enacted,1,1.0,0.0,0.0,-0.3749997615815346,-1.374999716877987
ar_taskorder_setup|i1|o1|numbers|c0,ar_taskorder_setup,AR,enacted,1,0.0,1.0,0.0,0.8750025033910447,-0.25
ar_taskorder_setup|i1|o1|numbers|c1,ar_taskorder_setup,AR,enacted,1,1.0,0.0,0.0,-0.3749995231630052,-1.2499999701976776
ar_taskorder_setup|i2|o0|letters|c0,ar_taskorder_setup,AR,enacted,1,1.0,0.0,0.0,-2.624999821186094,-0.37500011920926823
ar_taskorder_setup|i2|o0|letters|c1,ar_taskorder_setup,AR,enacted,1,1.0,0.0,0.0,-2.625000536441604,-1.6249996870756718
ar_taskorder_setup|i2|o0|numbers|c0,ar_taskorder_setup,AR,enacted,1,1.0,0.0,0.0,-2.5000002235173966,-0.37500011920926113
ar_taskorder_setup|i2|o0|numbers|c1,ar_taskorder_setup,AR,enacted,1,1.0,0.0,0.0,-2.750000067055197,-1.8749993443491348
ar_taskorder_setup|i2|o1|letters|c0,ar_taskorder_setup,AR,enacted,1,0.0,1.0,0.0,1.0000014901147836,-0.125
ar_taskorder_setup|i2|o1|letters|c1,ar_taskorder_setup,AR,enacted,1,0.0,1.0,0.0,1.0000001192092327,-0.8749994933606828
ar_taskorder_setup|i2|o1|numbers|c0,ar_taskorder_setup,AR,enacted,1,0.0,1.0,0.0,1.0000015199168786,0.125
ar_taskorder_setup|i2|o1|numbers|c1,ar_taskorder_setup,AR,enacted,1,0.0,1.0,0.0,0.5000001192092327,-0.8749996721745603
ar_taskorder_setup|i3|o0|letters|c0,ar_taskorder_setup,AR,enacted,1,1.0,0.0,0.0,-2.875000171363304,-0.125
ar_taskorder_setup|i3|o0|letters|c1,ar_taskorder_setup,AR,enacted,1,1.0,0.0,0.0,-2.5000044628864373,-1.9999997168779942
ar_taskorder_setup|i3|o0|numbers|c0,ar_taskorder_setup,AR,enacted,1,1.0,0.0,0.0,-2.375000230967977,-0.12499928474468902
ar_taskorder_setup|i3|o0|numbers|c1,ar_taskorder_setup,AR,enacted,1,1.0,0.0,0.0,-2.625002458688215,-2.1249991804365607
ar_taskorder_setup|i3|o1|letters|c0,ar_taskorder_setup,AR,enacted,1,1.0,1.0,1.0,1.2500080763939536,0.5
ar_taskorder_setup|i3|o1|letters|c1,ar_taskorder_setup,AR,enacted,1,0.0,1.0,0.0,1.1250006556508723,-1.1249997615814706
ar_taskorder_setup|i3|o1|numbers|c0,ar_taskorder_setup,AR,enacted,1,1.0,1.0,1.0,1.375007867780397,0.7499999701976776
ar_taskorder_setup|i3|o1|numbers|c1,ar_taskorder_setup,AR,enacted,1,0.0,1.0,0.0,0.3750005960461351,-0.9999994933606331
ar_taskorder_setup|i4|o0|letters|c0,ar_taskorder_setup,AR,enacted,1,1.0,0.0,0.0,-2.000000119209261,-0.12499988079073177
ar_taskorder_setup|i4|o0|letters|c1,ar_taskorder_setup,AR,enacted,1,1.0,0.0,0.0,-2.6250023767307766,-1.7499998807907318
ar_taskorder_setup|i4|o0|numbers|c0,ar_taskorder_setup,AR,enacted,1,1.0,0.0,0.0,-2.000000163912752,-0.37500011920926823
ar_taskorder_setup|i4|o0|numbers|c1,ar_taskorder_setup,AR,enacted,1,1.0,0.0,0.0,-3.0000005885954693,-1.8749996125699155
ar_taskorder_setup|i4|o1|letters|c0,ar_taskorder_setup,AR,enacted,1,0.0,1.0,0.0,1.1249991953404788,-0.25
ar_taskorder_setup|i4|o1|letters|c1,ar_taskorder_setup,AR,enacted,1,0.0,1.0,0.0,0.375000596045993,-0.8749998807907318
ar_taskorder_setup|i4|o1|numbers|c0,ar_taskorder_setup,AR,enacted,1,0.0,1.0,0.0,1.250002294774049,0.0
ar_taskorder_setup|i4|o1|numbers|c1,ar_taskorder_setup,AR,enacted,1,1.0,0.0,0.0,-0.12499940395386488,-0.8749999105930542
ar_testfix_suite|i0|o0|letters|c0,ar_testfix_suite,AR,enacted,1,1.0,0.0,0.0,-3.624999346211773,-0.8750007450576334
ar_testfix_suite|i0|o0|letters|c1,ar_testfix_suite,AR,enacted,1,1.0,0.0,0.0,-2.750000193714925,-2.625000163912688
ar_testfix_suite|i0|o0|numbers|c0,ar_testfix_suite,AR,enacted,1,1.0,0.0,0.0,-3.499999726191213,-1.1250005066393172
ar_testfix_suite|i0|o0|numbers|c1,ar_testfix_suite,AR,enacted,1,1.0,0.0,0.0,-3.125000204890881,-2.7500002607702143
ar_testfix_suite|i0|o1|letters|c0,ar_testfix_suite,AR,enacted,1,1.0,0.0,0.0,-0.125,-0.37499976158147064
ar_testfix_suite|i0|o1|letters|c1,ar_testfix_suite,AR,enacted,1,0.0,1.0,0.0,0.12499725819085938,-2.2499994263056067
ar_testfix_suite|i0|o1|numbers|c0,ar_testfix_suite,AR,enacted,1,0.0,1.0,0.0,0.3750001192092327,-0.24999988079073887
ar_testfix_suite|i0|o1|numbers|c1,ar_testfix_suite,AR,enacted,1,0.0,1.0,0.0,0.12499845028059298,-2.3749997615815275
ar_testfix_suite|i1|o0|letters|c0,ar_testfix_suite,AR,enacted,1,1.0,0.0,0.0,-2.7499954179042945,-0.37500035762776207
ar_testfix_suite|i1|o0|letters|c1,ar_testfix_suite,AR,enacted,1,1.0,0.0,0.0,-2.0000001192092327,-2.250000126659849
ar_testfix_suite|i1|o0|numbers|c0,ar_testfix_suite,AR,enacted,1,1.0,0.0,0.0,-2.374998949468811,-0.3750004768370445
ar_testfix_suite|i1|o0|numbers|c1,ar_testfix_suite,AR,enacted,1,1.0,0.0,0.0,-2.0000002831219774,-2.2500001341104294
ar_testfix_suite|i1|o1|letters|c0,ar_testfix_suite,AR,enacted,1,0.0,0.0,1.0,-0.5000003576273002,0.375
ar_testfix_suite|i1|o1|letters|c1,ar_testfix_suite,AR,enacted,1,1.0,0.0,0.0,0.12497067495129954,-1.7499996721745603
ar_testfix_suite|i1|o1|numbers|c0,ar_testfix_suite,AR,enacted,1,1.0,1.0,1.0,0.37500083446448684,0.8750001192092682
ar_testfix_suite|i1|o1|numbers|c1,ar_testfix_suite,AR,enacted,1,0.0,1.0,0.0,0.37499380113694514,-1.87499958276765
ar_testfix_suite|i2|o0|letters|c0,ar_testfix_suite,AR,enacted,1,1.0,0.0,0.0,-3.374998562039302,-0.7500005364414903
ar_testfix_suite|i2|o0|letters|c1,ar_testfix_suite,AR,enacted,1,1.0,0.0,0.0,-2.499999731779326,-2.500000216066809
ar_testfix_suite|i2|o0|numbers|c0,ar_testfix_suite,AR,enacted,1,1.0,0.0,0.0,-3.3749993927780153,-0.62500041723235
ar_testfix_suite|i2|o0|numbers|c1,ar_testfix_suite,AR,enacted,1,1.0,0.0,0.0,-3.000000216066752,-2.8750001341104294
ar_testfix_suite|i2|o1|letters|c0,ar_testfix_suite,AR,enacted,1,0.0,0.0,1.0,-0.3750076293569009,0.37500023841852936
ar_testfix_suite|i2|o1|letters|c1,ar_testfix_suite,AR,enacted,1,0.0,1.0,0.0,0.12492502018719165,-1.8749997168781078
ar_testfix_suite|i2|o1|numbers|c0,ar_testfix_suite,AR,enacted,1,1.0,1.0,1.0,0.12499868869963393,0.6249999403953552
ar_testfix_suite|i2|o1|numbers|c1,ar_testfix_suite,AR,enacted,1,0.0,1.0,0.0,0.24996888686652596,-1.9999994486573485
ar_testfix_suite|i3|o0|letters|c0,ar_testfix_suite,AR,enacted,1,1.0,0.0,0.0,-3.8749888372321664,-0.7500003874300845
ar_testfix_suite|i3|o0|letters|c1,ar_testfix_suite,AR,enacted,1,1.0,0.0,0.0,-2.3749999180436134,-2.3750001713633253
ar_testfix_suite|i3|o0|numbers|c0,ar_testfix_suite,AR,enacted,1,1.0,0.0,0.0,-3.6249959133656304,-0.6250002384185294
ar_testfix_suite|i3|o0|numbers|c1,ar_testfix_suite,AR,enacted,1,1.0,0.0,0.0,-2.500000394880608,-2.5000000223517205
ar_testfix_suite|i3|o1|letters|c0,ar_testfix_suite,AR,enacted,1,1.0,1.0,1.0,0.6250010132774833,0.8750000894069458
ar_testfix_suite|i3|o1|letters|c1,ar_testfix_suite,AR,enacted,1,0.0,1.0,0.0,1.3749756965133884,-0.8749992251399519
ar_testfix_suite|i3|o1|numbers|c0,ar_testfix_suite,AR,enacted,1,1.0,1.0,1.0,0.7500008046620792,1.0000002682208518
ar_testfix_suite|i3|o1|numbers|c1,ar_testfix_suite,AR,enacted,1,0.0,1.0,0.0,0.8749914467742883,-1.3749992996456513
ar_testfix_suite|i4|o0|letters|c0,ar_testfix_suite,AR,enacted,1,1.0,0.0,0.0,-2.999998152258051,-1.000000357627762
ar_testfix_suite|i4|o0|letters|c1,ar_testfix_suite,AR,enacted,1,1.0,0.0,0.0,-2.374999776482639,-2.3750000745057775
ar_testfix_suite|i4|o0|numbers|c0,ar_testfix_suite,AR,enacted,1,1.0,0.0,0.0,-3.1249990276997934,-1.1250003874300845
ar_testfix_suite|i4|o0|numbers|c1,ar_testfix_suite,AR,enacted,1,1.0,0.0,0.0,-3.000000163912688,-2.6250003278254965
ar_testfix_suite|i4|o1|letters|c0,ar_testfix_suite,AR,enacted,1,1.0,1.0,1.0,0.7499912381631475,0.8749999701976776
ar_testfix_suite|i4|o1|letters|c1,ar_testfix_suite,AR,enacted,1,0.0,1.0,0.0,1.374968737858552,-0.7499996423722735
ar_testfix_suite|i4|o1|numbers|c0,ar_testfix_suite,AR,enacted,1,1.0,1.0,1.0,0.9999993145473809,1.1250001192092682
ar_testfix_suite|i4|o1|numbers|c1,ar_testfix_suite,AR,enacted,1,0.0,1.0,0.0,1.4999862463255056,-0.8749996423722735
ar_traversal_indexer|i0|o0|letters|c0,ar_traversal_indexer,AR,enacted,1,0.0,0.0,1.0,-1.7499997913837717,0.4999996721745106
ar_traversal_indexer|i0|o0|letters|c1,ar_traversal_indexer,AR,enacted,1,1.0,0.0,0.0,-2.0000004023312954,-1.8749999105930328
ar_traversal_indexer|i0|o0|numbers|c0,ar_traversal_indexer,AR,enacted,1,0.0,0.0,1.0,-1.1250000298023224,0.49999964237223793
ar_traversal_indexer|i0|o0|numbers|c1,ar_traversal_indexer,AR,enacted,1,1.0,0.0,0.0,-2.3750003129243566,-1.8749998807907318
ar_traversal_indexer|i0|o1|letters|c0,ar_traversal_indexer,AR,enacted,1,1.0,1.0,1.0,2.125000372528973,1.874999985098846
ar_traversal_indexer|i0|o1|letters|c1,ar_traversal_indexer,AR,enacted,1,0.0,1.0,0.0,1.8750000298023153,-0.6249999105930542
ar_traversal_indexer|i0|o1|numbers|c0,ar_traversal_indexer,AR,enacted,1,1.0,1.0,1.0,2.3750001490115835,1.999999821186094
ar_traversal_indexer|i0|o1|numbers|c1,ar_traversal_indexer,AR,enacted,1,0.0,1.0,0.0,1.4999999403953552,-0.6249998807907318
ar_traversal_indexer|i1|o0|letters|c0,ar_traversal_indexer,AR,enacted,1,0.0,0.0,1.0,-1.7499997615814706,0.3749997615814493
ar_traversal_indexer|i1|o0|letters|c1,ar_traversal_indexer,AR,enacted,1,1.0,0.0,0.0,-2.375000357627812,-2.374999925494194
ar_traversal_indexer|i1|o0|numbers|c0,ar_traversal_indexer,AR,enacted,1,0.0,0.0,1.0,-1.3749999403953623,0.12499976158147064
ar_traversal_indexer|i1|o0|numbers|c1,ar_traversal_indexer,AR,enacted,1,1.0,0.0,0.0,-2.500000260770264,-2.499999828636696
ar_traversal_indexer|i1|o1|letters|c0,ar_traversal_indexer,AR,enacted,1,1.0,1.0,1.0,2.5000003874300774,1.9999998658895564
ar_traversal_indexer|i1|o1|letters|c1,ar_traversal_indexer,AR,enacted,1,0.0,1.0,0.0,1.7500001490116048,-0.6249998807907318
ar_traversal_indexer|i1|o1|numbers|c0,ar_traversal_indexer,AR,enacted,1,1.0,1.0,1.0,2.625000387430134,2.2499996498227404
ar_traversal_indexer|i1|o1|numbers|c1,ar_traversal_indexer,AR,enacted,1,0.0,1.0,0.0,1.3750001788139272,-0.7499998807907389
ar_traversal_indexer|i2|o0|letters|c0,ar_traversal_indexer,AR,enacted,1,0.0,0.0,1.0,-1.4999998509883952,0.6249997615814493
ar_traversal_indexer|i2|o0|letters|c1,ar_traversal_indexer,AR,enacted,1,1.0,0.0,0.0,-2.000000193715067,-2.1250000074505806
ar_traversal_indexer|i2|o0|numbers|c0,ar_traversal_indexer,AR,enacted,1,0.0,0.0,1.0,-1.1250000298023224,0.49999976158147064
ar_traversal_indexer|i2|o0|numbers|c1,ar_traversal_indexer,AR,enacted,1,1.0,0.0,0.0,-2.2500002458691313,-1.9999999552965377
ar_traversal_indexer|i2|o1|letters|c0,ar_traversal_indexer,AR,enacted,1,1.0,1.0,1.0,2.125000119209261,1.9999999254942011
ar_traversal_indexer|i2|o1|letters|c1,ar_traversal_indexer,AR,enacted,1,0.0,1.0,0.0,1.5000000298023224,-0.8749997913837717
ar_traversal_indexer|i2|o1|numbers|c0,ar_traversal_indexer,AR,enacted,1,1.0,1.0,1.0,2.250000193715067,1.9999998360872553
ar_traversal_indexer|i2|o1|numbers|c1,ar_traversal_indexer,AR,enacted,1,0.0,1.0,0.0,1.2500000596046448,-0.9999999403953765
ar_traversal_indexer|i3|o0|letters|c0,ar_traversal_indexer,AR,enacted,1,0.0,0.0,1.0,-1.8749999403953623,0.12499976158144932
ar_traversal_indexer|i3|o0|letters|c1,ar_traversal_indexer,AR,enacted,1,1.0,0.0,0.0,-2.2500002905725864,-1.874999970197699
ar_traversal_indexer|i3|o0|numbers|c0,ar_traversal_indexer,AR,enacted,1,0.0,0.0,1.0,-1.1249999403953552,0.49999988079073177
ar_traversal_indexer|i3|o0|numbers|c1,ar_traversal_indexer,AR,enacted,1,1.0,0.0,0.0,-2.3750000447034765,-1.9999997764826034
ar_traversal_indexer|i3|o1|letters|c0,ar_traversal_indexer,AR,enacted,1,1.0,1.0,1.0,2.5000003054737547,1.8749998658895564
ar_traversal_indexer|i3|o1|letters|c1,ar_traversal_indexer,AR,enacted,1,0.0,1.0,0.0,2.1249998435378146,-0.24999988079071755
ar_traversal_indexer|i3|o1|numbers|c0,ar_traversal_indexer,AR,enacted,1,1.0,1.0,1.0,2.875000152736895,2.249999806284933
ar_traversal_indexer|i3|o1|numbers|c1,ar_traversal_indexer,AR,enacted,1,0.0,1.0,0.0,1.375,-0.7499999403953552
ar_traversal_indexer|i4|o0|letters|c0,ar_traversal_indexer,AR,enacted,1,0.0,0.0,1.0,-1.624999836087234,0.6249997317791269
ar_traversal_indexer|i4|o0|letters|c1,ar_traversal_indexer,AR,enacted,1,1.0,0.0,0.0,-2.2500002458691313,-2.124999985098846
ar_traversal_indexer|i4|o0|numbers|c0,ar_traversal_indexer,AR,enacted,1,0.0,0.0,1.0,-1.2499998509883952,0.4999997913837717
ar_traversal_indexer|i4|o0|numbers|c1,ar_traversal_indexer,AR,enacted,1,1.0,0.0,0.0,-2.5000001639127447,-2.249999694526224
ar_traversal_indexer|i4|o1|letters|c0,ar_traversal_indexer,AR,enacted,1,1.0,1.0,1.0,2.250000432133618,2.124999925494201
ar_traversal_indexer|i4|o1|letters|c1,ar_traversal_indexer,AR,enacted,1,0.0,1.0,0.0,1.8750001341104436,-0.8749998807907176
ar_traversal_indexer|i4|o1|numbers|c0,ar_traversal_indexer,AR,enacted,1,1.0,1.0,1.0,2.6250003129243566,2.2499996870756434
ar_traversal_indexer|i4|o1|numbers|c1,ar_traversal_indexer,AR,enacted,1,0.0,1.0,0.0,1.4999999701976776,-0.75
pc_quality_config|i0|o0|letters|c0,pc_quality_config,PC,enacted,1,1.0,0.0,0.0,-14.18750941779399,-14.500001072950909
pc_quality_config|i0|o0|letters|c1,pc_quality_config,PC,enacted,1,1.0,0.0,0.0,-11.750045060471173,-13.5625011921544
pc_quality_config|i0|o0|numbers|c0,pc_quality_config,PC,enacted,1,1.0,0.0,0.0,-12.875007749298675,-14.750003099522246
pc_quality_config|i0|o0|numbers|c1,pc_quality_config,PC,enacted,1,1.0,0.0,0.0,-12.125127188612176,-16.000000596080895
pc_quality_config|i0|o1|letters|c0,pc_quality_config,PC,enacted,1,1.0,0.0,0.0,-9.804748365044368,-6.375001633305153
pc_quality_config|i0|o1|letters|c1,pc_quality_config,PC,enacted,1,1.0,0.0,0.0,-18.875380994464656,-11.125001193223632
pc_quality_config|i0|o1|numbers|c0,pc_quality_config,PC,enacted,1,1.0,0.0,0.0,-12.078892242003356,-5.750012726442954
pc_quality_config|i0|o1|numbers|c1,pc_quality_config,PC,enacted,1,1.0,0.0,0.0,-17.753180743093253,-10.375001551411067
pc_quality_config|i1|o0|letters|c0,pc_quality_config,PC,enacted,1,1.0,0.0,0.0,-13.68750488799924,-13.750001311379378
pc_quality_config|i1|o0|letters|c1,pc_quality_config,PC,enacted,1,1.0,0.0,0.0,-11.50005137834524,-13.500000596114319
pc_quality_config|i1|o0|numbers|c0,pc_quality_config,PC,enacted,1,1.0,0.0,0.0,-12.250004292495305,-14.562503457151251
pc_quality_config|i1|o0|numbers|c1,pc_quality_config,PC,enacted,1,1.0,0.0,0.0,-12.125051974237074,-15.312501788172654
pc_quality_config|i1|o1|letters|c0,pc_quality_config,PC,enacted,1,1.0,0.0,0.0,-9.338942690941629,-6.750001962876247
pc_quality_config|i1|o1|letters|c1,pc_quality_config,PC,enacted,1,1.0,0.0,0.0,-18.750297310019967,-11.750001550236341
pc_quality_config|i1|o1|numbers|c0,pc_quality_config,PC,enacted,1,1.0,0.0,0.0,-10.679748558744905,-6.250014287784332
pc_quality_config|i1|o1|numbers|c1,pc_quality_config,PC,enacted,1,1.0,0.0,0.0,-20.125297904560284,-10.875001908157408
pc_quality_config|i2|o0|letters|c0,pc_quality_config,PC,enacted,1,1.0,0.0,0.0,-15.062526822037398,-14.500001311349138
pc_quality_config|i2|o0|letters|c1,pc_quality_config,PC,enacted,1,1.0,0.0,0.0,-12.500182016177867,-13.125000596126142
pc_quality_config|i2|o0|numbers|c0,pc_quality_config,PC,enacted,1,1.0,0.0,0.0,-13.18753290206223,-15.31250238423172
pc_quality_config|i2|o0|numbers|c1,pc_quality_config,PC,enacted,1,1.0,0.0,0.0,-12.625265086408042,-16.250001907373075
pc_quality_config|i2|o1|letters|c0,pc_quality_config,PC,enacted,1,1.0,0.0,0.0,-8.889166643610231,-6.00000278814219
pc_quality_config|i2|o1|letters|c1,pc_quality_config,PC,enacted,1,1.0,0.0,0.0,-17.875296479411197,-11.12500083539215
pc_quality_config|i2|o1|numbers|c0,pc_quality_config,PC,enacted,1,1.0,0.0,0.0,-9.724082137763617,-6.000017578320701
pc_quality_config|i2|o1|numbers|c1,pc_quality_config,PC,enacted,1,1.0,0.0,0.0,-18.125912906150916,-10.250001551582052
pc_quality_config|i3|o0|letters|c0,pc_quality_config,PC,enacted,1,1.0,0.0,0.0,-15.375006795167337,-15.125000953723315
pc_quality_config|i3|o0|letters|c1,pc_quality_config,PC,enacted,1,1.0,0.0,0.0,-13.125050901238872,-13.750000953727636
pc_quality_config|i3|o0|numbers|c0,pc_quality_config,PC,enacted,1,1.0,0.0,0.0,-13.312507391712643,-15.6250021458211
pc_quality_config|i3|o0|numbers|c1,pc_quality_config,PC,enacted,1,1.0,0.0,0.0,-12.75005364300523,-16.75000083448299
pc_quality_config|i3|o1|letters|c0,pc_quality_config,PC,enacted,1,1.0,0.0,0.0,-8.910231158311952,-6.8750019856943325
pc_quality_config|i3|o1|letters|c1,pc_quality_config,PC,enacted,1,1.0,0.0,0.0,-16.75091374628392,-10.375000836981606
pc_quality_config|i3|o1|numbers|c0,pc_quality_config,PC,enacted,1,1.0,0.0,0.0,-10.501936495275004,-5.875006190946813
pc_quality_config|i3|o1|numbers|c1,pc_quality_config,PC,enacted,1,1.0,0.0,0.0,-19.125433446137322,-9.250001200779145
pc_quality_config|i4|o0|letters|c0,pc_quality_config,PC,enacted,1,1.0,0.0,0.0,-14.937518715902115,-14.125002145818144
pc_quality_config|i4|o0|letters|c1,pc_quality_config,PC,enacted,1,1.0,0.0,0.0,-12.250063894402054,-15.062501192114496
pc_quality_config|i4|o0|numbers|c0,pc_quality_config,PC,enacted,1,1.0,0.0,0.0,-13.312510252440916,-15.500004529998478
pc_quality_config|i4|o0|numbers|c1,pc_quality_config,PC,enacted,1,1.0,0.0,0.0,-12.750142683524253,-17.750002384196364
pc_quality_config|i4|o1|letters|c0,pc_quality_config,PC,enacted,1,1.0,0.0,0.0,-9.703892506411655,-6.75000253063218
pc_quality_config|i4|o1|letters|c1,pc_quality_config,PC,enacted,1,1.0,0.0,0.0,-18.375489236721485,-14.43750083457315
pc_quality_config|i4|o1|numbers|c0,pc_quality_config,PC,enacted,1,1.0,0.0,0.0,-11.160226358828368,-6.625017949101682
pc_quality_config|i4|o1|numbers|c1,pc_quality_config,PC,enacted,1,1.0,0.0,0.0,-18.376703382076812,-13.000001430628352
pc_quality_tests|i0|o0|letters|c0,pc_quality_tests,PC,enacted,1,1.0,0.0,0.0,-14.722760052216472,-17.375005126077696
pc_quality_tests|i0|o0|letters|c1,pc_quality_tests,PC,enacted,1,1.0,0.0,0.0,-15.898152887952172,-20.250004649166847
pc_quality_tests|i0|o0|numbers|c0,pc_quality_tests,PC,enacted,1,1.0,0.0,0.0,-14.636920661669144,-16.562504410830122
pc_quality_tests|i0|o0|numbers|c1,pc_quality_tests,PC,enacted,1,1.0,0.0,0.0,-16.849196553355803,-20.875005722036803
pc_quality_tests|i0|o1|letters|c0,pc_quality_tests,PC,enacted,1,1.0,0.0,0.0,-9.78116915671854,-15.812529563900178
pc_quality_tests|i0|o1|letters|c1,pc_quality_tests,PC,enacted,1,1.0,0.0,0.0,-12.3260288253041,-16.50000894068399
pc_quality_tests|i0|o1|numbers|c0,pc_quality_tests,PC,enacted,1,1.0,0.0,0.0,-12.65867318055826,-15.56256937789658
pc_quality_tests|i0|o1|numbers|c1,pc_quality_tests,PC,enacted,1,1.0,0.0,0.0,-13.899112940609491,-16.812506794934514
pc_quality_tests|i1|o0|letters|c0,pc_quality_tests,PC,enacted,1,1.0,0.0,0.0,-15.814453810826308,-17.375005722120484
pc_quality_tests|i1|o0|letters|c1,pc_quality_tests,PC,enacted,1,1.0,0.0,0.0,-17.47347009191526,-22.625003933914286
pc_quality_tests|i1|o0|numbers|c0,pc_quality_tests,PC,enacted,1,1.0,0.0,0.0,-16.000803501043265,-16.812504291649937
pc_quality_tests|i1|o0|numbers|c1,pc_quality_tests,PC,enacted,1,1.0,0.0,0.0,-18.679814815601283,-22.593754291532605
pc_quality_tests|i1|o1|letters|c0,pc_quality_tests,PC,enacted,1,1.0,0.0,0.0,-10.281163711813868,-16.187526583671577
pc_quality_tests|i1|o1|letters|c1,pc_quality_tests,PC,enacted,1,1.0,0.0,0.0,-11.389198125489202,-18.187508344629357
pc_quality_tests|i1|o1|numbers|c0,pc_quality_tests,PC,enacted,1,1.0,0.0,0.0,-12.26419087182149,-15.750083205068222
pc_quality_tests|i1|o1|numbers|c1,pc_quality_tests,PC,enacted,1,1.0,0.0,0.0,-12.305408985037502,-18.250005722044996
pc_quality_tests|i2|o0|letters|c0,pc_quality_tests,PC,enacted,1,1.0,0.0,0.0,-14.578921221906057,-16.50000429161083
pc_quality_tests|i2|o0|letters|c1,pc_quality_tests,PC,enacted,1,1.0,0.0,0.0,-16.313287139097163,-20.375002026573156
pc_quality_tests|i2|o0|numbers|c0,pc_quality_tests,PC,enacted,1,1.0,0.0,0.0,-14.53119409204374,-16.750002622673954
pc_quality_tests|i2|o0|numbers|c1,pc_quality_tests,PC,enacted,1,1.0,0.0,0.0,-16.975584507128588,-21.250002026564744
pc_quality_tests|i2|o1|letters|c0,pc_quality_tests,PC,enacted,1,1.0,0.0,0.0,-11.850214850157506,-14.625027776142822
pc_quality_tests|i2|o1|letters|c1,pc_quality_tests,PC,enacted,1,1.0,0.0,0.0,-12.10049022885142,-16.812510132765063
pc_quality_tests|i2|o1|numbers|c0,pc_quality_tests,PC,enacted,1,1.0,0.0,0.0,-15.377811442376704,-14.812570093174145
pc_quality_tests|i2|o1|numbers|c1,pc_quality_tests,PC,enacted,1,1.0,0.0,0.0,-12.952582538997376,-17.250006198893068
pc_quality_tests|i3|o0|letters|c0,pc_quality_tests,PC,enacted,1,1.0,0.0,0.0,-16.34849789765395,-16.93750560297486
pc_quality_tests|i3|o0|letters|c1,pc_quality_tests,PC,enacted,1,1.0,0.0,0.0,-15.064469218395978,-21.875005245211014
pc_quality_tests|i3|o0|numbers|c0,pc_quality_tests,PC,enacted,1,1.0,0.0,0.0,-16.099175215542346,-17.500004410799193
pc_quality_tests|i3|o0|numbers|c1,pc_quality_tests,PC,enacted,1,1.0,0.0,0.0,-15.930392310112445,-22.781257390959126
pc_quality_tests|i3|o1|letters|c0,pc_quality_tests,PC,enacted,1,1.0,0.0,0.0,-9.011886747961405,-14.375016212919945
pc_quality_tests|i3|o1|letters|c1,pc_quality_tests,PC,enacted,1,1.0,0.0,0.0,-10.895563041340218,-16.500012278545917
pc_quality_tests|i3|o1|numbers|c0,pc_quality_tests,PC,enacted,1,1.0,0.0,0.0,-12.637533365254065,-13.812548160123697
pc_quality_tests|i3|o1|numbers|c1,pc_quality_tests,PC,enacted,1,1.0,0.0,0.0,-11.628155232716388,-16.375007987036042
pc_quality_tests|i4|o0|letters|c0,pc_quality_tests,PC,enacted,1,1.0,0.0,0.0,-14.876964510393009,-16.312505960589995
pc_quality_tests|i4|o0|letters|c1,pc_quality_tests,PC,enacted,1,1.0,0.0,0.0,-17.71867585195833,-20.937503337871483
pc_quality_tests|i4|o0|numbers|c0,pc_quality_tests,PC,enacted,1,1.0,0.0,0.0,-15.460657895866461,-16.25000882158929
pc_quality_tests|i4|o0|numbers|c1,pc_quality_tests,PC,enacted,1,1.0,0.0,0.0,-18.81456398976116,-21.000005841254733
pc_quality_tests|i4|o1|letters|c0,pc_quality_tests,PC,enacted,1,1.0,0.0,0.0,-11.87693775584922,-16.62503719286906
pc_quality_tests|i4|o1|letters|c1,pc_quality_tests,PC,enacted,1,1.0,0.0,0.0,-13.632698894718494,-15.43750417234606
pc_quality_tests|i4|o1|numbers|c0,pc_quality_tests,PC,enacted,1,1.0,0.0,0.0,-14.632631430038607,-16.000063894491177
pc_quality_tests|i4|o1|numbers|c1,pc_quality_tests,PC,enacted,1,1.0,0.0,0.0,-14.383382976542634,-17.50000381470636
pc_safety_cleanup|i0|o0|letters|c0,pc_safety_cleanup,PC,enacted,1,1.0,0.0,0.0,-1.9999821634826276,-6.000001413746652
pc_safety_cleanup|i0|o0|letters|c1,pc_safety_cleanup,PC,enacted,1,1.0,0.0,0.0,-1.3750001490114983,-7.3750008386556445
pc_safety_cleanup|i0|o0|numbers|c0,pc_safety_cleanup,PC,enacted,1,1.0,0.0,0.0,-1.99999815225857,-7.8750020352281425
pc_safety_cleanup|i0|o0|numbers|c1,pc_safety_cleanup,PC,enacted,1,1.0,0.0,0.0,-1.6250008791677146,-9.375000963932514
pc_safety_cleanup|i0|o1|letters|c0,pc_safety_cleanup,PC,enacted,1,1.0,0.0,0.0,-0.1250019073463875,-5.0000005960462275
pc_safety_cleanup|i0|o1|letters|c1,pc_safety_cleanup,PC,enacted,1,0.0,1.0,0.0,0.7499878705311573,-8.250000764236923
pc_safety_cleanup|i0|o1|numbers|c0,pc_safety_cleanup,PC,enacted,1,0.0,1.0,0.0,0.12499785423528209,-4.375001285224251
pc_safety_cleanup|i0|o1|numbers|c1,pc_safety_cleanup,PC,enacted,1,0.0,1.0,0.0,0.3749861718215186,-7.375001662642269
pc_safety_cleanup|i1|o0|letters|c0,pc_safety_cleanup,PC,enacted,1,1.0,0.0,0.0,-2.749989748060898,-8.125001158301991
pc_safety_cleanup|i1|o0|letters|c1,pc_safety_cleanup,PC,enacted,1,1.0,0.0,0.0,-2.0000006407491355,-9.125000368905155
pc_safety_cleanup|i1|o0|numbers|c0,pc_safety_cleanup,PC,enacted,1,1.0,0.0,0.0,-2.6249990314256593,-9.375001920879185
pc_safety_cleanup|i1|o0|numbers|c1,pc_safety_cleanup,PC,enacted,1,1.0,0.0,0.0,-2.1250017732361925,-11.625001192892569
pc_safety_cleanup|i1|o1|letters|c0,pc_safety_cleanup,PC,enacted,1,1.0,0.0,0.0,-0.5000026226003058,-6.000001097330262
pc_safety_cleanup|i1|o1|letters|c1,pc_safety_cleanup,PC,enacted,1,0.0,1.0,0.0,0.49998545657578575,-9.250000723098545
pc_safety_cleanup|i1|o1|numbers|c0,pc_safety_cleanup,PC,enacted,1,1.0,0.0,0.0,-0.25000309943630583,-5.500001582315697
pc_safety_cleanup|i1|o1|numbers|c1,pc_safety_cleanup,PC,enacted,1,0.0,1.0,0.0,0.24997615843128074,-8.75000156804061
pc_safety_cleanup|i2|o0|letters|c0,pc_safety_cleanup,PC,enacted,1,1.0,0.0,0.0,-2.7499903739033016,-7.8750015716054875
pc_safety_cleanup|i2|o0|letters|c1,pc_safety_cleanup,PC,enacted,1,1.0,0.0,0.0,-1.875000283121608,-7.875000573083305
pc_safety_cleanup|i2|o0|numbers|c0,pc_safety_cleanup,PC,enacted,1,1.0,0.0,0.0,-2.499999165535826,-10.000002749231953
pc_safety_cleanup|i2|o0|numbers|c1,pc_safety_cleanup,PC,enacted,1,1.0,0.0,0.0,-2.125001169740017,-10.375000478968559
pc_safety_cleanup|i2|o1|letters|c0,pc_safety_cleanup,PC,enacted,1,1.0,0.0,0.0,-0.7500019669508049,-6.375000693020191
pc_safety_cleanup|i2|o1|letters|c1,pc_safety_cleanup,PC,enacted,1,0.0,1.0,0.0,0.49997425113176064,-9.125000963539613
pc_safety_cleanup|i2|o1|numbers|c0,pc_safety_cleanup,PC,enacted,1,1.0,0.0,0.0,-0.3750017881375314,-5.625001172301616
pc_safety_cleanup|i2|o1|numbers|c1,pc_safety_cleanup,PC,enacted,1,0.0,1.0,0.0,0.12497639684440287,-8.50000133972106
pc_safety_cleanup|i3|o0|letters|c0,pc_safety_cleanup,PC,enacted,1,1.0,0.0,0.0,-2.874994654227976,-8.750001114908862
pc_safety_cleanup|i3|o0|letters|c1,pc_safety_cleanup,PC,enacted,1,1.0,0.0,0.0,-2.5000006034958915,-8.750000142128336
pc_safety_cleanup|i3|o0|numbers|c0,pc_safety_cleanup,PC,enacted,1,1.0,0.0,0.0,-2.499999977648258,-10.250001315782924
pc_safety_cleanup|i3|o0|numbers|c1,pc_safety_cleanup,PC,enacted,1,1.0,0.0,0.0,-2.125000998376663,-11.750001073505132
pc_safety_cleanup|i3|o1|letters|c0,pc_safety_cleanup,PC,enacted,1,1.0,0.0,0.0,-1.3750032931502858,-6.000000651459693
pc_safety_cleanup|i3|o1|letters|c1,pc_safety_cleanup,PC,enacted,1,0.0,1.0,0.0,0.24999153617861225,-8.250000877945475
pc_safety_cleanup|i3|o1|numbers|c0,pc_safety_cleanup,PC,enacted,1,1.0,0.0,0.0,-1.6250051855904601,-5.750001311766944
pc_safety_cleanup|i3|o1|numbers|c1,pc_safety_cleanup,PC,enacted,1,1.0,0.0,0.0,-0.12501370897101083,-8.000001140054223
pc_safety_cleanup|i4|o0|letters|c0,pc_safety_cleanup,PC,enacted,1,1.0,0.0,0.0,-2.874990083335888,-9.375001685998207
pc_safety_cleanup|i4|o0|letters|c1,pc_safety_cleanup,PC,enacted,1,1.0,0.0,0.0,-2.250000469386123,-10.00000048030018
pc_safety_cleanup|i4|o0|numbers|c0,pc_safety_cleanup,PC,enacted,1,1.0,0.0,0.0,-2.6249996721749085,-12.000002028614517
pc_safety_cleanup|i4|o0|numbers|c1,pc_safety_cleanup,PC,enacted,1,1.0,0.0,0.0,-2.500001899895665,-13.875001311583446
pc_safety_cleanup|i4|o1|letters|c0,pc_safety_cleanup,PC,enacted,1,1.0,0.0,0.0,-0.3750028610182028,-6.625001049600094
pc_safety_cleanup|i4|o1|letters|c1,pc_safety_cleanup,PC,enacted,1,0.0,1.0,0.0,0.4999827148057818,-10.125001313258856
pc_safety_cleanup|i4|o1|numbers|c0,pc_safety_cleanup,PC,enacted,1,1.0,0.0,0.0,-0.2500021457647179,-5.7500009827772445
pc_safety_cleanup|i4|o1|numbers|c1,pc_safety_cleanup,PC,enacted,1,0.0,1.0,0.0,0.12498319163566407,-9.500000958701328
pc_safety_creds|i0|o0|letters|c0,pc_safety_creds,PC,enacted,1,1.0,0.0,0.0,-10.625002743985078,-8.875000852887077
pc_safety_creds|i0|o0|letters|c1,pc_safety_creds,PC,enacted,1,1.0,0.0,0.0,-9.1250043032369,-8.125000297761176
pc_safety_creds|i0|o0|numbers|c0,pc_safety_creds,PC,enacted,1,1.0,0.0,0.0,-10.625002983318609,-8.750001333128814
pc_safety_creds|i0|o0|numbers|c1,pc_safety_creds,PC,enacted,1,1.0,0.0,0.0,-10.37500453200073,-8.62500073946996
pc_safety_creds|i0|o1|letters|c0,pc_safety_creds,PC,enacted,1,1.0,0.0,0.0,-6.125001901526055,-7.625001483770468
pc_safety_creds|i0|o1|letters|c1,pc_safety_creds,PC,enacted,1,1.0,0.0,0.0,-5.250098511831318,-8.000000792788008
pc_safety_creds|i0|o1|numbers|c0,pc_safety_creds,PC,enacted,1,1.0,0.0,0.0,-6.3750116533383405,-6.750002239944713
pc_safety_creds|i0|o1|numbers|c1,pc_safety_creds,PC,enacted,1,1.0,0.0,0.0,-6.500263110850945,-7.875001048930251
pc_safety_creds|i1|o0|letters|c0,pc_safety_creds,PC,enacted,1,1.0,0.0,0.0,-9.125002277691692,-7.500001026141952
pc_safety_creds|i1|o0|letters|c1,pc_safety_creds,PC,enacted,1,1.0,0.0,0.0,-7.375005951250387,-7.875000569503641
pc_safety_creds|i1|o0|numbers|c0,pc_safety_creds,PC,enacted,1,1.0,0.0,0.0,-9.375002871043762,-7.37500178511096
pc_safety_creds|i1|o0|numbers|c1,pc_safety_creds,PC,enacted,1,1.0,0.0,0.0,-8.875004903195986,-8.750000615531292
pc_safety_creds|i1|o1|letters|c0,pc_safety_creds,PC,enacted,1,1.0,0.0,0.0,-6.500001861595827,-6.87500123295343
pc_safety_creds|i1|o1|letters|c1,pc_safety_creds,PC,enacted,1,1.0,0.0,0.0,-6.125206859331236,-8.250001240637523
pc_safety_creds|i1|o1|numbers|c0,pc_safety_creds,PC,enacted,1,1.0,0.0,0.0,-6.62500412493592,-6.000001821432086
pc_safety_creds|i1|o1|numbers|c1,pc_safety_creds,PC,enacted,1,1.0,0.0,0.0,-6.875299303006621,-7.625001701874233
pc_safety_creds|i2|o0|letters|c0,pc_safety_creds,PC,enacted,1,1.0,0.0,0.0,-11.500003815929631,-9.75000072089393
pc_safety_creds|i2|o0|letters|c1,pc_safety_creds,PC,enacted,1,1.0,0.0,0.0,-9.000009192040125,-9.125000010404591
pc_safety_creds|i2|o0|numbers|c0,pc_safety_creds,PC,enacted,1,1.0,0.0,0.0,-12.12500620029914,-9.750001317223571
pc_safety_creds|i2|o0|numbers|c1,pc_safety_creds,PC,enacted,1,1.0,0.0,0.0,-11.125014067525626,-9.500000363244794
pc_safety_creds|i2|o1|letters|c0,pc_safety_creds,PC,enacted,1,1.0,0.0,0.0,-6.500001639941615,-8.125001260893448
pc_safety_creds|i2|o1|letters|c1,pc_safety_creds,PC,enacted,1,1.0,0.0,0.0,-6.125205190226559,-9.000000609986849
pc_safety_creds|i2|o1|numbers|c0,pc_safety_creds,PC,enacted,1,1.0,0.0,0.0,-7.000003846937489,-7.625001954087118
pc_safety_creds|i2|o1|numbers|c1,pc_safety_creds,PC,enacted,1,1.0,0.0,0.0,-7.125297401711585,-8.875001090068174
pc_safety_creds|i3|o0|letters|c0,pc_safety_creds,PC,enacted,1,1.0,0.0,0.0,-10.750004294210612,-9.125001443476215
pc_safety_creds|i3|o0|letters|c1,pc_safety_creds,PC,enacted,1,1.0,0.0,0.0,-8.375004091088158,-8.500000148865979
pc_safety_creds|i3|o0|numbers|c0,pc_safety_creds,PC,enacted,1,1.0,0.0,0.0,-10.750004890544922,-8.500001701350136
pc_safety_creds|i3|o0|numbers|c1,pc_safety_creds,PC,enacted,1,1.0,0.0,0.0,-9.625005131269972,-9.000000966145137
pc_safety_creds|i3|o1|letters|c0,pc_safety_creds,PC,enacted,1,1.0,0.0,0.0,-6.125002886863065,-5.625001071951608
pc_safety_creds|i3|o1|letters|c1,pc_safety_creds,PC,enacted,1,1.0,0.0,0.0,-4.2500206341683295,-7.7500005919715775
pc_safety_creds|i3|o1|numbers|c0,pc_safety_creds,PC,enacted,1,1.0,0.0,0.0,-7.000628085050273,-5.0000019082781435
pc_safety_creds|i3|o1|numbers|c1,pc_safety_creds,PC,enacted,1,1.0,0.0,0.0,-5.250110364933796,-7.875001166684235
pc_safety_creds|i4|o0|letters|c0,pc_safety_creds,PC,enacted,1,1.0,0.0,0.0,-11.750002742962124,-8.625000978993995
pc_safety_creds|i4|o0|letters|c1,pc_safety_creds,PC,enacted,1,1.0,0.0,0.0,-9.750004534153966,-9.750000122978214
pc_safety_creds|i4|o0|numbers|c0,pc_safety_creds,PC,enacted,1,1.0,0.0,0.0,-12.500004173336947,-9.500001079474288
pc_safety_creds|i4|o0|numbers|c1,pc_safety_creds,PC,enacted,1,1.0,0.0,0.0,-11.750006437813234,-10.250000001767951
pc_safety_creds|i4|o1|letters|c0,pc_safety_creds,PC,enacted,1,1.0,0.0,0.0,-8.375002193961343,-8.875002048689801
pc_safety_creds|i4|o1|letters|c1,pc_safety_creds,PC,enacted,1,1.0,0.0,0.0,-7.250043452939288,-9.50000060297976
pc_safety_creds|i4|o1|numbers|c0,pc_safety_creds,PC,enacted,1,1.0,0.0,0.0,-8.250003881978955,-7.625002090874666
pc_safety_creds|i4|o1|numbers|c1,pc_safety_creds,PC,enacted,1,1.0,0.0,0.0,-7.625048069392513,-8.750001452992372
pc_social_ack|i0|o0|letters|c0,pc_social_ack,PC,enacted,1,1.0,0.0,0.0,-15.37502324734487,-19.43750429174498
pc_social_ack|i0|o0|letters|c1,pc_social_ack,PC,enacted,1,1.0,0.0,0.0,-16.312457325977448,-20.250005364445343
pc_social_ack|i0|o0|numbers|c0,pc_social_ack,PC,enacted,1,1.0,0.0,0.0,-15.750073670489655,-19.687507271888535
pc_social_ack|i0|o0|numbers|c1,pc_social_ack,PC,enacted,1,1.0,0.0,0.0,-16.875128976533233,-20.75001001355941
pc_social_ack|i0|o1|letters|c0,pc_social_ack,PC,enacted,1,1.0,0.0,0.0,-18.126714471531166,-17.125002627000924
pc_social_ack|i0|o1|letters|c1,pc_social_ack,PC,enacted,1,1.0,0.0,0.0,-16.11284363392045,-15.125001073399659
pc_social_ack|i0|o1|numbers|c0,pc_social_ack,PC,enacted,1,1.0,0.0,0.0,-15.757617120638322,-16.18750358012042
pc_social_ack|i0|o1|numbers|c1,pc_social_ack,PC,enacted,1,1.0,0.0,0.0,-13.148139716431622,-14.375001549996348
pc_social_ack|i1|o0|letters|c0,pc_social_ack,PC,enacted,1,1.0,0.0,0.0,-15.625038147623854,-18.75000393416895
pc_social_ack|i1|o0|letters|c1,pc_social_ack,PC,enacted,1,1.0,0.0,0.0,-16.437569734681347,-20.250003457112626
pc_social_ack|i1|o0|numbers|c0,pc_social_ack,PC,enacted,1,1.0,0.0,0.0,-15.562632553977892,-18.875011563487533
pc_social_ack|i1|o0|numbers|c1,pc_social_ack,PC,enacted,1,1.0,0.0,0.0,-16.93773684131157,-20.750009894349212
pc_social_ack|i1|o1|letters|c0,pc_social_ack,PC,enacted,1,1.0,0.0,0.0,-20.18784344546294,-17.562503578525195
pc_social_ack|i1|o1|letters|c1,pc_social_ack,PC,enacted,1,1.0,0.0,0.0,-17.33019340090687,-17.31250143072853
pc_social_ack|i1|o1|numbers|c0,pc_social_ack,PC,enacted,1,1.0,0.0,0.0,-17.190687064503443,-16.750002863299898
pc_social_ack|i1|o1|numbers|c1,pc_social_ack,PC,enacted,1,1.0,0.0,0.0,-14.94511383827922,-16.750000953824298
pc_social_ack|i2|o0|letters|c0,pc_social_ack,PC,enacted,1,1.0,0.0,0.0,-15.50007867657041,-19.687504530131264
pc_social_ack|i2|o0|letters|c1,pc_social_ack,PC,enacted,1,1.0,0.0,0.0,-16.37503778793689,-20.00000417236336
pc_social_ack|i2|o0|numbers|c0,pc_social_ack,PC,enacted,1,1.0,0.0,0.0,-15.562999006473547,-19.500011325043488
pc_social_ack|i2|o0|numbers|c1,pc_social_ack,PC,enacted,1,1.0,0.0,0.0,-17.312886282878026,-20.375011205638657
pc_social_ack|i2|o1|letters|c0,pc_social_ack,PC,enacted,1,1.0,0.0,0.0,-20.312768582407443,-19.000002862552776
pc_social_ack|i2|o1|letters|c1,pc_social_ack,PC,enacted,1,1.0,0.0,0.0,-18.901313305432275,-18.187501311479565
pc_social_ack|i2|o1|numbers|c0,pc_social_ack,PC,enacted,1,1.0,0.0,0.0,-18.68841779523791,-18.000004173629833
pc_social_ack|i2|o1|numbers|c1,pc_social_ack,PC,enacted,1,1.0,0.0,0.0,-15.625776648979816,-17.250000357754523
pc_social_ack|i3|o0|letters|c0,pc_social_ack,PC,enacted,1,1.0,0.0,0.0,-15.68756818665861,-19.125004410922884
pc_social_ack|i3|o0|letters|c1,pc_social_ack,PC,enacted,1,1.0,0.0,0.0,-14.874985218912116,-20.250004172342443
pc_social_ack|i3|o0|numbers|c0,pc_social_ack,PC,enacted,1,1.0,0.0,0.0,-15.562631123728352,-18.81250715268743
pc_social_ack|i3|o0|numbers|c1,pc_social_ack,PC,enacted,1,1.0,0.0,0.0,-15.25005626548591,-20.375006914131063
pc_social_ack|i3|o1|letters|c0,pc_social_ack,PC,enacted,1,1.0,0.0,0.0,-19.375723961515185,-19.062503457939812
pc_social_ack|i3|o1|letters|c1,pc_social_ack,PC,enacted,1,1.0,0.0,0.0,-16.251952529488342,-17.624999880866568
pc_social_ack|i3|o1|numbers|c0,pc_social_ack,PC,enacted,1,1.0,0.0,0.0,-18.62556112160383,-18.375005007475927
pc_social_ack|i3|o1|numbers|c1,pc_social_ack,PC,enacted,1,1.0,0.0,0.0,-14.257616639646592,-16.75000083451085
pc_social_ack|i4|o0|letters|c0,pc_social_ack,PC,enacted,1,1.0,0.0,0.0,-15.312718011049583,-20.031255245339707
pc_social_ack|i4|o0|letters|c1,pc_social_ack,PC,enacted,1,1.0,0.0,0.0,-16.812567826344093,-20.312507152574227
pc_social_ack|i4|o0|numbers|c0,pc_social_ack,PC,enacted,1,1.0,0.0,0.0,-15.688316490279249,-19.750010013683095
pc_social_ack|i4|o0|numbers|c1,pc_social_ack,PC,enacted,1,1.0,0.0,0.0,-17.5003041761047,-20.6250175236437
pc_social_ack|i4|o1|letters|c0,pc_social_ack,PC,enacted,1,1.0,0.0,0.0,-20.56271028850461,-19.31250310080634
pc_social_ack|i4|o1|letters|c1,pc_social_ack,PC,enacted,1,1.0,0.0,0.0,-19.39825689826467,-18.937500596146066
pc_social_ack|i4|o1|numbers|c0,pc_social_ack,PC,enacted,1,1.0,0.0,0.0,-18.126039747723553,-18.562505246309257
pc_social_ack|i4|o1|numbers|c1,pc_social_ack,PC,enacted,1,1.0,0.0,0.0,-16.06444370783175,-18.500001668991565
pc_social_review|i0|o0|letters|c0,pc_social_review,PC,enacted,1,1.0,0.0,0.0,-17.000167118039826,-20.8125028610516
pc_social_review|i0|o0|letters|c1,pc_social_review,PC,enacted,1,1.0,0.0,0.0,-16.874893198553764,-21.312503814697266
pc_social_review|i0|o0|numbers|c0,pc_social_review,PC,enacted,1,1.0,0.0,0.0,-17.188679119573862,-20.31250548364006
pc_social_review|i0|o0|numbers|c1,pc_social_review,PC,enacted,1,1.0,0.0,0.0,-18.25018499575527,-21.43750572203794
pc_social_review|i0|o1|letters|c0,pc_social_review,PC,enacted,1,1.0,0.0,0.0,-26.937519193455955,-23.65625393398569
pc_social_review|i0|o1|letters|c1,pc_social_review,PC,enacted,1,1.0,0.0,0.0,-22.380936026720526,-23.437503099443127
pc_social_review|i0|o1|numbers|c0,pc_social_review,PC,enacted,1,1.0,0.0,0.0,-27.312512875312677,-24.281252384201032
pc_social_review|i0|o1|numbers|c1,pc_social_review,PC,enacted,1,1.0,0.0,0.0,-22.9461197854107,-23.96875238418488
pc_social_review|i1|o0|letters|c0,pc_social_review,PC,enacted,1,1.0,0.0,0.0,-17.188063701722058,-20.906253814721822
pc_social_review|i1|o0|letters|c1,pc_social_review,PC,enacted,1,1.0,0.0,0.0,-17.81249499356909,-21.93750417232377
pc_social_review|i1|o0|numbers|c0,pc_social_review,PC,enacted,1,1.0,0.0,0.0,-17.19069387433592,-20.25000619889215
pc_social_review|i1|o0|numbers|c1,pc_social_review,PC,enacted,1,1.0,0.0,0.0,-18.812613600117402,-22.125005602828878
pc_social_review|i1|o1|letters|c0,pc_social_review,PC,enacted,1,1.0,0.0,0.0,-28.75000453080429,-23.562503337944698
pc_social_review|i1|o1|letters|c1,pc_social_review,PC,enacted,1,1.0,0.0,0.0,-23.627192378184198,-23.40625214577222
pc_social_review|i1|o1|numbers|c0,pc_social_review,PC,enacted,1,1.0,0.0,0.0,-28.125006914859114,-24.062503576300067
pc_social_review|i1|o1|numbers|c1,pc_social_review,PC,enacted,1,1.0,0.0,0.0,-23.568435430619502,-24.000002384184434
pc_social_review|i2|o0|letters|c0,pc_social_review,PC,enacted,1,1.0,0.0,0.0,-17.313063701778447,-21.25000274184322
pc_social_review|i2|o0|letters|c1,pc_social_review,PC,enacted,1,1.0,0.0,0.0,-17.125040172453737,-21.562502384191475
pc_social_review|i2|o0|numbers|c0,pc_social_review,PC,enacted,1,1.0,0.0,0.0,-17.19159110828332,-20.37500488759816
pc_social_review|i2|o0|numbers|c1,pc_social_review,PC,enacted,1,1.0,0.0,0.0,-18.37514530572753,-21.75000369548843
pc_social_review|i2|o1|letters|c0,pc_social_review,PC,enacted,1,1.0,0.0,0.0,-27.75000929921589,-24.0000029802759
pc_social_review|i2|o1|letters|c1,pc_social_review,PC,enacted,1,1.0,0.0,0.0,-23.19110906141396,-23.718752861025685
pc_social_review|i2|o1|numbers|c0,pc_social_review,PC,enacted,1,1.0,0.0,0.0,-27.562509179930203,-24.218753933927026
pc_social_review|i2|o1|numbers|c1,pc_social_review,PC,enacted,1,1.0,0.0,0.0,-23.25862264647185,-24.09375250339349
pc_social_review|i3|o0|letters|c0,pc_social_review,PC,enacted,1,1.0,0.0,0.0,-17.005253559791527,-20.750003814721822
pc_social_review|i3|o0|letters|c1,pc_social_review,PC,enacted,1,1.0,0.0,0.0,-16.749826210778338,-21.43750226498196
pc_social_review|i3|o0|numbers|c0,pc_social_review,PC,enacted,1,1.0,0.0,0.0,-17.007626103208167,-20.06250631810053
pc_social_review|i3|o0|numbers|c1,pc_social_review,PC,enacted,1,1.0,0.0,0.0,-17.875063298190078,-21.75000464915911
pc_social_review|i3|o1|letters|c0,pc_social_review,PC,enacted,1,1.0,0.0,0.0,-27.625006199556083,-23.937503814753207
pc_social_review|i3|o1|letters|c1,pc_social_review,PC,enacted,1,1.0,0.0,0.0,-22.00761413591499,-22.937501430519667
pc_social_review|i3|o1|numbers|c0,pc_social_review,PC,enacted,1,1.0,0.0,0.0,-27.875004649893526,-24.21875298024589
pc_social_review|i3|o1|numbers|c1,pc_social_review,PC,enacted,1,1.0,0.0,0.0,-22.886053204637392,-23.812501907348633
pc_social_review|i4|o0|letters|c0,pc_social_review,PC,enacted,1,1.0,0.0,0.0,-17.25049721738833,-21.093756198907613
pc_social_review|i4|o0|letters|c1,pc_social_review,PC,enacted,1,1.0,0.0,0.0,-17.43752741688786,-21.750002622608463
pc_social_review|i4|o0|numbers|c0,pc_social_review,PC,enacted,1,1.0,0.0,0.0,-17.127196046563768,-20.50000762939363
pc_social_review|i4|o0|numbers|c1,pc_social_review,PC,enacted,1,1.0,0.0,0.0,-18.562768065840835,-22.062504410741667
pc_social_review|i4|o1|letters|c0,pc_social_review,PC,enacted,1,1.0,0.0,0.0,-26.562519074406737,-23.718753576335537
pc_social_review|i4|o1|letters|c1,pc_social_review,PC,enacted,1,1.0,0.0,0.0,-23.064984083310264,-23.250002980234747
pc_social_review|i4|o1|numbers|c0,pc_social_review,PC,enacted,1,1.0,0.0,0.0,-26.562521339212253,-24.25000262261893
pc_social_review|i4|o1|numbers|c1,pc_social_review,PC,enacted,1,1.0,0.0,0.0,-23.25524246700752,-23.812502741811393
ar_component_library|i0|o0|letters|c0,ar_component_library,AR,hypothetical,1,1.0,0.0,0.0,-1.8749999403953623,-0.3750004768370445
ar_component_library|i0|o0|letters|c1,ar_component_library,AR,hypothetical,1,1.0,0.0,0.0,-2.8749998435378927,-1.2499998509884094
ar_component_library|i0|o0|numbers|c0,ar_component_library,AR,hypothetical,1,1.0,0.0,0.0,-1.9999998211860728,-0.3750002384185507
ar_component_library|i0|o0|numbers|c1,ar_component_library,AR,hypothetical,1,1.0,0.0,0.0,-3.1250000074505806,-1.2499998807907176
ar_component_library|i0|o1|letters|c0,ar_component_library,AR,hypothetical,1,0.0,1.0,0.0,0.8749957382783293,-0.375
ar_component_library|i0|o1|letters|c1,ar_component_library,AR,hypothetical,1,1.0,0.0,0.0,-0.3750005960462275,-1.2500000298023224
ar_component_library|i0|o1|numbers|c0,ar_component_library,AR,hypothetical,1,0.0,1.0,0.0,0.8749993443493338,-0.3750002384185507
ar_component_library|i0|o1|numbers|c1,ar_component_library,AR,hypothetical,1,1.0,0.0,0.0,-0.5000001192092682,-1.3749999403953765
ar_component_library|i1|o0|letters|c0,ar_component_library,AR,hypothetical,1,1.0,0.0,0.0,-1.874999806284933,-0.1250003576278118
ar_component_library|i1|o0|letters|c1,ar_component_library,AR,hypothetical,1,1.0,0.0,0.0,-2.749999407679155,-1.624999821186087
ar_component_library|i1|o0|numbers|c0,ar_component_library,AR,hypothetical,1,1.0,0.0,0.0,-1.8749997764825892,-0.12500023841855068
ar_component_library|i1|o0|numbers|c1,ar_component_library,AR,hypothetical,1,1.0,0.0,0.0,-2.9999997988343523,-1.7499998807907176
ar_component_library|i1|o1|letters|c0,ar_component_library,AR,hypothetical,1,0.0,1.0,0.0,0.6248306180058876,-0.37500011920926823
ar_component_library|i1|o1|letters|c1,ar_component_library,AR,hypothetical,1,1.0,0.0,0.0,-0.5000011920922134,-1.6249998807907318
ar_component_library|i1|o1|numbers|c0,ar_component_library,AR,hypothetical,1,0.0,1.0,0.0,0.6249890030057657,-0.5000001490116048
ar_component_library|i1|o1|numbers|c1,ar_component_library,AR,hypothetical,1,1.0,0.0,0.0,-0.5000004768370445,-1.749999821186087
ar_component_library|i2|o0|letters|c0,ar_component_library,AR,hypothetical,1,1.0,0.0,0.0,-2.124999873340137,-4.768370445162873e-07
ar_component_library|i2|o0|letters|c1,ar_component_library,AR,hypothetical,1,1.0,0.0,0.0,-2.999999690800955,-1.6249998658895706
ar_component_library|i2|o0|numbers|c0,ar_component_library,AR,hypothetical,1,1.0,0.0,0.0,-2.249999925494194,-2.3841855067985307e-07
ar_component_library|i2|o0|numbers|c1,ar_component_library,AR,hypothetical,1,1.0,0.0,0.0,-3.4999998845160007,-1.7499999254942011
ar_component_library|i2|o1|letters|c0,ar_component_library,AR,hypothetical,1,0.0,1.0,0.0,0.624994635597858,-0.6250000894069458
ar_component_library|i2|o1|letters|c1,ar_component_library,AR,hypothetical,1,1.0,0.0,0.0,-0.6250008046623634,-1.7499999850988388
ar_component_library|i2|o1|numbers|c0,ar_component_library,AR,hypothetical,1,0.0,1.0,0.0,0.7499995529653631,-0.6250001192092824
ar_component_library|i2|o1|numbers|c1,ar_component_library,AR,hypothetical,1,1.0,0.0,0.0,-0.6250004172324566,-1.9999998509884094
ar_component_library|i3|o0|letters|c0,ar_component_library,AR,hypothetical,1,1.0,0.0,0.0,-2.1249999552965235,-0.37500023841849384
ar_component_library|i3|o0|letters|c1,ar_component_library,AR,hypothetical,1,1.0,0.0,0.0,-2.374933669700056,-1.4999999105930542
ar_component_library|i3|o0|numbers|c0,ar_component_library,AR,hypothetical,1,1.0,0.0,0.0,-1.874999985098846,-0.12500023841852936
ar_component_library|i3|o0|numbers|c1,ar_component_library,AR,hypothetical,1,1.0,0.0,0.0,-2.124999620020553,-1.6249998658895706
ar_component_library|i3|o1|letters|c0,ar_component_library,AR,hypothetical,1,1.0,1.0,1.0,1.2471939998212633,0.12499976158147064
ar_component_library|i3|o1|letters|c1,ar_component_library,AR,hypothetical,1,0.0,1.0,0.0,0.24999976158147064,-1.0
ar_component_library|i3|o1|numbers|c0,ar_component_library,AR,hypothetical,1,1.0,1.0,1.0,1.1249721650274012,0.12499976158144932
ar_component_library|i3|o1|numbers|c1,ar_component_library,AR,hypothetical,1,1.0,0.0,0.0,-0.25,-1.375000253319655
ar_component_library|i4|o0|letters|c0,ar_component_library,AR,hypothetical,1,1.0,0.0,0.0,-2.249999925494201,-0.2500003576278118
ar_component_library|i4|o0|letters|c1,ar_component_library,AR,hypothetical,1,1.0,0.0,0.0,-2.6249998658896345,-1.6249997019768827
ar_component_library|i4|o0|numbers|c0,ar_component_library,AR,hypothetical,1,1.0,0.0,0.0,-1.8750000149011612,-0.25000011920928245
ar_component_library|i4|o0|numbers|c1,ar_component_library,AR,hypothetical,1,1.0,0.0,0.0,-2.875000037252903,-1.7499999254942011
ar_component_library|i4|o1|letters|c0,ar_component_library,AR,hypothetical,1,0.0,1.0,0.0,0.9999909997422662,-0.37500023841852936
ar_component_library|i4|o1|letters|c1,ar_component_library,AR,hypothetical,1,1.0,0.0,0.0,-0.1250008344645792,-1.3749998807907318
ar_component_library|i4|o1|numbers|c0,ar_component_library,AR,hypothetical,1,0.0,1.0,0.0,0.9999986290943923,-0.5000002086162283
ar_component_library|i4|o1|numbers|c1,ar_component_library,AR,hypothetical,1,1.0,0.0,0.0,-0.3750002384185507,-1.6250001341104436
ar_docsection_readme|i0|o0|letters|c0,ar_docsection_readme,AR,hypothetical,1,0.0,0.0,1.0,-2.4999996125699226,0.12500011920926823
ar_docsection_readme|i0|o0|letters|c1,ar_docsection_readme,AR,hypothetical,1,1.0,0.0,0.0,-1.7499999403953552,-2.1249998882413124
ar_docsection_readme|i0|o0|numbers|c0,ar_docsection_readme,AR,hypothetical,1,0.0,0.0,1.0,-2.3749998956918787,0.12499988079073177
ar_docsection_readme|i0|o0|numbers|c1,ar_docsection_readme,AR,hypothetical,1,1.0,0.0,0.0,-1.9999998062849258,-2.24999978393317
ar_docsection_readme|i0|o1|letters|c0,ar_docsection_readme,AR,hypothetical,1,0.0,0.0,1.0,-0.5000084638213877,0.125
ar_docsection_readme|i0|o1|letters|c1,ar_docsection_readme,AR,hypothetical,1,0.0,1.0,0.0,0.24998843676711857,-2.374999843537829
ar_docsection_readme|i0|o1|numbers|c0,ar_docsection_readme,AR,hypothetical,1,1.0,0.0,0.0,-0.2500009536737551,0.125
ar_docsection_readme|i0|o1|numbers|c1,ar_docsection_readme,AR,hypothetical,1,0.0,1.0,0.0,0.12499856948954857,-2.9999999925494194
ar_docsection_readme|i1|o0|letters|c0,ar_docsection_readme,AR,hypothetical,1,1.0,0.0,0.0,-1.8749995827676003,1.1920926823449918e-07
ar_docsection_readme|i1|o0|letters|c1,ar_docsection_readme,AR,hypothetical,1,1.0,0.0,0.0,-1.6249998807907389,-2.499999843537829
ar_docsection_readme|i1|o0|numbers|c0,ar_docsection_readme,AR,hypothetical,1,0.0,0.0,1.0,-1.8749999850988388,0.12499976158144932
ar_docsection_readme|i1|o0|numbers|c1,ar_docsection_readme,AR,hypothetical,1,1.0,0.0,0.0,-1.8749997466802881,-2.624999761581428
ar_docsection_readme|i1|o1|letters|c0,ar_docsection_readme,AR,hypothetical,1,0.0,0.0,1.0,-0.5000102519443601,0.375
ar_docsection_readme|i1|o1|letters|c1,ar_docsection_readme,AR,hypothetical,1,1.0,0.0,0.0,-0.7500065266863274,-2.2499998286366676
ar_docsection_readme|i1|o1|numbers|c0,ar_docsection_readme,AR,hypothetical,1,0.0,0.0,1.0,-0.1250008344645792,0.125
ar_docsection_readme|i1|o1|numbers|c1,ar_docsection_readme,AR,hypothetical,1,1.0,0.0,0.0,-0.6250010132783927,-2.999999925494201
ar_docsection_readme|i2|o0|letters|c0,ar_docsection_readme,AR,hypothetical,1,1.0,0.0,0.0,-2.4999995380641167,1.1920926823449918e-07
ar_docsection_readme|i2|o0|letters|c1,ar_docsection_readme,AR,hypothetical,1,1.0,0.0,0.0,-1.6249999850988388,-2.3749999031424736
ar_docsection_readme|i2|o0|numbers|c0,ar_docsection_readme,AR,hypothetical,1,1.0,0.0,0.0,-2.3749999701976847,-1.1920928244535389e-07
ar_docsection_readme|i2|o0|numbers|c1,ar_docsection_readme,AR,hypothetical,1,1.0,0.0,0.0,-1.9999998807907389,-2.3749996796250628
ar_docsection_readme|i2|o1|letters|c0,ar_docsection_readme,AR,hypothetical,1,0.0,0.0,1.0,-0.5000056028202451,0.375
ar_docsection_readme|i2|o1|letters|c1,ar_docsection_readme,AR,hypothetical,1,0.0,1.0,0.0,-1.2397689715726301e-05,-2.374999970197699
ar_docsection_readme|i2|o1|numbers|c0,ar_docsection_readme,AR,hypothetical,1,0.0,0.0,1.0,-0.12500095367375508,0.25
ar_docsection_readme|i2|o1|numbers|c1,ar_docsection_readme,AR,hypothetical,1,0.0,1.0,0.0,0.12499868869872444,-2.8749999329447817
ar_docsection_readme|i3|o0|letters|c0,ar_docsection_readme,AR,hypothetical,1,0.0,0.0,1.0,-2.6249994486571495,0.375
ar_docsection_readme|i3|o0|letters|c1,ar_docsection_readme,AR,hypothetical,1,1.0,0.0,0.0,-1.7499997913838286,-2.374999843537829
ar_docsection_readme|i3|o0|numbers|c0,ar_docsection_readme,AR,hypothetical,1,0.0,0.0,1.0,-2.2499999180436205,0.37499988079071755
ar_docsection_readme|i3|o0|numbers|c1,ar_docsection_readme,AR,hypothetical,1,1.0,0.0,0.0,-1.749999821186087,-2.2499999552965164
ar_docsection_readme|i3|o1|letters|c0,ar_docsection_readme,AR,hypothetical,1,0.0,0.0,1.0,-0.250007986988777,0.5
ar_docsection_readme|i3|o1|letters|c1,ar_docsection_readme,AR,hypothetical,1,0.0,1.0,0.0,0.12499248984295264,-2.2499999776482795
ar_docsection_readme|i3|o1|numbers|c0,ar_docsection_readme,AR,hypothetical,1,0.0,0.0,1.0,-0.37500071525540335,0.25000011920928245
ar_docsection_readme|i3|o1|numbers|c1,ar_docsection_readme,AR,hypothetical,1,1.0,0.0,0.0,0.124997973444124,-2.9999998547136855
ar_docsection_readme|i4|o0|letters|c0,ar_docsection_readme,AR,hypothetical,1,1.0,0.0,0.0,-2.6249995008112137,-0.375
ar_docsection_readme|i4|o0|letters|c1,ar_docsection_readme,AR,hypothetical,1,1.0,0.0,0.0,-1.8749998658895777,-2.62499975413089
ar_docsection_readme|i4|o0|numbers|c0,ar_docsection_readme,AR,hypothetical,1,1.0,0.0,0.0,-2.2499998286366534,-0.375
ar_docsection_readme|i4|o0|numbers|c1,ar_docsection_readme,AR,hypothetical,1,1.0,0.0,0.0,-1.8749997019768045,-2.6249999925494265
ar_docsection_readme|i4|o1|letters|c0,ar_docsection_readme,AR,hypothetical,1,1.0,0.0,0.0,-0.3750245568062667,-0.125
ar_docsection_readme|i4|o1|letters|c1,ar_docsection_readme,AR,hypothetical,1,1.0,0.0,0.0,-0.25000786778128514,-2.3749999254942153
ar_docsection_readme|i4|o1|numbers|c0,ar_docsection_readme,AR,hypothetical,1,1.0,0.0,0.0,-0.2500016689284692,-0.25000011920926823
ar_docsection_readme|i4|o1|numbers|c1,ar_docsection_readme,AR,hypothetical,1,1.0,0.0,0.0,-0.2500008344646858,-3.1249998584389758
ar_execmode_ingest|i0|o0|letters|c0,ar_execmode_ingest,AR,hypothetical,1,1.0,0.0,0.0,-6.749999562511384,-0.9999999701976776
ar_execmode_ingest|i0|o0|letters|c1,ar_execmode_ingest,AR,hypothetical,1,1.0,0.0,0.0,-3.7500005830077683,-2.750000074505806
ar_execmode_ingest|i0|o0|numbers|c0,ar_execmode_ingest,AR,hypothetical,1,1.0,0.0,0.0,-6.374999757623321,-1.000000178813906
ar_execmode_ingest|i0|o0|numbers|c1,ar_execmode_ingest,AR,hypothetical,1,1.0,0.0,0.0,-3.8750003278254397,-3.0000000670552254
ar_execmode_ingest|i0|o1|letters|c0,ar_execmode_ingest,AR,hypothetical,1,1.0,1.0,1.0,1.1920928244535389e-07,1.3749999850988388
ar_execmode_ingest|i0|o1|letters|c1,ar_execmode_ingest,AR,hypothetical,1,0.0,1.0,0.0,1.2499999701976776,-2.124999836087248
ar_execmode_ingest|i0|o1|numbers|c0,ar_execmode_ingest,AR,hypothetical,1,1.0,1.0,1.0,1.1920928244535389e-07,1.3749999850988388
ar_execmode_ingest|i0|o1|numbers|c1,ar_execmode_ingest,AR,hypothetical,1,0.0,1.0,0.0,1.1250001490116048,-1.9999998509883952
ar_execmode_ingest|i1|o0|letters|c0,ar_execmode_ingest,AR,hypothetical,1,1.0,0.0,0.0,-4.749997459355875,-0.25
ar_execmode_ingest|i1|o0|letters|c1,ar_execmode_ingest,AR,hypothetical,1,1.0,0.0,0.0,-3.6250002924352316,-2.749999962747097
ar_execmode_ingest|i1|o0|numbers|c0,ar_execmode_ingest,AR,hypothetical,1,1.0,0.0,0.0,-4.499998981133551,-0.5000001192092824
ar_execmode_ingest|i1|o0|numbers|c1,ar_execmode_ingest,AR,hypothetical,1,1.0,0.0,0.0,-3.8750001471489597,-2.8749999701976776
ar_execmode_ingest|i1|o1|letters|c0,ar_execmode_ingest,AR,hypothetical,1,1.0,1.0,1.0,0.7500000894069601,1.9999998807907104
ar_execmode_ingest|i1|o1|letters|c1,ar_execmode_ingest,AR,hypothetical,1,0.0,1.0,0.0,0.8749997019768259,-1.7499997466802881
ar_execmode_ingest|i1|o1|numbers|c0,ar_execmode_ingest,AR,hypothetical,1,1.0,1.0,1.0,0.6250000894069601,1.875000014901154
ar_execmode_ingest|i1|o1|numbers|c1,ar_execmode_ingest,AR,hypothetical,1,0.0,1.0,0.0,0.6249987781056845,-1.6249998509883952
ar_execmode_ingest|i2|o0|letters|c0,ar_execmode_ingest,AR,hypothetical,1,1.0,0.0,0.0,-5.624999051913953,-0.750000178813913
ar_execmode_ingest|i2|o0|letters|c1,ar_execmode_ingest,AR,hypothetical,1,1.0,0.0,0.0,-3.5000003427266506,-2.8749999925494194
ar_execmode_ingest|i2|o0|numbers|c0,ar_execmode_ingest,AR,hypothetical,1,1.0,0.0,0.0,-5.499999591615101,-1.0000002384185507
ar_execmode_ingest|i2|o0|numbers|c1,ar_execmode_ingest,AR,hypothetical,1,1.0,0.0,0.0,-3.875000255182357,-3.125000011175871
ar_execmode_ingest|i2|o1|letters|c0,ar_execmode_ingest,AR,hypothetical,1,1.0,1.0,1.0,0.37500011920928245,1.8749999701976776
ar_execmode_ingest|i2|o1|letters|c1,ar_execmode_ingest,AR,hypothetical,1,0.0,1.0,0.0,1.3749999105930542,-1.8749997466803165
ar_execmode_ingest|i2|o1|numbers|c0,ar_execmode_ingest,AR,hypothetical,1,1.0,1.0,1.0,0.25000011920928245,1.7500000298023224
ar_execmode_ingest|i2|o1|numbers|c1,ar_execmode_ingest,AR,hypothetical,1,0.0,1.0,0.0,0.8749995827675434,-1.8749995827675434
ar_execmode_ingest|i3|o0|letters|c0,ar_execmode_ingest,AR,hypothetical,1,1.0,0.0,0.0,-4.124999083579034,-0.7500000298023224
ar_execmode_ingest|i3|o0|letters|c1,ar_execmode_ingest,AR,hypothetical,1,1.0,0.0,0.0,-2.749999586492919,-2.874999951571226
ar_execmode_ingest|i3|o0|numbers|c0,ar_execmode_ingest,AR,hypothetical,1,1.0,0.0,0.0,-3.8749991711232425,-0.8750001490116048
ar_execmode_ingest|i3|o0|numbers|c1,ar_execmode_ingest,AR,hypothetical,1,1.0,0.0,0.0,-2.624999798834345,-3.2500000186264444
ar_execmode_ingest|i3|o1|letters|c0,ar_execmode_ingest,AR,hypothetical,1,1.0,1.0,1.0,0.3750002384185507,1.375000163912766
ar_execmode_ingest|i3|o1|letters|c1,ar_execmode_ingest,AR,hypothetical,1,0.0,1.0,0.0,0.37499988079073177,-1.999999821186087
ar_execmode_ingest|i3|o1|numbers|c0,ar_execmode_ingest,AR,hypothetical,1,0.0,0.0,1.0,-0.12499988079071755,1.6250000596046377
ar_execmode_ingest|i3|o1|numbers|c1,ar_execmode_ingest,AR,hypothetical,1,0.0,1.0,0.0,0.125,-2.1249997913837717
ar_execmode_ingest|i4|o0|letters|c0,ar_execmode_ingest,AR,hypothetical,1,1.0,0.0,0.0,-6.2499993706591965,-0.7499999403953552
ar_execmode_ingest|i4|o0|letters|c1,ar_execmode_ingest,AR,hypothetical,1,1.0,0.0,0.0,-4.375000082887709,-3.000000037252903
ar_execmode_ingest|i4|o0|numbers|c0,ar_execmode_ingest,AR,hypothetical,1,1.0,0.0,0.0,-6.124999901512638,-0.8750000596046377
ar_execmode_ingest|i4|o0|numbers|c1,ar_execmode_ingest,AR,hypothetical,1,1.0,0.0,0.0,-4.625000143423648,-3.1250000931322575
ar_execmode_ingest|i4|o1|letters|c0,ar_execmode_ingest,AR,hypothetical,1,1.0,1.0,1.0,0.2500002384185507,1.25
ar_execmode_ingest|i4|o1|letters|c1,ar_execmode_ingest,AR,hypothetical,1,0.0,1.0,0.0,0.8749999701976776,-2.374999821186087
ar_execmode_ingest|i4|o1|numbers|c0,ar_execmode_ingest,AR,hypothetical,1,0.0,0.0,1.0,-0.12499988079071755,1.25
ar_execmode_ingest|i4|o1|numbers|c1,ar_execmode_ingest,AR,hypothetical,1,0.0,1.0,0.0,0.6250001788139272,-1.999999731779127
ar_execmode_migration|i0|o0|letters|c0,ar_execmode_migration,AR,hypothetical,1,1.0,0.0,0.0,-4.749995554806894,-0.375
ar_execmode_migration|i0|o0|letters|c1,ar_execmode_migration,AR,hypothetical,1,1.0,0.0,0.0,-3.250000201165591,-2.624999910593033
ar_execmode_migration|i0|o0|numbers|c0,ar_execmode_migration,AR,hypothetical,1,1.0,0.0,0.0,-4.374998033980084,-0.5
ar_execmode_migration|i0|o0|numbers|c1,ar_execmode_migration,AR,hypothetical,1,1.0,0.0,0.0,-3.750000443309439,-2.7500000931322575
ar_execmode_migration|i0|o1|letters|c0,ar_execmode_migration,AR,hypothetical,1,1.0,1.0,1.0,1.3750003576278118,1.9999999403953552
ar_execmode_migration|i0|o1|letters|c1,ar_execmode_migration,AR,hypothetical,1,0.0,1.0,0.0,1.8749987632045233,-1.1249998807907318
ar_execmode_migration|i0|o1|numbers|c0,ar_execmode_migration,AR,hypothetical,1,1.0,1.0,1.0,1.3750002980231955,2.0000001341104436
ar_execmode_migration|i0|o1|numbers|c1,ar_execmode_migration,AR,hypothetical,1,0.0,1.0,0.0,1.124998450280593,-0.9999997317791269
ar_execmode_migration|i1|o0|letters|c0,ar_execmode_migration,AR,hypothetical,1,0.0,0.0,1.0,-3.999993186469503,0.37499988079073177
ar_execmode_migration|i1|o0|letters|c1,ar_execmode_migration,AR,hypothetical,1,1.0,0.0,0.0,-3.000000003725283,-2.6250001043081284
ar_execmode_migration|i1|o0|numbers|c0,ar_execmode_migration,AR,hypothetical,1,0.0,0.0,1.0,-3.7499978356088306,0.49999988079071755
ar_execmode_migration|i1|o0|numbers|c1,ar_execmode_migration,AR,hypothetical,1,1.0,0.0,0.0,-3.375000014901161,-2.6250001192092824
ar_execmode_migration|i1|o1|letters|c0,ar_execmode_migration,AR,hypothetical,1,1.0,1.0,1.0,1.37500008940696,2.125000037252903
ar_execmode_migration|i1|o1|letters|c1,ar_execmode_migration,AR,hypothetical,1,0.0,1.0,0.0,1.6249995231630052,-1.4999997317791482
ar_execmode_migration|i1|o1|numbers|c0,ar_execmode_migration,AR,hypothetical,1,1.0,1.0,1.0,1.2500001490116048,2.1250002086162496
ar_execmode_migration|i1|o1|numbers|c1,ar_execmode_migration,AR,hypothetical,1,0.0,1.0,0.0,1.3749995231629555,-1.624999806284933
ar_execmode_migration|i2|o0|letters|c0,ar_execmode_migration,AR,hypothetical,1,0.0,0.0,1.0,-4.499993288914077,0.25
ar_execmode_migration|i2|o0|letters|c1,ar_execmode_migration,AR,hypothetical,1,1.0,0.0,0.0,-2.8750001080333973,-2.499999962747097
ar_execmode_migration|i2|o0|numbers|c0,ar_execmode_migration,AR,hypothetical,1,0.0,0.0,1.0,-4.124996228151296,0.24999988079071755
ar_execmode_migration|i2|o0|numbers|c1,ar_execmode_migration,AR,hypothetical,1,1.0,0.0,0.0,-3.500000052154057,-2.6250000298023224
ar_execmode_migration|i2|o1|letters|c0,ar_execmode_migration,AR,hypothetical,1,1.0,1.0,1.0,0.8750002384185507,1.7499999701976776
ar_execmode_migration|i2|o1|letters|c1,ar_execmode_migration,AR,hypothetical,1,0.0,1.0,0.0,1.2499990761285673,-1.9999998509884094
ar_execmode_migration|i2|o1|numbers|c0,ar_execmode_migration,AR,hypothetical,1,1.0,1.0,1.0,0.7500000894069601,1.7500000447034836
ar_execmode_migration|i2|o1|numbers|c1,ar_execmode_migration,AR,hypothetical,1,0.0,1.0,0.0,0.8749971687839135,-1.7499997168779657
ar_execmode_migration|i3|o0|letters|c0,ar_execmode_migration,AR,hypothetical,1,1.0,0.0,0.0,-4.2499996097760615,-0.7499999701976776
ar_execmode_migration|i3|o0|letters|c1,ar_execmode_migration,AR,hypothetical,1,1.0,0.0,0.0,-2.7499999590218067,-2.8749998919665813
ar_execmode_migration|i3|o0|numbers|c0,ar_execmode_migration,AR,hypothetical,1,1.0,0.0,0.0,-3.8749995194377718,-0.5000000894069601
ar_execmode_migration|i3|o0|numbers|c1,ar_execmode_migration,AR,hypothetical,1,1.0,0.0,0.0,-2.750000126659863,-3.1250001080334187
ar_execmode_migration|i3|o1|letters|c0,ar_execmode_migration,AR,hypothetical,1,1.0,1.0,1.0,1.125000268220873,2.1250001341104436
ar_execmode_migration|i3|o1|letters|c1,ar_execmode_migration,AR,hypothetical,1,0.0,1.0,0.0,1.2500000298023224,-1.375
ar_execmode_migration|i3|o1|numbers|c0,ar_execmode_migration,AR,hypothetical,1,1.0,1.0,1.0,0.6250001192092824,2.000000223517411
ar_execmode_migration|i3|o1|numbers|c1,ar_execmode_migration,AR,hypothetical,1,0.0,1.0,0.0,0.9999998509884094,-1.3749998956918787
ar_execmode_migration|i4|o0|letters|c0,ar_execmode_migration,AR,hypothetical,1,1.0,0.0,0.0,-4.499997652138283,0.125
ar_execmode_migration|i4|o0|letters|c1,ar_execmode_migration,AR,hypothetical,1,1.0,0.0,0.0,-3.3750000298023224,-2.625000014901161
ar_execmode_migration|i4|o0|numbers|c0,ar_execmode_migration,AR,hypothetical,1,0.0,0.0,1.0,-4.249998838641311,0.12499988079071755
ar_execmode_migration|i4|o0|numbers|c1,ar_execmode_migration,AR,hypothetical,1,1.0,0.0,0.0,-3.8749998919665813,-2.7499999664723873
ar_execmode_migration|i4|o1|letters|c0,ar_execmode_migration,AR,hypothetical,1,1.0,1.0,1.0,0.8750001490116048,1.6249999701976776
ar_execmode_migration|i4|o1|letters|c1,ar_execmode_migration,AR,hypothetical,1,0.0,1.0,0.0,1.374999821186087,-1.7499997913837717
ar_execmode_migration|i4|o1|numbers|c0,ar_execmode_migration,AR,hypothetical,1,1.0,1.0,1.0,0.8750001490116048,1.7500001043081213
ar_execmode_migration|i4|o1|numbers|c1,ar_execmode_migration,AR,hypothetical,1,0.0,1.0,0.0,0.999999821186087,-1.49999991059304
ar_logformat_service|i0|o0|letters|c0,ar_logformat_service,AR,hypothetical,1,1.0,0.0,0.0,-3.624999128282923,-0.7500003576278118
ar_logformat_service|i0|o0|letters|c1,ar_logformat_service,AR,hypothetical,1,1.0,0.0,0.0,-3.2500010393555385,-2.7500001043081284
ar_logformat_service|i0|o0|numbers|c0,ar_logformat_service,AR,hypothetical,1,1.0,0.0,0.0,-3.624999841675276,-0.8750002384185507
ar_logformat_service|i0|o0|numbers|c1,ar_logformat_service,AR,hypothetical,1,1.0,0.0,0.0,-3.2500006146727287,-2.8749999031424522
ar_logformat_service|i0|o1|letters|c0,ar_logformat_service,AR,hypothetical,1,0.0,1.0,0.0,0.12500023841852936,-0.12500011920928245
ar_logformat_service|i0|o1|letters|c1,ar_logformat_service,AR,hypothetical,1,0.0,1.0,0.0,1.1249995231630052,-3.1249999552965164
ar_logformat_service|i0|o1|numbers|c0,ar_logformat_service,AR,hypothetical,1,1.0,0.0,0.0,-0.25,-1.1920928244535389e-07
ar_logformat_service|i0|o1|numbers|c1,ar_logformat_service,AR,hypothetical,1,0.0,1.0,0.0,1.2499992549421677,-3.375000014901161
ar_logformat_service|i1|o0|letters|c0,ar_logformat_service,AR,hypothetical,1,1.0,0.0,0.0,-2.624998167159788,-0.2500002384185507
ar_logformat_service|i1|o0|letters|c1,ar_logformat_service,AR,hypothetical,1,1.0,0.0,0.0,-2.3750008195636383,-3.1250000596046235
ar_logformat_service|i1|o0|numbers|c0,ar_logformat_service,AR,hypothetical,1,1.0,0.0,0.0,-2.874999281019825,-0.2500002384185507
ar_logformat_service|i1|o0|numbers|c1,ar_logformat_service,AR,hypothetical,1,1.0,0.0,0.0,-2.37500050663931,-2.9999999329447746
ar_logformat_service|i1|o1|letters|c0,ar_logformat_service,AR,hypothetical,1,1.0,1.0,1.0,0.12499988079076729,0.6249998211860728
ar_logformat_service|i1|o1|letters|c1,ar_logformat_service,AR,hypothetical,1,0.0,1.0,0.0,0.8749980926534064,-3.249999899417162
ar_logformat_service|i1|o1|numbers|c0,ar_logformat_service,AR,hypothetical,1,0.0,0.0,1.0,-0.25,0.49999988079071755
ar_logformat_service|i1|o1|numbers|c1,ar_logformat_service,AR,hypothetical,1,0.0,1.0,0.0,1.124997854235282,-3.499999949708581
ar_logformat_service|i2|o0|letters|c0,ar_logformat_service,AR,hypothetical,1,1.0,0.0,0.0,-3.499999951571226,-0.5000003278254894
ar_logformat_service|i2|o0|letters|c1,ar_logformat_service,AR,hypothetical,1,1.0,0.0,0.0,-3.000000707804986,-3.1250000335275914
ar_logformat_service|i2|o0|numbers|c0,ar_logformat_service,AR,hypothetical,1,1.0,0.0,0.0,-3.249999683350552,-0.5000002384185507
ar_logformat_service|i2|o0|numbers|c1,ar_logformat_service,AR,hypothetical,1,1.0,0.0,0.0,-3.0000007115302765,-3.1249999813735485
ar_logformat_service|i2|o1|letters|c0,ar_logformat_service,AR,hypothetical,1,1.0,1.0,1.0,0.125,0.37499988079071755
ar_logformat_service|i2|o1|letters|c1,ar_logformat_service,AR,hypothetical,1,0.0,1.0,0.0,0.9999990761285673,-3.2500001043081284
ar_logformat_service|i2|o1|numbers|c0,ar_logformat_service,AR,hypothetical,1,0.0,0.0,1.0,-0.25,0.24999988079071755
ar_logformat_service|i2|o1|numbers|c1,ar_logformat_service,AR,hypothetical,1,0.0,1.0,0.0,0.8749988377103293,-3.624999914318323
ar_logformat_service|i3|o0|letters|c0,ar_logformat_service,AR,hypothetical,1,1.0,0.0,0.0,-2.6250000670551685,-0.2500002384185507
ar_logformat_service|i3|o0|letters|c1,ar_logformat_service,AR,hypothetical,1,1.0,0.0,0.0,-2.1250010132785064,-2.750000126659849
ar_logformat_service|i3|o0|numbers|c0,ar_logformat_service,AR,hypothetical,1,0.0,0.0,1.0,-2.8749998398125456,0.12499976158144932
ar_logformat_service|i3|o0|numbers|c1,ar_logformat_service,AR,hypothetical,1,1.0,0.0,0.0,-1.8750005960462772,-2.6250001415610242
ar_logformat_service|i3|o1|letters|c0,ar_logformat_service,AR,hypothetical,1,0.0,0.0,1.0,0.0,0.6249999403953552
ar_logformat_service|i3|o1|letters|c1,ar_logformat_service,AR,hypothetical,1,0.0,1.0,0.0,0.8749994635583604,-2.8750001154839993
ar_logformat_service|i3|o1|numbers|c0,ar_logformat_service,AR,hypothetical,1,0.0,0.0,1.0,-0.6250003576277621,0.6249998807907176
ar_logformat_service|i3|o1|numbers|c1,ar_logformat_service,AR,hypothetical,1,0.0,1.0,0.0,0.7499976456197075,-3.6249998062849116
ar_logformat_service|i4|o0|letters|c0,ar_logformat_service,AR,hypothetical,1,1.0,0.0,0.0,-3.249999459833248,-0.2500002384185507
ar_logformat_service|i4|o0|letters|c1,ar_logformat_service,AR,hypothetical,1,1.0,0.0,0.0,-2.750000204890938,-2.9999999292194843
ar_logformat_service|i4|o0|numbers|c0,ar_logformat_service,AR,hypothetical,1,1.0,0.0,0.0,-3.249999295920702,-0.2500002384185507
ar_logformat_service|i4|o0|numbers|c1,ar_logformat_service,AR,hypothetical,1,1.0,0.0,0.0,-2.6250003352760984,-2.8749999180436134
ar_logformat_service|i4|o1|letters|c0,ar_logformat_service,AR,hypothetical,1,1.0,1.0,1.0,0.4999994039537725,0.12499988079071755
ar_logformat_service|i4|o1|letters|c1,ar_logformat_service,AR,hypothetical,1,0.0,1.0,0.0,1.2499995529653276,-3.3749999925494194
ar_logformat_service|i4|o1|numbers|c0,ar_logformat_service,AR,hypothetical,1,0.0,1.0,0.0,0.24999988079073177,0.12499988079071755
ar_logformat_service|i4|o1|numbers|c1,ar_logformat_service,AR,hypothetical,1,0.0,1.0,0.0,1.3749991208318306,-3.624999901279807
ar_naming_config|i0|o0|letters|c0,ar_naming_config,AR,hypothetical,1,1.0,0.0,0.0,-5.87501023119421,-6.125001851699665
ar_naming_config|i0|o0|letters|c1,ar_naming_config,AR,hypothetical,1,1.0,0.0,0.0,-3.5000698539442965,-6.625000537838616
ar_naming_config|i0|o0|numbers|c0,ar_naming_config,AR,hypothetical,1,1.0,0.0,0.0,-7.1250297673733485,-8.250002608397182
ar_naming_config|i0|o0|numbers|c1,ar_naming_config,AR,hypothetical,1,1.0,0.0,0.0,-4.500115953001455,-9.750000533560097
ar_naming_config|i0|o1|letters|c0,ar_naming_config,AR,hypothetical,1,1.0,1.0,1.0,0.4999827149217708,0.124999403954007
ar_naming_config|i0|o1|letters|c1,ar_naming_config,AR,hypothetical,1,0.0,1.0,0.0,1.3749951571405745,-1.8749997317794396
ar_naming_config|i0|o1|numbers|c0,ar_naming_config,AR,hypothetical,1,1.0,1.0,1.0,0.8749970197900439,0.24999916553551316
ar_naming_config|i0|o1|numbers|c1,ar_naming_config,AR,hypothetical,1,0.0,1.0,0.0,0.7499915957890835,-2.125000014901161
ar_naming_config|i1|o0|letters|c0,ar_naming_config,AR,hypothetical,1,1.0,0.0,0.0,-5.250005207926961,-5.1250014007081575
ar_naming_config|i1|o0|letters|c1,ar_naming_config,AR,hypothetical,1,1.0,0.0,0.0,-3.250030673385936,-6.125000196043295
ar_naming_config|i1|o0|numbers|c0,ar_naming_config,AR,hypothetical,1,1.0,0.0,0.0,-5.875015255866288,-7.3750017185207355
ar_naming_config|i1|o0|numbers|c1,ar_naming_config,AR,hypothetical,1,1.0,0.0,0.0,-4.12507052262481,-9.125000619634996
ar_naming_config|i1|o1|letters|c0,ar_naming_config,AR,hypothetical,1,0.0,1.0,0.0,0.4999830724809726,-2.3841846541472478e-07
ar_naming_config|i1|o1|letters|c1,ar_naming_config,AR,hypothetical,1,0.0,1.0,0.0,1.249992221628247,-2.3749998658897766
ar_naming_config|i1|o1|numbers|c0,ar_naming_config,AR,hypothetical,1,0.0,1.0,0.0,0.6249903143213942,-0.12500047683695925
ar_naming_config|i1|o1|numbers|c1,ar_naming_config,AR,hypothetical,1,0.0,1.0,0.0,0.7499912679604108,-2.6249997839332764
ar_naming_config|i2|o0|letters|c0,ar_naming_config,AR,hypothetical,1,1.0,0.0,0.0,-5.125011001139683,-5.37500285915624
ar_naming_config|i2|o0|letters|c1,ar_naming_config,AR,hypothetical,1,1.0,0.0,0.0,-3.1250709902246854,-5.00000056764091
ar_naming_config|i2|o0|numbers|c0,ar_naming_config,AR,hypothetical,1,1.0,0.0,0.0,-5.750031271401895,-6.875003626330482
ar_naming_config|i2|o0|numbers|c1,ar_naming_config,AR,hypothetical,1,1.0,0.0,0.0,-3.875051295897947,-6.750000498373794
ar_naming_config|i2|o1|letters|c0,ar_naming_config,AR,hypothetical,1,0.0,1.0,0.0,0.24999213226192296,-0.25000023841840857
ar_naming_config|i2|o1|letters|c1,ar_naming_config,AR,hypothetical,1,0.0,1.0,0.0,1.1249949336232703,-2.374999843537978
ar_naming_config|i2|o1|numbers|c0,ar_naming_config,AR,hypothetical,1,0.0,1.0,0.0,0.3749970197836774,-0.6250005662437275
ar_naming_config|i2|o1|numbers|c1,ar_naming_config,AR,hypothetical,1,0.0,1.0,0.0,0.6249927580688563,-2.5000000298023224
ar_naming_config|i3|o0|letters|c0,ar_naming_config,AR,hypothetical,1,1.0,0.0,0.0,-6.50000893841252,-6.625002077545162
ar_naming_config|i3|o0|letters|c1,ar_naming_config,AR,hypothetical,1,1.0,0.0,0.0,-3.1250693502661306,-6.375000110478027
ar_naming_config|i3|o0|numbers|c0,ar_naming_config,AR,hypothetical,1,1.0,0.0,0.0,-7.875025864933718,-8.250002699725684
ar_naming_config|i3|o0|numbers|c1,ar_naming_config,AR,hypothetical,1,1.0,0.0,0.0,-3.7501465824861953,-10.375000846193672
ar_naming_config|i3|o1|letters|c0,ar_naming_config,AR,hypothetical,1,0.0,1.0,0.0,0.12474468852997234,0.0
ar_naming_config|i3|o1|letters|c1,ar_naming_config,AR,hypothetical,1,0.0,1.0,0.0,1.4999806287008823,-2.3749997764828095
ar_naming_config|i3|o1|numbers|c0,ar_naming_config,AR,hypothetical,1,0.0,1.0,0.0,0.3749278813429555,-0.12500047683687399
ar_naming_config|i3|o1|numbers|c1,ar_naming_config,AR,hypothetical,1,0.0,1.0,0.0,0.8749783339624173,-2.499999925494194
ar_naming_config|i4|o0|letters|c0,ar_naming_config,AR,hypothetical,1,1.0,0.0,0.0,-6.12500841328756,-5.37500107474537
ar_naming_config|i4|o0|letters|c1,ar_naming_config,AR,hypothetical,1,1.0,0.0,0.0,-4.000101745413417,-7.2500001203733575
ar_naming_config|i4|o0|numbers|c0,ar_naming_config,AR,hypothetical,1,1.0,0.0,0.0,-6.375019811463233,-7.000001109902456
ar_naming_config|i4|o0|numbers|c1,ar_naming_config,AR,hypothetical,1,1.0,0.0,0.0,-4.750081937113009,-9.499999898325683
ar_naming_config|i4|o1|letters|c0,ar_naming_config,AR,hypothetical,1,1.0,1.0,1.0,0.8750011920856196,0.37499952316304075
ar_naming_config|i4|o1|letters|c1,ar_naming_config,AR,hypothetical,1,0.0,1.0,0.0,1.3749950379302618,-2.3749997839332195
ar_naming_config|i4|o1|numbers|c0,ar_naming_config,AR,hypothetical,1,1.0,1.0,1.0,0.8749990761314166,0.24999952316304075
ar_naming_config|i4|o1|numbers|c1,ar_naming_config,AR,hypothetical,1,0.0,1.0,0.0,0.7499953210497097,-2.4999998211861225
ar_naming_parser|i0|o0|letters|c0,ar_naming_parser,AR,hypothetical,1,1.0,0.0,0.0,-6.625019292700472,-6.750002521901081
ar_naming_parser|i0|o0|letters|c1,ar_naming_parser,AR,hypothetical,1,1.0,0.0,0.0,-4.000114780619128,-7.500000422645655
ar_naming_parser|i0|o0|numbers|c0,ar_naming_parser,AR,hypothetical,1,1.0,0.0,0.0,-7.625046078382525,-8.500003350078515
ar_naming_parser|i0|o0|numbers|c1,ar_naming_parser,AR,hypothetical,1,1.0,0.0,0.0,-5.000148170234979,-10.000000386585754
ar_naming_parser|i0|o1|letters|c0,ar_naming_parser,AR,hypothetical,1,0.0,1.0,0.0,0.24999737741518402,-0.37500023841840857
ar_naming_parser|i0|o1|letters|c1,ar_naming_parser,AR,hypothetical,1,0.0,1.0,0.0,1.624996230017132,-2.1249994114045876
ar_naming_parser|i0|o1|numbers|c0,ar_naming_parser,AR,hypothetical,1,0.0,1.0,0.0,0.6249991655404301,-0.3750003576276413
ar_naming_parser|i0|o1|numbers|c1,ar_naming_parser,AR,hypothetical,1,0.0,1.0,0.0,1.1249909103412392,-2.1249995455149815
ar_naming_parser|i1|o0|letters|c0,ar_naming_parser,AR,hypothetical,1,1.0,0.0,0.0,-5.125002258911991,-5.500001780686773
ar_naming_parser|i1|o0|letters|c1,ar_naming_parser,AR,hypothetical,1,1.0,0.0,0.0,-3.0000312471599955,-6.875000772764508
ar_naming_parser|i1|o0|numbers|c0,ar_naming_parser,AR,hypothetical,1,1.0,0.0,0.0,-6.750007285696256,-7.250002221317601
ar_naming_parser|i1|o0|numbers|c1,ar_naming_parser,AR,hypothetical,1,1.0,0.0,0.0,-4.000032221317724,-10.62500037410021
ar_naming_parser|i1|o1|letters|c0,ar_naming_parser,AR,hypothetical,1,1.0,1.0,1.0,0.6249957979034662,0.6249998807907673
ar_naming_parser|i1|o1|letters|c1,ar_naming_parser,AR,hypothetical,1,0.0,1.0,0.0,1.4999903441034803,-1.6249996274712544
ar_naming_parser|i1|o1|numbers|c0,ar_naming_parser,AR,hypothetical,1,1.0,1.0,1.0,0.8749933243320811,0.8749998211861225
ar_naming_parser|i1|o1|numbers|c1,ar_naming_parser,AR,hypothetical,1,0.0,1.0,0.0,1.1249832214450635,-1.8749998360873974
ar_naming_parser|i2|o0|letters|c0,ar_naming_parser,AR,hypothetical,1,1.0,0.0,0.0,-6.500035999340412,-7.625003083894228
ar_naming_parser|i2|o0|letters|c1,ar_naming_parser,AR,hypothetical,1,1.0,0.0,0.0,-4.375104255044221,-8.250000238942278
ar_naming_parser|i2|o0|numbers|c0,ar_naming_parser,AR,hypothetical,1,1.0,0.0,0.0,-7.625211049846598,-9.250004605932219
ar_naming_parser|i2|o0|numbers|c1,ar_naming_parser,AR,hypothetical,1,1.0,0.0,0.0,-5.50013714128022,-10.625000612635318
ar_naming_parser|i2|o1|letters|c0,ar_naming_parser,AR,hypothetical,1,1.0,1.0,1.0,0.7499986887041814,0.625
ar_naming_parser|i2|o1|letters|c1,ar_naming_parser,AR,hypothetical,1,0.0,1.0,0.0,1.374993398812535,-1.749999538064401
ar_naming_parser|i2|o1|numbers|c0,ar_naming_parser,AR,hypothetical,1,1.0,1.0,1.0,0.9999990463290942,0.24999976158153459
ar_naming_parser|i2|o1|numbers|c1,ar_naming_parser,AR,hypothetical,1,0.0,1.0,0.0,0.7499907911328592,-1.9999998062849613
ar_naming_parser|i3|o0|letters|c0,ar_naming_parser,AR,hypothetical,1,1.0,0.0,0.0,-6.250009535227036,-6.000002342970959
ar_naming_parser|i3|o0|letters|c1,ar_naming_parser,AR,hypothetical,1,1.0,0.0,0.0,-3.124927625842247,-5.750000207684707
ar_naming_parser|i3|o0|numbers|c0,ar_naming_parser,AR,hypothetical,1,1.0,0.0,0.0,-7.875022059527055,-7.7500030019971575
ar_naming_parser|i3|o0|numbers|c1,ar_naming_parser,AR,hypothetical,1,1.0,0.0,0.0,-3.500035456379919,-8.625000174069726
ar_naming_parser|i3|o1|letters|c0,ar_naming_parser,AR,hypothetical,1,1.0,0.0,0.0,-0.12555095070956668,-2.3841840857130592e-07
ar_naming_parser|i3|o1|letters|c1,ar_naming_parser,AR,hypothetical,1,0.0,1.0,0.0,1.3749545376442711,-1.9999995529654484
ar_naming_parser|i3|o1|numbers|c0,ar_naming_parser,AR,hypothetical,1,0.0,1.0,0.0,-2.0503733821897185e-05,-0.37500047683681714
ar_naming_parser|i3|o1|numbers|c1,ar_naming_parser,AR,hypothetical,1,0.0,1.0,0.0,0.9999723438501178,-2.2499996274712544
ar_naming_parser|i4|o0|letters|c0,ar_naming_parser,AR,hypothetical,1,1.0,0.0,0.0,-5.750002501752988,-4.375001762060748
ar_naming_parser|i4|o0|letters|c1,ar_naming_parser,AR,hypothetical,1,1.0,0.0,0.0,-4.125036270580836,-6.500000395695565
ar_naming_parser|i4|o0|numbers|c0,ar_naming_parser,AR,hypothetical,1,1.0,0.0,0.0,-6.125006955775916,-6.000001720383835
ar_naming_parser|i4|o0|numbers|c1,ar_naming_parser,AR,hypothetical,1,1.0,0.0,0.0,-5.000035680157907,-9.37500075364352
ar_naming_parser|i4|o1|letters|c0,ar_naming_parser,AR,hypothetical,1,1.0,1.0,1.0,1.3749993890555743,0.6249997019770035
ar_naming_parser|i4|o1|letters|c1,ar_naming_parser,AR,hypothetical,1,0.0,1.0,0.0,1.9999940395603062,-1.7499994933608605
ar_naming_parser|i4|o1|numbers|c0,ar_naming_parser,AR,hypothetical,1,1.0,1.0,1.0,1.3749958872997468,0.49999952316304075
ar_naming_parser|i4|o1|numbers|c1,ar_naming_parser,AR,hypothetical,1,0.0,1.0,0.0,1.3749922961357015,-1.8749996572734062
ar_naming_serializer|i0|o0|letters|c0,ar_naming_serializer,AR,hypothetical,1,1.0,0.0,0.0,-5.8750294271985695,-4.50000215600906
ar_naming_serializer|i0|o0|letters|c1,ar_naming_serializer,AR,hypothetical,1,1.0,0.0,0.0,-3.0000962897615864,-6.000000720377699
ar_naming_serializer|i0|o0|numbers|c0,ar_naming_serializer,AR,hypothetical,1,1.0,0.0,0.0,-7.1250714520147085,-6.500002414333501
ar_naming_serializer|i0|o0|numbers|c1,ar_naming_serializer,AR,hypothetical,1,1.0,0.0,0.0,-4.000145504558759,-9.125001218635049
ar_naming_serializer|i0|o1|letters|c0,ar_naming_serializer,AR,hypothetical,1,0.0,1.0,0.0,0.37492847735938994,-0.12500011920917586
ar_naming_serializer|i0|o1|letters|c1,ar_naming_serializer,AR,hypothetical,1,0.0,1.0,0.0,1.3749878407392089,-1.874999672174738
ar_naming_serializer|i0|o1|numbers|c0,ar_naming_serializer,AR,hypothetical,1,0.0,1.0,0.0,0.6249885560250732,-0.12500047683687399
ar_naming_serializer|i0|o1|numbers|c1,ar_naming_serializer,AR,hypothetical,1,0.0,1.0,0.0,0.7499853671794199,-2.124999642372302
ar_naming_serializer|i1|o0|letters|c0,ar_naming_serializer,AR,hypothetical,1,1.0,0.0,0.0,-6.250005860314559,-5.250002011188855
ar_naming_serializer|i1|o0|letters|c1,ar_naming_serializer,AR,hypothetical,1,1.0,0.0,0.0,-3.0000908592786573,-6.375000376021177
ar_naming_serializer|i1|o0|numbers|c0,ar_naming_serializer,AR,hypothetical,1,1.0,0.0,0.0,-7.625011854542208,-7.250002766372752
ar_naming_serializer|i1|o0|numbers|c1,ar_naming_serializer,AR,hypothetical,1,1.0,0.0,0.0,-4.00008239808858,-9.625001090636516
ar_naming_serializer|i1|o1|letters|c0,ar_naming_serializer,AR,hypothetical,1,1.0,1.0,1.0,0.7499953509159241,0.8749999105930897
ar_naming_serializer|i1|o1|letters|c1,ar_naming_serializer,AR,hypothetical,1,0.0,1.0,0.0,1.7499885708845113,-1.374999597668932
ar_naming_serializer|i1|o1|numbers|c0,ar_naming_serializer,AR,hypothetical,1,1.0,1.0,1.0,0.8750004172297849,0.9999998807907673
ar_naming_serializer|i1|o1|numbers|c1,ar_naming_serializer,AR,hypothetical,1,0.0,1.0,0.0,1.2499834896622133,-1.4999999105930897
ar_naming_serializer|i2|o0|letters|c0,ar_naming_serializer,AR,hypothetical,1,1.0,0.0,0.0,-5.875049767635119,-7.125002916548539
ar_naming_serializer|i2|o0|letters|c1,ar_naming_serializer,AR,hypothetical,1,1.0,0.0,0.0,-4.125270417049705,-7.6250004469763155
ar_naming_serializer|i2|o0|numbers|c0,ar_naming_serializer,AR,hypothetical,1,1.0,0.0,0.0,-6.750303673412759,-8.37500425401052
ar_naming_serializer|i2|o0|numbers|c1,ar_naming_serializer,AR,hypothetical,1,1.0,0.0,0.0,-5.375275792001389,-9.500000855405034
ar_naming_serializer|i2|o1|letters|c0,ar_naming_serializer,AR,hypothetical,1,0.0,1.0,0.0,0.6249928475062916,0.12499976158153459
ar_naming_serializer|i2|o1|letters|c1,ar_naming_serializer,AR,hypothetical,1,0.0,1.0,0.0,0.49998843677667537,-2.249999597668932
ar_naming_serializer|i2|o1|numbers|c0,ar_naming_serializer,AR,hypothetical,1,0.0,1.0,0.0,0.4999960661125442,-0.250000476836874
ar_naming_serializer|i2|o1|numbers|c1,ar_naming_serializer,AR,hypothetical,1,1.0,0.0,0.0,-0.25001668914455877,-2.3749998062849613
ar_naming_serializer|i3|o0|letters|c0,ar_naming_serializer,AR,hypothetical,1,1.0,0.0,0.0,-7.500011644096503,-7.875004113177972
ar_naming_serializer|i3|o0|letters|c1,ar_naming_serializer,AR,hypothetical,1,1.0,0.0,0.0,-3.2500342155253747,-7.000000661587961
ar_naming_serializer|i3|o0|numbers|c0,ar_naming_serializer,AR,hypothetical,1,1.0,0.0,0.0,-9.500029454724995,-9.125004913049914
ar_naming_serializer|i3|o0|numbers|c1,ar_naming_serializer,AR,hypothetical,1,1.0,0.0,0.0,-3.750117916763884,-10.500000838742842
ar_naming_serializer|i3|o1|letters|c0,ar_naming_serializer,AR,hypothetical,1,0.0,0.0,1.0,-0.13171698665701115,0.12499976158153459
ar_naming_serializer|i3|o1|letters|c1,ar_naming_serializer,AR,hypothetical,1,0.0,1.0,0.0,1.749954492933739,-2.874999735504616
ar_naming_serializer|i3|o1|numbers|c0,ar_naming_serializer,AR,hypothetical,1,1.0,0.0,0.0,-0.12507545650578322,-5.960461351151025e-07
ar_naming_serializer|i3|o1|numbers|c1,ar_naming_serializer,AR,hypothetical,1,0.0,1.0,0.0,1.4999755475071765,-3.3750000670551685
ar_naming_serializer|i4|o0|letters|c0,ar_naming_serializer,AR,hypothetical,1,1.0,0.0,0.0,-7.50002070253754,-7.125002900017336
ar_naming_serializer|i4|o0|letters|c1,ar_naming_serializer,AR,hypothetical,1,1.0,0.0,0.0,-4.750213682639242,-7.750000524741637
ar_naming_serializer|i4|o0|numbers|c0,ar_naming_serializer,AR,hypothetical,1,1.0,0.0,0.0,-9.125031129406182,-10.000005258452354
ar_naming_serializer|i4|o0|numbers|c1,ar_naming_serializer,AR,hypothetical,1,1.0,0.0,0.0,-6.000170688101434,-11.937501313768081
ar_naming_serializer|i4|o1|letters|c0,ar_naming_serializer,AR,hypothetical,1,0.0,1.0,0.0,0.24996721803347555,-0.375000476836874
ar_naming_serializer|i4|o1|letters|c1,ar_naming_serializer,AR,hypothetical,1,0.0,1.0,0.0,0.6249927580664121,-2.624999865889663
ar_naming_serializer|i4|o1|numbers|c0,ar_naming_serializer,AR,hypothetical,1,0.0,1.0,0.0,0.4999723438571664,-0.6250006556506662
ar_naming_serializer|i4|o1|numbers|c1,ar_naming_serializer,AR,hypothetical,1,1.0,0.0,0.0,-0.2500095366941082,-3.000000063329935
ar_seed_benchmark|i0|o0|letters|c0,ar_seed_benchmark,AR,hypothetical,1,1.0,0.0,0.0,-2.3749999031424522,-0.12500047683699478
ar_seed_benchmark|i0|o0|letters|c1,ar_seed_benchmark,AR,hypothetical,1,1.0,0.0,0.0,-2.5000000745056923,-1.1250003278254397
ar_seed_benchmark|i0|o0|numbers|c0,ar_seed_benchmark,AR,hypothetical,1,1.0,0.0,0.0,-2.3750000968575478,-0.12500047683699478
ar_seed_benchmark|i0|o0|numbers|c1,ar_seed_benchmark,AR,hypothetical,1,1.0,0.0,0.0,-2.625000305473691,-1.3750003427266009
ar_seed_benchmark|i0|o1|letters|c0,ar_seed_benchmark,AR,hypothetical,1,1.0,1.0,1.0,1.8750002980229965,0.8750003278254397
ar_seed_benchmark|i0|o1|letters|c1,ar_seed_benchmark,AR,hypothetical,1,0.0,1.0,0.0,1.7500001043081,-0.12499928474459665
ar_seed_benchmark|i0|o1|numbers|c0,ar_seed_benchmark,AR,hypothetical,1,1.0,1.0,1.0,2.0000005811450876,1.1250002384185294
ar_seed_benchmark|i0|o1|numbers|c1,ar_seed_benchmark,AR,hypothetical,1,0.0,1.0,0.0,1.6250000894069458,-0.12499964237223793
ar_seed_benchmark|i1|o0|letters|c0,ar_seed_benchmark,AR,hypothetical,1,1.0,0.0,0.0,-1.9999999403953552,-0.25000035762776207
ar_seed_benchmark|i1|o0|letters|c1,ar_seed_benchmark,AR,hypothetical,1,1.0,0.0,0.0,-1.9999998658897766,-1.7500001341104294
ar_seed_benchmark|i1|o0|numbers|c0,ar_seed_benchmark,AR,hypothetical,1,1.0,0.0,0.0,-2.0000000745057847,-0.37500023841852936
ar_seed_benchmark|i1|o0|numbers|c1,ar_seed_benchmark,AR,hypothetical,1,1.0,0.0,0.0,-2.3750001415609745,-1.8750004172324068
ar_seed_benchmark|i1|o1|letters|c0,ar_seed_benchmark,AR,hypothetical,1,1.0,1.0,1.0,1.3750003427264232,1.375000208616207
ar_seed_benchmark|i1|o1|letters|c1,ar_seed_benchmark,AR,hypothetical,1,1.0,1.0,1.0,1.499999821186087,7.152554033496017e-07
ar_seed_benchmark|i1|o1|numbers|c0,ar_seed_benchmark,AR,hypothetical,1,1.0,1.0,1.0,1.5000005215404428,1.5000003427266009
ar_seed_benchmark|i1|o1|numbers|c1,ar_seed_benchmark,AR,hypothetical,1,1.0,1.0,1.0,1.2500001192092824,3.576277620709334e-07
ar_seed_benchmark|i2|o0|letters|c0,ar_seed_benchmark,AR,hypothetical,1,1.0,0.0,0.0,-1.9999999552965164,-0.37500035762776207
ar_seed_benchmark|i2|o0|letters|c1,ar_seed_benchmark,AR,hypothetical,1,1.0,0.0,0.0,-2.3750002905724727,-1.2500000596046235
ar_seed_benchmark|i2|o0|numbers|c0,ar_seed_benchmark,AR,hypothetical,1,1.0,0.0,0.0,-2.1250000819563652,-0.25000035762776207
ar_seed_benchmark|i2|o0|numbers|c1,ar_seed_benchmark,AR,hypothetical,1,1.0,0.0,0.0,-2.625000402331189,-1.500000283122013
ar_seed_benchmark|i2|o1|letters|c0,ar_seed_benchmark,AR,hypothetical,1,1.0,1.0,1.0,1.7500007748596431,0.8750001788138846
ar_seed_benchmark|i2|o1|letters|c1,ar_seed_benchmark,AR,hypothetical,1,0.0,1.0,0.0,1.4999999552965164,-0.12499880790800688
ar_seed_benchmark|i2|o1|numbers|c0,ar_seed_benchmark,AR,hypothetical,1,1.0,1.0,1.0,1.7500010132783999,1.1250003278254397
ar_seed_benchmark|i2|o1|numbers|c1,ar_seed_benchmark,AR,hypothetical,1,0.0,1.0,0.0,1.2500000596046377,-0.12499940395377251
ar_seed_benchmark|i3|o0|letters|c0,ar_seed_benchmark,AR,hypothetical,1,1.0,0.0,0.0,-1.8750000745057775,-0.7500003874300845
ar_seed_benchmark|i3|o0|letters|c1,ar_seed_benchmark,AR,hypothetical,1,1.0,0.0,0.0,-2.0000005811446044,-1.1250002980231741
ar_seed_benchmark|i3|o0|numbers|c0,ar_seed_benchmark,AR,hypothetical,1,1.0,0.0,0.0,-1.7500001341104294,-0.6250003874301342
ar_seed_benchmark|i3|o0|numbers|c1,ar_seed_benchmark,AR,hypothetical,1,1.0,0.0,0.0,-2.1250006780024364,-1.3750002682208518
ar_seed_benchmark|i3|o1|letters|c0,ar_seed_benchmark,AR,hypothetical,1,1.0,1.0,1.0,1.5000039338943907,0.7500006556507586
ar_seed_benchmark|i3|o1|letters|c1,ar_seed_benchmark,AR,hypothetical,1,1.0,1.0,1.0,1.1250000894069103,0.250001311301169
ar_seed_benchmark|i3|o1|numbers|c0,ar_seed_benchmark,AR,hypothetical,1,1.0,1.0,1.0,1.3750023245773377,1.1250005066393172
ar_seed_benchmark|i3|o1|numbers|c1,ar_seed_benchmark,AR,hypothetical,1,1.0,1.0,1.0,0.8750002980231955,0.25000035762776207
ar_seed_benchmark|i4|o0|letters|c0,ar_seed_benchmark,AR,hypothetical,1,1.0,0.0,0.0,-2.124999806284933,-0.12500023841852936
ar_seed_benchmark|i4|o0|letters|c1,ar_seed_benchmark,AR,hypothetical,1,1.0,0.0,0.0,-2.4999996647241574,-1.1250001490115906
ar_seed_benchmark|i4|o0|numbers|c0,ar_seed_benchmark,AR,hypothetical,1,1.0,0.0,0.0,-1.9999998658895706,-0.1250003576278118
ar_seed_benchmark|i4|o0|numbers|c1,ar_seed_benchmark,AR,hypothetical,1,1.0,0.0,0.0,-2.625000037252903,-1.2500002384185294
ar_seed_benchmark|i4|o1|letters|c0,ar_seed_benchmark,AR,hypothetical,1,1.0,1.0,1.0,1.8750000447034836,0.8750002384185294
ar_seed_benchmark|i4|o1|letters|c1,ar_seed_benchmark,AR,hypothetical,1,0.0,1.0,0.0,1.6249999850988388,-0.12499952316300522
ar_seed_benchmark|i4|o1|numbers|c0,ar_seed_benchmark,AR,hypothetical,1,1.0,1.0,1.0,1.8750002384184654,1.1250001192092682
ar_seed_benchmark|i4|o1|numbers|c1,ar_seed_benchmark,AR,hypothetical,1,0.0,1.0,0.0,1.2499999701976776,-0.12499964237223793
ar_taskorder_setup|i0|o0|letters|c0,ar_taskorder_setup,AR,hypothetical,1,1.0,0.0,0.0,-2.374999418854877,-0.37500023841852936
ar_taskorder_setup|i0|o0|letters|c1,ar_taskorder_setup,AR,hypothetical,1,1.0,0.0,0.0,-2.5000003352759563,-1.9999997615814422
ar_taskorder_setup|i0|o0|numbers|c0,ar_taskorder_setup,AR,hypothetical,1,1.0,0.0,0.0,-2.2499995678665243,-0.37500023841849384
ar_taskorder_setup|i0|o0|numbers|c1,ar_taskorder_setup,AR,hypothetical,1,1.0,0.0,0.0,-2.6250002682208162,-2.2499997988343736
ar_taskorder_setup|i0|o1|letters|c0,ar_taskorder_setup,AR,hypothetical,1,0.0,1.0,0.0,0.6250004470345516,0.0
ar_taskorder_setup|i0|o1|letters|c1,ar_taskorder_setup,AR,hypothetical,1,1.0,0.0,0.0,-0.2500007152552257,-1.7499997466803094
ar_taskorder_setup|i0|o1|numbers|c0,ar_taskorder_setup,AR,hypothetical,1,1.0,1.0,1.0,0.6250003278254042,0.375
ar_taskorder_setup|i0|o1|numbers|c1,ar_taskorder_setup,AR,hypothetical,1,1.0,0.0,0.0,-0.2500005960461351,-1.6249995976687543
ar_taskorder_setup|i1|o0|letters|c0,ar_taskorder_setup,AR,hypothetical,1,1.0,0.0,0.0,-2.7499999180436134,-1.1250001192092611
ar_taskorder_setup|i1|o0|letters|c1,ar_taskorder_setup,AR,hypothetical,1,1.0,0.0,0.0,-3.5000033266783532,-2.2499999925494407
ar_taskorder_setup|i1|o0|numbers|c0,ar_taskorder_setup,AR,hypothetical,1,1.0,0.0,0.0,-2.7500001043081284,-1.375000283122013
ar_taskorder_setup|i1|o0|numbers|c1,ar_taskorder_setup,AR,hypothetical,1,1.0,0.0,0.0,-3.750000920146256,-2.499999880790739
ar_taskorder_setup|i1|o1|letters|c0,ar_taskorder_setup,AR,hypothetical,1,0.0,1.0,0.0,0.2500004768367603,-0.49999988079073177
ar_taskorder_setup|i1|o1|letters|c1,ar_taskorder_setup,AR,hypothetical,1,1.0,0.0,0.0,-0.9999998807907673,-1.374999716877987
ar_taskorder_setup|i1|o1|numbers|c0,ar_taskorder_setup,AR,hypothetical,1,0.0,1.0,0.0,0.25000035762772654,-0.25
ar_taskorder_setup|i1|o1|numbers|c1,ar_taskorder_setup,AR,hypothetical,1,1.0,0.0,0.0,-0.9999998807907389,-1.2499999701976776
ar_taskorder_setup|i2|o0|letters|c0,ar_taskorder_setup,AR,hypothetical,1,1.0,0.0,0.0,-2.6249999627471254,-0.37500011920926823
ar_taskorder_setup|i2|o0|letters|c1,ar_taskorder_setup,AR,hypothetical,1,1.0,0.0,0.0,-2.8750003241001423,-1.6249996870756718
ar_taskorder_setup|i2|o0|numbers|c0,ar_taskorder_setup,AR,hypothetical,1,1.0,0.0,0.0,-2.5000000596046448,-0.37500011920926113
ar_taskorder_setup|i2|o0|numbers|c1,ar_taskorder_setup,AR,hypothetical,1,1.0,0.0,0.0,-2.875000339001332,-1.8749993443491348
ar_taskorder_setup|i2|o1|letters|c0,ar_taskorder_setup,AR,hypothetical,1,0.0,1.0,0.0,1.125000536441462,-0.125
ar_taskorder_setup|i2|o1|letters|c1,ar_taskorder_setup,AR,hypothetical,1,0.0,1.0,0.0,0.8750000894069103,-0.8749994933606828
ar_taskorder_setup|i2|o1|numbers|c0,ar_taskorder_setup,AR,hypothetical,1,0.0,1.0,0.0,1.1250004768369593,0.125
ar_taskorder_setup|i2|o1|numbers|c1,ar_taskorder_setup,AR,hypothetical,1,0.0,1.0,0.0,0.5000001192092611,-0.8749996721745603
ar_taskorder_setup|i3|o0|letters|c0,ar_taskorder_setup,AR,hypothetical,1,1.0,0.0,0.0,-2.7500001713633324,-0.125
ar_taskorder_setup|i3|o0|letters|c1,ar_taskorder_setup,AR,hypothetical,1,1.0,0.0,0.0,-2.7500009760251487,-1.9999997168779942
ar_taskorder_setup|i3|o0|numbers|c0,ar_taskorder_setup,AR,hypothetical,1,1.0,0.0,0.0,-2.2500000968575264,-0.12499928474468902
ar_taskorder_setup|i3|o0|numbers|c1,ar_taskorder_setup,AR,hypothetical,1,1.0,0.0,0.0,-2.875000435858766,-2.1249991804365607
ar_taskorder_setup|i3|o1|letters|c0,ar_taskorder_setup,AR,hypothetical,1,1.0,1.0,1.0,1.000000685452676,0.5
ar_taskorder_setup|i3|o1|letters|c1,ar_taskorder_setup,AR,hypothetical,1,0.0,1.0,0.0,0.5,-1.1249997615814706
ar_taskorder_setup|i3|o1|numbers|c0,ar_taskorder_setup,AR,hypothetical,1,1.0,1.0,1.0,1.125002056357772,0.7499999701976776
ar_taskorder_setup|i3|o1|numbers|c1,ar_taskorder_setup,AR,hypothetical,1,1.0,0.0,0.0,1.1920923270736239e-07,-0.9999994933606331
ar_taskorder_setup|i4|o0|letters|c0,ar_taskorder_setup,AR,hypothetical,1,1.0,0.0,0.0,-2.249999970197706,-0.12499988079073177
ar_taskorder_setup|i4|o0|letters|c1,ar_taskorder_setup,AR,hypothetical,1,1.0,0.0,0.0,-2.8749999180436703,-1.7499998807907318
ar_taskorder_setup|i4|o0|numbers|c0,ar_taskorder_setup,AR,hypothetical,1,1.0,0.0,0.0,-1.8749999105930542,-0.37500011920926823
ar_taskorder_setup|i4|o0|numbers|c1,ar_taskorder_setup,AR,hypothetical,1,1.0,0.0,0.0,-3.0000001154839993,-1.8749996125699155
ar_taskorder_setup|i4|o1|letters|c0,ar_taskorder_setup,AR,hypothetical,1,0.0,1.0,0.0,0.8749997317793259,-0.25
ar_taskorder_setup|i4|o1|letters|c1,ar_taskorder_setup,AR,hypothetical,1,1.0,0.0,0.0,1.1920923270736239e-07,-0.8749998807907318
ar_taskorder_setup|i4|o1|numbers|c0,ar_taskorder_setup,AR,hypothetical,1,0.0,1.0,0.0,1.1250004172322292,0.0
ar_taskorder_setup|i4|o1|numbers|c1,ar_taskorder_setup,AR,hypothetical,1,1.0,0.0,0.0,-0.12499988079073887,-0.8749999105930542
ar_testfix_suite|i0|o0|letters|c0,ar_testfix_suite,AR,hypothetical,1,1.0,0.0,0.0,-3.749999508261901,-0.8750007450576334
ar_testfix_suite|i0|o0|letters|c1,ar_testfix_suite,AR,hypothetical,1,1.0,0.0,0.0,-3.125000186264458,-2.625000163912688
ar_testfix_suite|i0|o0|numbers|c0,ar_testfix_suite,AR,hypothetical,1,1.0,0.0,0.0,-3.4999998621642803,-1.1250005066393172
ar_testfix_suite|i0|o0|numbers|c1,ar_testfix_suite,AR,hypothetical,1,1.0,0.0,0.0,-3.375000283122013,-2.7500002607702143
ar_testfix_suite|i0|o1|letters|c0,ar_testfix_suite,AR,hypothetical,1,0.0,1.0,0.0,0.12500023841846541,-0.37499976158147064
ar_testfix_suite|i0|o1|letters|c1,ar_testfix_suite,AR,hypothetical,1,0.0,1.0,0.0,0.6249970793771737,-2.2499994263056067
ar_testfix_suite|i0|o1|numbers|c0,ar_testfix_suite,AR,hypothetical,1,0.0,1.0,0.0,0.4999999701976776,-0.24999988079073887
ar_testfix_suite|i0|o1|numbers|c1,ar_testfix_suite,AR,hypothetical,1,0.0,1.0,0.0,0.7499988377103293,-2.3749997615815275
ar_testfix_suite|i1|o0|letters|c0,ar_testfix_suite,AR,hypothetical,1,1.0,0.0,0.0,-2.499998681248144,-0.37500035762776207
ar_testfix_suite|i1|o0|letters|c1,ar_testfix_suite,AR,hypothetical,1,1.0,0.0,0.0,-1.9999999254942509,-2.250000126659849
ar_testfix_suite|i1|o0|numbers|c0,ar_testfix_suite,AR,hypothetical,1,1.0,0.0,0.0,-2.3749988675124314,-0.3750004768370445
ar_testfix_suite|i1|o0|numbers|c1,ar_testfix_suite,AR,hypothetical,1,1.0,0.0,0.0,-2.2499999329447746,-2.2500001341104294
ar_testfix_suite|i1|o1|letters|c0,ar_testfix_suite,AR,hypothetical,1,0.0,0.0,1.0,-0.2500004768364761,0.375
ar_testfix_suite|i1|o1|letters|c1,ar_testfix_suite,AR,hypothetical,1,0.0,1.0,0.0,0.9999972283881036,-1.7499996721745603
ar_testfix_suite|i1|o1|numbers|c0,ar_testfix_suite,AR,hypothetical,1,1.0,1.0,1.0,0.12500035762769812,0.8750001192092682
ar_testfix_suite|i1|o1|numbers|c1,ar_testfix_suite,AR,hypothetical,1,0.0,1.0,0.0,0.6249988377104216,-1.87499958276765
ar_testfix_suite|i2|o0|letters|c0,ar_testfix_suite,AR,hypothetical,1,1.0,0.0,0.0,-3.374998331071758,-0.7500005364414903
ar_testfix_suite|i2|o0|letters|c1,ar_testfix_suite,AR,hypothetical,1,1.0,0.0,0.0,-2.3749998211861794,-2.500000216066809
ar_testfix_suite|i2|o0|numbers|c0,ar_testfix_suite,AR,hypothetical,1,1.0,0.0,0.0,-3.1249991990630335,-0.62500041723235
ar_testfix_suite|i2|o0|numbers|c1,ar_testfix_suite,AR,hypothetical,1,1.0,0.0,0.0,-2.875000040978165,-2.8750001341104294
ar_testfix_suite|i2|o1|letters|c0,ar_testfix_suite,AR,hypothetical,1,1.0,1.0,1.0,0.24999618531171564,0.37500023841852936
ar_testfix_suite|i2|o1|letters|c1,ar_testfix_suite,AR,hypothetical,1,0.0,1.0,0.0,1.1249821485707727,-1.8749997168781078
ar_testfix_suite|i2|o1|numbers|c0,ar_testfix_suite,AR,hypothetical,1,1.0,1.0,1.0,0.7499983608742582,0.6249999403953552
ar_testfix_suite|i2|o1|numbers|c1,ar_testfix_suite,AR,hypothetical,1,0.0,1.0,0.0,1.2499926686559704,-1.9999994486573485
ar_testfix_suite|i3|o0|letters|c0,ar_testfix_suite,AR,hypothetical,1,1.0,0.0,0.0,-3.3749973475971657,-0.7500003874300845
ar_testfix_suite|i3|o0|letters|c1,ar_testfix_suite,AR,hypothetical,1,1.0,0.0,0.0,-2.2499999031424522,-2.3750001713633253
ar_testfix_suite|i3|o0|numbers|c0,ar_testfix_suite,AR,hypothetical,1,1.0,0.0,0.0,-2.9999995008113203,-0.6250002384185294
ar_testfix_suite|i3|o0|numbers|c1,ar_testfix_suite,AR,hypothetical,1,1.0,0.0,0.0,-2.2500000372528746,-2.5000000223517205
ar_testfix_suite|i3|o1|letters|c0,ar_testfix_suite,AR,hypothetical,1,1.0,1.0,1.0,0.49999985098861544,0.8750000894069458
ar_testfix_suite|i3|o1|letters|c1,ar_testfix_suite,AR,hypothetical,1,0.0,1.0,0.0,1.3749962300148013,-0.8749992251399519
ar_testfix_suite|i3|o1|numbers|c0,ar_testfix_suite,AR,hypothetical,1,1.0,1.0,1.0,0.4999998509884449,1.0000002682208518
ar_testfix_suite|i3|o1|numbers|c1,ar_testfix_suite,AR,hypothetical,1,0.0,1.0,0.0,0.9999984800831214,-1.3749992996456513
ar_testfix_suite|i4|o0|letters|c0,ar_testfix_suite,AR,hypothetical,1,1.0,0.0,0.0,-2.624999664723923,-1.000000357627762
ar_testfix_suite|i4|o0|letters|c1,ar_testfix_suite,AR,hypothetical,1,1.0,0.0,0.0,-2.124999806285018,-2.3750000745057775
ar_testfix_suite|i4|o0|numbers|c0,ar_testfix_suite,AR,hypothetical,1,1.0,0.0,0.0,-2.624999806284926,-1.1250003874300845
ar_testfix_suite|i4|o0|numbers|c1,ar_testfix_suite,AR,hypothetical,1,1.0,0.0,0.0,-2.6250000894069387,-2.6250003278254965
ar_testfix_suite|i4|o1|letters|c0,ar_testfix_suite,AR,hypothetical,1,1.0,1.0,1.0,0.749993711735101,0.8749999701976776
ar_testfix_suite|i4|o1|letters|c1,ar_testfix_suite,AR,hypothetical,1,0.0,1.0,0.0,1.9999971836852808,-0.7499996423722735
ar_testfix_suite|i4|o1|numbers|c0,ar_testfix_suite,AR,hypothetical,1,1.0,1.0,1.0,1.2499989867222325,1.1250001192092682
ar_testfix_suite|i4|o1|numbers|c1,ar_testfix_suite,AR,hypothetical,1,0.0,1.0,0.0,1.999997869136216,-0.8749996423722735
ar_traversal_indexer|i0|o0|letters|c0,ar_traversal_indexer,AR,hypothetical,1,0.0,0.0,1.0,-2.2500001043081284,0.4999996721745106
ar_traversal_indexer|i0|o0|letters|c1,ar_traversal_indexer,AR,hypothetical,1,1.0,0.0,0.0,-2.6250002086162283,-1.8749999105930328
ar_traversal_indexer|i0|o0|numbers|c0,ar_traversal_indexer,AR,hypothetical,1,0.0,0.0,1.0,-1.7499999403953552,0.49999964237223793
ar_traversal_indexer|i0|o0|numbers|c1,ar_traversal_indexer,AR,hypothetical,1,1.0,0.0,0.0,-3.0000002123415186,-1.8749998807907318
ar_traversal_indexer|i0|o1|letters|c0,ar_traversal_indexer,AR,hypothetical,1,1.0,1.0,1.0,2.250000141561003,1.874999985098846
ar_traversal_indexer|i0|o1|letters|c1,ar_traversal_indexer,AR,hypothetical,1,0.0,1.0,0.0,2.0000001937150884,-0.6249999105930542
ar_traversal_indexer|i0|o1|numbers|c0,ar_traversal_indexer,AR,hypothetical,1,1.0,1.0,1.0,2.6250003427266506,1.999999821186094
ar_traversal_indexer|i0|o1|numbers|c1,ar_traversal_indexer,AR,hypothetical,1,0.0,1.0,0.0,1.625000163912766,-0.6249998807907318
ar_traversal_indexer|i1|o0|letters|c0,ar_traversal_indexer,AR,hypothetical,1,0.0,0.0,1.0,-2.2499999776482795,0.3749997615814493
ar_traversal_indexer|i1|o0|letters|c1,ar_traversal_indexer,AR,hypothetical,1,1.0,0.0,0.0,-2.8750002756714537,-2.374999925494194
ar_traversal_indexer|i1|o0|numbers|c0,ar_traversal_indexer,AR,hypothetical,1,0.0,0.0,1.0,-1.6249999701976776,0.12499976158147064
ar_traversal_indexer|i1|o0|numbers|c1,ar_traversal_indexer,AR,hypothetical,1,1.0,0.0,0.0,-3.250000145286293,-2.499999828636696
ar_traversal_indexer|i1|o1|letters|c0,ar_traversal_indexer,AR,hypothetical,1,1.0,1.0,1.0,2.5000002384185294,1.9999998658895564
ar_traversal_indexer|i1|o1|letters|c1,ar_traversal_indexer,AR,hypothetical,1,0.0,1.0,0.0,1.8749999850988388,-0.6249998807907318
ar_traversal_indexer|i1|o1|numbers|c0,ar_traversal_indexer,AR,hypothetical,1,1.0,1.0,1.0,2.750000506639367,2.2499996498227404
ar_traversal_indexer|i1|o1|numbers|c1,ar_traversal_indexer,AR,hypothetical,1,0.0,1.0,0.0,1.5000001192092824,-0.7499998807907389
ar_traversal_indexer|i2|o0|letters|c0,ar_traversal_indexer,AR,hypothetical,1,0.0,0.0,1.0,-2.250000111758709,0.6249997615814493
ar_traversal_indexer|i2|o0|letters|c1,ar_traversal_indexer,AR,hypothetical,1,1.0,0.0,0.0,-2.500000119209261,-2.1250000074505806
ar_traversal_indexer|i2|o0|numbers|c0,ar_traversal_indexer,AR,hypothetical,1,0.0,0.0,1.0,-1.5000000447034836,0.49999976158147064
ar_traversal_indexer|i2|o0|numbers|c1,ar_traversal_indexer,AR,hypothetical,1,1.0,0.0,0.0,-2.875000182539196,-1.9999999552965377
ar_traversal_indexer|i2|o1|letters|c0,ar_traversal_indexer,AR,hypothetical,1,1.0,1.0,1.0,2.2500001490115835,1.9999999254942011
ar_traversal_indexer|i2|o1|letters|c1,ar_traversal_indexer,AR,hypothetical,1,0.0,1.0,0.0,1.8749999850988388,-0.8749997913837717
ar_traversal_indexer|i2|o1|numbers|c0,ar_traversal_indexer,AR,hypothetical,1,1.0,1.0,1.0,2.625000260770264,1.9999998360872553
ar_traversal_indexer|i2|o1|numbers|c1,ar_traversal_indexer,AR,hypothetical,1,0.0,1.0,0.0,1.5000001043081213,-0.9999999403953765
ar_traversal_indexer|i3|o0|letters|c0,ar_traversal_indexer,AR,hypothetical,1,0.0,0.0,1.0,-1.7500000745057989,0.12499976158144932
ar_traversal_indexer|i3|o0|letters|c1,ar_traversal_indexer,AR,hypothetical,1,1.0,0.0,0.0,-2.1249999701976776,-1.874999970197699
ar_traversal_indexer|i3|o0|numbers|c0,ar_traversal_indexer,AR,hypothetical,1,0.0,0.0,1.0,-1.3749999552965164,0.49999988079073177
ar_traversal_indexer|i3|o0|numbers|c1,ar_traversal_indexer,AR,hypothetical,1,1.0,0.0,0.0,-2.6250000819563652,-1.9999997764826034
ar_traversal_indexer|i3|o1|letters|c0,ar_traversal_indexer,AR,hypothetical,1,1.0,1.0,1.0,1.9999992251400442,1.8749998658895564
ar_traversal_indexer|i3|o1|letters|c1,ar_traversal_indexer,AR,hypothetical,1,0.0,1.0,0.0,1.6250000149011612,-0.24999988079071755
ar_traversal_indexer|i3|o1|numbers|c0,ar_traversal_indexer,AR,hypothetical,1,1.0,1.0,1.0,2.375000230967977,2.249999806284933
ar_traversal_indexer|i3|o1|numbers|c1,ar_traversal_indexer,AR,hypothetical,1,0.0,1.0,0.0,1.3749999552965164,-0.7499999403953552
ar_traversal_indexer|i4|o0|letters|c0,ar_traversal_indexer,AR,hypothetical,1,0.0,0.0,1.0,-2.1250000074505735,0.6249997317791269
ar_traversal_indexer|i4|o0|letters|c1,ar_traversal_indexer,AR,hypothetical,1,1.0,0.0,0.0,-2.375000268220873,-2.124999985098846
ar_traversal_indexer|i4|o0|numbers|c0,ar_traversal_indexer,AR,hypothetical,1,0.0,0.0,1.0,-1.7499999850988388,0.4999997913837717
ar_traversal_indexer|i4|o0|numbers|c1,ar_traversal_indexer,AR,hypothetical,1,1.0,0.0,0.0,-2.750000257045002,-2.249999694526224
ar_traversal_indexer|i4|o1|letters|c0,ar_traversal_indexer,AR,hypothetical,1,1.0,1.0,1.0,2.000000342726679,2.124999925494201
ar_traversal_indexer|i4|o1|letters|c1,ar_traversal_indexer,AR,hypothetical,1,0.0,1.0,0.0,1.8750000447034836,-0.8749998807907176
ar_traversal_indexer|i4|o1|numbers|c0,ar_traversal_indexer,AR,hypothetical,1,1.0,1.0,1.0,2.250000216066809,2.2499996870756434
ar_traversal_indexer|i4|o1|numbers|c1,ar_traversal_indexer,AR,hypothetical,1,0.0,1.0,0.0,1.500000163912766,-0.75
pc_quality_config|i0|o0|letters|c0,pc_quality_config,PC,hypothetical,1,1.0,0.0,0.0,-16.312646259439134,-14.500001072950909
pc_quality_config|i0|o0|letters|c1,pc_quality_config,PC,hypothetical,1,1.0,0.0,0.0,-15.625713809042281,-13.5625011921544
pc_quality_config|i0|o0|numbers|c0,pc_quality_config,PC,hypothetical,1,1.0,0.0,0.0,-15.562689167680219,-14.750003099522246
pc_quality_config|i0|o0|numbers|c1,pc_quality_config,PC,hypothetical,1,1.0,0.0,0.0,-16.00091963453088,-16.000000596080895
pc_quality_config|i0|o1|letters|c0,pc_quality_config,PC,hypothetical,1,1.0,0.0,0.0,-9.252477564907174,-6.375001633305153
pc_quality_config|i0|o1|letters|c1,pc_quality_config,PC,hypothetical,1,1.0,0.0,0.0,-10.283655459345034,-11.125001193223632
pc_quality_config|i0|o1|numbers|c0,pc_quality_config,PC,hypothetical,1,1.0,0.0,0.0,-9.256717726748327,-5.750012726442954
pc_quality_config|i0|o1|numbers|c1,pc_quality_config,PC,hypothetical,1,1.0,0.0,0.0,-11.023254404870386,-10.375001551411067
pc_quality_config|i1|o0|letters|c0,pc_quality_config,PC,hypothetical,1,1.0,0.0,0.0,-15.812518715925762,-13.750001311379378
pc_quality_config|i1|o0|letters|c1,pc_quality_config,PC,hypothetical,1,1.0,0.0,0.0,-15.125207760327612,-13.500000596114319
pc_quality_config|i1|o0|numbers|c0,pc_quality_config,PC,hypothetical,1,1.0,0.0,0.0,-15.375029325550713,-14.562503457151251
pc_quality_config|i1|o0|numbers|c1,pc_quality_config,PC,hypothetical,1,1.0,0.0,0.0,-15.50034135713031,-15.312501788172654
pc_quality_config|i1|o1|letters|c0,pc_quality_config,PC,hypothetical,1,1.0,0.0,0.0,-9.258616774692207,-6.750001962876247
pc_quality_config|i1|o1|letters|c1,pc_quality_config,PC,hypothetical,1,1.0,0.0,0.0,-10.936978568599443,-11.750001550236341
pc_quality_config|i1|o1|numbers|c0,pc_quality_config,PC,hypothetical,1,1.0,0.0,0.0,-10.011050343011455,-6.250014287784332
pc_quality_config|i1|o1|numbers|c1,pc_quality_config,PC,hypothetical,1,1.0,0.0,0.0,-11.554894049339055,-10.875001908157408
pc_quality_config|i2|o0|letters|c0,pc_quality_config,PC,hypothetical,1,1.0,0.0,0.0,-16.750493405050292,-14.500001311349138
pc_quality_config|i2|o0|letters|c1,pc_quality_config,PC,hypothetical,1,1.0,0.0,0.0,-15.250713570885637,-13.125000596126142
pc_quality_config|i2|o0|numbers|c0,pc_quality_config,PC,hypothetical,1,1.0,0.0,0.0,-16.314438014975167,-15.31250238423172
pc_quality_config|i2|o0|numbers|c1,pc_quality_config,PC,hypothetical,1,1.0,0.0,0.0,-15.875811128988062,-16.250001907373075
pc_quality_config|i2|o1|letters|c0,pc_quality_config,PC,hypothetical,1,1.0,0.0,0.0,-8.877186902915135,-6.00000278814219
pc_quality_config|i2|o1|letters|c1,pc_quality_config,PC,hypothetical,1,1.0,0.0,0.0,-10.061980168597074,-11.12500083539215
pc_quality_config|i2|o1|numbers|c0,pc_quality_config,PC,hypothetical,1,1.0,0.0,0.0,-9.257608494386666,-6.000017578320701
pc_quality_config|i2|o1|numbers|c1,pc_quality_config,PC,hypothetical,1,1.0,0.0,0.0,-11.276308920965675,-10.250001551582052
pc_quality_config|i3|o0|letters|c0,pc_quality_config,PC,hypothetical,1,1.0,0.0,0.0,-16.187564728843427,-15.125000953723315
pc_quality_config|i3|o0|letters|c1,pc_quality_config,PC,hypothetical,1,1.0,0.0,0.0,-14.875558220292994,-13.750000953727636
pc_quality_config|i3|o0|numbers|c0,pc_quality_config,PC,hypothetical,1,1.0,0.0,0.0,-15.312691551476746,-15.6250021458211
pc_quality_config|i3|o0|numbers|c1,pc_quality_config,PC,hypothetical,1,1.0,0.0,0.0,-14.751053850259296,-16.75000083448299
pc_quality_config|i3|o1|letters|c0,pc_quality_config,PC,hypothetical,1,1.0,0.0,0.0,-10.53523078857689,-6.8750019856943325
pc_quality_config|i3|o1|letters|c1,pc_quality_config,PC,hypothetical,1,1.0,0.0,0.0,-9.75194490587456,-10.375000836981606
pc_quality_config|i3|o1|numbers|c0,pc_quality_config,PC,hypothetical,1,1.0,0.0,0.0,-10.938282260671265,-5.875006190946813
pc_quality_config|i3|o1|numbers|c1,pc_quality_config,PC,hypothetical,1,1.0,0.0,0.0,-10.688281895541884,-9.250001200779145
pc_quality_config|i4|o0|letters|c0,pc_quality_config,PC,hypothetical,1,1.0,0.0,0.0,-16.562570569592935,-14.125002145818144
pc_quality_config|i4|o0|letters|c1,pc_quality_config,PC,hypothetical,1,1.0,0.0,0.0,-16.500142802629853,-15.062501192114496
pc_quality_config|i4|o0|numbers|c0,pc_quality_config,PC,hypothetical,1,1.0,0.0,0.0,-15.625051020655519,-15.500004529998478
pc_quality_config|i4|o0|numbers|c1,pc_quality_config,PC,hypothetical,1,1.0,0.0,0.0,-16.750301435144138,-17.750002384196364
pc_quality_config|i4|o1|letters|c0,pc_quality_config,PC,hypothetical,1,1.0,0.0,0.0,-9.612825818170684,-6.75000253063218
pc_quality_config|i4|o1|letters|c1,pc_quality_config,PC,hypothetical,1,1.0,0.0,0.0,-11.319948562257196,-14.43750083457315
pc_quality_config|i4|o1|numbers|c0,pc_quality_config,PC,hypothetical,1,1.0,0.0,0.0,-9.48782596242382,-6.625017949101682
pc_quality_config|i4|o1|numbers|c1,pc_quality_config,PC,hypothetical,1,1.0,0.0,0.0,-12.154761063316982,-13.000001430628352
pc_quality_tests|i0|o0|letters|c0,pc_quality_tests,PC,hypothetical,1,1.0,0.0,0.0,-16.700993538328476,-17.375005126077696
pc_quality_tests|i0|o0|letters|c1,pc_quality_tests,PC,hypothetical,1,1.0,0.0,0.0,-17.178731441621494,-20.250004649166847
pc_quality_tests|i0|o0|numbers|c0,pc_quality_tests,PC,hypothetical,1,1.0,0.0,0.0,-16.75574398087702,-16.562504410830122
pc_quality_tests|i0|o0|numbers|c1,pc_quality_tests,PC,hypothetical,1,1.0,0.0,0.0,-18.3357957602284,-20.875005722036803
pc_quality_tests|i0|o1|letters|c0,pc_quality_tests,PC,hypothetical,1,1.0,0.0,0.0,-16.506726982319385,-15.812529563900178
pc_quality_tests|i0|o1|letters|c1,pc_quality_tests,PC,hypothetical,1,1.0,0.0,0.0,-15.007708728540827,-16.50000894068399
pc_quality_tests|i0|o1|numbers|c0,pc_quality_tests,PC,hypothetical,1,1.0,0.0,0.0,-17.939706685785502,-15.56256937789658
pc_quality_tests|i0|o1|numbers|c1,pc_quality_tests,PC,hypothetical,1,1.0,0.0,0.0,-16.889239251775514,-16.812506794934514
pc_quality_tests|i1|o0|letters|c0,pc_quality_tests,PC,hypothetical,1,1.0,0.0,0.0,-16.60044994996497,-17.375005722120484
pc_quality_tests|i1|o0|letters|c1,pc_quality_tests,PC,hypothetical,1,1.0,0.0,0.0,-17.818179607498678,-22.625003933914286
pc_quality_tests|i1|o0|numbers|c0,pc_quality_tests,PC,hypothetical,1,1.0,0.0,0.0,-16.564489782398603,-16.812504291649937
pc_quality_tests|i1|o0|numbers|c1,pc_quality_tests,PC,hypothetical,1,1.0,0.0,0.0,-19.491419196187962,-22.593754291532605
pc_quality_tests|i1|o1|letters|c0,pc_quality_tests,PC,hypothetical,1,1.0,0.0,0.0,-18.500492813800527,-16.187526583671577
pc_quality_tests|i1|o1|letters|c1,pc_quality_tests,PC,hypothetical,1,1.0,0.0,0.0,-15.523225665237987,-18.187508344629357
pc_quality_tests|i1|o1|numbers|c0,pc_quality_tests,PC,hypothetical,1,1.0,0.0,0.0,-20.125117543386303,-15.750083205068222
pc_quality_tests|i1|o1|numbers|c1,pc_quality_tests,PC,hypothetical,1,1.0,0.0,0.0,-17.53836679471351,-18.250005722044996
pc_quality_tests|i2|o0|letters|c0,pc_quality_tests,PC,hypothetical,1,1.0,0.0,0.0,-16.33566355755829,-16.50000429161083
pc_quality_tests|i2|o0|letters|c1,pc_quality_tests,PC,hypothetical,1,1.0,0.0,0.0,-16.78118705761699,-20.375002026573156
pc_quality_tests|i2|o0|numbers|c0,pc_quality_tests,PC,hypothetical,1,1.0,0.0,0.0,-16.616275191994653,-16.750002622673954
pc_quality_tests|i2|o0|numbers|c1,pc_quality_tests,PC,hypothetical,1,1.0,0.0,0.0,-17.76235413562972,-21.250002026564744
pc_quality_tests|i2|o1|letters|c0,pc_quality_tests,PC,hypothetical,1,1.0,0.0,0.0,-20.250208141202172,-14.625027776142822
pc_quality_tests|i2|o1|letters|c1,pc_quality_tests,PC,hypothetical,1,1.0,0.0,0.0,-15.178786993265021,-16.812510132765063
pc_quality_tests|i2|o1|numbers|c0,pc_quality_tests,PC,hypothetical,1,1.0,0.0,0.0,-20.375302197353456,-14.812570093174145
pc_quality_tests|i2|o1|numbers|c1,pc_quality_tests,PC,hypothetical,1,1.0,0.0,0.0,-16.67909491084174,-17.250006198893068
pc_quality_tests|i3|o0|letters|c0,pc_quality_tests,PC,hypothetical,1,1.0,0.0,0.0,-16.83567023302931,-16.93750560297486
pc_quality_tests|i3|o0|letters|c1,pc_quality_tests,PC,hypothetical,1,1.0,0.0,0.0,-16.97412016995895,-21.875005245211014
pc_quality_tests|i3|o0|numbers|c0,pc_quality_tests,PC,hypothetical,1,1.0,0.0,0.0,-16.178816915140494,-17.500004410799193
pc_quality_tests|i3|o0|numbers|c1,pc_quality_tests,PC,hypothetical,1,1.0,0.0,0.0,-17.81443196541386,-22.781257390959126
pc_quality_tests|i3|o1|letters|c0,pc_quality_tests,PC,hypothetical,1,1.0,0.0,0.0,-20.00011229751545,-14.375016212919945
pc_quality_tests|i3|o1|letters|c1,pc_quality_tests,PC,hypothetical,1,1.0,0.0,0.0,-15.349135279870097,-16.500012278545917
pc_quality_tests|i3|o1|numbers|c0,pc_quality_tests,PC,hypothetical,1,1.0,0.0,0.0,-20.62510454872973,-13.812548160123697
pc_quality_tests|i3|o1|numbers|c1,pc_quality_tests,PC,hypothetical,1,1.0,0.0,0.0,-16.66125905527042,-16.375007987036042
pc_quality_tests|i4|o0|letters|c0,pc_quality_tests,PC,hypothetical,1,1.0,0.0,0.0,-15.535984129368444,-16.312505960589995
pc_quality_tests|i4|o0|letters|c1,pc_quality_tests,PC,hypothetical,1,1.0,0.0,0.0,-17.50763255368657,-20.937503337871483
pc_quality_tests|i4|o0|numbers|c0,pc_quality_tests,PC,hypothetical,1,1.0,0.0,0.0,-15.553770751688724,-16.25000882158929
pc_quality_tests|i4|o0|numbers|c1,pc_quality_tests,PC,hypothetical,1,1.0,0.0,0.0,-18.388813972576834,-21.000005841254733
pc_quality_tests|i4|o1|letters|c0,pc_quality_tests,PC,hypothetical,1,1.0,0.0,0.0,-18.37591672203417,-16.62503719286906
pc_quality_tests|i4|o1|letters|c1,pc_quality_tests,PC,hypothetical,1,1.0,0.0,0.0,-16.411671519452284,-15.43750417234606
pc_quality_tests|i4|o1|numbers|c0,pc_quality_tests,PC,hypothetical,1,1.0,0.0,0.0,-19.875346782464483,-16.000063894491177
pc_quality_tests|i4|o1|numbers|c1,pc_quality_tests,PC,hypothetical,1,1.0,0.0,0.0,-17.491534233226055,-17.50000381470636
pc_safety_cleanup|i0|o0|letters|c0,pc_safety_cleanup,PC,hypothetical,1,1.0,0.0,0.0,-5.874999593711095,-6.000001413746652
pc_safety_cleanup|i0|o0|letters|c1,pc_safety_cleanup,PC,hypothetical,1,1.0,0.0,0.0,-3.875003145997539,-7.3750008386556445
pc_safety_cleanup|i0|o0|numbers|c0,pc_safety_cleanup,PC,hypothetical,1,1.0,0.0,0.0,-6.125000823987193,-7.8750020352281425
pc_safety_cleanup|i0|o0|numbers|c1,pc_safety_cleanup,PC,hypothetical,1,1.0,0.0,0.0,-5.375005756018481,-9.375000963932514
pc_safety_cleanup|i0|o1|letters|c0,pc_safety_cleanup,PC,hypothetical,1,1.0,0.0,0.0,-3.0000035948978905,-5.0000005960462275
pc_safety_cleanup|i0|o1|letters|c1,pc_safety_cleanup,PC,hypothetical,1,1.0,0.0,0.0,-1.2500025033912436,-8.250000764236923
pc_safety_cleanup|i0|o1|numbers|c0,pc_safety_cleanup,PC,hypothetical,1,1.0,0.0,0.0,-2.7500025667211574,-4.375001285224251
pc_safety_cleanup|i0|o1|numbers|c1,pc_safety_cleanup,PC,hypothetical,1,1.0,0.0,0.0,-1.5000020265554497,-7.375001662642269
pc_safety_cleanup|i1|o0|letters|c0,pc_safety_cleanup,PC,hypothetical,1,1.0,0.0,0.0,-6.625000067287829,-8.125001158301991
pc_safety_cleanup|i1|o0|letters|c1,pc_safety_cleanup,PC,hypothetical,1,1.0,0.0,0.0,-4.375012621184169,-9.125000368905155
pc_safety_cleanup|i1|o0|numbers|c0,pc_safety_cleanup,PC,hypothetical,1,1.0,0.0,0.0,-7.000000495579286,-9.375001920879185
pc_safety_cleanup|i1|o0|numbers|c1,pc_safety_cleanup,PC,hypothetical,1,1.0,0.0,0.0,-5.750019419041735,-11.625001192892569
pc_safety_cleanup|i1|o1|letters|c0,pc_safety_cleanup,PC,hypothetical,1,1.0,0.0,0.0,-3.2500064708060847,-6.000001097330262
pc_safety_cleanup|i1|o1|letters|c1,pc_safety_cleanup,PC,hypothetical,1,1.0,0.0,0.0,-1.7500038146891086,-9.250000723098545
pc_safety_cleanup|i1|o1|numbers|c0,pc_safety_cleanup,PC,hypothetical,1,1.0,0.0,0.0,-3.3750051967654215,-5.500001582315697
pc_safety_cleanup|i1|o1|numbers|c1,pc_safety_cleanup,PC,hypothetical,1,1.0,0.0,0.0,-2.0000048875677123,-8.75000156804061
pc_safety_cleanup|i2|o0|letters|c0,pc_safety_cleanup,PC,hypothetical,1,1.0,0.0,0.0,-7.250000788538387,-7.8750015716054875
pc_safety_cleanup|i2|o0|letters|c1,pc_safety_cleanup,PC,hypothetical,1,1.0,0.0,0.0,-5.000008362761491,-7.875000573083305
pc_safety_cleanup|i2|o0|numbers|c0,pc_safety_cleanup,PC,hypothetical,1,1.0,0.0,0.0,-7.875001410137031,-10.000002749231953
pc_safety_cleanup|i2|o0|numbers|c1,pc_safety_cleanup,PC,hypothetical,1,1.0,0.0,0.0,-6.750013457743421,-10.375000478968559
pc_safety_cleanup|i2|o1|letters|c0,pc_safety_cleanup,PC,hypothetical,1,1.0,0.0,0.0,-3.6250031478650797,-6.375000693020191
pc_safety_cleanup|i2|o1|letters|c1,pc_safety_cleanup,PC,hypothetical,1,1.0,0.0,0.0,-1.8750059753465464,-9.125000963539613
pc_safety_cleanup|i2|o1|numbers|c0,pc_safety_cleanup,PC,hypothetical,1,1.0,0.0,0.0,-3.6250023543802925,-5.625001172301616
pc_safety_cleanup|i2|o1|numbers|c1,pc_safety_cleanup,PC,hypothetical,1,1.0,0.0,0.0,-2.0000057667316753,-8.50000133972106
pc_safety_cleanup|i3|o0|letters|c0,pc_safety_cleanup,PC,hypothetical,1,1.0,0.0,0.0,-6.500000694067467,-8.750001114908862
pc_safety_cleanup|i3|o0|letters|c1,pc_safety_cleanup,PC,hypothetical,1,1.0,0.0,0.0,-4.87501428030896,-8.750000142128336
pc_safety_cleanup|i3|o0|numbers|c0,pc_safety_cleanup,PC,hypothetical,1,1.0,0.0,0.0,-6.875000852857767,-10.250001315782924
pc_safety_cleanup|i3|o0|numbers|c1,pc_safety_cleanup,PC,hypothetical,1,1.0,0.0,0.0,-6.1250298856796235,-11.750001073505132
pc_safety_cleanup|i3|o1|letters|c0,pc_safety_cleanup,PC,hypothetical,1,1.0,0.0,0.0,-3.750048289766717,-6.000000651459693
pc_safety_cleanup|i3|o1|letters|c1,pc_safety_cleanup,PC,hypothetical,1,1.0,0.0,0.0,-2.250003904095621,-8.250000877945475
pc_safety_cleanup|i3|o1|numbers|c0,pc_safety_cleanup,PC,hypothetical,1,1.0,0.0,0.0,-3.6251410593395192,-5.750001311766944
pc_safety_cleanup|i3|o1|numbers|c1,pc_safety_cleanup,PC,hypothetical,1,1.0,0.0,0.0,-2.3750038444918644,-8.000001140054223
pc_safety_cleanup|i4|o0|letters|c0,pc_safety_cleanup,PC,hypothetical,1,1.0,0.0,0.0,-6.625001359379894,-9.375001685998207
pc_safety_cleanup|i4|o0|letters|c1,pc_safety_cleanup,PC,hypothetical,1,1.0,0.0,0.0,-4.625006511778452,-10.00000048030018
pc_safety_cleanup|i4|o0|numbers|c0,pc_safety_cleanup,PC,hypothetical,1,1.0,0.0,0.0,-7.500001504259274,-12.000002028614517
pc_safety_cleanup|i4|o0|numbers|c1,pc_safety_cleanup,PC,hypothetical,1,1.0,0.0,0.0,-6.37500929501698,-13.875001311583446
pc_safety_cleanup|i4|o1|letters|c0,pc_safety_cleanup,PC,hypothetical,1,1.0,0.0,0.0,-3.5000040084037494,-6.625001049600094
pc_safety_cleanup|i4|o1|letters|c1,pc_safety_cleanup,PC,hypothetical,1,1.0,0.0,0.0,-1.8750027865126242,-10.125001313258856
pc_safety_cleanup|i4|o1|numbers|c0,pc_safety_cleanup,PC,hypothetical,1,1.0,0.0,0.0,-3.625002471726937,-5.7500009827772445
pc_safety_cleanup|i4|o1|numbers|c1,pc_safety_cleanup,PC,hypothetical,1,1.0,0.0,0.0,-2.12500218301696,-9.500000958701328
pc_safety_creds|i0|o0|letters|c0,pc_safety_creds,PC,hypothetical,1,1.0,0.0,0.0,-12.250006319590739,-8.875000852887077
pc_safety_creds|i0|o0|letters|c1,pc_safety_creds,PC,hypothetical,1,1.0,0.0,0.0,-9.625004892630386,-8.125000297761176
pc_safety_creds|i0|o0|numbers|c0,pc_safety_creds,PC,hypothetical,1,1.0,0.0,0.0,-13.062504650612027,-8.750001333128814
pc_safety_creds|i0|o0|numbers|c1,pc_safety_creds,PC,hypothetical,1,1.0,0.0,0.0,-12.000004530420483,-8.62500073946996
pc_safety_creds|i0|o1|letters|c0,pc_safety_creds,PC,hypothetical,1,1.0,0.0,0.0,-8.37500756914779,-7.625001483770468
pc_safety_creds|i0|o1|letters|c1,pc_safety_creds,PC,hypothetical,1,1.0,0.0,0.0,-7.375184273274506,-8.000000792788008
pc_safety_creds|i0|o1|numbers|c0,pc_safety_creds,PC,hypothetical,1,1.0,0.0,0.0,-8.625022099009591,-6.750002239944713
pc_safety_creds|i0|o1|numbers|c1,pc_safety_creds,PC,hypothetical,1,1.0,0.0,0.0,-8.750301098465577,-7.875001048930251
pc_safety_creds|i1|o0|letters|c0,pc_safety_creds,PC,hypothetical,1,1.0,0.0,0.0,-11.25000441301927,-7.500001026141952
pc_safety_creds|i1|o0|letters|c1,pc_safety_creds,PC,hypothetical,1,1.0,0.0,0.0,-8.25000672080887,-7.875000569503641
pc_safety_creds|i1|o0|numbers|c0,pc_safety_creds,PC,hypothetical,1,1.0,0.0,0.0,-12.000004651117251,-7.37500178511096
pc_safety_creds|i1|o0|numbers|c1,pc_safety_creds,PC,hypothetical,1,1.0,0.0,0.0,-10.750005484810572,-8.750000615531292
pc_safety_creds|i1|o1|letters|c0,pc_safety_creds,PC,hypothetical,1,1.0,0.0,0.0,-8.000004871151766,-6.87500123295343
pc_safety_creds|i1|o1|letters|c1,pc_safety_creds,PC,hypothetical,1,1.0,0.0,0.0,-7.500089943656356,-8.250001240637523
pc_safety_creds|i1|o1|numbers|c0,pc_safety_creds,PC,hypothetical,1,1.0,0.0,0.0,-8.000010842722993,-6.000001821432086
pc_safety_creds|i1|o1|numbers|c1,pc_safety_creds,PC,hypothetical,1,1.0,0.0,0.0,-8.50014581356664,-7.625001701874233
pc_safety_creds|i2|o0|letters|c0,pc_safety_creds,PC,hypothetical,1,1.0,0.0,0.0,-12.812514306532648,-9.75000072089393
pc_safety_creds|i2|o0|letters|c1,pc_safety_creds,PC,hypothetical,1,1.0,0.0,0.0,-9.750005010713721,-9.125000010404591
pc_safety_creds|i2|o0|numbers|c0,pc_safety_creds,PC,hypothetical,1,1.0,0.0,0.0,-13.875013710413441,-9.750001317223571
pc_safety_creds|i2|o0|numbers|c1,pc_safety_creds,PC,hypothetical,1,1.0,0.0,0.0,-12.500005603208592,-9.500000363244794
pc_safety_creds|i2|o1|letters|c0,pc_safety_creds,PC,hypothetical,1,1.0,0.0,0.0,-8.250004358986196,-8.125001260893448
pc_safety_creds|i2|o1|letters|c1,pc_safety_creds,PC,hypothetical,1,1.0,0.0,0.0,-7.625183589392698,-9.000000609986849
pc_safety_creds|i2|o1|numbers|c0,pc_safety_creds,PC,hypothetical,1,1.0,0.0,0.0,-8.375008409282607,-7.625001954087118
pc_safety_creds|i2|o1|numbers|c1,pc_safety_creds,PC,hypothetical,1,1.0,0.0,0.0,-9.125301803695045,-8.875001090068174
pc_safety_creds|i3|o0|letters|c0,pc_safety_creds,PC,hypothetical,1,1.0,0.0,0.0,-11.250004293955044,-9.125001443476215
pc_safety_creds|i3|o0|letters|c1,pc_safety_creds,PC,hypothetical,1,1.0,0.0,0.0,-8.87500681005077,-8.500000148865979
pc_safety_creds|i3|o0|numbers|c0,pc_safety_creds,PC,hypothetical,1,1.0,0.0,0.0,-12.187508703926142,-8.500001701350136
pc_safety_creds|i3|o0|numbers|c1,pc_safety_creds,PC,hypothetical,1,1.0,0.0,0.0,-11.500006676280925,-9.000000966145137
pc_safety_creds|i3|o1|letters|c0,pc_safety_creds,PC,hypothetical,1,1.0,0.0,0.0,-7.875088334003529,-5.625001071951608
pc_safety_creds|i3|o1|letters|c1,pc_safety_creds,PC,hypothetical,1,1.0,0.0,0.0,-6.375048166140921,-7.7500005919715775
pc_safety_creds|i3|o1|numbers|c0,pc_safety_creds,PC,hypothetical,1,1.0,0.0,0.0,-8.876177844271304,-5.0000019082781435
pc_safety_creds|i3|o1|numbers|c1,pc_safety_creds,PC,hypothetical,1,1.0,0.0,0.0,-7.750234690480291,-7.875001166684235
pc_safety_creds|i4|o0|letters|c0,pc_safety_creds,PC,hypothetical,1,1.0,0.0,0.0,-12.750007392074622,-8.625000978993995
pc_safety_creds|i4|o0|letters|c1,pc_safety_creds,PC,hypothetical,1,1.0,0.0,0.0,-10.250004532089868,-9.750000122978214
pc_safety_creds|i4|o0|numbers|c0,pc_safety_creds,PC,hypothetical,1,1.0,0.0,0.0,-13.562507630491382,-9.500001079474288
pc_safety_creds|i4|o0|numbers|c1,pc_safety_creds,PC,hypothetical,1,1.0,0.0,0.0,-12.625003457349983,-10.250000001767951
pc_safety_creds|i4|o1|letters|c0,pc_safety_creds,PC,hypothetical,1,1.0,0.0,0.0,-8.750005041524226,-8.875002048689801
pc_safety_creds|i4|o1|letters|c1,pc_safety_creds,PC,hypothetical,1,1.0,0.0,0.0,-8.750071304253659,-9.50000060297976
pc_safety_creds|i4|o1|numbers|c0,pc_safety_creds,PC,hypothetical,1,1.0,0.0,0.0,-9.125011467847806,-7.625002090874666
pc_safety_creds|i4|o1|numbers|c1,pc_safety_creds,PC,hypothetical,1,1.0,0.0,0.0,-9.875103472069902,-8.750001452992372
pc_social_ack|i0|o0|letters|c0,pc_social_ack,PC,hypothetical,1,1.0,0.0,0.0,-16.187559603746195,-19.43750429174498
pc_social_ack|i0|o0|letters|c1,pc_social_ack,PC,hypothetical,1,1.0,0.0,0.0,-16.624065024800075,-20.250005364445343
pc_social_ack|i0|o0|numbers|c0,pc_social_ack,PC,hypothetical,1,1.0,0.0,0.0,-16.250078318338637,-19.687507271888535
pc_social_ack|i0|o0|numbers|c1,pc_social_ack,PC,hypothetical,1,1.0,0.0,0.0,-17.125046490593384,-20.75001001355941
pc_social_ack|i0|o1|letters|c0,pc_social_ack,PC,hypothetical,1,1.0,0.0,0.0,-16.45005893948838,-17.125002627000924
pc_social_ack|i0|o1|letters|c1,pc_social_ack,PC,hypothetical,1,1.0,0.0,0.0,-15.12696158919428,-15.125001073399659
pc_social_ack|i0|o1|numbers|c0,pc_social_ack,PC,hypothetical,1,1.0,0.0,0.0,-15.283691766089767,-16.18750358012042
pc_social_ack|i0|o1|numbers|c1,pc_social_ack,PC,hypothetical,1,1.0,0.0,0.0,-13.724107444748398,-14.375001549996348
pc_social_ack|i1|o0|letters|c0,pc_social_ack,PC,hypothetical,1,1.0,0.0,0.0,-16.062547921781515,-18.75000393416895
pc_social_ack|i1|o0|letters|c1,pc_social_ack,PC,hypothetical,1,1.0,0.0,0.0,-16.935957010593484,-20.250003457112626
pc_social_ack|i1|o0|numbers|c0,pc_social_ack,PC,hypothetical,1,1.0,0.0,0.0,-16.250120871718536,-18.875011563487533
pc_social_ack|i1|o0|numbers|c1,pc_social_ack,PC,hypothetical,1,1.0,0.0,0.0,-17.375058291800094,-20.750009894349212
pc_social_ack|i1|o1|letters|c0,pc_social_ack,PC,hypothetical,1,1.0,0.0,0.0,-16.705704333675392,-17.562503578525195
pc_social_ack|i1|o1|letters|c1,pc_social_ack,PC,hypothetical,1,1.0,0.0,0.0,-14.632637978009399,-17.31250143072853
pc_social_ack|i1|o1|numbers|c0,pc_social_ack,PC,hypothetical,1,1.0,0.0,0.0,-14.267731906795241,-16.750002863299898
pc_social_ack|i1|o1|numbers|c1,pc_social_ack,PC,hypothetical,1,1.0,0.0,0.0,-13.642696157479811,-16.750000953824298
pc_social_ack|i2|o0|letters|c0,pc_social_ack,PC,hypothetical,1,1.0,0.0,0.0,-16.187748283035035,-19.687504530131264
pc_social_ack|i2|o0|letters|c1,pc_social_ack,PC,hypothetical,1,1.0,0.0,0.0,-16.249430242960443,-20.00000417236336
pc_social_ack|i2|o0|numbers|c0,pc_social_ack,PC,hypothetical,1,1.0,0.0,0.0,-16.18800103128524,-19.500011325043488
pc_social_ack|i2|o0|numbers|c1,pc_social_ack,PC,hypothetical,1,1.0,0.0,0.0,-17.18756663589921,-20.375011205638657
pc_social_ack|i2|o1|letters|c0,pc_social_ack,PC,hypothetical,1,1.0,0.0,0.0,-17.447303297136393,-19.000002862552776
pc_social_ack|i2|o1|letters|c1,pc_social_ack,PC,hypothetical,1,1.0,0.0,0.0,-17.15146780037506,-18.187501311479565
pc_social_ack|i2|o1|numbers|c0,pc_social_ack,PC,hypothetical,1,1.0,0.0,0.0,-16.03368532814421,-18.000004173629833
pc_social_ack|i2|o1|numbers|c1,pc_social_ack,PC,hypothetical,1,1.0,0.0,0.0,-15.38847214002454,-17.250000357754523
pc_social_ack|i3|o0|letters|c0,pc_social_ack,PC,hypothetical,1,1.0,0.0,0.0,-16.187547802663175,-19.125004410922884
pc_social_ack|i3|o0|letters|c1,pc_social_ack,PC,hypothetical,1,1.0,0.0,0.0,-15.687497973687641,-20.250004172342443
pc_social_ack|i3|o0|numbers|c0,pc_social_ack,PC,hypothetical,1,1.0,0.0,0.0,-16.18758642388275,-18.81250715268743
pc_social_ack|i3|o0|numbers|c1,pc_social_ack,PC,hypothetical,1,1.0,0.0,0.0,-16.125027417900135,-20.375006914131063
pc_social_ack|i3|o1|letters|c0,pc_social_ack,PC,hypothetical,1,1.0,0.0,0.0,-16.946162941276278,-19.062503457939812
pc_social_ack|i3|o1|letters|c1,pc_social_ack,PC,hypothetical,1,1.0,0.0,0.0,-15.156190276453401,-17.624999880866568
pc_social_ack|i3|o1|numbers|c0,pc_social_ack,PC,hypothetical,1,1.0,0.0,0.0,-15.717299224616006,-18.375005007475927
pc_social_ack|i3|o1|numbers|c1,pc_social_ack,PC,hypothetical,1,1.0,0.0,0.0,-14.273153841826577,-16.75000083451085
pc_social_ack|i4|o0|letters|c0,pc_social_ack,PC,hypothetical,1,1.0,0.0,0.0,-15.875124685833725,-20.031255245339707
pc_social_ack|i4|o0|letters|c1,pc_social_ack,PC,hypothetical,1,1.0,0.0,0.0,-16.561536347055153,-20.312507152574227
pc_social_ack|i4|o0|numbers|c0,pc_social_ack,PC,hypothetical,1,1.0,0.0,0.0,-16.062774502082902,-19.750010013683095
pc_social_ack|i4|o0|numbers|c1,pc_social_ack,PC,hypothetical,1,1.0,0.0,0.0,-17.25010489867328,-20.6250175236437
pc_social_ack|i4|o1|letters|c0,pc_social_ack,PC,hypothetical,1,1.0,0.0,0.0,-17.320143463526627,-19.31250310080634
pc_social_ack|i4|o1|letters|c1,pc_social_ack,PC,hypothetical,1,1.0,0.0,0.0,-17.11740481875316,-18.937500596146066
pc_social_ack|i4|o1|numbers|c0,pc_social_ack,PC,hypothetical,1,1.0,0.0,0.0,-15.779785038859707,-18.562505246309257
pc_social_ack|i4|o1|numbers|c1,pc_social_ack,PC,hypothetical,1,1.0,0.0,0.0,-14.898157477662636,-18.500001668991565
pc_social_review|i0|o0|letters|c0,pc_social_review,PC,hypothetical,1,1.0,0.0,0.0,-17.062592025720733,-20.8125028610516
pc_social_review|i0|o0|letters|c1,pc_social_review,PC,hypothetical,1,1.0,0.0,0.0,-15.625038265468447,-21.312503814697266
pc_social_review|i0|o0|numbers|c0,pc_social_review,PC,hypothetical,1,1.0,0.0,0.0,-17.376715619793686,-20.31250548364006
pc_social_review|i0|o0|numbers|c1,pc_social_review,PC,hypothetical,1,1.0,0.0,0.0,-17.062736840904115,-21.43750572203794
pc_social_review|i0|o1|letters|c0,pc_social_review,PC,hypothetical,1,1.0,0.0,0.0,-20.317126394133084,-23.65625393398569
pc_social_review|i0|o1|letters|c1,pc_social_review,PC,hypothetical,1,1.0,0.0,0.0,-17.201424241207867,-23.437503099443127
pc_social_review|i0|o1|numbers|c0,pc_social_review,PC,hypothetical,1,1.0,0.0,0.0,-22.313828468879365,-24.281252384201032
pc_social_review|i0|o1|numbers|c1,pc_social_review,PC,hypothetical,1,1.0,0.0,0.0,-18.862830042940004,-23.96875238418488
pc_social_review|i1|o0|letters|c0,pc_social_review,PC,hypothetical,1,1.0,0.0,0.0,-17.250165806894074,-20.906253814721822
pc_social_review|i1|o0|letters|c1,pc_social_review,PC,hypothetical,1,1.0,0.0,0.0,-16.500121824049074,-21.93750417232377
pc_social_review|i1|o0|numbers|c0,pc_social_review,PC,hypothetical,1,1.0,0.0,0.0,-17.190692927324562,-20.25000619889215
pc_social_review|i1|o0|numbers|c1,pc_social_review,PC,hypothetical,1,1.0,0.0,0.0,-17.62581148618483,-22.125005602828878
pc_social_review|i1|o1|letters|c0,pc_social_review,PC,hypothetical,1,1.0,0.0,0.0,-23.000434637790022,-23.562503337944698
pc_social_review|i1|o1|letters|c1,pc_social_review,PC,hypothetical,1,1.0,0.0,0.0,-18.912717819355755,-23.40625214577222
pc_social_review|i1|o1|numbers|c0,pc_social_review,PC,hypothetical,1,1.0,0.0,0.0,-23.75026297639488,-24.062503576300067
pc_social_review|i1|o1|numbers|c1,pc_social_review,PC,hypothetical,1,1.0,0.0,0.0,-19.22273695479089,-24.000002384184434
pc_social_review|i2|o0|letters|c0,pc_social_review,PC,hypothetical,1,1.0,0.0,0.0,-17.313540513005137,-21.25000274184322
pc_social_review|i2|o0|letters|c1,pc_social_review,PC,hypothetical,1,1.0,0.0,0.0,-16.31255900687097,-21.562502384191475
pc_social_review|i2|o0|numbers|c0,pc_social_review,PC,hypothetical,1,1.0,0.0,0.0,-17.323565063688875,-20.37500488759816
pc_social_review|i2|o0|numbers|c1,pc_social_review,PC,hypothetical,1,1.0,0.0,0.0,-17.625267946661552,-21.75000369548843
pc_social_review|i2|o1|letters|c0,pc_social_review,PC,hypothetical,1,1.0,0.0,0.0,-21.876330495622824,-24.0000029802759
pc_social_review|i2|o1|letters|c1,pc_social_review,PC,hypothetical,1,1.0,0.0,0.0,-19.07889974131286,-23.718752861025685
pc_social_review|i2|o1|numbers|c0,pc_social_review,PC,hypothetical,1,1.0,0.0,0.0,-23.375554800597456,-24.218753933927026
pc_social_review|i2|o1|numbers|c1,pc_social_review,PC,hypothetical,1,1.0,0.0,0.0,-19.25194108499454,-24.09375250339349
pc_social_review|i3|o0|letters|c0,pc_social_review,PC,hypothetical,1,1.0,0.0,0.0,-16.93776758925742,-20.750003814721822
pc_social_review|i3|o0|letters|c1,pc_social_review,PC,hypothetical,1,1.0,0.0,0.0,-15.812536954191728,-21.43750226498196
pc_social_review|i3|o0|numbers|c0,pc_social_review,PC,hypothetical,1,1.0,0.0,0.0,-16.75248766214645,-20.06250631810053
pc_social_review|i3|o0|numbers|c1,pc_social_review,PC,hypothetical,1,1.0,0.0,0.0,-17.187664137809413,-21.75000464915911
pc_social_review|i3|o1|letters|c0,pc_social_review,PC,hypothetical,1,1.0,0.0,0.0,-21.625914336062124,-23.937503814753207
pc_social_review|i3|o1|letters|c1,pc_social_review,PC,hypothetical,1,1.0,0.0,0.0,-18.501937270364586,-22.937501430519667
pc_social_review|i3|o1|numbers|c0,pc_social_review,PC,hypothetical,1,1.0,0.0,0.0,-23.125337124616635,-24.21875298024589
pc_social_review|i3|o1|numbers|c1,pc_social_review,PC,hypothetical,1,1.0,0.0,0.0,-19.179755807048423,-23.812501907348633
pc_social_review|i4|o0|letters|c0,pc_social_review,PC,hypothetical,1,1.0,0.0,0.0,-17.250167594713275,-21.093756198907613
pc_social_review|i4|o0|letters|c1,pc_social_review,PC,hypothetical,1,1.0,0.0,0.0,-15.875065682056174,-21.750002622608463
pc_social_review|i4|o0|numbers|c0,pc_social_review,PC,hypothetical,1,1.0,0.0,0.0,-17.378615988985985,-20.50000762939363
pc_social_review|i4|o0|numbers|c1,pc_social_review,PC,hypothetical,1,1.0,0.0,0.0,-17.312736840945945,-22.062504410741667
pc_social_review|i4|o1|letters|c0,pc_social_review,PC,hypothetical,1,1.0,0.0,0.0,-20.13093638495775,-23.718753576335537
pc_social_review|i4|o1|letters|c1,pc_social_review,PC,hypothetical,1,1.0,0.0,0.0,-18.861097216740752,-23.250002980234747
pc_social_review|i4|o1|numbers|c0,pc_social_review,PC,hypothetical,1,1.0,0.0,0.0,-21.50280809458127,-24.25000262261893
pc_social_review|i4|o1|numbers|c1,pc_social_review,PC,hypothetical,1,1.0,0.0,0.0,-19.75744819649117,-23.812502741811393
