pair_key,ar_item_id,ro_item_id,content_identical
ar_naming_parser|i0|o0|letters|c0,ar-ar_naming_parser-i0-ar-o0-ll-c0-fe-034c8af222f9,ar-ar_naming_parser-i0-ro-o0-ll-c0-fx-d43d58e8ca69,1
ar_naming_parser|i0|o0|letters|c1,ar-ar_naming_parser-i0-ar-o0-ll-c1-fe-b8cf37de1a1c,ar-ar_naming_parser-i0-ro-o0-ll-c1-fx-66f4b9705df3,1
ar_naming_parser|i0|o0|numbers|c0,ar-ar_naming_parser-i0-ar-o0-ln-c0-fe-5a1322fd647c,ar-ar_naming_parser-i0-ro-o0-ln-c0-fx-114a1d8f8067,1
ar_naming_parser|i0|o0|numbers|c1,ar-ar_naming_parser-i0-ar-o0-ln-c1-fe-d33fc3582768,ar-ar_naming_parser-i0-ro-o0-ln-c1-fx-07005e637e29,1
ar_naming_parser|i0|o1|letters|c0,ar-ar_naming_parser-i0-ar-o1-ll-c0-fe-716838c41df4,ar-ar_naming_parser-i0-ro-o1-ll-c0-fx-6d9a5bca3855,1
ar_naming_parser|i0|o1|letters|c1,ar-ar_naming_parser-i0-ar-o1-ll-c1-fe-1d85e71b93c3,ar-ar_naming_parser-i0-ro-o1-ll-c1-fx-4bfe2eee7f5d,1
ar_naming_parser|i0|o1|numbers|c0,ar-ar_naming_parser-i0-ar-o1-ln-c0-fe-04ce00a8964c,ar-ar_naming_parser-i0-ro-o1-ln-c0-fx-d7006f04ceea,1
ar_naming_parser|i0|o1|numbers|c1,ar-ar_naming_parser-i0-ar-o1-ln-c1-fe-1cb5ddee463f,ar-ar_naming_parser-i0-ro-o1-ln-c1-fx-2b139eff5277,1
ar_naming_parser|i1|o0|letters|c0,ar-ar_naming_parser-i1-ar-o0-ll-c0-fe-a130c8f80514,ar-ar_naming_parser-i1-ro-o0-ll-c0-fx-535aae2ce30a,1
ar_naming_parser|i1|o0|letters|c1,ar-ar_naming_parser-i1-ar-o0-ll-c1-fe-852879a0480a,ar-ar_naming_parser-i1-ro-o0-ll-c1-fx-0af68cd57835,1
ar_naming_parser|i1|o0|numbers|c0,ar-ar_naming_parser-i1-ar-o0-ln-c0-fe-94a3f5ebbeee,ar-ar_naming_parser-i1-ro-o0-ln-c0-fx-093b8196cb60,1
ar_naming_parser|i1|o0|numbers|c1,ar-ar_naming_parser-i1-ar-o0-ln-c1-fe-1508698b4678,ar-ar_naming_parser-i1-ro-o0-ln-c1-fx-56aa1454a809,1
ar_naming_parser|i1|o1|letters|c0,ar-ar_naming_parser-i1-ar-o1-ll-c0-fe-673a5da82c56,ar-ar_naming_parser-i1-ro-o1-ll-c0-fx-6c23495a2319,1
ar_naming_parser|i1|o1|letters|c1,ar-ar_naming_parser-i1-ar-o1-ll-c1-fe-1c6647186c78,ar-ar_naming_parser-i1-ro-o1-ll-c1-fx-5145edebfd31,1
ar_naming_parser|i1|o1|numbers|c0,ar-ar_naming_parser-i1-ar-o1-ln-c0-fe-c7aa157f0d37,ar-ar_naming_parser-i1-ro-o1-ln-c0-fx-abc4d56f049a,1
ar_naming_parser|i1|o1|numbers|c1,ar-ar_naming_parser-i1-ar-o1-ln-c1-fe-3fb909f5ad9f,ar-ar_naming_parser-i1-ro-o1-ln-c1-fx-0f86d12ce1ab,1
ar_naming_parser|i2|o0|letters|c0,ar-ar_naming_parser-i2-ar-o0-ll-c0-fe-d5ac42bca8fe,ar-ar_naming_parser-i2-ro-o0-ll-c0-fx-e0fd28745d08,1
ar_naming_parser|i2|o0|letters|c1,ar-ar_naming_parser-i2-ar-o0-ll-c1-fe-f3328c787a72,ar-ar_naming_parser-i2-ro-o0-ll-c1-fx-702ed5ceab3c,1
ar_naming_parser|i2|o0|numbers|c0,ar-ar_naming_parser-i2-ar-o0-ln-c0-fe-6ba4b04af74c,ar-ar_naming_parser-i2-ro-o0-ln-c0-fx-4cd7404b4a3d,1
ar_naming_parser|i2|o0|numbers|c1,ar-ar_naming_parser-i2-ar-o0-ln-c1-fe-0311714c47a2,ar-ar_naming_parser-i2-ro-o0-ln-c1-fx-ce3273529528,1
ar_naming_parser|i2|o1|letters|c0,ar-ar_naming_parser-i2-ar-o1-ll-c0-fe-96c074a04d2a,ar-ar_naming_parser-i2-ro-o1-ll-c0-fx-6dfbf74e6962,1
ar_naming_parser|i2|o1|letters|c1,ar-ar_naming_parser-i2-ar-o1-ll-c1-fe-bdcd2170831c,ar-ar_naming_parser-i2-ro-o1-ll-c1-fx-4a2c566dc21a,1
ar_naming_parser|i2|o1|numbers|c0,ar-ar_naming_parser-i2-ar-o1-ln-c0-fe-3744d7ac69fe,ar-ar_naming_parser-i2-ro-o1-ln-c0-fx-ca0fb62a91f3,1
ar_naming_parser|i2|o1|numbers|c1,ar-ar_naming_parser-i2-ar-o1-ln-c1-fe-b488ff285e37,ar-ar_naming_parser-i2-ro-o1-ln-c1-fx-babd25e5b057,1
ar_naming_parser|i3|o0|letters|c0,ar-ar_naming_parser-i3-ar-o0-ll-c0-fe-26055d081ddb,ar-ar_naming_parser-i3-ro-o0-ll-c0-fx-fe55d9de919d,1
ar_naming_parser|i3|o0|letters|c1,ar-ar_naming_parser-i3-ar-o0-ll-c1-fe-d672aba458d0,ar-ar_naming_parser-i3-ro-o0-ll-c1-fx-cbb7491af493,1
ar_naming_parser|i3|o0|numbers|c0,ar-ar_naming_parser-i3-ar-o0-ln-c0-fe-21a40fe311ad,ar-ar_naming_parser-i3-ro-o0-ln-c0-fx-4cd64dce383f,1
ar_naming_parser|i3|o0|numbers|c1,ar-ar_naming_parser-i3-ar-o0-ln-c1-fe-4c8fbba77b28,ar-ar_naming_parser-i3-ro-o0-ln-c1-fx-c4e3ffbb7a3d,1
ar_naming_parser|i3|o1|letters|c0,ar-ar_naming_parser-i3-ar-o1-ll-c0-fe-64bdc1f9c872,ar-ar_naming_parser-i3-ro-o1-ll-c0-fx-0b36e7f1dfa8,1
ar_naming_parser|i3|o1|letters|c1,ar-ar_naming_parser-i3-ar-o1-ll-c1-fe-01cb853384ee,ar-ar_naming_parser-i3-ro-o1-ll-c1-fx-1d47c3b9fd56,1
ar_naming_parser|i3|o1|numbers|c0,ar-ar_naming_parser-i3-ar-o1-ln-c0-fe-e13083c867b7,ar-ar_naming_parser-i3-ro-o1-ln-c0-fx-b627a382b94d,1
ar_naming_parser|i3|o1|numbers|c1,ar-ar_naming_parser-i3-ar-o1-ln-c1-fe-dd09f5e8812c,ar-ar_naming_parser-i3-ro-o1-ln-c1-fx-abb619e6fbf9,1
ar_naming_parser|i4|o0|letters|c0,ar-ar_naming_parser-i4-ar-o0-ll-c0-fe-354d0f3f8d76,ar-ar_naming_parser-i4-ro-o0-ll-c0-fx-df6d08031c7a,1
ar_naming_parser|i4|o0|letters|c1,ar-ar_naming_parser-i4-ar-o0-ll-c1-fe-a5dc102d7131,ar-ar_naming_parser-i4-ro-o0-ll-c1-fx-4cb1ca0d22df,1
ar_naming_parser|i4|o0|numbers|c0,ar-ar_naming_parser-i4-ar-o0-ln-c0-fe-8710d2e2e6ad,ar-ar_naming_parser-i4-ro-o0-ln-c0-fx-9aa5a2026f70,1
ar_naming_parser|i4|o0|numbers|c1,ar-ar_naming_parser-i4-ar-o0-ln-c1-fe-101295dd184e,ar-ar_naming_parser-i4-ro-o0-ln-c1-fx-0afd201886c4,1
ar_naming_parser|i4|o1|letters|c0,ar-ar_naming_parser-i4-ar-o1-ll-c0-fe-1b6a5d4c965c,ar-ar_naming_parser-i4-ro-o1-ll-c0-fx-0bc322511bc9,1
ar_naming_parser|i4|o1|letters|c1,ar-ar_naming_parser-i4-ar-o1-ll-c1-fe-caf9dc94fba3,ar-ar_naming_parser-i4-ro-o1-ll-c1-fx-dafb386c5582,1
ar_naming_parser|i4|o1|numbers|c0,ar-ar_naming_parser-i4-ar-o1-ln-c0-fe-6c993689cbb6,ar-ar_naming_parser-i4-ro-o1-ln-c0-fx-b13d24d9749f,1
ar_naming_parser|i4|o1|numbers|c1,ar-ar_naming_parser-i4-ar-o1-ln-c1-fe-c716b7073163,ar-ar_naming_parser-i4-ro-o1-ln-c1-fx-249ad318a4ce,1
ar_naming_serializer|i0|o0|letters|c0,ar-ar_naming_serializer-i0-ar-o0-ll-c0-fe-f3c41a329ad8,ar-ar_naming_serializer-i0-ro-o0-ll-c0-fx-128d538c12b8,1
ar_naming_serializer|i0|o0|letters|c1,ar-ar_naming_serializer-i0-ar-o0-ll-c1-fe-84c374c30a67,ar-ar_naming_serializer-i0-ro-o0-ll-c1-fx-9377abaf0db1,1
ar_naming_serializer|i0|o0|numbers|c0,ar-ar_naming_serializer-i0-ar-o0-ln-c0-fe-0846b17597fc,ar-ar_naming_serializer-i0-ro-o0-ln-c0-fx-677324d666e5,1
ar_naming_serializer|i0|o0|numbers|c1,ar-ar_naming_serializer-i0-ar-o0-ln-c1-fe-695cca0e3ec2,ar-ar_naming_serializer-i0-ro-o0-ln-c1-fx-206e8881dbdc,1
ar_naming_serializer|i0|o1|letters|c0,ar-ar_naming_serializer-i0-ar-o1-ll-c0-fe-ce23558c90f5,ar-ar_naming_serializer-i0-ro-o1-ll-c0-fx-6fb691dbf89c,1
ar_naming_serializer|i0|o1|letters|c1,ar-ar_naming_serializer-i0-ar-o1-ll-c1-fe-e2fa8f88bb2c,ar-ar_naming_serializer-i0-ro-o1-ll-c1-fx-924a12d7f770,1
ar_naming_serializer|i0|o1|numbers|c0,ar-ar_naming_serializer-i0-ar-o1-ln-c0-fe-7ed7ffab5224,ar-ar_naming_serializer-i0-ro-o1-ln-c0-fx-61bbfe8d9031,1
ar_naming_serializer|i0|o1|numbers|c1,ar-ar_naming_serializer-i0-ar-o1-ln-c1-fe-f721329b7632,ar-ar_naming_serializer-i0-ro-o1-ln-c1-fx-0892ee7def62,1
ar_naming_serializer|i1|o0|letters|c0,ar-ar_naming_serializer-i1-ar-o0-ll-c0-fe-930393dbd030,ar-ar_naming_serializer-i1-ro-o0-ll-c0-fx-153035ac530b,1
ar_naming_serializer|i1|o0|letters|c1,ar-ar_naming_serializer-i1-ar-o0-ll-c1-fe-b905911e3763,ar-ar_naming_serializer-i1-ro-o0-ll-c1-fx-11328b150cb6,1
ar_naming_serializer|i1|o0|numbers|c0,ar-ar_naming_serializer-i1-ar-o0-ln-c0-fe-73256280131e,ar-ar_naming_serializer-i1-ro-o0-ln-c0-fx-4778376aba16,1
ar_naming_serializer|i1|o0|numbers|c1,ar-ar_naming_serializer-i1-ar-o0-ln-c1-fe-d60386219eec,ar-ar_naming_serializer-i1-ro-o0-ln-c1-fx-fb27d5097941,1
ar_naming_serializer|i1|o1|letters|c0,ar-ar_naming_serializer-i1-ar-o1-ll-c0-fe-89a79f2111a4,ar-ar_naming_serializer-i1-ro-o1-ll-c0-fx-cabbff06dc92,1
ar_naming_serializer|i1|o1|letters|c1,ar-ar_naming_serializer-i1-ar-o1-ll-c1-fe-b9f49cf6357a,ar-ar_naming_serializer-i1-ro-o1-ll-c1-fx-192af2958062,1
ar_naming_serializer|i1|o1|numbers|c0,ar-ar_naming_serializer-i1-ar-o1-ln-c0-fe-d3b3031ad9b8,ar-ar_naming_serializer-i1-ro-o1-ln-c0-fx-044abe8ce5c3,1
ar_naming_serializer|i1|o1|numbers|c1,ar-ar_naming_serializer-i1-ar-o1-ln-c1-fe-773f0a674987,ar-ar_naming_serializer-i1-ro-o1-ln-c1-fx-2cbc9f670917,1
ar_naming_serializer|i2|o0|letters|c0,ar-ar_naming_serializer-i2-ar-o0-ll-c0-fe-e68515dfcfcd,ar-ar_naming_serializer-i2-ro-o0-ll-c0-fx-05834a1112ed,1
ar_naming_serializer|i2|o0|letters|c1,ar-ar_naming_serializer-i2-ar-o0-ll-c1-fe-f79f36ea73e0,ar-ar_naming_serializer-i2-ro-o0-ll-c1-fx-b25b28601b02,1
ar_naming_serializer|i2|o0|numbers|c0,ar-ar_naming_serializer-i2-ar-o0-ln-c0-fe-2de2f4a8f9a2,ar-ar_naming_serializer-i2-ro-o0-ln-c0-fx-1c342abea8bc,1
ar_naming_serializer|i2|o0|numbers|c1,ar-ar_naming_serializer-i2-ar-o0-ln-c1-fe-6d5ce5a3a3de,ar-ar_naming_serializer-i2-ro-o0-ln-c1-fx-1a836f583d0d,1
ar_naming_serializer|i2|o1|letters|c0,ar-ar_naming_serializer-i2-ar-o1-ll-c0-fe-85ebcdc9657b,ar-ar_naming_serializer-i2-ro-o1-ll-c0-fx-f5c8a0dd5a10,1
ar_naming_serializer|i2|o1|letters|c1,ar-ar_naming_serializer-i2-ar-o1-ll-c1-fe-8ed76930f541,ar-ar_naming_serializer-i2-ro-o1-ll-c1-fx-e9f7b1d0a627,1
ar_naming_serializer|i2|o1|numbers|c0,ar-ar_naming_serializer-i2-ar-o1-ln-c0-fe-2358a55c94b3,ar-ar_naming_serializer-i2-ro-o1-ln-c0-fx-b57b0141934d,1
ar_naming_serializer|i2|o1|numbers|c1,ar-ar_naming_serializer-i2-ar-o1-ln-c1-fe-034aa671f411,ar-ar_naming_serializer-i2-ro-o1-ln-c1-fx-a1d5df052510,1
ar_naming_serializer|i3|o0|letters|c0,ar-ar_naming_serializer-i3-ar-o0-ll-c0-fe-b1d7261694bb,ar-ar_naming_serializer-i3-ro-o0-ll-c0-fx-3ddcbdd43e74,1
ar_naming_serializer|i3|o0|letters|c1,ar-ar_naming_serializer-i3-ar-o0-ll-c1-fe-216025d2b737,ar-ar_naming_serializer-i3-ro-o0-ll-c1-fx-f7a421b41301,1
ar_naming_serializer|i3|o0|numbers|c0,ar-ar_naming_serializer-i3-ar-o0-ln-c0-fe-0298c4b08ad1,ar-ar_naming_serializer-i3-ro-o0-ln-c0-fx-2d825bfb2962,1
ar_naming_serializer|i3|o0|numbers|c1,ar-ar_naming_serializer-i3-ar-o0-ln-c1-fe-7766c2b16670,ar-ar_naming_serializer-i3-ro-o0-ln-c1-fx-80698a5e434e,1
ar_naming_serializer|i3|o1|letters|c0,ar-ar_naming_serializer-i3-ar-o1-ll-c0-fe-5f491a0b5dfb,ar-ar_naming_serializer-i3-ro-o1-ll-c0-fx-a820695decc5,1
ar_naming_serializer|i3|o1|letters|c1,ar-ar_naming_serializer-i3-ar-o1-ll-c1-fe-58be978324a8,ar-ar_naming_serializer-i3-ro-o1-ll-c1-fx-9700007e1279,1
ar_naming_serializer|i3|o1|numbers|c0,ar-ar_naming_serializer-i3-ar-o1-ln-c0-fe-7b4aa3555ed9,ar-ar_naming_serializer-i3-ro-o1-ln-c0-fx-11cc2a513f74,1
ar_naming_serializer|i3|o1|numbers|c1,ar-ar_naming_serializer-i3-ar-o1-ln-c1-fe-51e9ca86204f,ar-ar_naming_serializer-i3-ro-o1-ln-c1-fx-d461ffa38b63,1
ar_naming_serializer|i4|o0|letters|c0,ar-ar_naming_serializer-i4-ar-o0-ll-c0-fe-2a35e1e3c79e,ar-ar_naming_serializer-i4-ro-o0-ll-c0-fx-fab5703837f0,1
ar_naming_serializer|i4|o0|letters|c1,ar-ar_naming_serializer-i4-ar-o0-ll-c1-fe-b0e0900645b7,ar-ar_naming_serializer-i4-ro-o0-ll-c1-fx-2b70572ee023,1
ar_naming_serializer|i4|o0|numbers|c0,ar-ar_naming_serializer-i4-ar-o0-ln-c0-fe-17912cc45937,ar-ar_naming_serializer-i4-ro-o0-ln-c0-fx-d33022eeab21,1
ar_naming_serializer|i4|o0|numbers|c1,ar-ar_naming_serializer-i4-ar-o0-ln-c1-fe-539842279496,ar-ar_naming_serializer-i4-ro-o0-ln-c1-fx-6be2c2a922b9,1
ar_naming_serializer|i4|o1|letters|c0,ar-ar_naming_serializer-i4-ar-o1-ll-c0-fe-26143936a607,ar-ar_naming_serializer-i4-ro-o1-ll-c0-fx-7e6072fa7dfc,1
ar_naming_serializer|i4|o1|letters|c1,ar-ar_naming_serializer-i4-ar-o1-ll-c1-fe-2e981daaac9c,ar-ar_naming_serializer-i4-ro-o1-ll-c1-fx-32c952961e5d,1
ar_naming_serializer|i4|o1|numbers|c0,ar-ar_naming_serializer-i4-ar-o1-ln-c0-fe-59a10ec4d838,ar-ar_naming_serializer-i4-ro-o1-ln-c0-fx-8714da43755b,1
ar_naming_serializer|i4|o1|numbers|c1,ar-ar_naming_serializer-i4-ar-o1-ln-c1-fe-f78d42838d97,ar-ar_naming_serializer-i4-ro-o1-ln-c1-fx-0d504f29c890,1
ar_naming_config|i0|o0|letters|c0,ar-ar_naming_config-i0-ar-o0-ll-c0-fe-2f1f6ba335e9,ar-ar_naming_config-i0-ro-o0-ll-c0-fx-f516dcc56620,1
ar_naming_config|i0|o0|letters|c1,ar-ar_naming_config-i0-ar-o0-ll-c1-fe-037356113a9a,ar-ar_naming_config-i0-ro-o0-ll-c1-fx-6a7b567d957c,1
ar_naming_config|i0|o0|numbers|c0,ar-ar_naming_config-i0-ar-o0-ln-c0-fe-26f03fd6f55e,ar-ar_naming_config-i0-ro-o0-ln-c0-fx-d34193ffb408,1
ar_naming_config|i0|o0|numbers|c1,ar-ar_naming_config-i0-ar-o0-ln-c1-fe-91afbd161dea,ar-ar_naming_config-i0-ro-o0-ln-c1-fx-ee8e68c15946,1
ar_naming_config|i0|o1|letters|c0,ar-ar_naming_config-i0-ar-o1-ll-c0-fe-a553bf5d7d69,ar-ar_naming_config-i0-ro-o1-ll-c0-fx-322ac9160980,1
ar_naming_config|i0|o1|letters|c1,ar-ar_naming_config-i0-ar-o1-ll-c1-fe-f3be9997f6f1,ar-ar_naming_config-i0-ro-o1-ll-c1-fx-e1cb7157d514,1
ar_naming_config|i0|o1|numbers|c0,ar-ar_naming_config-i0-ar-o1-ln-c0-fe-31ca28347ccc,ar-ar_naming_config-i0-ro-o1-ln-c0-fx-c591c82e13b8,1
ar_naming_config|i0|o1|numbers|c1,ar-ar_naming_config-i0-ar-o1-ln-c1-fe-cc4cf616e0c0,ar-ar_naming_config-i0-ro-o1-ln-c1-fx-d90c9cef94f5,1
ar_naming_config|i1|o0|letters|c0,ar-ar_naming_config-i1-ar-o0-ll-c0-fe-0b76166e0546,ar-ar_naming_config-i1-ro-o0-ll-c0-fx-3793fc9d203a,1
ar_naming_config|i1|o0|letters|c1,ar-ar_naming_config-i1-ar-o0-ll-c1-fe-663347433e99,ar-ar_naming_config-i1-ro-o0-ll-c1-fx-951a7d51d02d,1
ar_naming_config|i1|o0|numbers|c0,ar-ar_naming_config-i1-ar-o0-ln-c0-fe-eb421ad1237a,ar-ar_naming_config-i1-ro-o0-ln-c0-fx-5deb73e15fd3,1
ar_naming_config|i1|o0|numbers|c1,ar-ar_naming_config-i1-ar-o0-ln-c1-fe-699333f919f6,ar-ar_naming_config-i1-ro-o0-ln-c1-fx-4419287a0126,1
ar_naming_config|i1|o1|letters|c0,ar-ar_naming_config-i1-ar-o1-ll-c0-fe-bcc88e20fd63,ar-ar_naming_config-i1-ro-o1-ll-c0-fx-4b476dc8d26c,1
ar_naming_config|i1|o1|letters|c1,ar-ar_naming_config-i1-ar-o1-ll-c1-fe-07b6a483fe08,ar-ar_naming_config-i1-ro-o1-ll-c1-fx-8053e0d4ead9,1
ar_naming_config|i1|o1|numbers|c0,ar-ar_naming_config-i1-ar-o1-ln-c0-fe-e5099554147a,ar-ar_naming_config-i1-ro-o1-ln-c0-fx-bbe34b9b9c22,1
ar_naming_config|i1|o1|numbers|c1,ar-ar_naming_config-i1-ar-o1-ln-c1-fe-4fc457c6068e,ar-ar_naming_config-i1-ro-o1-ln-c1-fx-fea22dfccb87,1
ar_naming_config|i2|o0|letters|c0,ar-ar_naming_config-i2-ar-o0-ll-c0-fe-ee653bb61e47,ar-ar_naming_config-i2-ro-o0-ll-c0-fx-79d3140b905c,1
ar_naming_config|i2|o0|letters|c1,ar-ar_naming_config-i2-ar-o0-ll-c1-fe-a899278c0395,ar-ar_naming_config-i2-ro-o0-ll-c1-fx-3913fa91f2bc,1
ar_naming_config|i2|o0|numbers|c0,ar-ar_naming_config-i2-ar-o0-ln-c0-fe-3e26199a299f,ar-ar_naming_config-i2-ro-o0-ln-c0-fx-e61d4a34155b,1
ar_naming_config|i2|o0|numbers|c1,ar-ar_naming_config-i2-ar-o0-ln-c1-fe-b20fcffccfcd,ar-ar_naming_config-i2-ro-o0-ln-c1-fx-598a2cd70d2f,1
ar_naming_config|i2|o1|letters|c0,ar-ar_naming_config-i2-ar-o1-ll-c0-fe-5e12580ffd3e,ar-ar_naming_config-i2-ro-o1-ll-c0-fx-01cf0af1a3c2,1
ar_naming_config|i2|o1|letters|c1,ar-ar_naming_config-i2-ar-o1-ll-c1-fe-f6687d7e89f3,ar-ar_naming_config-i2-ro-o1-ll-c1-fx-532604a24213,1
ar_naming_config|i2|o1|numbers|c0,ar-ar_naming_config-i2-ar-o1-ln-c0-fe-37f36b76fe43,ar-ar_naming_config-i2-ro-o1-ln-c0-fx-ccdc6dad3440,1
ar_naming_config|i2|o1|numbers|c1,ar-ar_naming_config-i2-ar-o1-ln-c1-fe-1bc9ea70d8d8,ar-ar_naming_config-i2-ro-o1-ln-c1-fx-3ca2bc647421,1
ar_naming_config|i3|o0|letters|c0,ar-ar_naming_config-i3-ar-o0-ll-c0-fe-b149dc49f508,ar-ar_naming_config-i3-ro-o0-ll-c0-fx-e25063fbe758,1
ar_naming_config|i3|o0|letters|c1,ar-ar_naming_config-i3-ar-o0-ll-c1-fe-5fc1d9d3317a,ar-ar_naming_config-i3-ro-o0-ll-c1-fx-72b14f34c20b,1
ar_naming_config|i3|o0|numbers|c0,ar-ar_naming_config-i3-ar-o0-ln-c0-fe-416c5067a092,ar-ar_naming_config-i3-ro-o0-ln-c0-fx-edfafb37135e,1
ar_naming_config|i3|o0|numbers|c1,ar-ar_naming_config-i3-ar-o0-ln-c1-fe-d622ef382e93,ar-ar_naming_config-i3-ro-o0-ln-c1-fx-a3644dff8d24,1
ar_naming_config|i3|o1|letters|c0,ar-ar_naming_config-i3-ar-o1-ll-c0-fe-6365377cbf5b,ar-ar_naming_config-i3-ro-o1-ll-c0-fx-439a3fdc6f4a,1
ar_naming_config|i3|o1|letters|c1,ar-ar_naming_config-i3-ar-o1-ll-c1-fe-16ce01c806c5,ar-ar_naming_config-i3-ro-o1-ll-c1-fx-02ae9046f37c,1
ar_naming_config|i3|o1|numbers|c0,ar-ar_naming_config-i3-ar-o1-ln-c0-fe-86b626576691,ar-ar_naming_config-i3-ro-o1-ln-c0-fx-443b3da6369e,1
ar_naming_config|i3|o1|numbers|c1,ar-ar_naming_config-i3-ar-o1-ln-c1-fe-41f51064ec4f,ar-ar_naming_config-i3-ro-o1-ln-c1-fx-624ae7b5ffaa,1
ar_naming_config|i4|o0|letters|c0,ar-ar_naming_config-i4-ar-o0-ll-c0-fe-bf46fb1d016f,ar-ar_naming_config-i4-ro-o0-ll-c0-fx-b12bf0134d92,1
ar_naming_config|i4|o0|letters|c1,ar-ar_naming_config-i4-ar-o0-ll-c1-fe-7c44d94d56ff,ar-ar_naming_config-i4-ro-o0-ll-c1-fx-4c9f9a18e2e6,1
ar_naming_config|i4|o0|numbers|c0,ar-ar_naming_config-i4-ar-o0-ln-c0-fe-13eada4a4246,ar-ar_naming_config-i4-ro-o0-ln-c0-fx-627e4bafca15,1
ar_naming_config|i4|o0|numbers|c1,ar-ar_naming_config-i4-ar-o0-ln-c1-fe-d8a46e109a2b,ar-ar_naming_config-i4-ro-o0-ln-c1-fx-7ede0aac610f,1
ar_naming_config|i4|o1|letters|c0,ar-ar_naming_config-i4-ar-o1-ll-c0-fe-f2abe92653d2,ar-ar_naming_config-i4-ro-o1-ll-c0-fx-3568135879e4,1
ar_naming_config|i4|o1|letters|c1,ar-ar_naming_config-i4-ar-o1-ll-c1-fe-56bc6a029ee0,ar-ar_naming_config-i4-ro-o1-ll-c1-fx-4ac3b2a14baf,1
ar_naming_config|i4|o1|numbers|c0,ar-ar_naming_config-i4-ar-o1-ln-c0-fe-deb8a49d59c3,ar-ar_naming_config-i4-ro-o1-ln-c0-fx-f94e3cd75379,1
ar_naming_config|i4|o1|numbers|c1,ar-ar_naming_config-i4-ar-o1-ln-c1-fe-61da32d0b4d1,ar-ar_naming_config-i4-ro-o1-ln-c1-fx-0e064e5e7a51,1
ar_execmode_ingest|i0|o0|letters|c0,ar-ar_execmode_ingest-i0-ar-o0-ll-c0-fe-80e0552222c9,ar-ar_execmode_ingest-i0-ro-o0-ll-c0-fx-98f0158bc24d,1
ar_execmode_ingest|i0|o0|letters|c1,ar-ar_execmode_ingest-i0-ar-o0-ll-c1-fe-c7cad42bb75a,ar-ar_execmode_ingest-i0-ro-o0-ll-c1-fx-304864df9f65,1
ar_execmode_ingest|i0|o0|numbers|c0,ar-ar_execmode_ingest-i0-ar-o0-ln-c0-fe-0baf16929b0b,ar-ar_execmode_ingest-i0-ro-o0-ln-c0-fx-69f360d88d44,1
ar_execmode_ingest|i0|o0|numbers|c1,ar-ar_execmode_ingest-i0-ar-o0-ln-c1-fe-61efd9b4934c,ar-ar_execmode_ingest-i0-ro-o0-ln-c1-fx-5d58b12fbbfd,1
ar_execmode_ingest|i0|o1|letters|c0,ar-ar_execmode_ingest-i0-ar-o1-ll-c0-fe-4db2f33976d7,ar-ar_execmode_ingest-i0-ro-o1-ll-c0-fx-54117da5af8b,1
ar_execmode_ingest|i0|o1|letters|c1,ar-ar_execmode_ingest-i0-ar-o1-ll-c1-fe-dd51e330ffc7,ar-ar_execmode_ingest-i0-ro-o1-ll-c1-fx-ff9e72cc1ad5,1
ar_execmode_ingest|i0|o1|numbers|c0,ar-ar_execmode_ingest-i0-ar-o1-ln-c0-fe-35831aac722e,ar-ar_execmode_ingest-i0-ro-o1-ln-c0-fx-67af53b2a9b2,1
ar_execmode_ingest|i0|o1|numbers|c1,ar-ar_execmode_ingest-i0-ar-o1-ln-c1-fe-f257c490aff8,ar-ar_execmode_ingest-i0-ro-o1-ln-c1-fx-15da8e04cc5c,1
ar_execmode_ingest|i1|o0|letters|c0,ar-ar_execmode_ingest-i1-ar-o0-ll-c0-fe-86a5e1bd399b,ar-ar_execmode_ingest-i1-ro-o0-ll-c0-fx-2a1c1088b50b,1
ar_execmode_ingest|i1|o0|letters|c1,ar-ar_execmode_ingest-i1-ar-o0-ll-c1-fe-e5930d5e543a,ar-ar_execmode_ingest-i1-ro-o0-ll-c1-fx-dcbd34e8b344,1
ar_execmode_ingest|i1|o0|numbers|c0,ar-ar_execmode_ingest-i1-ar-o0-ln-c0-fe-364af5666c44,ar-ar_execmode_ingest-i1-ro-o0-ln-c0-fx-5abc6c12c6cb,1
ar_execmode_ingest|i1|o0|numbers|c1,ar-ar_execmode_ingest-i1-ar-o0-ln-c1-fe-d62b345b8d48,ar-ar_execmode_ingest-i1-ro-o0-ln-c1-fx-9216a628cc9a,1
ar_execmode_ingest|i1|o1|letters|c0,ar-ar_execmode_ingest-i1-ar-o1-ll-c0-fe-39483c5d1626,ar-ar_execmode_ingest-i1-ro-o1-ll-c0-fx-d311fef32d8c,1
ar_execmode_ingest|i1|o1|letters|c1,ar-ar_execmode_ingest-i1-ar-o1-ll-c1-fe-0b2fcf63b806,ar-ar_execmode_ingest-i1-ro-o1-ll-c1-fx-45917c6c2122,1
ar_execmode_ingest|i1|o1|numbers|c0,ar-ar_execmode_ingest-i1-ar-o1-ln-c0-fe-fa79689a91fa,ar-ar_execmode_ingest-i1-ro-o1-ln-c0-fx-80aeb58c014f,1
ar_execmode_ingest|i1|o1|numbers|c1,ar-ar_execmode_ingest-i1-ar-o1-ln-c1-fe-a4b717c41090,ar-ar_execmode_ingest-i1-ro-o1-ln-c1-fx-5be581577dee,1
ar_execmode_ingest|i2|o0|letters|c0,ar-ar_execmode_ingest-i2-ar-o0-ll-c0-fe-5e50b9d755b5,ar-ar_execmode_ingest-i2-ro-o0-ll-c0-fx-e901fd6bbb28,1
ar_execmode_ingest|i2|o0|letters|c1,ar-ar_execmode_ingest-i2-ar-o0-ll-c1-fe-929195ab1d82,ar-ar_execmode_ingest-i2-ro-o0-ll-c1-fx-33181aff6816,1
ar_execmode_ingest|i2|o0|numbers|c0,ar-ar_execmode_ingest-i2-ar-o0-ln-c0-fe-4bf255d04f38,ar-ar_execmode_ingest-i2-ro-o0-ln-c0-fx-86dc49885126,1
ar_execmode_ingest|i2|o0|numbers|c1,ar-ar_execmode_ingest-i2-ar-o0-ln-c1-fe-2646f16d1d59,ar-ar_execmode_ingest-i2-ro-o0-ln-c1-fx-4391a605b11b,1
ar_execmode_ingest|i2|o1|letters|c0,ar-ar_execmode_ingest-i2-ar-o1-ll-c0-fe-d9975459b9e8,ar-ar_execmode_ingest-i2-ro-o1-ll-c0-fx-6765b7dd5c89,1
ar_execmode_ingest|i2|o1|letters|c1,ar-ar_execmode_ingest-i2-ar-o1-ll-c1-fe-17ca0971dc85,ar-ar_execmode_ingest-i2-ro-o1-ll-c1-fx-d1a92f7ea032,1
ar_execmode_ingest|i2|o1|numbers|c0,ar-ar_execmode_ingest-i2-ar-o1-ln-c0-fe-874efa39fc50,ar-ar_execmode_ingest-i2-ro-o1-ln-c0-fx-3dd340d88e5d,1
ar_execmode_ingest|i2|o1|numbers|c1,ar-ar_execmode_ingest-i2-ar-o1-ln-c1-fe-630d9fa09be1,ar-ar_execmode_ingest-i2-ro-o1-ln-c1-fx-f750d1b7eb73,1
ar_execmode_ingest|i3|o0|letters|c0,ar-ar_execmode_ingest-i3-ar-o0-ll-c0-fe-739b0ac70c79,ar-ar_execmode_ingest-i3-ro-o0-ll-c0-fx-fb33ca36c916,1
ar_execmode_ingest|i3|o0|letters|c1,ar-ar_execmode_ingest-i3-ar-o0-ll-c1-fe-f95b74de8959,ar-ar_execmode_ingest-i3-ro-o0-ll-c1-fx-6dd50e4c21ff,1
ar_execmode_ingest|i3|o0|numbers|c0,ar-ar_execmode_ingest-i3-ar-o0-ln-c0-fe-4bc7f50bac50,ar-ar_execmode_ingest-i3-ro-o0-ln-c0-fx-8fcad6d6df92,1
ar_execmode_ingest|i3|o0|numbers|c1,ar-ar_execmode_ingest-i3-ar-o0-ln-c1-fe-74b394d79352,ar-ar_execmode_ingest-i3-ro-o0-ln-c1-fx-a3ad04ba93e9,1
ar_execmode_ingest|i3|o1|letters|c0,ar-ar_execmode_ingest-i3-ar-o1-ll-c0-fe-27c5ec4310c6,ar-ar_execmode_ingest-i3-ro-o1-ll-c0-fx-4cc3016335c6,1
ar_execmode_ingest|i3|o1|letters|c1,ar-ar_execmode_ingest-i3-ar-o1-ll-c1-fe-7b68d8ad3cea,ar-ar_execmode_ingest-i3-ro-o1-ll-c1-fx-094fab06b5c0,1
ar_execmode_ingest|i3|o1|numbers|c0,ar-ar_execmode_ingest-i3-ar-o1-ln-c0-fe-4541ae3d1daf,ar-ar_execmode_ingest-i3-ro-o1-ln-c0-fx-9849b855d313,1
ar_execmode_ingest|i3|o1|numbers|c1,ar-ar_execmode_ingest-i3-ar-o1-ln-c1-fe-369fb2d4bb19,ar-ar_execmode_ingest-i3-ro-o1-ln-c1-fx-8a933ed72bc0,1
ar_execmode_ingest|i4|o0|letters|c0,ar-ar_execmode_ingest-i4-ar-o0-ll-c0-fe-8c525063291f,ar-ar_execmode_ingest-i4-ro-o0-ll-c0-fx-17bb1b8968a1,1
ar_execmode_ingest|i4|o0|letters|c1,ar-ar_execmode_ingest-i4-ar-o0-ll-c1-fe-977802e16f10,ar-ar_execmode_ingest-i4-ro-o0-ll-c1-fx-451df1508d21,1
ar_execmode_ingest|i4|o0|numbers|c0,ar-ar_execmode_ingest-i4-ar-o0-ln-c0-fe-ba7657e8d29a,ar-ar_execmode_ingest-i4-ro-o0-ln-c0-fx-a27b0392e87c,1
ar_execmode_ingest|i4|o0|numbers|c1,ar-ar_execmode_ingest-i4-ar-o0-ln-c1-fe-767604a5575f,ar-ar_execmode_ingest-i4-ro-o0-ln-c1-fx-7fc8f4afc06c,1
ar_execmode_ingest|i4|o1|letters|c0,ar-ar_execmode_ingest-i4-ar-o1-ll-c0-fe-fde0d4046865,ar-ar_execmode_ingest-i4-ro-o1-ll-c0-fx-0e86cdf48e4d,1
ar_execmode_ingest|i4|o1|letters|c1,ar-ar_execmode_ingest-i4-ar-o1-ll-c1-fe-210ab4c1786f,ar-ar_execmode_ingest-i4-ro-o1-ll-c1-fx-0596e9f079c0,1
ar_execmode_ingest|i4|o1|numbers|c0,ar-ar_execmode_ingest-i4-ar-o1-ln-c0-fe-d33d04d465ea,ar-ar_execmode_ingest-i4-ro-o1-ln-c0-fx-48879ff04835,1
ar_execmode_ingest|i4|o1|numbers|c1,ar-ar_execmode_ingest-i4-ar-o1-ln-c1-fe-344d6b6b4da4,ar-ar_execmode_ingest-i4-ro-o1-ln-c1-fx-a04e59041495,1
ar_execmode_migration|i0|o0|letters|c0,ar-ar_execmode_migration-i0-ar-o0-ll-c0-fe-2d6d0699f318,ar-ar_execmode_migration-i0-ro-o0-ll-c0-fx-2391ccae8aa4,1
ar_execmode_migration|i0|o0|letters|c1,ar-ar_execmode_migration-i0-ar-o0-ll-c1-fe-9a80c24fd928,ar-ar_execmode_migration-i0-ro-o0-ll-c1-fx-bbe366b4914f,1
ar_execmode_migration|i0|o0|numbers|c0,ar-ar_execmode_migration-i0-ar-o0-ln-c0-fe-be489dca3e5d,ar-ar_execmode_migration-i0-ro-o0-ln-c0-fx-3885c406e94f,1
ar_execmode_migration|i0|o0|numbers|c1,ar-ar_execmode_migration-i0-ar-o0-ln-c1-fe-9a5711fe270c,ar-ar_execmode_migration-i0-ro-o0-ln-c1-fx-e22b7fcad8f6,1
ar_execmode_migration|i0|o1|letters|c0,ar-ar_execmode_migration-i0-ar-o1-ll-c0-fe-25cc02e5cc8a,ar-ar_execmode_migration-i0-ro-o1-ll-c0-fx-c1bf4317c389,1
ar_execmode_migration|i0|o1|letters|c1,ar-ar_execmode_migration-i0-ar-o1-ll-c1-fe-9495db86f3c7,ar-ar_execmode_migration-i0-ro-o1-ll-c1-fx-bc5a8abb558e,1
ar_execmode_migration|i0|o1|numbers|c0,ar-ar_execmode_migration-i0-ar-o1-ln-c0-fe-8f036a4128f7,ar-ar_execmode_migration-i0-ro-o1-ln-c0-fx-083b3da3f0ff,1
ar_execmode_migration|i0|o1|numbers|c1,ar-ar_execmode_migration-i0-ar-o1-ln-c1-fe-681b02a6ac9c,ar-ar_execmode_migration-i0-ro-o1-ln-c1-fx-814a69588af0,1
ar_execmode_migration|i1|o0|letters|c0,ar-ar_execmode_migration-i1-ar-o0-ll-c0-fe-9c26583361dc,ar-ar_execmode_migration-i1-ro-o0-ll-c0-fx-7c42c278e0c9,1
ar_execmode_migration|i1|o0|letters|c1,ar-ar_execmode_migration-i1-ar-o0-ll-c1-fe-457b2c43bd26,ar-ar_execmode_migration-i1-ro-o0-ll-c1-fx-f812b496d965,1
ar_execmode_migration|i1|o0|numbers|c0,ar-ar_execmode_migration-i1-ar-o0-ln-c0-fe-4f6aad81fdaf,ar-ar_execmode_migration-i1-ro-o0-ln-c0-fx-45945843e0da,1
ar_execmode_migration|i1|o0|numbers|c1,ar-ar_execmode_migration-i1-ar-o0-ln-c1-fe-a86519279375,ar-ar_execmode_migration-i1-ro-o0-ln-c1-fx-53e8b4bd66db,1
ar_execmode_migration|i1|o1|letters|c0,ar-ar_execmode_migration-i1-ar-o1-ll-c0-fe-9cf3bc204a56,ar-ar_execmode_migration-i1-ro-o1-ll-c0-fx-3a6acfb9bd4f,1
ar_execmode_migration|i1|o1|letters|c1,ar-ar_execmode_migration-i1-ar-o1-ll-c1-fe-f0bde1ea0b86,ar-ar_execmode_migration-i1-ro-o1-ll-c1-fx-f6ffd4511ab0,1
ar_execmode_migration|i1|o1|numbers|c0,ar-ar_execmode_migration-i1-ar-o1-ln-c0-fe-9fe9049338ed,ar-ar_execmode_migration-i1-ro-o1-ln-c0-fx-d31eda77acda,1
ar_execmode_migration|i1|o1|numbers|c1,ar-ar_execmode_migration-i1-ar-o1-ln-c1-fe-4993230eeebb,ar-ar_execmode_migration-i1-ro-o1-ln-c1-fx-5bcffae80789,1
ar_execmode_migration|i2|o0|letters|c0,ar-ar_execmode_migration-i2-ar-o0-ll-c0-fe-36a76d014710,ar-ar_execmode_migration-i2-ro-o0-ll-c0-fx-8f9c76fb665f,1
ar_execmode_migration|i2|o0|letters|c1,ar-ar_execmode_migration-i2-ar-o0-ll-c1-fe-8ef04674aecd,ar-ar_execmode_migration-i2-ro-o0-ll-c1-fx-41635388979d,1
ar_execmode_migration|i2|o0|numbers|c0,ar-ar_execmode_migration-i2-ar-o0-ln-c0-fe-be8aefd90089,ar-ar_execmode_migration-i2-ro-o0-ln-c0-fx-ce893a81f7c0,1
ar_execmode_migration|i2|o0|numbers|c1,ar-ar_execmode_migration-i2-ar-o0-ln-c1-fe-651a3c0e8861,ar-ar_execmode_migration-i2-ro-o0-ln-c1-fx-cb6d35f6c806,1
ar_execmode_migration|i2|o1|letters|c0,ar-ar_execmode_migration-i2-ar-o1-ll-c0-fe-a23753587b3c,ar-ar_execmode_migration-i2-ro-o1-ll-c0-fx-00bedda99b0e,1
ar_execmode_migration|i2|o1|letters|c1,ar-ar_execmode_migration-i2-ar-o1-ll-c1-fe-34d76d6c3af1,ar-ar_execmode_migration-i2-ro-o1-ll-c1-fx-036e5961753c,1
ar_execmode_migration|i2|o1|numbers|c0,ar-ar_execmode_migration-i2-ar-o1-ln-c0-fe-6623cc0020f0,ar-ar_execmode_migration-i2-ro-o1-ln-c0-fx-d75d6c73eb13,1
ar_execmode_migration|i2|o1|numbers|c1,ar-ar_execmode_migration-i2-ar-o1-ln-c1-fe-d3e2338365d6,ar-ar_execmode_migration-i2-ro-o1-ln-c1-fx-b4656d9d2736,1
ar_execmode_migration|i3|o0|letters|c0,ar-ar_execmode_migration-i3-ar-o0-ll-c0-fe-4c7231e1906b,ar-ar_execmode_migration-i3-ro-o0-ll-c0-fx-ff680238dfdb,1
ar_execmode_migration|i3|o0|letters|c1,ar-ar_execmode_migration-i3-ar-o0-ll-c1-fe-7fd0fad3bd7c,ar-ar_execmode_migration-i3-ro-o0-ll-c1-fx-ef25e7dc333d,1
ar_execmode_migration|i3|o0|numbers|c0,ar-ar_execmode_migration-i3-ar-o0-ln-c0-fe-155c494ed2f5,ar-ar_execmode_migration-i3-ro-o0-ln-c0-fx-06809a76ad02,1
ar_execmode_migration|i3|o0|numbers|c1,ar-ar_execmode_migration-i3-ar-o0-ln-c1-fe-154eaee60a7c,ar-ar_execmode_migration-i3-ro-o0-ln-c1-fx-017a0fa0a4e3,1
ar_execmode_migration|i3|o1|letters|c0,ar-ar_execmode_migration-i3-ar-o1-ll-c0-fe-f7146f2ec4ae,ar-ar_execmode_migration-i3-ro-o1-ll-c0-fx-7d3a9750216d,1
ar_execmode_migration|i3|o1|letters|c1,ar-ar_execmode_migration-i3-ar-o1-ll-c1-fe-aafcf1369d1c,ar-ar_execmode_migration-i3-ro-o1-ll-c1-fx-c2b1b9492f81,1
ar_execmode_migration|i3|o1|numbers|c0,ar-ar_execmode_migration-i3-ar-o1-ln-c0-fe-871c3ca1aea6,ar-ar_execmode_migration-i3-ro-o1-ln-c0-fx-a79fa9e588ba,1
ar_execmode_migration|i3|o1|numbers|c1,ar-ar_execmode_migration-i3-ar-o1-ln-c1-fe-44eefcbde15f,ar-ar_execmode_migration-i3-ro-o1-ln-c1-fx-e98d9646f27d,1
ar_execmode_migration|i4|o0|letters|c0,ar-ar_execmode_migration-i4-ar-o0-ll-c0-fe-c454fc69f0b8,ar-ar_execmode_migration-i4-ro-o0-ll-c0-fx-d38d08d767ff,1
ar_execmode_migration|i4|o0|letters|c1,ar-ar_execmode_migration-i4-ar-o0-ll-c1-fe-12e112f754ef,ar-ar_execmode_migration-i4-ro-o0-ll-c1-fx-62d54f169ef6,1
ar_execmode_migration|i4|o0|numbers|c0,ar-ar_execmode_migration-i4-ar-o0-ln-c0-fe-b7c18ef49ba7,ar-ar_execmode_migration-i4-ro-o0-ln-c0-fx-aa0a4d8ea50d,1
ar_execmode_migration|i4|o0|numbers|c1,ar-ar_execmode_migration-i4-ar-o0-ln-c1-fe-a84d8c664964,ar-ar_execmode_migration-i4-ro-o0-ln-c1-fx-91ef34314687,1
ar_execmode_migration|i4|o1|letters|c0,ar-ar_execmode_migration-i4-ar-o1-ll-c0-fe-9674af744bd3,ar-ar_execmode_migration-i4-ro-o1-ll-c0-fx-f3e98cc4b6db,1
ar_execmode_migration|i4|o1|letters|c1,ar-ar_execmode_migration-i4-ar-o1-ll-c1-fe-b0d2fd14f680,ar-ar_execmode_migration-i4-ro-o1-ll-c1-fx-142ebb01d125,1
ar_execmode_migration|i4|o1|numbers|c0,ar-ar_execmode_migration-i4-ar-o1-ln-c0-fe-4f9a8f863d1b,ar-ar_execmode_migration-i4-ro-o1-ln-c0-fx-83636a7cc98b,1
ar_execmode_migration|i4|o1|numbers|c1,ar-ar_execmode_migration-i4-ar-o1-ln-c1-fe-baf6409e85e5,ar-ar_execmode_migration-i4-ro-o1-ln-c1-fx-4c56d4da3470,1
ar_taskorder_setup|i0|o0|letters|c0,ar-ar_taskorder_setup-i0-ar-o0-ll-c0-fe-723cd9e41873,ar-ar_taskorder_setup-i0-ro-o0-ll-c0-fx-07f13518540a,1
ar_taskorder_setup|i0|o0|letters|c1,ar-ar_taskorder_setup-i0-ar-o0-ll-c1-fe-1af68c78ae70,ar-ar_taskorder_setup-i0-ro-o0-ll-c1-fx-6a26b09a11ef,1
ar_taskorder_setup|i0|o0|numbers|c0,ar-ar_taskorder_setup-i0-ar-o0-ln-c0-fe-371b26a26fb3,ar-ar_taskorder_setup-i0-ro-o0-ln-c0-fx-a8288f02cafc,1
ar_taskorder_setup|i0|o0|numbers|c1,ar-ar_taskorder_setup-i0-ar-o0-ln-c1-fe-48bfdd5ec608,ar-ar_taskorder_setup-i0-ro-o0-ln-c1-fx-2c07df07907a,1
ar_taskorder_setup|i0|o1|letters|c0,ar-ar_taskorder_setup-i0-ar-o1-ll-c0-fe-3c502cb21fd8,ar-ar_taskorder_setup-i0-ro-o1-ll-c0-fx-28b99337a913,1
ar_taskorder_setup|i0|o1|letters|c1,ar-ar_taskorder_setup-i0-ar-o1-ll-c1-fe-1d4b285f5699,ar-ar_taskorder_setup-i0-ro-o1-ll-c1-fx-6ce27f7a75d0,1
ar_taskorder_setup|i0|o1|numbers|c0,ar-ar_taskorder_setup-i0-ar-o1-ln-c0-fe-303c0f066fc9,ar-ar_taskorder_setup-i0-ro-o1-ln-c0-fx-5ad961a61084,1
ar_taskorder_setup|i0|o1|numbers|c1,ar-ar_taskorder_setup-i0-ar-o1-ln-c1-fe-40be6f36015a,ar-ar_taskorder_setup-i0-ro-o1-ln-c1-fx-53a32c47279c,1
ar_taskorder_setup|i1|o0|letters|c0,ar-ar_taskorder_setup-i1-ar-o0-ll-c0-fe-54547f58bdb9,ar-ar_taskorder_setup-i1-ro-o0-ll-c0-fx-de639b9bcf9e,1
ar_taskorder_setup|i1|o0|letters|c1,ar-ar_taskorder_setup-i1-ar-o0-ll-c1-fe-3b61686e5e1f,ar-ar_taskorder_setup-i1-ro-o0-ll-c1-fx-852d57f62455,1
ar_taskorder_setup|i1|o0|numbers|c0,ar-ar_taskorder_setup-i1-ar-o0-ln-c0-fe-2c513ff18d2d,ar-ar_taskorder_setup-i1-ro-o0-ln-c0-fx-7dbf18ee5603,1
ar_taskorder_setup|i1|o0|numbers|c1,ar-ar_taskorder_setup-i1-ar-o0-ln-c1-fe-58e3352ac1cf,ar-ar_taskorder_setup-i1-ro-o0-ln-c1-fx-cc4aa17c5506,1
ar_taskorder_setup|i1|o1|letters|c0,ar-ar_taskorder_setup-i1-ar-o1-ll-c0-fe-b4a5ce287a7c,ar-ar_taskorder_setup-i1-ro-o1-ll-c0-fx-95e6771424f4,1
ar_taskorder_setup|i1|o1|letters|c1,ar-ar_taskorder_setup-i1-ar-o1-ll-c1-fe-b205110ebc95,ar-ar_taskorder_setup-i1-ro-o1-ll-c1-fx-028cc6811eac,1
ar_taskorder_setup|i1|o1|numbers|c0,ar-ar_taskorder_setup-i1-ar-o1-ln-c0-fe-ba5a602843a7,ar-ar_taskorder_setup-i1-ro-o1-ln-c0-fx-2db61e752510,1
ar_taskorder_setup|i1|o1|numbers|c1,ar-ar_taskorder_setup-i1-ar-o1-ln-c1-fe-62ff164add86,ar-ar_taskorder_setup-i1-ro-o1-ln-c1-fx-82e86ca247da,1
ar_taskorder_setup|i2|o0|letters|c0,ar-ar_taskorder_setup-i2-ar-o0-ll-c0-fe-3e12e0ea1a3d,ar-ar_taskorder_setup-i2-ro-o0-ll-c0-fx-40b66c8a633b,1
ar_taskorder_setup|i2|o0|letters|c1,ar-ar_taskorder_setup-i2-ar-o0-ll-c1-fe-967b4f8d7822,ar-ar_taskorder_setup-i2-ro-o0-ll-c1-fx-c5c4ffcff42b,1
ar_taskorder_setup|i2|o0|numbers|c0,ar-ar_taskorder_setup-i2-ar-o0-ln-c0-fe-560fb07339af,ar-ar_taskorder_setup-i2-ro-o0-ln-c0-fx-1ff20fd39f90,1
ar_taskorder_setup|i2|o0|numbers|c1,ar-ar_taskorder_setup-i2-ar-o0-ln-c1-fe-960794cb8e2e,ar-ar_taskorder_setup-i2-ro-o0-ln-c1-fx-5ead4d07107b,1
ar_taskorder_setup|i2|o1|letters|c0,ar-ar_taskorder_setup-i2-ar-o1-ll-c0-fe-5e44e7ea5917,ar-ar_taskorder_setup-i2-ro-o1-ll-c0-fx-d3f2d891b8e5,1
ar_taskorder_setup|i2|o1|letters|c1,ar-ar_taskorder_setup-i2-ar-o1-ll-c1-fe-3eb798059bc4,ar-ar_taskorder_setup-i2-ro-o1-ll-c1-fx-a914eddd74c2,1
ar_taskorder_setup|i2|o1|numbers|c0,ar-ar_taskorder_setup-i2-ar-o1-ln-c0-fe-601a04c169c4,ar-ar_taskorder_setup-i2-ro-o1-ln-c0-fx-563829f92487,1
ar_taskorder_setup|i2|o1|numbers|c1,ar-ar_taskorder_setup-i2-ar-o1-ln-c1-fe-c166df7d56c5,ar-ar_taskorder_setup-i2-ro-o1-ln-c1-fx-e97ee03cdc3d,1
ar_taskorder_setup|i3|o0|letters|c0,ar-ar_taskorder_setup-i3-ar-o0-ll-c0-fe-7e85aafda294,ar-ar_taskorder_setup-i3-ro-o0-ll-c0-fx-f86780a7c2bb,1
ar_taskorder_setup|i3|o0|letters|c1,ar-ar_taskorder_setup-i3-ar-o0-ll-c1-fe-0ec51b10126b,ar-ar_taskorder_setup-i3-ro-o0-ll-c1-fx-c11ee5a6c152,1
ar_taskorder_setup|i3|o0|numbers|c0,ar-ar_taskorder_setup-i3-ar-o0-ln-c0-fe-76e6308b1364,ar-ar_taskorder_setup-i3-ro-o0-ln-c0-fx-eb27b48eeb43,1
ar_taskorder_setup|i3|o0|numbers|c1,ar-ar_taskorder_setup-i3-ar-o0-ln-c1-fe-bd9ea84d2910,ar-ar_taskorder_setup-i3-ro-o0-ln-c1-fx-2b8701bcdfa5,1
ar_taskorder_setup|i3|o1|letters|c0,ar-ar_taskorder_setup-i3-ar-o1-ll-c0-fe-b7e8b875c98e,ar-ar_taskorder_setup-i3-ro-o1-ll-c0-fx-88e7b5cb3218,1
ar_taskorder_setup|i3|o1|letters|c1,ar-ar_taskorder_setup-i3-ar-o1-ll-c1-fe-638e56e57387,ar-ar_taskorder_setup-i3-ro-o1-ll-c1-fx-fd63ea2e50fe,1
ar_taskorder_setup|i3|o1|numbers|c0,ar-ar_taskorder_setup-i3-ar-o1-ln-c0-fe-bcd3c2f44ea7,ar-ar_taskorder_setup-i3-ro-o1-ln-c0-fx-c2a2890379dd,1
ar_taskorder_setup|i3|o1|numbers|c1,ar-ar_taskorder_setup-i3-ar-o1-ln-c1-fe-444700a1b099,ar-ar_taskorder_setup-i3-ro-o1-ln-c1-fx-c45194a6d20c,1
ar_taskorder_setup|i4|o0|letters|c0,ar-ar_taskorder_setup-i4-ar-o0-ll-c0-fe-039df45cddcb,ar-ar_taskorder_setup-i4-ro-o0-ll-c0-fx-ec214cbf3004,1
ar_taskorder_setup|i4|o0|letters|c1,ar-ar_taskorder_setup-i4-ar-o0-ll-c1-fe-f29d08adbd72,ar-ar_taskorder_setup-i4-ro-o0-ll-c1-fx-0010b65f2a85,1
ar_taskorder_setup|i4|o0|numbers|c0,ar-ar_taskorder_setup-i4-ar-o0-ln-c0-fe-5b270992ec84,ar-ar_taskorder_setup-i4-ro-o0-ln-c0-fx-853d9c4ccd7b,1
ar_taskorder_setup|i4|o0|numbers|c1,ar-ar_taskorder_setup-i4-ar-o0-ln-c1-fe-e96bb09f3927,ar-ar_taskorder_setup-i4-ro-o0-ln-c1-fx-aae4030ec57b,1
ar_taskorder_setup|i4|o1|letters|c0,ar-ar_taskorder_setup-i4-ar-o1-ll-c0-fe-b877f477b772,ar-ar_taskorder_setup-i4-ro-o1-ll-c0-fx-c525e1bf6a40,1
ar_taskorder_setup|i4|o1|letters|c1,ar-ar_taskorder_setup-i4-ar-o1-ll-c1-fe-f17f7afd5dd9,ar-ar_taskorder_setup-i4-ro-o1-ll-c1-fx-18e1ebb15931,1
ar_taskorder_setup|i4|o1|numbers|c0,ar-ar_taskorder_setup-i4-ar-o1-ln-c0-fe-3a2e58e83d45,ar-ar_taskorder_setup-i4-ro-o1-ln-c0-fx-bd0c13f8fc95,1
ar_taskorder_setup|i4|o1|numbers|c1,ar-ar_taskorder_setup-i4-ar-o1-ln-c1-fe-e857b133542c,ar-ar_taskorder_setup-i4-ro-o1-ln-c1-fx-e50575082e3e,1
ar_component_library|i0|o0|letters|c0,ar-ar_component_library-i0-ar-o0-ll-c0-fe-5e2bfab31ea4,ar-ar_component_library-i0-ro-o0-ll-c0-fx-e7c4499a3778,1
ar_component_library|i0|o0|letters|c1,ar-ar_component_library-i0-ar-o0-ll-c1-fe-d24e8eaf1456,ar-ar_component_library-i0-ro-o0-ll-c1-fx-c63ace27368d,1
ar_component_library|i0|o0|numbers|c0,ar-ar_component_library-i0-ar-o0-ln-c0-fe-6bf0303cebd1,ar-ar_component_library-i0-ro-o0-ln-c0-fx-da4f020603f1,1
ar_component_library|i0|o0|numbers|c1,ar-ar_component_library-i0-ar-o0-ln-c1-fe-06e09cf359cd,ar-ar_component_library-i0-ro-o0-ln-c1-fx-6f6b9250dc0e,1
ar_component_library|i0|o1|letters|c0,ar-ar_component_library-i0-ar-o1-ll-c0-fe-f63989a2b39b,ar-ar_component_library-i0-ro-o1-ll-c0-fx-481e66c32e30,1
ar_component_library|i0|o1|letters|c1,ar-ar_component_library-i0-ar-o1-ll-c1-fe-80bf61e06d39,ar-ar_component_library-i0-ro-o1-ll-c1-fx-688a9593a0b1,1
ar_component_library|i0|o1|numbers|c0,ar-ar_component_library-i0-ar-o1-ln-c0-fe-fe9a06f054b3,ar-ar_component_library-i0-ro-o1-ln-c0-fx-d7d9d8e6c7e9,1
ar_component_library|i0|o1|numbers|c1,ar-ar_component_library-i0-ar-o1-ln-c1-fe-42b5b7817db2,ar-ar_component_library-i0-ro-o1-ln-c1-fx-6df1ecad9e79,1
ar_component_library|i1|o0|letters|c0,ar-ar_component_library-i1-ar-o0-ll-c0-fe-2f6c762eb8e0,ar-ar_component_library-i1-ro-o0-ll-c0-fx-f3612d6ebd1d,1
ar_component_library|i1|o0|letters|c1,ar-ar_component_library-i1-ar-o0-ll-c1-fe-f59a39fd778f,ar-ar_component_library-i1-ro-o0-ll-c1-fx-739e2565fc4c,1
ar_component_library|i1|o0|numbers|c0,ar-ar_component_library-i1-ar-o0-ln-c0-fe-cea25174b402,ar-ar_component_library-i1-ro-o0-ln-c0-fx-a572953f80d8,1
ar_component_library|i1|o0|numbers|c1,ar-ar_component_library-i1-ar-o0-ln-c1-fe-9b2ad3080033,ar-ar_component_library-i1-ro-o0-ln-c1-fx-b576345b021c,1
ar_component_library|i1|o1|letters|c0,ar-ar_component_library-i1-ar-o1-ll-c0-fe-6c5dcf7e2f12,ar-ar_component_library-i1-ro-o1-ll-c0-fx-e4445a7e8464,1
ar_component_library|i1|o1|letters|c1,ar-ar_component_library-i1-ar-o1-ll-c1-fe-8d4c0d4e6858,ar-ar_component_library-i1-ro-o1-ll-c1-fx-c532222d6795,1
ar_component_library|i1|o1|numbers|c0,ar-ar_component_library-i1-ar-o1-ln-c0-fe-a189d06d0805,ar-ar_component_library-i1-ro-o1-ln-c0-fx-853085c5eebc,1
ar_component_library|i1|o1|numbers|c1,ar-ar_component_library-i1-ar-o1-ln-c1-fe-6058fe46172c,ar-ar_component_library-i1-ro-o1-ln-c1-fx-a3e134bc14c5,1
ar_component_library|i2|o0|letters|c0,ar-ar_component_library-i2-ar-o0-ll-c0-fe-26e779c0dfc5,ar-ar_component_library-i2-ro-o0-ll-c0-fx-e358db2a956f,1
ar_component_library|i2|o0|letters|c1,ar-ar_component_library-i2-ar-o0-ll-c1-fe-b1dcbc3ce9a2,ar-ar_component_library-i2-ro-o0-ll-c1-fx-284fe5e525ac,1
ar_component_library|i2|o0|numbers|c0,ar-ar_component_library-i2-ar-o0-ln-c0-fe-6d5cf3e81c98,ar-ar_component_library-i2-ro-o0-ln-c0-fx-3a86b351bd6d,1
ar_component_library|i2|o0|numbers|c1,ar-ar_component_library-i2-ar-o0-ln-c1-fe-d71caf2c4436,ar-ar_component_library-i2-ro-o0-ln-c1-fx-8b64876df484,1
ar_component_library|i2|o1|letters|c0,ar-ar_component_library-i2-ar-o1-ll-c0-fe-c3318c26c9ac,ar-ar_component_library-i2-ro-o1-ll-c0-fx-d0fe4702cb9f,1
ar_component_library|i2|o1|letters|c1,ar-ar_component_library-i2-ar-o1-ll-c1-fe-3a80f7dca21b,ar-ar_component_library-i2-ro-o1-ll-c1-fx-a9637a6a606a,1
ar_component_library|i2|o1|numbers|c0,ar-ar_component_library-i2-ar-o1-ln-c0-fe-3a9f9910ce6f,ar-ar_component_library-i2-ro-o1-ln-c0-fx-b6bb3c047210,1
ar_component_library|i2|o1|numbers|c1,ar-ar_component_library-i2-ar-o1-ln-c1-fe-8b2bbba3274a,ar-ar_component_library-i2-ro-o1-ln-c1-fx-4d2acd9926b9,1
ar_component_library|i3|o0|letters|c0,ar-ar_component_library-i3-ar-o0-ll-c0-fe-d3f1b57f3fe3,ar-ar_component_library-i3-ro-o0-ll-c0-fx-400f783997ab,1
ar_component_library|i3|o0|letters|c1,ar-ar_component_library-i3-ar-o0-ll-c1-fe-b38fa2e45ba2,ar-ar_component_library-i3-ro-o0-ll-c1-fx-f09066608693,1
ar_component_library|i3|o0|numbers|c0,ar-ar_component_library-i3-ar-o0-ln-c0-fe-96f363c55d86,ar-ar_component_library-i3-ro-o0-ln-c0-fx-d7c6d007a7a3,1
ar_component_library|i3|o0|numbers|c1,ar-ar_component_library-i3-ar-o0-ln-c1-fe-f520cdc82539,ar-ar_component_library-i3-ro-o0-ln-c1-fx-05353e11cbc1,1
ar_component_library|i3|o1|letters|c0,ar-ar_component_library-i3-ar-o1-ll-c0-fe-52041515cc1e,ar-ar_component_library-i3-ro-o1-ll-c0-fx-c529f1308c51,1
ar_component_library|i3|o1|letters|c1,ar-ar_component_library-i3-ar-o1-ll-c1-fe-a60d0c48616b,ar-ar_component_library-i3-ro-o1-ll-c1-fx-0666fd4298a8,1
ar_component_library|i3|o1|numbers|c0,ar-ar_component_library-i3-ar-o1-ln-c0-fe-4fb9b654a34c,ar-ar_component_library-i3-ro-o1-ln-c0-fx-3170c8840e6d,1
ar_component_library|i3|o1|numbers|c1,ar-ar_component_library-i3-ar-o1-ln-c1-fe-b3f643883d71,ar-ar_component_library-i3-ro-o1-ln-c1-fx-16500cfdeecf,1
ar_component_library|i4|o0|letters|c0,ar-ar_component_library-i4-ar-o0-ll-c0-fe-3bbe1324f1a9,ar-ar_component_library-i4-ro-o0-ll-c0-fx-1b9fab7d0bdf,1
ar_component_library|i4|o0|letters|c1,ar-ar_component_library-i4-ar-o0-ll-c1-fe-11c62b036126,ar-ar_component_library-i4-ro-o0-ll-c1-fx-bdf52d6812bc,1
ar_component_library|i4|o0|numbers|c0,ar-ar_component_library-i4-ar-o0-ln-c0-fe-4cda24fd2160,ar-ar_component_library-i4-ro-o0-ln-c0-fx-0f85483d67c0,1
ar_component_library|i4|o0|numbers|c1,ar-ar_component_library-i4-ar-o0-ln-c1-fe-e6a528bb8e5d,ar-ar_component_library-i4-ro-o0-ln-c1-fx-8d49ad551b42,1
ar_component_library|i4|o1|letters|c0,ar-ar_component_library-i4-ar-o1-ll-c0-fe-cb684cca1de4,ar-ar_component_library-i4-ro-o1-ll-c0-fx-7f14e466a689,1
ar_component_library|i4|o1|letters|c1,ar-ar_component_library-i4-ar-o1-ll-c1-fe-3cfc84615269,ar-ar_component_library-i4-ro-o1-ll-c1-fx-ff4c67041faf,1
ar_component_library|i4|o1|numbers|c0,ar-ar_component_library-i4-ar-o1-ln-c0-fe-a87e744326d6,ar-ar_component_library-i4-ro-o1-ln-c0-fx-852941b4af5b,1
ar_component_library|i4|o1|numbers|c1,ar-ar_component_library-i4-ar-o1-ln-c1-fe-99d828899c80,ar-ar_component_library-i4-ro-o1-ln-c1-fx-e3324f9b51e1,1
ar_seed_benchmark|i0|o0|letters|c0,ar-ar_seed_benchmark-i0-ar-o0-ll-c0-fe-4924b976155e,ar-ar_seed_benchmark-i0-ro-o0-ll-c0-fx-d9422dd06bef,1
ar_seed_benchmark|i0|o0|letters|c1,ar-ar_seed_benchmark-i0-ar-o0-ll-c1-fe-51fdff149fa6,ar-ar_seed_benchmark-i0-ro-o0-ll-c1-fx-b6f5e7265757,1
ar_seed_benchmark|i0|o0|numbers|c0,ar-ar_seed_benchmark-i0-ar-o0-ln-c0-fe-852ff7d6d322,ar-ar_seed_benchmark-i0-ro-o0-ln-c0-fx-d289bda9e2ab,1
ar_seed_benchmark|i0|o0|numbers|c1,ar-ar_seed_benchmark-i0-ar-o0-ln-c1-fe-8511d328f2eb,ar-ar_seed_benchmark-i0-ro-o0-ln-c1-fx-6d2ff9a8b22e,1
ar_seed_benchmark|i0|o1|letters|c0,ar-ar_seed_benchmark-i0-ar-o1-ll-c0-fe-46e892fa9515,ar-ar_seed_benchmark-i0-ro-o1-ll-c0-fx-fc92586a7072,1
ar_seed_benchmark|i0|o1|letters|c1,ar-ar_seed_benchmark-i0-ar-o1-ll-c1-fe-04f31298df8b,ar-ar_seed_benchmark-i0-ro-o1-ll-c1-fx-8973c56dff5a,1
ar_seed_benchmark|i0|o1|numbers|c0,ar-ar_seed_benchmark-i0-ar-o1-ln-c0-fe-1ca63f8d8a98,ar-ar_seed_benchmark-i0-ro-o1-ln-c0-fx-85c4269c2c1e,1
ar_seed_benchmark|i0|o1|numbers|c1,ar-ar_seed_benchmark-i0-ar-o1-ln-c1-fe-5a28a820c170,ar-ar_seed_benchmark-i0-ro-o1-ln-c1-fx-cb5f3f799661,1
ar_seed_benchmark|i1|o0|letters|c0,ar-ar_seed_benchmark-i1-ar-o0-ll-c0-fe-f55a55c8953b,ar-ar_seed_benchmark-i1-ro-o0-ll-c0-fx-b22b7017ea28,1
ar_seed_benchmark|i1|o0|letters|c1,ar-ar_seed_benchmark-i1-ar-o0-ll-c1-fe-729fb733df8a,ar-ar_seed_benchmark-i1-ro-o0-ll-c1-fx-b528e33d5712,1
ar_seed_benchmark|i1|o0|numbers|c0,ar-ar_seed_benchmark-i1-ar-o0-ln-c0-fe-6013a6dc5f15,ar-ar_seed_benchmark-i1-ro-o0-ln-c0-fx-945da5159506,1
ar_seed_benchmark|i1|o0|numbers|c1,ar-ar_seed_benchmark-i1-ar-o0-ln-c1-fe-18ff7058e0d5,ar-ar_seed_benchmark-i1-ro-o0-ln-c1-fx-7efe8c89dd4b,1
ar_seed_benchmark|i1|o1|letters|c0,ar-ar_seed_benchmark-i1-ar-o1-ll-c0-fe-913427123c72,ar-ar_seed_benchmark-i1-ro-o1-ll-c0-fx-e263a828bc5d,1
ar_seed_benchmark|i1|o1|letters|c1,ar-ar_seed_benchmark-i1-ar-o1-ll-c1-fe-25f731efae11,ar-ar_seed_benchmark-i1-ro-o1-ll-c1-fx-2307f81dd3c9,1
ar_seed_benchmark|i1|o1|numbers|c0,ar-ar_seed_benchmark-i1-ar-o1-ln-c0-fe-075a901342d2,ar-ar_seed_benchmark-i1-ro-o1-ln-c0-fx-0a6b88b1e9ac,1
ar_seed_benchmark|i1|o1|numbers|c1,ar-ar_seed_benchmark-i1-ar-o1-ln-c1-fe-4b8769535e7c,ar-ar_seed_benchmark-i1-ro-o1-ln-c1-fx-b96d1b38fcfc,1
ar_seed_benchmark|i2|o0|letters|c0,ar-ar_seed_benchmark-i2-ar-o0-ll-c0-fe-3cfd54900f7e,ar-ar_seed_benchmark-i2-ro-o0-ll-c0-fx-7cdab2afbac9,1
ar_seed_benchmark|i2|o0|letters|c1,ar-ar_seed_benchmark-i2-ar-o0-ll-c1-fe-48271f05e96a,ar-ar_seed_benchmark-i2-ro-o0-ll-c1-fx-62ede561611a,1
ar_seed_benchmark|i2|o0|numbers|c0,ar-ar_seed_benchmark-i2-ar-o0-ln-c0-fe-3882514139b3,ar-ar_seed_benchmark-i2-ro-o0-ln-c0-fx-e220ece1a613,1
ar_seed_benchmark|i2|o0|numbers|c1,ar-ar_seed_benchmark-i2-ar-o0-ln-c1-fe-eb1f853ac8e5,ar-ar_seed_benchmark-i2-ro-o0-ln-c1-fx-48d82cf7e5a8,1
ar_seed_benchmark|i2|o1|letters|c0,ar-ar_seed_benchmark-i2-ar-o1-ll-c0-fe-8968f73ed69e,ar-ar_seed_benchmark-i2-ro-o1-ll-c0-fx-7d6ede6a574a,1
ar_seed_benchmark|i2|o1|letters|c1,ar-ar_seed_benchmark-i2-ar-o1-ll-c1-fe-fc18a1318059,ar-ar_seed_benchmark-i2-ro-o1-ll-c1-fx-7abf8947e6b3,1
ar_seed_benchmark|i2|o1|numbers|c0,ar-ar_seed_benchmark-i2-ar-o1-ln-c0-fe-ae4f5605d71c,ar-ar_seed_benchmark-i2-ro-o1-ln-c0-fx-edc32bd811cf,1
ar_seed_benchmark|i2|o1|numbers|c1,ar-ar_seed_benchmark-i2-ar-o1-ln-c1-fe-2729ad239e24,ar-ar_seed_benchmark-i2-ro-o1-ln-c1-fx-9d62f2b745de,1
ar_seed_benchmark|i3|o0|letters|c0,ar-ar_seed_benchmark-i3-ar-o0-ll-c0-fe-938391c9b4d4,ar-ar_seed_benchmark-i3-ro-o0-ll-c0-fx-ada13d123daf,1
ar_seed_benchmark|i3|o0|letters|c1,ar-ar_seed_benchmark-i3-ar-o0-ll-c1-fe-d66e654a2044,ar-ar_seed_benchmark-i3-ro-o0-ll-c1-fx-6af39d6cec77,1
ar_seed_benchmark|i3|o0|numbers|c0,ar-ar_seed_benchmark-i3-ar-o0-ln-c0-fe-c1eac5cf0412,ar-ar_seed_benchmark-i3-ro-o0-ln-c0-fx-9251fb9e37df,1
ar_seed_benchmark|i3|o0|numbers|c1,ar-ar_seed_benchmark-i3-ar-o0-ln-c1-fe-bc0de91c73ca,ar-ar_seed_benchmark-i3-ro-o0-ln-c1-fx-1188f60ade6e,1
ar_seed_benchmark|i3|o1|letters|c0,ar-ar_seed_benchmark-i3-ar-o1-ll-c0-fe-2f1e73a7ee0f,ar-ar_seed_benchmark-i3-ro-o1-ll-c0-fx-b63b79218a1d,1
ar_seed_benchmark|i3|o1|letters|c1,ar-ar_seed_benchmark-i3-ar-o1-ll-c1-fe-cb75308531fe,ar-ar_seed_benchmark-i3-ro-o1-ll-c1-fx-5b3ddcbabb10,1
ar_seed_benchmark|i3|o1|numbers|c0,ar-ar_seed_benchmark-i3-ar-o1-ln-c0-fe-6313be004b6b,ar-ar_seed_benchmark-i3-ro-o1-ln-c0-fx-9e24c727b409,1
ar_seed_benchmark|i3|o1|numbers|c1,ar-ar_seed_benchmark-i3-ar-o1-ln-c1-fe-0fae078b3566,ar-ar_seed_benchmark-i3-ro-o1-ln-c1-fx-c35468ca1c4e,1
ar_seed_benchmark|i4|o0|letters|c0,ar-ar_seed_benchmark-i4-ar-o0-ll-c0-fe-c54a664de176,ar-ar_seed_benchmark-i4-ro-o0-ll-c0-fx-b7762f2adbde,1
ar_seed_benchmark|i4|o0|letters|c1,ar-ar_seed_benchmark-i4-ar-o0-ll-c1-fe-2c45ad651e4a,ar-ar_seed_benchmark-i4-ro-o0-ll-c1-fx-b9e8613737e7,1
ar_seed_benchmark|i4|o0|numbers|c0,ar-ar_seed_benchmark-i4-ar-o0-ln-c0-fe-067f591d286b,ar-ar_seed_benchmark-i4-ro-o0-ln-c0-fx-97cc1a3b0a39,1
ar_seed_benchmark|i4|o0|numbers|c1,ar-ar_seed_benchmark-i4-ar-o0-ln-c1-fe-4cf4450806d4,ar-ar_seed_benchmark-i4-ro-o0-ln-c1-fx-4de7185ffcd5,1
ar_seed_benchmark|i4|o1|letters|c0,ar-ar_seed_benchmark-i4-ar-o1-ll-c0-fe-531e6b252493,ar-ar_seed_benchmark-i4-ro-o1-ll-c0-fx-75dde377de1d,1
ar_seed_benchmark|i4|o1|letters|c1,ar-ar_seed_benchmark-i4-ar-o1-ll-c1-fe-6d11acc21eeb,ar-ar_seed_benchmark-i4-ro-o1-ll-c1-fx-403beb751835,1
ar_seed_benchmark|i4|o1|numbers|c0,ar-ar_seed_benchmark-i4-ar-o1-ln-c0-fe-b792cc98c004,ar-ar_seed_benchmark-i4-ro-o1-ln-c0-fx-0daec100aa2b,1
ar_seed_benchmark|i4|o1|numbers|c1,ar-ar_seed_benchmark-i4-ar-o1-ln-c1-fe-da914d8384b1,ar-ar_seed_benchmark-i4-ro-o1-ln-c1-fx-999e94d51e67,1
ar_docsection_readme|i0|o0|letters|c0,ar-ar_docsection_readme-i0-ar-o0-ll-c0-fe-01ca8eb529f1,ar-ar_docsection_readme-i0-ro-o0-ll-c0-fx-f4796f84c979,1
ar_docsection_readme|i0|o0|letters|c1,ar-ar_docsection_readme-i0-ar-o0-ll-c1-fe-314427606405,ar-ar_docsection_readme-i0-ro-o0-ll-c1-fx-56c4e8363d8a,1
ar_docsection_readme|i0|o0|numbers|c0,ar-ar_docsection_readme-i0-ar-o0-ln-c0-fe-bdbd741bc831,ar-ar_docsection_readme-i0-ro-o0-ln-c0-fx-afc47d2f0049,1
ar_docsection_readme|i0|o0|numbers|c1,ar-ar_docsection_readme-i0-ar-o0-ln-c1-fe-34b9af83cd81,ar-ar_docsection_readme-i0-ro-o0-ln-c1-fx-ed136d254429,1
ar_docsection_readme|i0|o1|letters|c0,ar-ar_docsection_readme-i0-ar-o1-ll-c0-fe-96af01b7b9d0,ar-ar_docsection_readme-i0-ro-o1-ll-c0-fx-6f6297160e21,1
ar_docsection_readme|i0|o1|letters|c1,ar-ar_docsection_readme-i0-ar-o1-ll-c1-fe-3ccec6640965,ar-ar_docsection_readme-i0-ro-o1-ll-c1-fx-407bc5aa72bf,1
ar_docsection_readme|i0|o1|numbers|c0,ar-ar_docsection_readme-i0-ar-o1-ln-c0-fe-1f57358802c9,ar-ar_docsection_readme-i0-ro-o1-ln-c0-fx-2904352936bf,1
ar_docsection_readme|i0|o1|numbers|c1,ar-ar_docsection_readme-i0-ar-o1-ln-c1-fe-2d6645fe6893,ar-ar_docsection_readme-i0-ro-o1-ln-c1-fx-7703a1d81a7e,1
ar_docsection_readme|i1|o0|letters|c0,ar-ar_docsection_readme-i1-ar-o0-ll-c0-fe-320d1ead41a6,ar-ar_docsection_readme-i1-ro-o0-ll-c0-fx-ce1101144f01,1
ar_docsection_readme|i1|o0|letters|c1,ar-ar_docsection_readme-i1-ar-o0-ll-c1-fe-b28d60470a3c,ar-ar_docsection_readme-i1-ro-o0-ll-c1-fx-91f2c13bd5c1,1
ar_docsection_readme|i1|o0|numbers|c0,ar-ar_docsection_readme-i1-ar-o0-ln-c0-fe-485bb101110a,ar-ar_docsection_readme-i1-ro-o0-ln-c0-fx-e08a994b771e,1
ar_docsection_readme|i1|o0|numbers|c1,ar-ar_docsection_readme-i1-ar-o0-ln-c1-fe-8196c6dca5b0,ar-ar_docsection_readme-i1-ro-o0-ln-c1-fx-1e3c3e4cdf81,1
ar_docsection_readme|i1|o1|letters|c0,ar-ar_docsection_readme-i1-ar-o1-ll-c0-fe-fe35bc2427d1,ar-ar_docsection_readme-i1-ro-o1-ll-c0-fx-ed6c9056b99b,1
ar_docsection_readme|i1|o1|letters|c1,ar-ar_docsection_readme-i1-ar-o1-ll-c1-fe-7f20af2abfa1,ar-ar_docsection_readme-i1-ro-o1-ll-c1-fx-8dabef53fd18,1
ar_docsection_readme|i1|o1|numbers|c0,ar-ar_docsection_readme-i1-ar-o1-ln-c0-fe-2f070523da05,ar-ar_docsection_readme-i1-ro-o1-ln-c0-fx-c582607f9aa8,1
ar_docsection_readme|i1|o1|numbers|c1,ar-ar_docsection_readme-i1-ar-o1-ln-c1-fe-7994c5aad430,ar-ar_docsection_readme-i1-ro-o1-ln-c1-fx-d29468ef5380,1
ar_docsection_readme|i2|o0|letters|c0,ar-ar_docsection_readme-i2-ar-o0-ll-c0-fe-3abed8297c11,ar-ar_docsection_readme-i2-ro-o0-ll-c0-fx-ec1e5b26ad50,1
ar_docsection_readme|i2|o0|letters|c1,ar-ar_docsection_readme-i2-ar-o0-ll-c1-fe-1eafc4ed6a48,ar-ar_docsection_readme-i2-ro-o0-ll-c1-fx-a243f29e96fa,1
ar_docsection_readme|i2|o0|numbers|c0,ar-ar_docsection_readme-i2-ar-o0-ln-c0-fe-8eac59e75b1c,ar-ar_docsection_readme-i2-ro-o0-ln-c0-fx-0ea821dbdb37,1
ar_docsection_readme|i2|o0|numbers|c1,ar-ar_docsection_readme-i2-ar-o0-ln-c1-fe-136ac0fa02be,ar-ar_docsection_readme-i2-ro-o0-ln-c1-fx-8ef7771c3256,1
ar_docsection_readme|i2|o1|letters|c0,ar-ar_docsection_readme-i2-ar-o1-ll-c0-fe-97b671fbe304,ar-ar_docsection_readme-i2-ro-o1-ll-c0-fx-04661f818d3d,1
ar_docsection_readme|i2|o1|letters|c1,ar-ar_docsection_readme-i2-ar-o1-ll-c1-fe-f739c97da748,ar-ar_docsection_readme-i2-ro-o1-ll-c1-fx-4e1561ea782e,1
ar_docsection_readme|i2|o1|numbers|c0,ar-ar_docsection_readme-i2-ar-o1-ln-c0-fe-d037cad6db96,ar-ar_docsection_readme-i2-ro-o1-ln-c0-fx-04345987659b,1
ar_docsection_readme|i2|o1|numbers|c1,ar-ar_docsection_readme-i2-ar-o1-ln-c1-fe-4e59486ede14,ar-ar_docsection_readme-i2-ro-o1-ln-c1-fx-50705081c21e,1
ar_docsection_readme|i3|o0|letters|c0,ar-ar_docsection_readme-i3-ar-o0-ll-c0-fe-32f9f2afde6f,ar-ar_docsection_readme-i3-ro-o0-ll-c0-fx-728b0be187c9,1
ar_docsection_readme|i3|o0|letters|c1,ar-ar_docsection_readme-i3-ar-o0-ll-c1-fe-5d2659a01dd6,ar-ar_docsection_readme-i3-ro-o0-ll-c1-fx-65de47e77eb3,1
ar_docsection_readme|i3|o0|numbers|c0,ar-ar_docsection_readme-i3-ar-o0-ln-c0-fe-de625d3617f2,ar-ar_docsection_readme-i3-ro-o0-ln-c0-fx-470b52a1ea33,1
ar_docsection_readme|i3|o0|numbers|c1,ar-ar_docsection_readme-i3-ar-o0-ln-c1-fe-83dbf2f53dfb,ar-ar_docsection_readme-i3-ro-o0-ln-c1-fx-73c87b5af9ae,1
ar_docsection_readme|i3|o1|letters|c0,ar-ar_docsection_readme-i3-ar-o1-ll-c0-fe-8da83939c22c,ar-ar_docsection_readme-i3-ro-o1-ll-c0-fx-e494078e0aca,1
ar_docsection_readme|i3|o1|letters|c1,ar-ar_docsection_readme-i3-ar-o1-ll-c1-fe-cee4d526348b,ar-ar_docsection_readme-i3-ro-o1-ll-c1-fx-bb9b650035c5,1
ar_docsection_readme|i3|o1|numbers|c0,ar-ar_docsection_readme-i3-ar-o1-ln-c0-fe-c0086d42f6a2,ar-ar_docsection_readme-i3-ro-o1-ln-c0-fx-bd5d8c1488ac,1
ar_docsection_readme|i3|o1|numbers|c1,ar-ar_docsection_readme-i3-ar-o1-ln-c1-fe-d3642fd8b1b2,ar-ar_docsection_readme-i3-ro-o1-ln-c1-fx-7ec36d0167df,1
ar_docsection_readme|i4|o0|letters|c0,ar-ar_docsection_readme-i4-ar-o0-ll-c0-fe-7c30164028d8,ar-ar_docsection_readme-i4-ro-o0-ll-c0-fx-e696b3163617,1
ar_docsection_readme|i4|o0|letters|c1,ar-ar_docsection_readme-i4-ar-o0-ll-c1-fe-c6fc5bfaed8c,ar-ar_docsection_readme-i4-ro-o0-ll-c1-fx-f9668c3331cd,1
ar_docsection_readme|i4|o0|numbers|c0,ar-ar_docsection_readme-i4-ar-o0-ln-c0-fe-962c13f918c1,ar-ar_docsection_readme-i4-ro-o0-ln-c0-fx-c1e6bf72c34d,1
ar_docsection_readme|i4|o0|numbers|c1,ar-ar_docsection_readme-i4-ar-o0-ln-c1-fe-10fff1b44aab,ar-ar_docsection_readme-i4-ro-o0-ln-c1-fx-c09bfe168786,1
ar_docsection_readme|i4|o1|letters|c0,ar-ar_docsection_readme-i4-ar-o1-ll-c0-fe-3a50eecde670,ar-ar_docsection_readme-i4-ro-o1-ll-c0-fx-47fbba0911a5,1
ar_docsection_readme|i4|o1|letters|c1,ar-ar_docsection_readme-i4-ar-o1-ll-c1-fe-412e43487d2a,ar-ar_docsection_readme-i4-ro-o1-ll-c1-fx-3e0bb92a83b3,1
ar_docsection_readme|i4|o1|numbers|c0,ar-ar_docsection_readme-i4-ar-o1-ln-c0-fe-ac34ec6d86c9,ar-ar_docsection_readme-i4-ro-o1-ln-c0-fx-6f82575e433f,1
ar_docsection_readme|i4|o1|numbers|c1,ar-ar_docsection_readme-i4-ar-o1-ln-c1-fe-e985161a87fe,ar-ar_docsection_readme-i4-ro-o1-ln-c1-fx-c149f2c95872,1
ar_testfix_suite|i0|o0|letters|c0,ar-ar_testfix_suite-i0-ar-o0-ll-c0-fe-e37e2f0b3ce3,ar-ar_testfix_suite-i0-ro-o0-ll-c0-fx-6797ed175f4f,1
ar_testfix_suite|i0|o0|letters|c1,ar-ar_testfix_suite-i0-ar-o0-ll-c1-fe-b39cae5d044b,ar-ar_testfix_suite-i0-ro-o0-ll-c1-fx-990abc626c45,1
ar_testfix_suite|i0|o0|numbers|c0,ar-ar_testfix_suite-i0-ar-o0-ln-c0-fe-2bb9937ba476,ar-ar_testfix_suite-i0-ro-o0-ln-c0-fx-e981e5ec045e,1
ar_testfix_suite|i0|o0|numbers|c1,ar-ar_testfix_suite-i0-ar-o0-ln-c1-fe-2074f30cf6e7,ar-ar_testfix_suite-i0-ro-o0-ln-c1-fx-be9359b9c69f,1
ar_testfix_suite|i0|o1|letters|c0,ar-ar_testfix_suite-i0-ar-o1-ll-c0-fe-dd7ecb477be1,ar-ar_testfix_suite-i0-ro-o1-ll-c0-fx-51b6fbb2ce52,1
ar_testfix_suite|i0|o1|letters|c1,ar-ar_testfix_suite-i0-ar-o1-ll-c1-fe-9efac543ac1a,ar-ar_testfix_suite-i0-ro-o1-ll-c1-fx-820870386a62,1
ar_testfix_suite|i0|o1|numbers|c0,ar-ar_testfix_suite-i0-ar-o1-ln-c0-fe-e83d1226ea64,ar-ar_testfix_suite-i0-ro-o1-ln-c0-fx-f0a7394d37dd,1
ar_testfix_suite|i0|o1|numbers|c1,ar-ar_testfix_suite-i0-ar-o1-ln-c1-fe-8ea1ad9ceda1,ar-ar_testfix_suite-i0-ro-o1-ln-c1-fx-5c0b57fbfe46,1
ar_testfix_suite|i1|o0|letters|c0,ar-ar_testfix_suite-i1-ar-o0-ll-c0-fe-3a0b1b54f907,ar-ar_testfix_suite-i1-ro-o0-ll-c0-fx-c84ac4ab8db3,1
ar_testfix_suite|i1|o0|letters|c1,ar-ar_testfix_suite-i1-ar-o0-ll-c1-fe-8f8fb6079dc5,ar-ar_testfix_suite-i1-ro-o0-ll-c1-fx-1a3820ba6b0f,1
ar_testfix_suite|i1|o0|numbers|c0,ar-ar_testfix_suite-i1-ar-o0-ln-c0-fe-18eae4eadaef,ar-ar_testfix_suite-i1-ro-o0-ln-c0-fx-fca9293cdf47,1
ar_testfix_suite|i1|o0|numbers|c1,ar-ar_testfix_suite-i1-ar-o0-ln-c1-fe-a3b2c1a5aa93,ar-ar_testfix_suite-i1-ro-o0-ln-c1-fx-24f87080a1d9,1
ar_testfix_suite|i1|o1|letters|c0,ar-ar_testfix_suite-i1-ar-o1-ll-c0-fe-325ac916f82c,ar-ar_testfix_suite-i1-ro-o1-ll-c0-fx-0d4156244300,1
ar_testfix_suite|i1|o1|letters|c1,ar-ar_testfix_suite-i1-ar-o1-ll-c1-fe-a8efb66a45c8,ar-ar_testfix_suite-i1-ro-o1-ll-c1-fx-fbf85643f987,1
ar_testfix_suite|i1|o1|numbers|c0,ar-ar_testfix_suite-i1-ar-o1-ln-c0-fe-0bda5b7af24d,ar-ar_testfix_suite-i1-ro-o1-ln-c0-fx-6b945dc271a5,1
ar_testfix_suite|i1|o1|numbers|c1,ar-ar_testfix_suite-i1-ar-o1-ln-c1-fe-246ba1023453,ar-ar_testfix_suite-i1-ro-o1-ln-c1-fx-67b983e322e0,1
ar_testfix_suite|i2|o0|letters|c0,ar-ar_testfix_suite-i2-ar-o0-ll-c0-fe-b26244b8eac0,ar-ar_testfix_suite-i2-ro-o0-ll-c0-fx-827ff9d72420,1
ar_testfix_suite|i2|o0|letters|c1,ar-ar_testfix_suite-i2-ar-o0-ll-c1-fe-0a65f6bf7096,ar-ar_testfix_suite-i2-ro-o0-ll-c1-fx-24226b9b7ea8,1
ar_testfix_suite|i2|o0|numbers|c0,ar-ar_testfix_suite-i2-ar-o0-ln-c0-fe-b76adec24097,ar-ar_testfix_suite-i2-ro-o0-ln-c0-fx-eddd8e3c4ba0,1
ar_testfix_suite|i2|o0|numbers|c1,ar-ar_testfix_suite-i2-ar-o0-ln-c1-fe-c9007b37940b,ar-ar_testfix_suite-i2-ro-o0-ln-c1-fx-e35a4a7a4231,1
ar_testfix_suite|i2|o1|letters|c0,ar-ar_testfix_suite-i2-ar-o1-ll-c0-fe-9508decfde50,ar-ar_testfix_suite-i2-ro-o1-ll-c0-fx-8bbcca528ae7,1
ar_testfix_suite|i2|o1|letters|c1,ar-ar_testfix_suite-i2-ar-o1-ll-c1-fe-3a1058faa6f0,ar-ar_testfix_suite-i2-ro-o1-ll-c1-fx-67ba79d3f50b,1
ar_testfix_suite|i2|o1|numbers|c0,ar-ar_testfix_suite-i2-ar-o1-ln-c0-fe-bf4aa3270be9,ar-ar_testfix_suite-i2-ro-o1-ln-c0-fx-99be14d35691,1
ar_testfix_suite|i2|o1|numbers|c1,ar-ar_testfix_suite-i2-ar-o1-ln-c1-fe-a01bb594c1f8,ar-ar_testfix_suite-i2-ro-o1-ln-c1-fx-cb5325843d45,1
ar_testfix_suite|i3|o0|letters|c0,ar-ar_testfix_suite-i3-ar-o0-ll-c0-fe-42a8097bc104,ar-ar_testfix_suite-i3-ro-o0-ll-c0-fx-d7fc9204f8e6,1
ar_testfix_suite|i3|o0|letters|c1,ar-ar_testfix_suite-i3-ar-o0-ll-c1-fe-5c3601c6bc23,ar-ar_testfix_suite-i3-ro-o0-ll-c1-fx-51475dc02f47,1
ar_testfix_suite|i3|o0|numbers|c0,ar-ar_testfix_suite-i3-ar-o0-ln-c0-fe-4eb27245b71f,ar-ar_testfix_suite-i3-ro-o0-ln-c0-fx-e7b7911a1267,1
ar_testfix_suite|i3|o0|numbers|c1,ar-ar_testfix_suite-i3-ar-o0-ln-c1-fe-b97d2414a223,ar-ar_testfix_suite-i3-ro-o0-ln-c1-fx-dfa4c1fec809,1
ar_testfix_suite|i3|o1|letters|c0,ar-ar_testfix_suite-i3-ar-o1-ll-c0-fe-456977674ee8,ar-ar_testfix_suite-i3-ro-o1-ll-c0-fx-8e10591794ce,1
ar_testfix_suite|i3|o1|letters|c1,ar-ar_testfix_suite-i3-ar-o1-ll-c1-fe-f727083c866f,ar-ar_testfix_suite-i3-ro-o1-ll-c1-fx-9240faab5a01,1
ar_testfix_suite|i3|o1|numbers|c0,ar-ar_testfix_suite-i3-ar-o1-ln-c0-fe-099576bc14df,ar-ar_testfix_suite-i3-ro-o1-ln-c0-fx-decc964d21ee,1
ar_testfix_suite|i3|o1|numbers|c1,ar-ar_testfix_suite-i3-ar-o1-ln-c1-fe-b2015ea1d740,ar-ar_testfix_suite-i3-ro-o1-ln-c1-fx-e6f2922cfb4f,1
ar_testfix_suite|i4|o0|letters|c0,ar-ar_testfix_suite-i4-ar-o0-ll-c0-fe-acbd145a7a86,ar-ar_testfix_suite-i4-ro-o0-ll-c0-fx-14229ff8bce6,1
ar_testfix_suite|i4|o0|letters|c1,ar-ar_testfix_suite-i4-ar-o0-ll-c1-fe-ec5cc3cd65db,ar-ar_testfix_suite-i4-ro-o0-ll-c1-fx-60e81fe3c342,1
ar_testfix_suite|i4|o0|numbers|c0,ar-ar_testfix_suite-i4-ar-o0-ln-c0-fe-8286060f848a,ar-ar_testfix_suite-i4-ro-o0-ln-c0-fx-070240fba695,1
ar_testfix_suite|i4|o0|numbers|c1,ar-ar_testfix_suite-i4-ar-o0-ln-c1-fe-10fb7af78860,ar-ar_testfix_suite-i4-ro-o0-ln-c1-fx-44324fd06c54,1
ar_testfix_suite|i4|o1|letters|c0,ar-ar_testfix_suite-i4-ar-o1-ll-c0-fe-4948e738d1b1,ar-ar_testfix_suite-i4-ro-o1-ll-c0-fx-546a5b937571,1
ar_testfix_suite|i4|o1|letters|c1,ar-ar_testfix_suite-i4-ar-o1-ll-c1-fe-a629c950ebf3,ar-ar_testfix_suite-i4-ro-o1-ll-c1-fx-50614995e0c3,1
ar_testfix_suite|i4|o1|numbers|c0,ar-ar_testfix_suite-i4-ar-o1-ln-c0-fe-72603ed288ec,ar-ar_testfix_suite-i4-ro-o1-ln-c0-fx-4dd80f6403e8,1
ar_testfix_suite|i4|o1|numbers|c1,ar-ar_testfix_suite-i4-ar-o1-ln-c1-fe-95d2c11f98a7,ar-ar_testfix_suite-i4-ro-o1-ln-c1-fx-378c5e97b2e4,1
ar_logformat_service|i0|o0|letters|c0,ar-ar_logformat_service-i0-ar-o0-ll-c0-fe-30ebc55ec046,ar-ar_logformat_service-i0-ro-o0-ll-c0-fx-5e1d5dad5f19,1
ar_logformat_service|i0|o0|letters|c1,ar-ar_logformat_service-i0-ar-o0-ll-c1-fe-08036996801f,ar-ar_logformat_service-i0-ro-o0-ll-c1-fx-82f9903d6131,1
ar_logformat_service|i0|o0|numbers|c0,ar-ar_logformat_service-i0-ar-o0-ln-c0-fe-e50613ba4095,ar-ar_logformat_service-i0-ro-o0-ln-c0-fx-e20477201832,1
ar_logformat_service|i0|o0|numbers|c1,ar-ar_logformat_service-i0-ar-o0-ln-c1-fe-60984b920859,ar-ar_logformat_service-i0-ro-o0-ln-c1-fx-bdec70d1ddd6,1
ar_logformat_service|i0|o1|letters|c0,ar-ar_logformat_service-i0-ar-o1-ll-c0-fe-f13b12a4a392,ar-ar_logformat_service-i0-ro-o1-ll-c0-fx-0f9259c7f975,1
ar_logformat_service|i0|o1|letters|c1,ar-ar_logformat_service-i0-ar-o1-ll-c1-fe-898513222848,ar-ar_logformat_service-i0-ro-o1-ll-c1-fx-69f81ea55ff3,1
ar_logformat_service|i0|o1|numbers|c0,ar-ar_logformat_service-i0-ar-o1-ln-c0-fe-26823f9b4218,ar-ar_logformat_service-i0-ro-o1-ln-c0-fx-6ebc5207675d,1
ar_logformat_service|i0|o1|numbers|c1,ar-ar_logformat_service-i0-ar-o1-ln-c1-fe-299aa5f6e02e,ar-ar_logformat_service-i0-ro-o1-ln-c1-fx-21a858d682ae,1
ar_logformat_service|i1|o0|letters|c0,ar-ar_logformat_service-i1-ar-o0-ll-c0-fe-1f6280dfb787,ar-ar_logformat_service-i1-ro-o0-ll-c0-fx-4e5800670874,1
ar_logformat_service|i1|o0|letters|c1,ar-ar_logformat_service-i1-ar-o0-ll-c1-fe-174d465ea436,ar-ar_logformat_service-i1-ro-o0-ll-c1-fx-d649b0ed51ef,1
ar_logformat_service|i1|o0|numbers|c0,ar-ar_logformat_service-i1-ar-o0-ln-c0-fe-43c5ad8bf776,ar-ar_logformat_service-i1-ro-o0-ln-c0-fx-dbadd8fee305,1
ar_logformat_service|i1|o0|numbers|c1,ar-ar_logformat_service-i1-ar-o0-ln-c1-fe-032934378cf6,ar-ar_logformat_service-i1-ro-o0-ln-c1-fx-61358335769e,1
ar_logformat_service|i1|o1|letters|c0,ar-ar_logformat_service-i1-ar-o1-ll-c0-fe-f615b6b21fc8,ar-ar_logformat_service-i1-ro-o1-ll-c0-fx-a15aede2911f,1
ar_logformat_service|i1|o1|letters|c1,ar-ar_logformat_service-i1-ar-o1-ll-c1-fe-96e24625a07c,ar-ar_logformat_service-i1-ro-o1-ll-c1-fx-bed38f80ce91,1
ar_logformat_service|i1|o1|numbers|c0,ar-ar_logformat_service-i1-ar-o1-ln-c0-fe-faea3c210a89,ar-ar_logformat_service-i1-ro-o1-ln-c0-fx-42d34d32b5b7,1
ar_logformat_service|i1|o1|numbers|c1,ar-ar_logformat_service-i1-ar-o1-ln-c1-fe-89fde47ef8f7,ar-ar_logformat_service-i1-ro-o1-ln-c1-fx-83c75344d973,1
ar_logformat_service|i2|o0|letters|c0,ar-ar_logformat_service-i2-ar-o0-ll-c0-fe-ef489e039b73,ar-ar_logformat_service-i2-ro-o0-ll-c0-fx-8587d5d3258a,1
ar_logformat_service|i2|o0|letters|c1,ar-ar_logformat_service-i2-ar-o0-ll-c1-fe-c08f55219777,ar-ar_logformat_service-i2-ro-o0-ll-c1-fx-95e8fcc76684,1
ar_logformat_service|i2|o0|numbers|c0,ar-ar_logformat_service-i2-ar-o0-ln-c0-fe-6fef31a38c26,ar-ar_logformat_service-i2-ro-o0-ln-c0-fx-852b54ee7eea,1
ar_logformat_service|i2|o0|numbers|c1,ar-ar_logformat_service-i2-ar-o0-ln-c1-fe-e06f22ff6f08,ar-ar_logformat_service-i2-ro-o0-ln-c1-fx-532a50f0f8ab,1
ar_logformat_service|i2|o1|letters|c0,ar-ar_logformat_service-i2-ar-o1-ll-c0-fe-77c7e063c70f,ar-ar_logformat_service-i2-ro-o1-ll-c0-fx-e37a2cb1c46b,1
ar_logformat_service|i2|o1|letters|c1,ar-ar_logformat_service-i2-ar-o1-ll-c1-fe-e6210aa470ff,ar-ar_logformat_service-i2-ro-o1-ll-c1-fx-50ed9735ee32,1
ar_logformat_service|i2|o1|numbers|c0,ar-ar_logformat_service-i2-ar-o1-ln-c0-fe-fa3766ed04eb,ar-ar_logformat_service-i2-ro-o1-ln-c0-fx-33f06651414e,1
ar_logformat_service|i2|o1|numbers|c1,ar-ar_logformat_service-i2-ar-o1-ln-c1-fe-b99f0741d235,ar-ar_logformat_service-i2-ro-o1-ln-c1-fx-a2654c59fea2,1
ar_logformat_service|i3|o0|letters|c0,ar-ar_logformat_service-i3-ar-o0-ll-c0-fe-cbbffa96e1b5,ar-ar_logformat_service-i3-ro-o0-ll-c0-fx-6f3c58e9e434,1
ar_logformat_service|i3|o0|letters|c1,ar-ar_logformat_service-i3-ar-o0-ll-c1-fe-06215cc92480,ar-ar_logformat_service-i3-ro-o0-ll-c1-fx-219db0f6af64,1
ar_logformat_service|i3|o0|numbers|c0,ar-ar_logformat_service-i3-ar-o0-ln-c0-fe-52bafd98af37,ar-ar_logformat_service-i3-ro-o0-ln-c0-fx-6a17b8486269,1
ar_logformat_service|i3|o0|numbers|c1,ar-ar_logformat_service-i3-ar-o0-ln-c1-fe-7a7f959761fb,ar-ar_logformat_service-i3-ro-o0-ln-c1-fx-985783295c7b,1
ar_logformat_service|i3|o1|letters|c0,ar-ar_logformat_service-i3-ar-o1-ll-c0-fe-a26d6f585d44,ar-ar_logformat_service-i3-ro-o1-ll-c0-fx-c1943355d6c3,1
ar_logformat_service|i3|o1|letters|c1,ar-ar_logformat_service-i3-ar-o1-ll-c1-fe-0452e7cc2bb3,ar-ar_logformat_service-i3-ro-o1-ll-c1-fx-d08ed3988571,1
ar_logformat_service|i3|o1|numbers|c0,ar-ar_logformat_service-i3-ar-o1-ln-c0-fe-936c62113f06,ar-ar_logformat_service-i3-ro-o1-ln-c0-fx-3fc2f0f6f4cd,1
ar_logformat_service|i3|o1|numbers|c1,ar-ar_logformat_service-i3-ar-o1-ln-c1-fe-337c61fb3847,ar-ar_logformat_service-i3-ro-o1-ln-c1-fx-7d276d0bbf1f,1
ar_logformat_service|i4|o0|letters|c0,ar-ar_logformat_service-i4-ar-o0-ll-c0-fe-cf540553cd89,ar-ar_logformat_service-i4-ro-o0-ll-c0-fx-5e2e1a8612be,1
ar_logformat_service|i4|o0|letters|c1,ar-ar_logformat_service-i4-ar-o0-ll-c1-fe-2b9c16c2332e,ar-ar_logformat_service-i4-ro-o0-ll-c1-fx-52f954a6961d,1
ar_logformat_service|i4|o0|numbers|c0,ar-ar_logformat_service-i4-ar-o0-ln-c0-fe-0e639098efbd,ar-ar_logformat_service-i4-ro-o0-ln-c0-fx-774e0e5738e9,1
ar_logformat_service|i4|o0|numbers|c1,ar-ar_logformat_service-i4-ar-o0-ln-c1-fe-fbd73e1db339,ar-ar_logformat_service-i4-ro-o0-ln-c1-fx-5879bc37da4e,1
ar_logformat_service|i4|o1|letters|c0,ar-ar_logformat_service-i4-ar-o1-ll-c0-fe-f87c061e1519,ar-ar_logformat_service-i4-ro-o1-ll-c0-fx-f1567bfe8fe7,1
ar_logformat_service|i4|o1|letters|c1,ar-ar_logformat_service-i4-ar-o1-ll-c1-fe-185646ef16df,ar-ar_logformat_service-i4-ro-o1-ll-c1-fx-0f8b52a2ab19,1
ar_logformat_service|i4|o1|numbers|c0,ar-ar_logformat_service-i4-ar-o1-ln-c0-fe-50566148aa7d,ar-ar_logformat_service-i4-ro-o1-ln-c0-fx-c328b2f3789c,1
ar_logformat_service|i4|o1|numbers|c1,ar-ar_logformat_service-i4-ar-o1-ln-c1-fe-34c591e4c0fa,ar-ar_logformat_service-i4-ro-o1-ln-c1-fx-a4f8d2e30e18,1
ar_traversal_indexer|i0|o0|letters|c0,ar-ar_traversal_indexer-i0-ar-o0-ll-c0-fe-90fc54d03ff0,ar-ar_traversal_indexer-i0-ro-o0-ll-c0-fx-56396d53939a,1
ar_traversal_indexer|i0|o0|letters|c1,ar-ar_traversal_indexer-i0-ar-o0-ll-c1-fe-ae3315f1f0bd,ar-ar_traversal_indexer-i0-ro-o0-ll-c1-fx-3b1fddd504de,1
ar_traversal_indexer|i0|o0|numbers|c0,ar-ar_traversal_indexer-i0-ar-o0-ln-c0-fe-be408ff58510,ar-ar_traversal_indexer-i0-ro-o0-ln-c0-fx-a85016b3e9fd,1
ar_traversal_indexer|i0|o0|numbers|c1,ar-ar_traversal_indexer-i0-ar-o0-ln-c1-fe-36e73620f40c,ar-ar_traversal_indexer-i0-ro-o0-ln-c1-fx-62816ca31531,1
ar_traversal_indexer|i0|o1|letters|c0,ar-ar_traversal_indexer-i0-ar-o1-ll-c0-fe-7db2bf713bf2,ar-ar_traversal_indexer-i0-ro-o1-ll-c0-fx-c1e097f4ec75,1
ar_traversal_indexer|i0|o1|letters|c1,ar-ar_traversal_indexer-i0-ar-o1-ll-c1-fe-59a222fdf891,ar-ar_traversal_indexer-i0-ro-o1-ll-c1-fx-8bbbf54a111d,1
ar_traversal_indexer|i0|o1|numbers|c0,ar-ar_traversal_indexer-i0-ar-o1-ln-c0-fe-2dd5a56a7dcd,ar-ar_traversal_indexer-i0-ro-o1-ln-c0-fx-34712d2efd87,1
ar_traversal_indexer|i0|o1|numbers|c1,ar-ar_traversal_indexer-i0-ar-o1-ln-c1-fe-79f8d74f6b23,ar-ar_traversal_indexer-i0-ro-o1-ln-c1-fx-d70ce615e1a2,1
ar_traversal_indexer|i1|o0|letters|c0,ar-ar_traversal_indexer-i1-ar-o0-ll-c0-fe-d94b480c882b,ar-ar_traversal_indexer-i1-ro-o0-ll-c0-fx-5aa72604465f,1
ar_traversal_indexer|i1|o0|letters|c1,ar-ar_traversal_indexer-i1-ar-o0-ll-c1-fe-a73abde551e3,ar-ar_traversal_indexer-i1-ro-o0-ll-c1-fx-5c78ebc81932,1
ar_traversal_indexer|i1|o0|numbers|c0,ar-ar_traversal_indexer-i1-ar-o0-ln-c0-fe-edc4b6316f19,ar-ar_traversal_indexer-i1-ro-o0-ln-c0-fx-d22ff69d8c64,1
ar_traversal_indexer|i1|o0|numbers|c1,ar-ar_traversal_indexer-i1-ar-o0-ln-c1-fe-ba2d9e864e4d,ar-ar_traversal_indexer-i1-ro-o0-ln-c1-fx-da825d5f0d7f,1
ar_traversal_indexer|i1|o1|letters|c0,ar-ar_traversal_indexer-i1-ar-o1-ll-c0-fe-a6cb42dfd3ce,ar-ar_traversal_indexer-i1-ro-o1-ll-c0-fx-634923a5f7da,1
ar_traversal_indexer|i1|o1|letters|c1,ar-ar_traversal_indexer-i1-ar-o1-ll-c1-fe-ad937241b7aa,ar-ar_traversal_indexer-i1-ro-o1-ll-c1-fx-66f1b8301faa,1
ar_traversal_indexer|i1|o1|numbers|c0,ar-ar_traversal_indexer-i1-ar-o1-ln-c0-fe-3f3436fad5b1,ar-ar_traversal_indexer-i1-ro-o1-ln-c0-fx-c49812781d3b,1
ar_traversal_indexer|i1|o1|numbers|c1,ar-ar_traversal_indexer-i1-ar-o1-ln-c1-fe-d5f326903619,ar-ar_traversal_indexer-i1-ro-o1-ln-c1-fx-28ddc976d784,1
ar_traversal_indexer|i2|o0|letters|c0,ar-ar_traversal_indexer-i2-ar-o0-ll-c0-fe-7764cdd204db,ar-ar_traversal_indexer-i2-ro-o0-ll-c0-fx-ca36ea6a64ce,1
ar_traversal_indexer|i2|o0|letters|c1,ar-ar_traversal_indexer-i2-ar-o0-ll-c1-fe-b25fc1e053cb,ar-ar_traversal_indexer-i2-ro-o0-ll-c1-fx-41a75f5f8fb3,1
ar_traversal_indexer|i2|o0|numbers|c0,ar-ar_traversal_indexer-i2-ar-o0-ln-c0-fe-9d37ae2877dc,ar-ar_traversal_indexer-i2-ro-o0-ln-c0-fx-13396e791231,1
ar_traversal_indexer|i2|o0|numbers|c1,ar-ar_traversal_indexer-i2-ar-o0-ln-c1-fe-4b78c52d76d4,ar-ar_traversal_indexer-i2-ro-o0-ln-c1-fx-5f31eb7c6836,1
ar_traversal_indexer|i2|o1|letters|c0,ar-ar_traversal_indexer-i2-ar-o1-ll-c0-fe-0f618fb843d3,ar-ar_traversal_indexer-i2-ro-o1-ll-c0-fx-7d8627c21361,1
ar_traversal_indexer|i2|o1|letters|c1,ar-ar_traversal_indexer-i2-ar-o1-ll-c1-fe-604074e68342,ar-ar_traversal_indexer-i2-ro-o1-ll-c1-fx-9c3e56a90d69,1
ar_traversal_indexer|i2|o1|numbers|c0,ar-ar_traversal_indexer-i2-ar-o1-ln-c0-fe-ef24fca97994,ar-ar_traversal_indexer-i2-ro-o1-ln-c0-fx-00c7e58a7e4e,1
ar_traversal_indexer|i2|o1|numbers|c1,ar-ar_traversal_indexer-i2-ar-o1-ln-c1-fe-03a4acd56d03,ar-ar_traversal_indexer-i2-ro-o1-ln-c1-fx-03a0287b5f32,1
ar_traversal_indexer|i3|o0|letters|c0,ar-ar_traversal_indexer-i3-ar-o0-ll-c0-fe-bca16b42003b,ar-ar_traversal_indexer-i3-ro-o0-ll-c0-fx-d8ef491c0ec8,1
ar_traversal_indexer|i3|o0|letters|c1,ar-ar_traversal_indexer-i3-ar-o0-ll-c1-fe-1b4e548d2244,ar-ar_traversal_indexer-i3-ro-o0-ll-c1-fx-187e06a61481,1
ar_traversal_indexer|i3|o0|numbers|c0,ar-ar_traversal_indexer-i3-ar-o0-ln-c0-fe-348c5f2de6b5,ar-ar_traversal_indexer-i3-ro-o0-ln-c0-fx-07e63990603f,1
ar_traversal_indexer|i3|o0|numbers|c1,ar-ar_traversal_indexer-i3-ar-o0-ln-c1-fe-23c9110c0ca1,ar-ar_traversal_indexer-i3-ro-o0-ln-c1-fx-3fcc3c8a2a33,1
ar_traversal_indexer|i3|o1|letters|c0,ar-ar_traversal_indexer-i3-ar-o1-ll-c0-fe-309b186227bd,ar-ar_traversal_indexer-i3-ro-o1-ll-c0-fx-49d11bad064e,1
ar_traversal_indexer|i3|o1|letters|c1,ar-ar_traversal_indexer-i3-ar-o1-ll-c1-fe-b00a9696006f,ar-ar_traversal_indexer-i3-ro-o1-ll-c1-fx-e6eff142c67f,1
ar_traversal_indexer|i3|o1|numbers|c0,ar-ar_traversal_indexer-i3-ar-o1-ln-c0-fe-5f66aa61496b,ar-ar_traversal_indexer-i3-ro-o1-ln-c0-fx-7bbd40752803,1
ar_traversal_indexer|i3|o1|numbers|c1,ar-ar_traversal_indexer-i3-ar-o1-ln-c1-fe-8ed9b3b2cfae,ar-ar_traversal_indexer-i3-ro-o1-ln-c1-fx-b2fecd1f2a9e,1
ar_traversal_indexer|i4|o0|letters|c0,ar-ar_traversal_indexer-i4-ar-o0-ll-c0-fe-2c8717d2a990,ar-ar_traversal_indexer-i4-ro-o0-ll-c0-fx-3bd5effbac83,1
ar_traversal_indexer|i4|o0|letters|c1,ar-ar_traversal_indexer-i4-ar-o0-ll-c1-fe-a5bc37f5e501,ar-ar_traversal_indexer-i4-ro-o0-ll-c1-fx-bf5442de3472,1
ar_traversal_indexer|i4|o0|numbers|c0,ar-ar_traversal_indexer-i4-ar-o0-ln-c0-fe-903816e81ce0,ar-ar_traversal_indexer-i4-ro-o0-ln-c0-fx-07d4299a09a1,1
ar_traversal_indexer|i4|o0|numbers|c1,ar-ar_traversal_indexer-i4-ar-o0-ln-c1-fe-b146ca014cec,ar-ar_traversal_indexer-i4-ro-o0-ln-c1-fx-40a4802ce95f,1
ar_traversal_indexer|i4|o1|letters|c0,ar-ar_traversal_indexer-i4-ar-o1-ll-c0-fe-caf28dc80afe,ar-ar_traversal_indexer-i4-ro-o1-ll-c0-fx-604ab6b5a870,1
ar_traversal_indexer|i4|o1|letters|c1,ar-ar_traversal_indexer-i4-ar-o1-ll-c1-fe-650eae2baef0,ar-ar_traversal_indexer-i4-ro-o1-ll-c1-fx-9bb4537ad02f,1
ar_traversal_indexer|i4|o1|numbers|c0,ar-ar_traversal_indexer-i4-ar-o1-ln-c0-fe-af2e250a50bc,ar-ar_traversal_indexer-i4-ro-o1-ln-c0-fx-17306280a609,1
ar_traversal_indexer|i4|o1|numbers|c1,ar-ar_traversal_indexer-i4-ar-o1-ln-c1-fe-553c13c149bf,ar-ar_traversal_indexer-i4-ro-o1-ln-c1-fx-ae92d76531b7,1
pc_quality_config|i0|o0|letters|c0,pc-pc_quality_config-i0-ar-o0-ll-c0-fe-f48acc86d03f,pc-pc_quality_config-i0-ro-o0-ll-c0-fx-09bf56d835ed,1
pc_quality_config|i0|o0|letters|c1,pc-pc_quality_config-i0-ar-o0-ll-c1-fe-6d5c1001e88e,pc-pc_quality_config-i0-ro-o0-ll-c1-fx-185a1e34e82f,1
pc_quality_config|i0|o0|numbers|c0,pc-pc_quality_config-i0-ar-o0-ln-c0-fe-bf38d2ce20c9,pc-pc_quality_config-i0-ro-o0-ln-c0-fx-f2026572222e,1
pc_quality_config|i0|o0|numbers|c1,pc-pc_quality_config-i0-ar-o0-ln-c1-fe-82cca958dfd9,pc-pc_quality_config-i0-ro-o0-ln-c1-fx-ec3d59ca52cd,1
pc_quality_config|i0|o1|letters|c0,pc-pc_quality_config-i0-ar-o1-ll-c0-fe-27faaed49cc2,pc-pc_quality_config-i0-ro-o1-ll-c0-fx-f5282baf258d,1
pc_quality_config|i0|o1|letters|c1,pc-pc_quality_config-i0-ar-o1-ll-c1-fe-95aec11342e6,pc-pc_quality_config-i0-ro-o1-ll-c1-fx-cd2cbc0aa11b,1
pc_quality_config|i0|o1|numbers|c0,pc-pc_quality_config-i0-ar-o1-ln-c0-fe-0326a1613966,pc-pc_quality_config-i0-ro-o1-ln-c0-fx-66861daada0c,1
pc_quality_config|i0|o1|numbers|c1,pc-pc_quality_config-i0-ar-o1-ln-c1-fe-c09889bebcf9,pc-pc_quality_config-i0-ro-o1-ln-c1-fx-118ffe5bd648,1
pc_quality_config|i1|o0|letters|c0,pc-pc_quality_config-i1-ar-o0-ll-c0-fe-8cb18285a896,pc-pc_quality_config-i1-ro-o0-ll-c0-fx-0db3b4e49bc9,1
pc_quality_config|i1|o0|letters|c1,pc-pc_quality_config-i1-ar-o0-ll-c1-fe-e96b02a4bc28,pc-pc_quality_config-i1-ro-o0-ll-c1-fx-65355a11d9f6,1
pc_quality_config|i1|o0|numbers|c0,pc-pc_quality_config-i1-ar-o0-ln-c0-fe-7c1e7887b732,pc-pc_quality_config-i1-ro-o0-ln-c0-fx-8d4fce246052,1
pc_quality_config|i1|o0|numbers|c1,pc-pc_quality_config-i1-ar-o0-ln-c1-fe-0f829584c287,pc-pc_quality_config-i1-ro-o0-ln-c1-fx-c920f4614abb,1
pc_quality_config|i1|o1|letters|c0,pc-pc_quality_config-i1-ar-o1-ll-c0-fe-a7514a9b0dbe,pc-pc_quality_config-i1-ro-o1-ll-c0-fx-a5c3398d3956,1
pc_quality_config|i1|o1|letters|c1,pc-pc_quality_config-i1-ar-o1-ll-c1-fe-b7c4c7ac7f0f,pc-pc_quality_config-i1-ro-o1-ll-c1-fx-5e143c459db0,1
pc_quality_config|i1|o1|numbers|c0,pc-pc_quality_config-i1-ar-o1-ln-c0-fe-464991c0ed3e,pc-pc_quality_config-i1-ro-o1-ln-c0-fx-c8f4d295708f,1
pc_quality_config|i1|o1|numbers|c1,pc-pc_quality_config-i1-ar-o1-ln-c1-fe-97ab8eb6ab02,pc-pc_quality_config-i1-ro-o1-ln-c1-fx-358344f07a2d,1
pc_quality_config|i2|o0|letters|c0,pc-pc_quality_config-i2-ar-o0-ll-c0-fe-d82faa5c8216,pc-pc_quality_config-i2-ro-o0-ll-c0-fx-e0048b490de4,1
pc_quality_config|i2|o0|letters|c1,pc-pc_quality_config-i2-ar-o0-ll-c1-fe-b044aef62d0d,pc-pc_quality_config-i2-ro-o0-ll-c1-fx-2a907a0a8da2,1
pc_quality_config|i2|o0|numbers|c0,pc-pc_quality_config-i2-ar-o0-ln-c0-fe-18ee986f03db,pc-pc_quality_config-i2-ro-o0-ln-c0-fx-763e36e1d2a2,1
pc_quality_config|i2|o0|numbers|c1,pc-pc_quality_config-i2-ar-o0-ln-c1-fe-6b3bd66c01fc,pc-pc_quality_config-i2-ro-o0-ln-c1-fx-b045636e0725,1
pc_quality_config|i2|o1|letters|c0,pc-pc_quality_config-i2-ar-o1-ll-c0-fe-43ed008fb0e6,pc-pc_quality_config-i2-ro-o1-ll-c0-fx-d82a7e2b5521,1
pc_quality_config|i2|o1|letters|c1,pc-pc_quality_config-i2-ar-o1-ll-c1-fe-59af72803cbd,pc-pc_quality_config-i2-ro-o1-ll-c1-fx-699a50a2c1a9,1
pc_quality_config|i2|o1|numbers|c0,pc-pc_quality_config-i2-ar-o1-ln-c0-fe-bf6e1176585a,pc-pc_quality_config-i2-ro-o1-ln-c0-fx-44f7f8810f0b,1
pc_quality_config|i2|o1|numbers|c1,pc-pc_quality_config-i2-ar-o1-ln-c1-fe-b373671012d7,pc-pc_quality_config-i2-ro-o1-ln-c1-fx-65582142aeb0,1
pc_quality_config|i3|o0|letters|c0,pc-pc_quality_config-i3-ar-o0-ll-c0-fe-37b6e8228334,pc-pc_quality_config-i3-ro-o0-ll-c0-fx-b2f862191ab1,1
pc_quality_config|i3|o0|letters|c1,pc-pc_quality_config-i3-ar-o0-ll-c1-fe-c4c0ba2a8a2c,pc-pc_quality_config-i3-ro-o0-ll-c1-fx-d9958b405955,1
pc_quality_config|i3|o0|numbers|c0,pc-pc_quality_config-i3-ar-o0-ln-c0-fe-198bbebcca57,pc-pc_quality_config-i3-ro-o0-ln-c0-fx-aab18082b753,1
pc_quality_config|i3|o0|numbers|c1,pc-pc_quality_config-i3-ar-o0-ln-c1-fe-07bd195420d3,pc-pc_quality_config-i3-ro-o0-ln-c1-fx-b8044b4686a9,1
pc_quality_config|i3|o1|letters|c0,pc-pc_quality_config-i3-ar-o1-ll-c0-fe-b7b2901e03d7,pc-pc_quality_config-i3-ro-o1-ll-c0-fx-bc0a00c06642,1
pc_quality_config|i3|o1|letters|c1,pc-pc_quality_config-i3-ar-o1-ll-c1-fe-7ade442c6692,pc-pc_quality_config-i3-ro-o1-ll-c1-fx-abc9f6400163,1
pc_quality_config|i3|o1|numbers|c0,pc-pc_quality_config-i3-ar-o1-ln-c0-fe-776a47d81fe0,pc-pc_quality_config-i3-ro-o1-ln-c0-fx-c8969eac44ee,1
pc_quality_config|i3|o1|numbers|c1,pc-pc_quality_config-i3-ar-o1-ln-c1-fe-62d92fba6d1e,pc-pc_quality_config-i3-ro-o1-ln-c1-fx-07aa19548ee8,1
pc_quality_config|i4|o0|letters|c0,pc-pc_quality_config-i4-ar-o0-ll-c0-fe-d44cc5d2a1c9,pc-pc_quality_config-i4-ro-o0-ll-c0-fx-b467f5292f4d,1
pc_quality_config|i4|o0|letters|c1,pc-pc_quality_config-i4-ar-o0-ll-c1-fe-562950fd744b,pc-pc_quality_config-i4-ro-o0-ll-c1-fx-e54229e7fb78,1
pc_quality_config|i4|o0|numbers|c0,pc-pc_quality_config-i4-ar-o0-ln-c0-fe-f4cdf4b7cf6f,pc-pc_quality_config-i4-ro-o0-ln-c0-fx-a0dbd580400b,1
pc_quality_config|i4|o0|numbers|c1,pc-pc_quality_config-i4-ar-o0-ln-c1-fe-583fcc4f3fc4,pc-pc_quality_config-i4-ro-o0-ln-c1-fx-aa755780a1cc,1
pc_quality_config|i4|o1|letters|c0,pc-pc_quality_config-i4-ar-o1-ll-c0-fe-5be1a42f38dd,pc-pc_quality_config-i4-ro-o1-ll-c0-fx-5cb2b6b5f6c4,1
pc_quality_config|i4|o1|letters|c1,pc-pc_quality_config-i4-ar-o1-ll-c1-fe-4844e4b1dfe5,pc-pc_quality_config-i4-ro-o1-ll-c1-fx-47212c0f6e3b,1
pc_quality_config|i4|o1|numbers|c0,pc-pc_quality_config-i4-ar-o1-ln-c0-fe-a1d283443370,pc-pc_quality_config-i4-ro-o1-ln-c0-fx-8a4e8a3a2584,1
pc_quality_config|i4|o1|numbers|c1,pc-pc_quality_config-i4-ar-o1-ln-c1-fe-5bce7a81e4d7,pc-pc_quality_config-i4-ro-o1-ln-c1-fx-300a2c5f4796,1
pc_quality_tests|i0|o0|letters|c0,pc-pc_quality_tests-i0-ar-o0-ll-c0-fe-752c76e594c7,pc-pc_quality_tests-i0-ro-o0-ll-c0-fx-86ddd75d8a97,1
pc_quality_tests|i0|o0|letters|c1,pc-pc_quality_tests-i0-ar-o0-ll-c1-fe-9d6864ead571,pc-pc_quality_tests-i0-ro-o0-ll-c1-fx-9c3374d1e7e0,1
pc_quality_tests|i0|o0|numbers|c0,pc-pc_quality_tests-i0-ar-o0-ln-c0-fe-d695881de0f8,pc-pc_quality_tests-i0-ro-o0-ln-c0-fx-d2087f6a4698,1
pc_quality_tests|i0|o0|numbers|c1,pc-pc_quality_tests-i0-ar-o0-ln-c1-fe-1d459f95a3d2,pc-pc_quality_tests-i0-ro-o0-ln-c1-fx-4e01b87ea03b,1
pc_quality_tests|i0|o1|letters|c0,pc-pc_quality_tests-i0-ar-o1-ll-c0-fe-430afce18b60,pc-pc_quality_tests-i0-ro-o1-ll-c0-fx-76df76fa1f5b,1
pc_quality_tests|i0|o1|letters|c1,pc-pc_quality_tests-i0-ar-o1-ll-c1-fe-7ef2a8512d11,pc-pc_quality_tests-i0-ro-o1-ll-c1-fx-f169b09aa12e,1
pc_quality_tests|i0|o1|numbers|c0,pc-pc_quality_tests-i0-ar-o1-ln-c0-fe-7ce28750cb31,pc-pc_quality_tests-i0-ro-o1-ln-c0-fx-385dc7666dc3,1
pc_quality_tests|i0|o1|numbers|c1,pc-pc_quality_tests-i0-ar-o1-ln-c1-fe-8c80fded40b1,pc-pc_quality_tests-i0-ro-o1-ln-c1-fx-f25c0a7001e0,1
pc_quality_tests|i1|o0|letters|c0,pc-pc_quality_tests-i1-ar-o0-ll-c0-fe-c78d4b3c437b,pc-pc_quality_tests-i1-ro-o0-ll-c0-fx-d909c5573163,1
pc_quality_tests|i1|o0|letters|c1,pc-pc_quality_tests-i1-ar-o0-ll-c1-fe-904fe47b1e04,pc-pc_quality_tests-i1-ro-o0-ll-c1-fx-9c70988387b4,1
pc_quality_tests|i1|o0|numbers|c0,pc-pc_quality_tests-i1-ar-o0-ln-c0-fe-1dac09b5d2da,pc-pc_quality_tests-i1-ro-o0-ln-c0-fx-8f1cfcf432f0,1
pc_quality_tests|i1|o0|numbers|c1,pc-pc_quality_tests-i1-ar-o0-ln-c1-fe-246e03f12692,pc-pc_quality_tests-i1-ro-o0-ln-c1-fx-4d62adcece84,1
pc_quality_tests|i1|o1|letters|c0,pc-pc_quality_tests-i1-ar-o1-ll-c0-fe-c4279c15a6e8,pc-pc_quality_tests-i1-ro-o1-ll-c0-fx-064d5d0ebadd,1
pc_quality_tests|i1|o1|letters|c1,pc-pc_quality_tests-i1-ar-o1-ll-c1-fe-0a2dc141709f,pc-pc_quality_tests-i1-ro-o1-ll-c1-fx-b8befe4b360e,1
pc_quality_tests|i1|o1|numbers|c0,pc-pc_quality_tests-i1-ar-o1-ln-c0-fe-9cfd5d5059d8,pc-pc_quality_tests-i1-ro-o1-ln-c0-fx-156ce0cc6f23,1
pc_quality_tests|i1|o1|numbers|c1,pc-pc_quality_tests-i1-ar-o1-ln-c1-fe-95ad7202f4c3,pc-pc_quality_tests-i1-ro-o1-ln-c1-fx-ffbb898898cb,1
pc_quality_tests|i2|o0|letters|c0,pc-pc_quality_tests-i2-ar-o0-ll-c0-fe-9a74171f0864,pc-pc_quality_tests-i2-ro-o0-ll-c0-fx-3ad492468474,1
pc_quality_tests|i2|o0|letters|c1,pc-pc_quality_tests-i2-ar-o0-ll-c1-fe-49bc0cd67d76,pc-pc_quality_tests-i2-ro-o0-ll-c1-fx-753930523b2c,1
pc_quality_tests|i2|o0|numbers|c0,pc-pc_quality_tests-i2-ar-o0-ln-c0-fe-a827b099fd37,pc-pc_quality_tests-i2-ro-o0-ln-c0-fx-3876401b0dc3,1
pc_quality_tests|i2|o0|numbers|c1,pc-pc_quality_tests-i2-ar-o0-ln-c1-fe-a2ae2af0547c,pc-pc_quality_tests-i2-ro-o0-ln-c1-fx-de027bdff8f1,1
pc_quality_tests|i2|o1|letters|c0,pc-pc_quality_tests-i2-ar-o1-ll-c0-fe-265305c7489f,pc-pc_quality_tests-i2-ro-o1-ll-c0-fx-383a965d363e,1
pc_quality_tests|i2|o1|letters|c1,pc-pc_quality_tests-i2-ar-o1-ll-c1-fe-6d6b0ef24d4e,pc-pc_quality_tests-i2-ro-o1-ll-c1-fx-d4fc774d865f,1
pc_quality_tests|i2|o1|numbers|c0,pc-pc_quality_tests-i2-ar-o1-ln-c0-fe-3e7dc7b79926,pc-pc_quality_tests-i2-ro-o1-ln-c0-fx-f97c8e02eba7,1
pc_quality_tests|i2|o1|numbers|c1,pc-pc_quality_tests-i2-ar-o1-ln-c1-fe-b9f7282fb75d,pc-pc_quality_tests-i2-ro-o1-ln-c1-fx-35223fc83362,1
pc_quality_tests|i3|o0|letters|c0,pc-pc_quality_tests-i3-ar-o0-ll-c0-fe-cfe3ad23ef05,pc-pc_quality_tests-i3-ro-o0-ll-c0-fx-c5595827842a,1
pc_quality_tests|i3|o0|letters|c1,pc-pc_quality_tests-i3-ar-o0-ll-c1-fe-1a1bca766bbc,pc-pc_quality_tests-i3-ro-o0-ll-c1-fx-71a9874d14fa,1
pc_quality_tests|i3|o0|numbers|c0,pc-pc_quality_tests-i3-ar-o0-ln-c0-fe-8b9cf17625dc,pc-pc_quality_tests-i3-ro-o0-ln-c0-fx-d55692045a4d,1
pc_quality_tests|i3|o0|numbers|c1,pc-pc_quality_tests-i3-ar-o0-ln-c1-fe-066d7c555442,pc-pc_quality_tests-i3-ro-o0-ln-c1-fx-b60b5a9ddc5d,1
pc_quality_tests|i3|o1|letters|c0,pc-pc_quality_tests-i3-ar-o1-ll-c0-fe-a3cdc6443e18,pc-pc_quality_tests-i3-ro-o1-ll-c0-fx-b7977f7122e2,1
pc_quality_tests|i3|o1|letters|c1,pc-pc_quality_tests-i3-ar-o1-ll-c1-fe-12682b55908a,pc-pc_quality_tests-i3-ro-o1-ll-c1-fx-0d8050cd983d,1
pc_quality_tests|i3|o1|numbers|c0,pc-pc_quality_tests-i3-ar-o1-ln-c0-fe-34a122cf29a1,pc-pc_quality_tests-i3-ro-o1-ln-c0-fx-a238591c62b8,1
pc_quality_tests|i3|o1|numbers|c1,pc-pc_quality_tests-i3-ar-o1-ln-c1-fe-1074da18b6df,pc-pc_quality_tests-i3-ro-o1-ln-c1-fx-c1b607f253bc,1
pc_quality_tests|i4|o0|letters|c0,pc-pc_quality_tests-i4-ar-o0-ll-c0-fe-4498e3242293,pc-pc_quality_tests-i4-ro-o0-ll-c0-fx-8f50831822a2,1
pc_quality_tests|i4|o0|letters|c1,pc-pc_quality_tests-i4-ar-o0-ll-c1-fe-ad44657ad1fc,pc-pc_quality_tests-i4-ro-o0-ll-c1-fx-b9171865e5fb,1
pc_quality_tests|i4|o0|numbers|c0,pc-pc_quality_tests-i4-ar-o0-ln-c0-fe-0c88e50f372b,pc-pc_quality_tests-i4-ro-o0-ln-c0-fx-1cffd39b35e9,1
pc_quality_tests|i4|o0|numbers|c1,pc-pc_quality_tests-i4-ar-o0-ln-c1-fe-2201fd8ab5d8,pc-pc_quality_tests-i4-ro-o0-ln-c1-fx-d514deed286e,1
pc_quality_tests|i4|o1|letters|c0,pc-pc_quality_tests-i4-ar-o1-ll-c0-fe-07187a0a97a9,pc-pc_quality_tests-i4-ro-o1-ll-c0-fx-73c951b3f0cb,1
pc_quality_tests|i4|o1|letters|c1,pc-pc_quality_tests-i4-ar-o1-ll-c1-fe-6987796978a6,pc-pc_quality_tests-i4-ro-o1-ll-c1-fx-8d49b899de4c,1
pc_quality_tests|i4|o1|numbers|c0,pc-pc_quality_tests-i4-ar-o1-ln-c0-fe-4f36544c8f24,pc-pc_quality_tests-i4-ro-o1-ln-c0-fx-e66fd2cdbf80,1
pc_quality_tests|i4|o1|numbers|c1,pc-pc_quality_tests-i4-ar-o1-ln-c1-fe-2586ce885779,pc-pc_quality_tests-i4-ro-o1-ln-c1-fx-1b8890596877,1
pc_social_ack|i0|o0|letters|c0,pc-pc_social_ack-i0-ar-o0-ll-c0-fe-9660513514e8,pc-pc_social_ack-i0-ro-o0-ll-c0-fx-4bd77d89970a,1
pc_social_ack|i0|o0|letters|c1,pc-pc_social_ack-i0-ar-o0-ll-c1-fe-b78625c37b4d,pc-pc_social_ack-i0-ro-o0-ll-c1-fx-cb01784d4a5d,1
pc_social_ack|i0|o0|numbers|c0,pc-pc_social_ack-i0-ar-o0-ln-c0-fe-894e1122bbb1,pc-pc_social_ack-i0-ro-o0-ln-c0-fx-628981cbe26e,1
pc_social_ack|i0|o0|numbers|c1,pc-pc_social_ack-i0-ar-o0-ln-c1-fe-839e1682c67e,pc-pc_social_ack-i0-ro-o0-ln-c1-fx-a2eb29426e1a,1
pc_social_ack|i0|o1|letters|c0,pc-pc_social_ack-i0-ar-o1-ll-c0-fe-ce8b667d7285,pc-pc_social_ack-i0-ro-o1-ll-c0-fx-081bd9377186,1
pc_social_ack|i0|o1|letters|c1,pc-pc_social_ack-i0-ar-o1-ll-c1-fe-ad7347f75e9f,pc-pc_social_ack-i0-ro-o1-ll-c1-fx-f0e1fd5c4855,1
pc_social_ack|i0|o1|numbers|c0,pc-pc_social_ack-i0-ar-o1-ln-c0-fe-84d1cf232a8b,pc-pc_social_ack-i0-ro-o1-ln-c0-fx-2e9aecab9749,1
pc_social_ack|i0|o1|numbers|c1,pc-pc_social_ack-i0-ar-o1-ln-c1-fe-b854e3b54ace,pc-pc_social_ack-i0-ro-o1-ln-c1-fx-b226817f062f,1
pc_social_ack|i1|o0|letters|c0,pc-pc_social_ack-i1-ar-o0-ll-c0-fe-5fc1b406d907,pc-pc_social_ack-i1-ro-o0-ll-c0-fx-9e29611942d9,1
pc_social_ack|i1|o0|letters|c1,pc-pc_social_ack-i1-ar-o0-ll-c1-fe-838b4cb383fb,pc-pc_social_ack-i1-ro-o0-ll-c1-fx-76104dcbe0cc,1
pc_social_ack|i1|o0|numbers|c0,pc-pc_social_ack-i1-ar-o0-ln-c0-fe-439c1ec21f84,pc-pc_social_ack-i1-ro-o0-ln-c0-fx-ab45abe6e14c,1
pc_social_ack|i1|o0|numbers|c1,pc-pc_social_ack-i1-ar-o0-ln-c1-fe-62c077a4f025,pc-pc_social_ack-i1-ro-o0-ln-c1-fx-314ea6a711f5,1
pc_social_ack|i1|o1|letters|c0,pc-pc_social_ack-i1-ar-o1-ll-c0-fe-58f1586bef07,pc-pc_social_ack-i1-ro-o1-ll-c0-fx-72bfc70935c8,1
pc_social_ack|i1|o1|letters|c1,pc-pc_social_ack-i1-ar-o1-ll-c1-fe-2b278a6c280c,pc-pc_social_ack-i1-ro-o1-ll-c1-fx-b5b82797e71d,1
pc_social_ack|i1|o1|numbers|c0,pc-pc_social_ack-i1-ar-o1-ln-c0-fe-a7f4cbd941ea,pc-pc_social_ack-i1-ro-o1-ln-c0-fx-c68e96502796,1
pc_social_ack|i1|o1|numbers|c1,pc-pc_social_ack-i1-ar-o1-ln-c1-fe-a47c1fcacb7a,pc-pc_social_ack-i1-ro-o1-ln-c1-fx-ee2124ec49ea,1
pc_social_ack|i2|o0|letters|c0,pc-pc_social_ack-i2-ar-o0-ll-c0-fe-5616f21992f6,pc-pc_social_ack-i2-ro-o0-ll-c0-fx-1148646165fa,1
pc_social_ack|i2|o0|letters|c1,pc-pc_social_ack-i2-ar-o0-ll-c1-fe-df148926de58,pc-pc_social_ack-i2-ro-o0-ll-c1-fx-2d160144e137,1
pc_social_ack|i2|o0|numbers|c0,pc-pc_social_ack-i2-ar-o0-ln-c0-fe-85f64aebcc4d,pc-pc_social_ack-i2-ro-o0-ln-c0-fx-c1c5bfbcaee9,1
pc_social_ack|i2|o0|numbers|c1,pc-pc_social_ack-i2-ar-o0-ln-c1-fe-125f84d0dc87,pc-pc_social_ack-i2-ro-o0-ln-c1-fx-1d31ae83716e,1
pc_social_ack|i2|o1|letters|c0,pc-pc_social_ack-i2-ar-o1-ll-c0-fe-dc581ed9166e,pc-pc_social_ack-i2-ro-o1-ll-c0-fx-96b85f1ad816,1
pc_social_ack|i2|o1|letters|c1,pc-pc_social_ack-i2-ar-o1-ll-c1-fe-8c52d4040af5,pc-pc_social_ack-i2-ro-o1-ll-c1-fx-e91f09afa04f,1
pc_social_ack|i2|o1|numbers|c0,pc-pc_social_ack-i2-ar-o1-ln-c0-fe-54745e8af3df,pc-pc_social_ack-i2-ro-o1-ln-c0-fx-8b34f99f7fab,1
pc_social_ack|i2|o1|numbers|c1,pc-pc_social_ack-i2-ar-o1-ln-c1-fe-77733c7e8865,pc-pc_social_ack-i2-ro-o1-ln-c1-fx-5ce6f585f8ab,1
pc_social_ack|i3|o0|letters|c0,pc-pc_social_ack-i3-ar-o0-ll-c0-fe-bdc483d63b5a,pc-pc_social_ack-i3-ro-o0-ll-c0-fx-0902714699f4,1
pc_social_ack|i3|o0|letters|c1,pc-pc_social_ack-i3-ar-o0-ll-c1-fe-38e6110cbce7,pc-pc_social_ack-i3-ro-o0-ll-c1-fx-b22c5466785c,1
pc_social_ack|i3|o0|numbers|c0,pc-pc_social_ack-i3-ar-o0-ln-c0-fe-c8bcfcfe0692,pc-pc_social_ack-i3-ro-o0-ln-c0-fx-3eeb7307b94a,1
pc_social_ack|i3|o0|numbers|c1,pc-pc_social_ack-i3-ar-o0-ln-c1-fe-8ea19fb769f1,pc-pc_social_ack-i3-ro-o0-ln-c1-fx-7e2beff9b8b8,1
pc_social_ack|i3|o1|letters|c0,pc-pc_social_ack-i3-ar-o1-ll-c0-fe-b5f26101989a,pc-pc_social_ack-i3-ro-o1-ll-c0-fx-bc3e880b97a1,1
pc_social_ack|i3|o1|letters|c1,pc-pc_social_ack-i3-ar-o1-ll-c1-fe-fcb74db6d132,pc-pc_social_ack-i3-ro-o1-ll-c1-fx-680a2dafa0b4,1
pc_social_ack|i3|o1|numbers|c0,pc-pc_social_ack-i3-ar-o1-ln-c0-fe-9a80d98e27af,pc-pc_social_ack-i3-ro-o1-ln-c0-fx-cfb1671717f7,1
pc_social_ack|i3|o1|numbers|c1,pc-pc_social_ack-i3-ar-o1-ln-c1-fe-e4c5c72d5633,pc-pc_social_ack-i3-ro-o1-ln-c1-fx-8a1de0fc1440,1
pc_social_ack|i4|o0|letters|c0,pc-pc_social_ack-i4-ar-o0-ll-c0-fe-ab1796d39cd4,pc-pc_social_ack-i4-ro-o0-ll-c0-fx-789ba1505304,1
pc_social_ack|i4|o0|letters|c1,pc-pc_social_ack-i4-ar-o0-ll-c1-fe-ac5b378e2964,pc-pc_social_ack-i4-ro-o0-ll-c1-fx-d9e5d05c70c4,1
pc_social_ack|i4|o0|numbers|c0,pc-pc_social_ack-i4-ar-o0-ln-c0-fe-388a48198cca,pc-pc_social_ack-i4-ro-o0-ln-c0-fx-8cdb3b878765,1
pc_social_ack|i4|o0|numbers|c1,pc-pc_social_ack-i4-ar-o0-ln-c1-fe-07af9bd75f14,pc-pc_social_ack-i4-ro-o0-ln-c1-fx-f8934886fb43,1
pc_social_ack|i4|o1|letters|c0,pc-pc_social_ack-i4-ar-o1-ll-c0-fe-808dcf9f3be6,pc-pc_social_ack-i4-ro-o1-ll-c0-fx-6124029fa1ca,1
pc_social_ack|i4|o1|letters|c1,pc-pc_social_ack-i4-ar-o1-ll-c1-fe-4d252ac8ddc7,pc-pc_social_ack-i4-ro-o1-ll-c1-fx-ef761ac67c63,1
pc_social_ack|i4|o1|numbers|c0,pc-pc_social_ack-i4-ar-o1-ln-c0-fe-a27c82739bd4,pc-pc_social_ack-i4-ro-o1-ln-c0-fx-76c79687d10e,1
pc_social_ack|i4|o1|numbers|c1,pc-pc_social_ack-i4-ar-o1-ln-c1-fe-eccfe3bba108,pc-pc_social_ack-i4-ro-o1-ln-c1-fx-3cbb1516dc6a,1
pc_social_review|i0|o0|letters|c0,pc-pc_social_review-i0-ar-o0-ll-c0-fe-6e0f1494211a,pc-pc_social_review-i0-ro-o0-ll-c0-fx-fa78ea177eaf,1
pc_social_review|i0|o0|letters|c1,pc-pc_social_review-i0-ar-o0-ll-c1-fe-cc37bfca0d66,pc-pc_social_review-i0-ro-o0-ll-c1-fx-c12d06bf043b,1
pc_social_review|i0|o0|numbers|c0,pc-pc_social_review-i0-ar-o0-ln-c0-fe-1f349a2e7d0b,pc-pc_social_review-i0-ro-o0-ln-c0-fx-3def82bfcdd5,1
pc_social_review|i0|o0|numbers|c1,pc-pc_social_review-i0-ar-o0-ln-c1-fe-aeb7a25903c3,pc-pc_social_review-i0-ro-o0-ln-c1-fx-69d87e611c2b,1
pc_social_review|i0|o1|letters|c0,pc-pc_social_review-i0-ar-o1-ll-c0-fe-d6eda1f282c6,pc-pc_social_review-i0-ro-o1-ll-c0-fx-3310cb135d45,1
pc_social_review|i0|o1|letters|c1,pc-pc_social_review-i0-ar-o1-ll-c1-fe-7fffa5556299,pc-pc_social_review-i0-ro-o1-ll-c1-fx-0e3e9d9e5b1e,1
pc_social_review|i0|o1|numbers|c0,pc-pc_social_review-i0-ar-o1-ln-c0-fe-1b97d6dc768e,pc-pc_social_review-i0-ro-o1-ln-c0-fx-2179221b6c95,1
pc_social_review|i0|o1|numbers|c1,pc-pc_social_review-i0-ar-o1-ln-c1-fe-e587bbd33fa4,pc-pc_social_review-i0-ro-o1-ln-c1-fx-9acdef47a81b,1
pc_social_review|i1|o0|letters|c0,pc-pc_social_review-i1-ar-o0-ll-c0-fe-262f9f1a9171,pc-pc_social_review-i1-ro-o0-ll-c0-fx-11147b92c316,1
pc_social_review|i1|o0|letters|c1,pc-pc_social_review-i1-ar-o0-ll-c1-fe-799a04121b8d,pc-pc_social_review-i1-ro-o0-ll-c1-fx-97aa746fe018,1
pc_social_review|i1|o0|numbers|c0,pc-pc_social_review-i1-ar-o0-ln-c0-fe-a6f02fa84f1c,pc-pc_social_review-i1-ro-o0-ln-c0-fx-f729b873cc20,1
pc_social_review|i1|o0|numbers|c1,pc-pc_social_review-i1-ar-o0-ln-c1-fe-cc84f200e179,pc-pc_social_review-i1-ro-o0-ln-c1-fx-fb8c5d787a79,1
pc_social_review|i1|o1|letters|c0,pc-pc_social_review-i1-ar-o1-ll-c0-fe-afbd541d9b67,pc-pc_social_review-i1-ro-o1-ll-c0-fx-a181813e7c0f,1
pc_social_review|i1|o1|letters|c1,pc-pc_social_review-i1-ar-o1-ll-c1-fe-9cbc78b609e9,pc-pc_social_review-i1-ro-o1-ll-c1-fx-fd6e12f259c0,1
pc_social_review|i1|o1|numbers|c0,pc-pc_social_review-i1-ar-o1-ln-c0-fe-c2c2908a4b56,pc-pc_social_review-i1-ro-o1-ln-c0-fx-98dd7a5d4238,1
pc_social_review|i1|o1|numbers|c1,pc-pc_social_review-i1-ar-o1-ln-c1-fe-f7fcbeeabb6b,pc-pc_social_review-i1-ro-o1-ln-c1-fx-d30eaeaa2276,1
pc_social_review|i2|o0|letters|c0,pc-pc_social_review-i2-ar-o0-ll-c0-fe-486357346359,pc-pc_social_review-i2-ro-o0-ll-c0-fx-5471ca640808,1
pc_social_review|i2|o0|letters|c1,pc-pc_social_review-i2-ar-o0-ll-c1-fe-ee88dce4831d,pc-pc_social_review-i2-ro-o0-ll-c1-fx-71e77411749a,1
pc_social_review|i2|o0|numbers|c0,pc-pc_social_review-i2-ar-o0-ln-c0-fe-a31bbb062228,pc-pc_social_review-i2-ro-o0-ln-c0-fx-f6d7da0bf2f4,1
pc_social_review|i2|o0|numbers|c1,pc-pc_social_review-i2-ar-o0-ln-c1-fe-3ffd19385ea6,pc-pc_social_review-i2-ro-o0-ln-c1-fx-59c9c1a71f02,1
pc_social_review|i2|o1|letters|c0,pc-pc_social_review-i2-ar-o1-ll-c0-fe-a61efb1926b9,pc-pc_social_review-i2-ro-o1-ll-c0-fx-e6d9f3b138e8,1
pc_social_review|i2|o1|letters|c1,pc-pc_social_review-i2-ar-o1-ll-c1-fe-aaab850af33b,pc-pc_social_review-i2-ro-o1-ll-c1-fx-1f6806ed0f5e,1
pc_social_review|i2|o1|numbers|c0,pc-pc_social_review-i2-ar-o1-ln-c0-fe-c1ba964d4d0a,pc-pc_social_review-i2-ro-o1-ln-c0-fx-b97f339e7b83,1
pc_social_review|i2|o1|numbers|c1,pc-pc_social_review-i2-ar-o1-ln-c1-fe-e8429bc8d285,pc-pc_social_review-i2-ro-o1-ln-c1-fx-24bf592f69b6,1
pc_social_review|i3|o0|letters|c0,pc-pc_social_review-i3-ar-o0-ll-c0-fe-360da722c6fd,pc-pc_social_review-i3-ro-o0-ll-c0-fx-98806ae35031,1
pc_social_review|i3|o0|letters|c1,pc-pc_social_review-i3-ar-o0-ll-c1-fe-f4b4564a570a,pc-pc_social_review-i3-ro-o0-ll-c1-fx-56bd6c32a45b,1
pc_social_review|i3|o0|numbers|c0,pc-pc_social_review-i3-ar-o0-ln-c0-fe-48feed154716,pc-pc_social_review-i3-ro-o0-ln-c0-fx-33a039f1b228,1
pc_social_review|i3|o0|numbers|c1,pc-pc_social_review-i3-ar-o0-ln-c1-fe-295caf371a38,pc-pc_social_review-i3-ro-o0-ln-c1-fx-b682b79f222c,1
pc_social_review|i3|o1|letters|c0,pc-pc_social_review-i3-ar-o1-ll-c0-fe-b602e659035b,pc-pc_social_review-i3-ro-o1-ll-c0-fx-188da27a76e7,1
pc_social_review|i3|o1|letters|c1,pc-pc_social_review-i3-ar-o1-ll-c1-fe-1d6c38ddf13d,pc-pc_social_review-i3-ro-o1-ll-c1-fx-f26743da6a66,1
pc_social_review|i3|o1|numbers|c0,pc-pc_social_review-i3-ar-o1-ln-c0-fe-94b4f9ae0186,pc-pc_social_review-i3-ro-o1-ln-c0-fx-1adbf8ffedbb,1
pc_social_review|i3|o1|numbers|c1,pc-pc_social_review-i3-ar-o1-ln-c1-fe-6e845dcdf8af,pc-pc_social_review-i3-ro-o1-ln-c1-fx-547a28e21492,1
pc_social_review|i4|o0|letters|c0,pc-pc_social_review-i4-ar-o0-ll-c0-fe-5e3c34f30c7f,pc-pc_social_review-i4-ro-o0-ll-c0-fx-490b5b73a892,1
pc_social_review|i4|o0|letters|c1,pc-pc_social_review-i4-ar-o0-ll-c1-fe-4e53ccca0c6e,pc-pc_social_review-i4-ro-o0-ll-c1-fx-050e5fc82f6c,1
pc_social_review|i4|o0|numbers|c0,pc-pc_social_review-i4-ar-o0-ln-c0-fe-16355bb31a7a,pc-pc_social_review-i4-ro-o0-ln-c0-fx-36c9407b940e,1
pc_social_review|i4|o0|numbers|c1,pc-pc_social_review-i4-ar-o0-ln-c1-fe-26a4b46c295f,pc-pc_social_review-i4-ro-o0-ln-c1-fx-8529f9eb0c55,1
pc_social_review|i4|o1|letters|c0,pc-pc_social_review-i4-ar-o1-ll-c0-fe-ad8d6106b9a6,pc-pc_social_review-i4-ro-o1-ll-c0-fx-d73633a5239e,1
pc_social_review|i4|o1|letters|c1,pc-pc_social_review-i4-ar-o1-ll-c1-fe-996a916bb8f2,pc-pc_social_review-i4-ro-o1-ll-c1-fx-5c5a7b6b6759,1
pc_social_review|i4|o1|numbers|c0,pc-pc_social_review-i4-ar-o1-ln-c0-fe-c626a212ab41,pc-pc_social_review-i4-ro-o1-ln-c0-fx-36e2b363537a,1
pc_social_review|i4|o1|numbers|c1,pc-pc_social_review-i4-ar-o1-ln-c1-fe-99a994470f14,pc-pc_social_review-i4-ro-o1-ln-c1-fx-3fca9e522204,1
pc_safety_creds|i0|o0|letters|c0,pc-pc_safety_creds-i0-ar-o0-ll-c0-fe-fcd4242c0c46,pc-pc_safety_creds-i0-ro-o0-ll-c0-fx-095120213a4a,1
pc_safety_creds|i0|o0|letters|c1,pc-pc_safety_creds-i0-ar-o0-ll-c1-fe-5b70fbff9c71,pc-pc_safety_creds-i0-ro-o0-ll-c1-fx-cb016b92242c,1
pc_safety_creds|i0|o0|numbers|c0,pc-pc_safety_creds-i0-ar-o0-ln-c0-fe-3359e2e27d52,pc-pc_safety_creds-i0-ro-o0-ln-c0-fx-9595833ab6f5,1
pc_safety_creds|i0|o0|numbers|c1,pc-pc_safety_creds-i0-ar-o0-ln-c1-fe-25529f5f58cc,pc-pc_safety_creds-i0-ro-o0-ln-c1-fx-8f1bebcddf45,1
pc_safety_creds|i0|o1|letters|c0,pc-pc_safety_creds-i0-ar-o1-ll-c0-fe-27dcda549022,pc-pc_safety_creds-i0-ro-o1-ll-c0-fx-5e4e80a4c6c2,1
pc_safety_creds|i0|o1|letters|c1,pc-pc_safety_creds-i0-ar-o1-ll-c1-fe-5e5228c0ec5b,pc-pc_safety_creds-i0-ro-o1-ll-c1-fx-8a089249da03,1
pc_safety_creds|i0|o1|numbers|c0,pc-pc_safety_creds-i0-ar-o1-ln-c0-fe-a32143b19ee3,pc-pc_safety_creds-i0-ro-o1-ln-c0-fx-6890fb60499a,1
pc_safety_creds|i0|o1|numbers|c1,pc-pc_safety_creds-i0-ar-o1-ln-c1-fe-740e8b7e3e77,pc-pc_safety_creds-i0-ro-o1-ln-c1-fx-81b4b11816f4,1
pc_safety_creds|i1|o0|letters|c0,pc-pc_safety_creds-i1-ar-o0-ll-c0-fe-62e70b69b76c,pc-pc_safety_creds-i1-ro-o0-ll-c0-fx-2089062ea684,1
pc_safety_creds|i1|o0|letters|c1,pc-pc_safety_creds-i1-ar-o0-ll-c1-fe-bebe0ea16c44,pc-pc_safety_creds-i1-ro-o0-ll-c1-fx-8f36b97150c9,1
pc_safety_creds|i1|o0|numbers|c0,pc-pc_safety_creds-i1-ar-o0-ln-c0-fe-0144809a04f2,pc-pc_safety_creds-i1-ro-o0-ln-c0-fx-4665845e730d,1
pc_safety_creds|i1|o0|numbers|c1,pc-pc_safety_creds-i1-ar-o0-ln-c1-fe-c215ca5ab543,pc-pc_safety_creds-i1-ro-o0-ln-c1-fx-285bd2a9fc22,1
pc_safety_creds|i1|o1|letters|c0,pc-pc_safety_creds-i1-ar-o1-ll-c0-fe-84ad12b6c786,pc-pc_safety_creds-i1-ro-o1-ll-c0-fx-02dbd046bcb1,1
pc_safety_creds|i1|o1|letters|c1,pc-pc_safety_creds-i1-ar-o1-ll-c1-fe-bd822b4724bd,pc-pc_safety_creds-i1-ro-o1-ll-c1-fx-d44d9a5f0d2f,1
pc_safety_creds|i1|o1|numbers|c0,pc-pc_safety_creds-i1-ar-o1-ln-c0-fe-e6284e5e9831,pc-pc_safety_creds-i1-ro-o1-ln-c0-fx-4eeda21369d2,1
pc_safety_creds|i1|o1|numbers|c1,pc-pc_safety_creds-i1-ar-o1-ln-c1-fe-fd5ffde9868c,pc-pc_safety_creds-i1-ro-o1-ln-c1-fx-2006eaecdb3f,1
pc_safety_creds|i2|o0|letters|c0,pc-pc_safety_creds-i2-ar-o0-ll-c0-fe-09c8164833b4,pc-pc_safety_creds-i2-ro-o0-ll-c0-fx-71e864784674,1
pc_safety_creds|i2|o0|letters|c1,pc-pc_safety_creds-i2-ar-o0-ll-c1-fe-3f31a05b24fc,pc-pc_safety_creds-i2-ro-o0-ll-c1-fx-3c7da7d1497e,1
pc_safety_creds|i2|o0|numbers|c0,pc-pc_safety_creds-i2-ar-o0-ln-c0-fe-021453c0d8e5,pc-pc_safety_creds-i2-ro-o0-ln-c0-fx-f03681f4ea97,1
pc_safety_creds|i2|o0|numbers|c1,pc-pc_safety_creds-i2-ar-o0-ln-c1-fe-acd9023d8273,pc-pc_safety_creds-i2-ro-o0-ln-c1-fx-dd6e513d19c5,1
pc_safety_creds|i2|o1|letters|c0,pc-pc_safety_creds-i2-ar-o1-ll-c0-fe-7685819075b5,pc-pc_safety_creds-i2-ro-o1-ll-c0-fx-483db0ff2314,1
pc_safety_creds|i2|o1|letters|c1,pc-pc_safety_creds-i2-ar-o1-ll-c1-fe-7bbb6f656f31,pc-pc_safety_creds-i2-ro-o1-ll-c1-fx-486b31787e1c,1
pc_safety_creds|i2|o1|numbers|c0,pc-pc_safety_creds-i2-ar-o1-ln-c0-fe-eb810570942b,pc-pc_safety_creds-i2-ro-o1-ln-c0-fx-15b1cfc916e5,1
pc_safety_creds|i2|o1|numbers|c1,pc-pc_safety_creds-i2-ar-o1-ln-c1-fe-92047078a0d2,pc-pc_safety_creds-i2-ro-o1-ln-c1-fx-cdf2e03c2c0f,1
pc_safety_creds|i3|o0|letters|c0,pc-pc_safety_creds-i3-ar-o0-ll-c0-fe-7521effc8f5a,pc-pc_safety_creds-i3-ro-o0-ll-c0-fx-f727d716d069,1
pc_safety_creds|i3|o0|letters|c1,pc-pc_safety_creds-i3-ar-o0-ll-c1-fe-2f37263f54e8,pc-pc_safety_creds-i3-ro-o0-ll-c1-fx-21a8c8465129,1
pc_safety_creds|i3|o0|numbers|c0,pc-pc_safety_creds-i3-ar-o0-ln-c0-fe-baea579e3686,pc-pc_safety_creds-i3-ro-o0-ln-c0-fx-83f003ba0367,1
pc_safety_creds|i3|o0|numbers|c1,pc-pc_safety_creds-i3-ar-o0-ln-c1-fe-a1ce8b1b91da,pc-pc_safety_creds-i3-ro-o0-ln-c1-fx-c326a2c17aa6,1
pc_safety_creds|i3|o1|letters|c0,pc-pc_safety_creds-i3-ar-o1-ll-c0-fe-dfb1ddce8fe7,pc-pc_safety_creds-i3-ro-o1-ll-c0-fx-0e23678ca1e6,1
pc_safety_creds|i3|o1|letters|c1,pc-pc_safety_creds-i3-ar-o1-ll-c1-fe-5e79230e299a,pc-pc_safety_creds-i3-ro-o1-ll-c1-fx-6da3402537c7,1
pc_safety_creds|i3|o1|numbers|c0,pc-pc_safety_creds-i3-ar-o1-ln-c0-fe-68730ef432de,pc-pc_safety_creds-i3-ro-o1-ln-c0-fx-9169116713a9,1
pc_safety_creds|i3|o1|numbers|c1,pc-pc_safety_creds-i3-ar-o1-ln-c1-fe-59b3ded6a760,pc-pc_safety_creds-i3-ro-o1-ln-c1-fx-12acf4a41a1c,1
pc_safety_creds|i4|o0|letters|c0,pc-pc_safety_creds-i4-ar-o0-ll-c0-fe-882c88b0775f,pc-pc_safety_creds-i4-ro-o0-ll-c0-fx-78f6cfe8aaf0,1
pc_safety_creds|i4|o0|letters|c1,pc-pc_safety_creds-i4-ar-o0-ll-c1-fe-bfa8ab464df3,pc-pc_safety_creds-i4-ro-o0-ll-c1-fx-c7a9f5dabc57,1
pc_safety_creds|i4|o0|numbers|c0,pc-pc_safety_creds-i4-ar-o0-ln-c0-fe-b1a11f0d5671,pc-pc_safety_creds-i4-ro-o0-ln-c0-fx-19912c0cb2f0,1
pc_safety_creds|i4|o0|numbers|c1,pc-pc_safety_creds-i4-ar-o0-ln-c1-fe-2be75b547fda,pc-pc_safety_creds-i4-ro-o0-ln-c1-fx-fbbc288cb54e,1
pc_safety_creds|i4|o1|letters|c0,pc-pc_safety_creds-i4-ar-o1-ll-c0-fe-a811bab61aef,pc-pc_safety_creds-i4-ro-o1-ll-c0-fx-6c11ab3017c8,1
pc_safety_creds|i4|o1|letters|c1,pc-pc_safety_creds-i4-ar-o1-ll-c1-fe-9012452d5660,pc-pc_safety_creds-i4-ro-o1-ll-c1-fx-d73cec5c136a,1
pc_safety_creds|i4|o1|numbers|c0,pc-pc_safety_creds-i4-ar-o1-ln-c0-fe-0d25c7b8702f,pc-pc_safety_creds-i4-ro-o1-ln-c0-fx-56213914d502,1
pc_safety_creds|i4|o1|numbers|c1,pc-pc_safety_creds-i4-ar-o1-ln-c1-fe-d346fa34ad7c,pc-pc_safety_creds-i4-ro-o1-ln-c1-fx-4faed4dce76d,1
pc_safety_cleanup|i0|o0|letters|c0,pc-pc_safety_cleanup-i0-ar-o0-ll-c0-fe-1d22e26683f3,pc-pc_safety_cleanup-i0-ro-o0-ll-c0-fx-3043a6f43a4a,1
pc_safety_cleanup|i0|o0|letters|c1,pc-pc_safety_cleanup-i0-ar-o0-ll-c1-fe-d9006197b7d4,pc-pc_safety_cleanup-i0-ro-o0-ll-c1-fx-9f59af942e19,1
pc_safety_cleanup|i0|o0|numbers|c0,pc-pc_safety_cleanup-i0-ar-o0-ln-c0-fe-3aeec1379e7b,pc-pc_safety_cleanup-i0-ro-o0-ln-c0-fx-5b4767b610e2,1
pc_safety_cleanup|i0|o0|numbers|c1,pc-pc_safety_cleanup-i0-ar-o0-ln-c1-fe-f0554220b53e,pc-pc_safety_cleanup-i0-ro-o0-ln-c1-fx-54fb3294baa9,1
pc_safety_cleanup|i0|o1|letters|c0,pc-pc_safety_cleanup-i0-ar-o1-ll-c0-fe-0d6ce387c671,pc-pc_safety_cleanup-i0-ro-o1-ll-c0-fx-26c0a4f370d6,1
pc_safety_cleanup|i0|o1|letters|c1,pc-pc_safety_cleanup-i0-ar-o1-ll-c1-fe-5eec1bc3978f,pc-pc_safety_cleanup-i0-ro-o1-ll-c1-fx-d25d80365ddd,1
pc_safety_cleanup|i0|o1|numbers|c0,pc-pc_safety_cleanup-i0-ar-o1-ln-c0-fe-6253b9fd89aa,pc-pc_safety_cleanup-i0-ro-o1-ln-c0-fx-7b8be9702320,1
pc_safety_cleanup|i0|o1|numbers|c1,pc-pc_safety_cleanup-i0-ar-o1-ln-c1-fe-d0c409748d22,pc-pc_safety_cleanup-i0-ro-o1-ln-c1-fx-5b20f90eea0e,1
pc_safety_cleanup|i1|o0|letters|c0,pc-pc_safety_cleanup-i1-ar-o0-ll-c0-fe-ec03cbf05ea5,pc-pc_safety_cleanup-i1-ro-o0-ll-c0-fx-ecfa1c7864dd,1
pc_safety_cleanup|i1|o0|letters|c1,pc-pc_safety_cleanup-i1-ar-o0-ll-c1-fe-54c23604aeaa,pc-pc_safety_cleanup-i1-ro-o0-ll-c1-fx-7c9b609001bb,1
pc_safety_cleanup|i1|o0|numbers|c0,pc-pc_safety_cleanup-i1-ar-o0-ln-c0-fe-9186f19aa099,pc-pc_safety_cleanup-i1-ro-o0-ln-c0-fx-e18ead03fa13,1
pc_safety_cleanup|i1|o0|numbers|c1,pc-pc_safety_cleanup-i1-ar-o0-ln-c1-fe-a33c18587fa4,pc-pc_safety_cleanup-i1-ro-o0-ln-c1-fx-3a18143af4ad,1
pc_safety_cleanup|i1|o1|letters|c0,pc-pc_safety_cleanup-i1-ar-o1-ll-c0-fe-679b34f75df9,pc-pc_safety_cleanup-i1-ro-o1-ll-c0-fx-85f5a1f60fd3,1
pc_safety_cleanup|i1|o1|letters|c1,pc-pc_safety_cleanup-i1-ar-o1-ll-c1-fe-c506be6750e7,pc-pc_safety_cleanup-i1-ro-o1-ll-c1-fx-9c824bbd7e88,1
pc_safety_cleanup|i1|o1|numbers|c0,pc-pc_safety_cleanup-i1-ar-o1-ln-c0-fe-eebd33e7c1a3,pc-pc_safety_cleanup-i1-ro-o1-ln-c0-fx-fd9634930b8b,1
pc_safety_cleanup|i1|o1|numbers|c1,pc-pc_safety_cleanup-i1-ar-o1-ln-c1-fe-5c94bc3b997f,pc-pc_safety_cleanup-i1-ro-o1-ln-c1-fx-ff12ea6599df,1
pc_safety_cleanup|i2|o0|letters|c0,pc-pc_safety_cleanup-i2-ar-o0-ll-c0-fe-a365d932d4f6,pc-pc_safety_cleanup-i2-ro-o0-ll-c0-fx-8b614fb7f287,1
pc_safety_cleanup|i2|o0|letters|c1,pc-pc_safety_cleanup-i2-ar-o0-ll-c1-fe-4031d6e1f363,pc-pc_safety_cleanup-i2-ro-o0-ll-c1-fx-0612f9375184,1
pc_safety_cleanup|i2|o0|numbers|c0,pc-pc_safety_cleanup-i2-ar-o0-ln-c0-fe-338a6c09942c,pc-pc_safety_cleanup-i2-ro-o0-ln-c0-fx-cd33186cfe5b,1
pc_safety_cleanup|i2|o0|numbers|c1,pc-pc_safety_cleanup-i2-ar-o0-ln-c1-fe-505fc2247430,pc-pc_safety_cleanup-i2-ro-o0-ln-c1-fx-0307ad3b5891,1
pc_safety_cleanup|i2|o1|letters|c0,pc-pc_safety_cleanup-i2-ar-o1-ll-c0-fe-a412f0fa5c3e,pc-pc_safety_cleanup-i2-ro-o1-ll-c0-fx-c96ae8688e8d,1
pc_safety_cleanup|i2|o1|letters|c1,pc-pc_safety_cleanup-i2-ar-o1-ll-c1-fe-2ee5304a3096,pc-pc_safety_cleanup-i2-ro-o1-ll-c1-fx-a3905b9e94f6,1
pc_safety_cleanup|i2|o1|numbers|c0,pc-pc_safety_cleanup-i2-ar-o1-ln-c0-fe-5f18852c33db,pc-pc_safety_cleanup-i2-ro-o1-ln-c0-fx-f9954df79939,1
pc_safety_cleanup|i2|o1|numbers|c1,pc-pc_safety_cleanup-i2-ar-o1-ln-c1-fe-51c208fafc85,pc-pc_safety_cleanup-i2-ro-o1-ln-c1-fx-477b785f8916,1
pc_safety_cleanup|i3|o0|letters|c0,pc-pc_safety_cleanup-i3-ar-o0-ll-c0-fe-b8561cb74273,pc-pc_safety_cleanup-i3-ro-o0-ll-c0-fx-39d57b913da6,1
pc_safety_cleanup|i3|o0|letters|c1,pc-pc_safety_cleanup-i3-ar-o0-ll-c1-fe-a1c452c487fe,pc-pc_safety_cleanup-i3-ro-o0-ll-c1-fx-7d23abe58724,1
pc_safety_cleanup|i3|o0|numbers|c0,pc-pc_safety_cleanup-i3-ar-o0-ln-c0-fe-769f8a537c30,pc-pc_safety_cleanup-i3-ro-o0-ln-c0-fx-51e7bad027ec,1
pc_safety_cleanup|i3|o0|numbers|c1,pc-pc_safety_cleanup-i3-ar-o0-ln-c1-fe-3c37e9b3ca0e,pc-pc_safety_cleanup-i3-ro-o0-ln-c1-fx-aeff2e159914,1
pc_safety_cleanup|i3|o1|letters|c0,pc-pc_safety_cleanup-i3-ar-o1-ll-c0-fe-acacc2717b6c,pc-pc_safety_cleanup-i3-ro-o1-ll-c0-fx-da8f55c3467c,1
pc_safety_cleanup|i3|o1|letters|c1,pc-pc_safety_cleanup-i3-ar-o1-ll-c1-fe-6edec95dfa70,pc-pc_safety_cleanup-i3-ro-o1-ll-c1-fx-f299282415ca,1
pc_safety_cleanup|i3|o1|numbers|c0,pc-pc_safety_cleanup-i3-ar-o1-ln-c0-fe-f791178e93b3,pc-pc_safety_cleanup-i3-ro-o1-ln-c0-fx-77d2424b7c8a,1
pc_safety_cleanup|i3|o1|numbers|c1,pc-pc_safety_cleanup-i3-ar-o1-ln-c1-fe-091dc174acf6,pc-pc_safety_cleanup-i3-ro-o1-ln-c1-fx-7f84e99e6579,1
pc_safety_cleanup|i4|o0|letters|c0,pc-pc_safety_cleanup-i4-ar-o0-ll-c0-fe-41f5ddd6243e,pc-pc_safety_cleanup-i4-ro-o0-ll-c0-fx-70bd38d5b004,1
pc_safety_cleanup|i4|o0|letters|c1,pc-pc_safety_cleanup-i4-ar-o0-ll-c1-fe-ec6fde1060cc,pc-pc_safety_cleanup-i4-ro-o0-ll-c1-fx-1102c1ec24fc,1
pc_safety_cleanup|i4|o0|numbers|c0,pc-pc_safety_cleanup-i4-ar-o0-ln-c0-fe-9972a2d611f1,pc-pc_safety_cleanup-i4-ro-o0-ln-c0-fx-4b40e7ee4cef,1
pc_safety_cleanup|i4|o0|numbers|c1,pc-pc_safety_cleanup-i4-ar-o0-ln-c1-fe-3e0252872003,pc-pc_safety_cleanup-i4-ro-o0-ln-c1-fx-54e55b426e9b,1
pc_safety_cleanup|i4|o1|letters|c0,pc-pc_safety_cleanup-i4-ar-o1-ll-c0-fe-8a42312577c1,pc-pc_safety_cleanup-i4-ro-o1-ll-c0-fx-0dd887cbe2b2,1
pc_safety_cleanup|i4|o1|letters|c1,pc-pc_safety_cleanup-i4-ar-o1-ll-c1-fe-c50153a8dc1e,pc-pc_safety_cleanup-i4-ro-o1-ll-c1-fx-01550b3ab150,1
pc_safety_cleanup|i4|o1|numbers|c0,pc-pc_safety_cleanup-i4-ar-o1-ln-c0-fe-84bec5be9f9e,pc-pc_safety_cleanup-i4-ro-o1-ln-c0-fx-91721fdf1851,1
pc_safety_cleanup|i4|o1|numbers|c1,pc-pc_safety_cleanup-i4-ar-o1-ln-c1-fe-64b161adc7c8,pc-pc_safety_cleanup-i4-ro-o1-ln-c1-fx-5b71659206bd,1
