item_id,semantic_key,scientific_content_hash,prompt_hash
ar-ar_naming_parser-i0-ar-o0-ll-c0-fe-034c8af222f9,ar-ar_naming_parser-i0-ar-o0-ll-c0-fe,034c8af222f9f7347b9ad6c8f926e7d92241cee84c1d43e0d9c72bbbeb4d1508,17ec26d929f623e5e5a6e28a1e3017702ff0503975ff94ebf42c32359d5b2555
ar-ar_naming_parser-i0-ar-o0-ll-c0-fh-6ae3af2f5621,ar-ar_naming_parser-i0-ar-o0-ll-c0-fh,6ae3af2f5621d5e025a936e1b731aee45ddac52916353c0190a2ad535ad3e3c2,46428e1362967e98964b7e2f9b12cc1115e80748aa718453c060735beac9b7ae
ar-ar_naming_parser-i0-ro-o0-ll-c0-fx-d43d58e8ca69,ar-ar_naming_parser-i0-ro-o0-ll-c0-fx,d43d58e8ca692a29e3b32250a6df1ca1ea44ae6fc8cdfcfd82ee08578fdbe59f,231869eda29f705eda0284787a46e38143c97677765776bccd9ebdd385caf690
ar-ar_naming_parser-i0-ar-o0-ll-c1-fe-b8cf37de1a1c,ar-ar_naming_parser-i0-ar-o0-ll-c1-fe,b8cf37de1a1c77fd707571f3a082ca9a4d63316d2a4622a271219194be69d04f,9cb2d4ce52b3d0cea5b0c2022062ff9684112f3d8e2be4b9d05d65a17a5f2dfc
ar-ar_naming_parser-i0-ar-o0-ll-c1-fh-c6b3a795f3f0,ar-ar_naming_parser-i0-ar-o0-ll-c1-fh,c6b3a795f3f0c64251270e6a5be659dcdd32ca143ed3781f9989eccf0cc25db5,c7e0575e12df4ddf177db8c043ce047efdeb031a05b90b925a522b988a97fa21
ar-ar_naming_parser-i0-ro-o0-ll-c1-fx-66f4b9705df3,ar-ar_naming_parser-i0-ro-o0-ll-c1-fx,66f4b9705df3b90598071e1d87ee91283aeb2841823d1a4a9b3c01ca8bbc035a,214881fde86e416445a6ad8d641b031c6617173843117982ae607f283c1e46a9
ar-ar_naming_parser-i0-ar-o0-ln-c0-fe-5a1322fd647c,ar-ar_naming_parser-i0-ar-o0-ln-c0-fe,5a1322fd647c6751912733eb1bf02b03f77dccadd9b36d132b9f795751118ee8,a82ef19fa85b5a2e82430db467799988dc065d337df445ad1be99fd57fb86315
ar-ar_naming_parser-i0-ar-o0-ln-c0-fh-053e93816ae1,ar-ar_naming_parser-i0-ar-o0-ln-c0-fh,053e93816ae17ec2bc96a0e8d7f1a60aba4ff495584a114942971747e053dbba,ebfa33970f7c00670448e72cb9dac818d432434926722808b8fa86a1f219d996
ar-ar_naming_parser-i0-ro-o0-ln-c0-fx-114a1d8f8067,ar-ar_naming_parser-i0-ro-o0-ln-c0-fx,114a1d8f8067f633bd5625eb775e22bc9cc25e004cd708734786edf768d4fa7e,7fe44bf6e84d609641d01c1673f32d75f2a724122edcdc844097c4172f17ddcf
ar-ar_naming_parser-i0-ar-o0-ln-c1-fe-d33fc3582768,ar-ar_naming_parser-i0-ar-o0-ln-c1-fe,d33fc3582768cc52b7ffb0192bede06832fdaa0d5d1afa3778f76ba2320d37f1,cf93d38a348053d2b978f81f194a5e728f5accc57010fdf8ddfc3a52e528d579
ar-ar_naming_parser-i0-ar-o0-ln-c1-fh-47ff114ee073,ar-ar_naming_parser-i0-ar-o0-ln-c1-fh,47ff114ee0737fe23d4cced30569bd47315298b3f6ab8279b022987800c9b324,981bddc5dfc3980fa0b6ae9848ab0ff9bda33c35bf77966585bcaf36106999f4
ar-ar_naming_parser-i0-ro-o0-ln-c1-fx-07005e637e29,ar-ar_naming_parser-i0-ro-o0-ln-c1-fx,07005e637e290b2ae5a069e5ca3c3fc4912a01faebd46c48422531eb765986c0,cb06acc6abc03309cddf86a601442cb90365d8250c1818e09182a48e0981daf7
ar-ar_naming_parser-i0-ar-o1-ll-c0-fe-716838c41df4,ar-ar_naming_parser-i0-ar-o1-ll-c0-fe,716838c41df4bdced533890f6858249f17802d385e049f30391e6739a675b78d,981c5d04b6ee6833a176980af79251cff2e868d8685df9ed7540aacb50519627
ar-ar_naming_parser-i0-ar-o1-ll-c0-fh-7ee744f6d4b0,ar-ar_naming_parser-i0-ar-o1-ll-c0-fh,7ee744f6d4b01d777cc177cfc4af0d609a0acf9477f7d73dd598e87ba1b47fb3,c6b595b38383f4be82c38cc215ab3204aee731febbfc8a4097099acba5e105b2
ar-ar_naming_parser-i0-ro-o1-ll-c0-fx-6d9a5bca3855,ar-ar_naming_parser-i0-ro-o1-ll-c0-fx,6d9a5bca385522797f2e4586f3a02ab9067bb76f097c955a4bd855c0b6f3a9ae,71d54514c8cdfb53cb1c012a89cb2566e1b27ff31f031fba27afee02ea6cdbd5
ar-ar_naming_parser-i0-ar-o1-ll-c1-fe-1d85e71b93c3,ar-ar_naming_parser-i0-ar-o1-ll-c1-fe,1d85e71b93c3b894e77664c2b232fde605ee70fe426b1b5eed83df180347697c,40e1f53e44ac424bda0cf72d842d763fccf3784e46cf9adc1638f1b71f3d3ef9
ar-ar_naming_parser-i0-ar-o1-ll-c1-fh-9a0c56b5bf7b,ar-ar_naming_parser-i0-ar-o1-ll-c1-fh,9a0c56b5bf7b4d69a4804a9352715c04416df3d3d95e8fb9a1260b6dc3dc8862,074d3f8064c9ab64ed4f6995dc6cb85736338fa8b22cd9e6a5e3643267034b07
ar-ar_naming_parser-i0-ro-o1-ll-c1-fx-4bfe2eee7f5d,ar-ar_naming_parser-i0-ro-o1-ll-c1-fx,4bfe2eee7f5deffaa0dbfb1a6970b96427b7c1be02afb71358973ea9846af65b,f72692ebade2ac3ef3aa837a26e2559042f45b6382dfecfc06acd6bd5dcb64b1
ar-ar_naming_parser-i0-ar-o1-ln-c0-fe-04ce00a8964c,ar-ar_naming_parser-i0-ar-o1-ln-c0-fe,04ce00a8964cdd41b3fc417a43ef84edb965d9cc3d147a293599ac7a82377edc,f741cd542fe452d061318388b60258d1bbb69acea801438901499d4ecd19d5c1
ar-ar_naming_parser-i0-ar-o1-ln-c0-fh-673b989e76df,ar-ar_naming_parser-i0-ar-o1-ln-c0-fh,673b989e76df46f8a0a6a0d37b20cde137a0d56a92ba10f4222520b91d4ae4d6,f36df4466ce42a1e348544550657e0e756d9488c2120169770e0ae4a325dc3d7
ar-ar_naming_parser-i0-ro-o1-ln-c0-fx-d7006f04ceea,ar-ar_naming_parser-i0-ro-o1-ln-c0-fx,d7006f04ceeaa608608302127e5c2a56ca7edcc039261de095add182d546746f,ebf32835425411b3cba86c5a59b47bbfd6bb026bb4503078fad150cc7f6a7874
ar-ar_naming_parser-i0-ar-o1-ln-c1-fe-1cb5ddee463f,ar-ar_naming_parser-i0-ar-o1-ln-c1-fe,1cb5ddee463fb130adaf3d2d370637bc6d08b55344564633a3acbd62d1009b90,d5ef3a5fe07216eb64a019c0c49e563175a15b7ee4ca66eea6860d1e344ba387
ar-ar_naming_parser-i0-ar-o1-ln-c1-fh-ae5e3973325a,ar-ar_naming_parser-i0-ar-o1-ln-c1-fh,ae5e3973325afe436309a7d0febeda1859710f81120a4f2000242f132b3290ee,acee3bc175fbb0a2c88177a14f7241cbf2e2479856ce163327ec11fbd341189c
ar-ar_naming_parser-i0-ro-o1-ln-c1-fx-2b139eff5277,ar-ar_naming_parser-i0-ro-o1-ln-c1-fx,2b139eff5277b0e90d1e40ea69451ead11e81ae4410ca22ef0ae483087424f4e,c91763e770128ce39de741468913ab77863d36373fd3e5cfcf57e800d77d0352
ar-ar_naming_parser-i1-ar-o0-ll-c0-fe-a130c8f80514,ar-ar_naming_parser-i1-ar-o0-ll-c0-fe,a130c8f80514afe4ac123fd9e10f56a73146eb6f991eb874f34674619c99986e,14ee4422f9be73a95ea03e736f40d66172f00650b8ec3e9003f405b0dc7f2c0d
ar-ar_naming_parser-i1-ar-o0-ll-c0-fh-9c32705259c7,ar-ar_naming_parser-i1-ar-o0-ll-c0-fh,9c32705259c77c15d435544e91e8740b76b8f48d92123495754115b36afefdbe,0b92f1ab204e486f5d93d31866ade16e893b9a319eb2395f2d97dddb7469d347
ar-ar_naming_parser-i1-ro-o0-ll-c0-fx-535aae2ce30a,ar-ar_naming_parser-i1-ro-o0-ll-c0-fx,535aae2ce30a3aa742afe238b055c4f46bd78c5feda46fd8ab90b60a53ac6f91,0ecf9f3d6d72c2cea26a22e2c041f3dd8443353fd6f1e3721a7587b69398c0e0
ar-ar_naming_parser-i1-ar-o0-ll-c1-fe-852879a0480a,ar-ar_naming_parser-i1-ar-o0-ll-c1-fe,852879a0480aafb3f7391b4a575b00d8d8437e8cb9b1689d4dafff356ab55a7f,445a55e9f5714bcc5d5f537d552b99f32a55665bf8e599433807b8cfeed3c767
ar-ar_naming_parser-i1-ar-o0-ll-c1-fh-a3879fb385af,ar-ar_naming_parser-i1-ar-o0-ll-c1-fh,a3879fb385af89d6c29ec94b3fcb6639c7aff58b6c051ad62b85ae15a93ac46d,bb7f201571185e6cd689eb0cca7cd4f72a75a9cba3c482db68f1ec2f477cc781
ar-ar_naming_parser-i1-ro-o0-ll-c1-fx-0af68cd57835,ar-ar_naming_parser-i1-ro-o0-ll-c1-fx,0af68cd57835d711145e8ef8c6407cc137028a9a84fb70b8587eb2435fa91d3a,479914371479eb3b89b280f59e1135b6f381689dd6c74f186a62495c448ac2c0
ar-ar_naming_parser-i1-ar-o0-ln-c0-fe-94a3f5ebbeee,ar-ar_naming_parser-i1-ar-o0-ln-c0-fe,94a3f5ebbeeeecd2120e7efd5336d096daeab3fbb37cf82aa245f01c83625ecc,b8942630f7e8cb0265abc929aeb7a14b52ab3c743ce92c8370ff41990adbdba0
ar-ar_naming_parser-i1-ar-o0-ln-c0-fh-3b0d57ae320f,ar-ar_naming_parser-i1-ar-o0-ln-c0-fh,3b0d57ae320fa6ca7efc0e2f7ea083e0b16d287e842cb4bfff48621bf233667d,e1ca68a40220a8e0b08a312c401107016fe157dd7201265f34c2bfea24b48528
ar-ar_naming_parser-i1-ro-o0-ln-c0-fx-093b8196cb60,ar-ar_naming_parser-i1-ro-o0-ln-c0-fx,093b8196cb60f2446ac53c7a19c89c415feec524e1088f545db2232a049ce6aa,32297f826dde7a52d6b642686ca5241f8631677d999a8d17d995555839604250
ar-ar_naming_parser-i1-ar-o0-ln-c1-fe-1508698b4678,ar-ar_naming_parser-i1-ar-o0-ln-c1-fe,1508698b4678bc90fc3f23853d4b04f837083729ae07073a7e79c7e2426e0dd8,5a580918e629b18693042743b18ca61e28d786b92ad57a72472c19b6cb8a201f
ar-ar_naming_parser-i1-ar-o0-ln-c1-fh-b48f9bc898aa,ar-ar_naming_parser-i1-ar-o0-ln-c1-fh,b48f9bc898aa0e22ee78f5ee7314326859d66b437c383103ef4ba6b930c061cd,54dff6a19b6d1e0034c2ae229794e2d93c90ef20dfcc817686357267203137bf
ar-ar_naming_parser-i1-ro-o0-ln-c1-fx-56aa1454a809,ar-ar_naming_parser-i1-ro-o0-ln-c1-fx,56aa1454a80988f8f1ee7c0c337ccf5c23290818a43651a6533ac95ebb15a5c6,9a49fa92ee013cb8c608d3709e7c2146e2bf7f0ea5745e5dffc839a5b45e60b9
ar-ar_naming_parser-i1-ar-o1-ll-c0-fe-673a5da82c56,ar-ar_naming_parser-i1-ar-o1-ll-c0-fe,673a5da82c5600662879c5930172fb75b13f5d74c3fcacb0fcae11a2f332f618,3cb4bda903d18c630bb99ae7db2c37e98e3ff0dc7c56a49b08888cfecbed440f
ar-ar_naming_parser-i1-ar-o1-ll-c0-fh-44b95c7875b7,ar-ar_naming_parser-i1-ar-o1-ll-c0-fh,44b95c7875b7de1bcb0db6a9a664e8e6ce617fbc4522efee7fe4164d1f7c4f6f,2599dcb50cb52e2659f74bb6188c5ecf9a2325ddbdf5c1a9cd0007b304b47415
ar-ar_naming_parser-i1-ro-o1-ll-c0-fx-6c23495a2319,ar-ar_naming_parser-i1-ro-o1-ll-c0-fx,6c23495a23197f4ac5d150002a68f580536bbc97d4ca3b29190353c302d17f5e,6f11534d70bdbc3e8d12f093347d10fcef465bad54b303fb9446a615fe02f346
ar-ar_naming_parser-i1-ar-o1-ll-c1-fe-1c6647186c78,ar-ar_naming_parser-i1-ar-o1-ll-c1-fe,1c6647186c781bcf6f8d68c392ae588670649d15932ae2aad86665f6ab41985d,421d8da4ae8da3a0fb72c7351fa70c7d5ebbaaaad8438ff293f586fcde36b392
ar-ar_naming_parser-i1-ar-o1-ll-c1-fh-51120618e5da,ar-ar_naming_parser-i1-ar-o1-ll-c1-fh,51120618e5dab828ecaca0133999f28f85621f9be28a80e19b035947d05f16e3,56b17364a8170fcfb42efac31abbcdbda6cce5136f605060567da5fa4a000f2e
ar-ar_naming_parser-i1-ro-o1-ll-c1-fx-5145edebfd31,ar-ar_naming_parser-i1-ro-o1-ll-c1-fx,5145edebfd3120806399281ede9d7313e7d9a8d25e8000e34dc45e04f6b631c3,e00d6810101efdc36997c24eaacbb5be956b6a5ed3ca07eefa821fd510ea1c28
ar-ar_naming_parser-i1-ar-o1-ln-c0-fe-c7aa157f0d37,ar-ar_naming_parser-i1-ar-o1-ln-c0-fe,c7aa157f0d37843e1c3dc66c9be238ec9f57d19d739b9e6db6291fc4e2ba5b4a,c6fbd949857b85b095af6a1c49e5f6931bb5f76593b28a304c95c8e2268e3877
ar-ar_naming_parser-i1-ar-o1-ln-c0-fh-fe65b57056f1,ar-ar_naming_parser-i1-ar-o1-ln-c0-fh,fe65b57056f10ad8535b98f61d6861c9c05975c43f49c5fd65b8cafc0e145071,f95c8e6d042c75ac44df81e6ca4fcdb8bd74b338866fd05f73d0eaddd25f6356
ar-ar_naming_parser-i1-ro-o1-ln-c0-fx-abc4d56f049a,ar-ar_naming_parser-i1-ro-o1-ln-c0-fx,abc4d56f049a613fabad318d79728ed3d342c9e4176b7a57fa6ee1dca7a31579,a9851bf0417e21deb22311f9e6096e4df4dcdf0063bad844fc4be57dae761d40
ar-ar_naming_parser-i1-ar-o1-ln-c1-fe-3fb909f5ad9f,ar-ar_naming_parser-i1-ar-o1-ln-c1-fe,3fb909f5ad9f939fa32888c104d2bbf9b27dfe94a9cea5f1c5e2214addae93fe,0cf59e9c3c37a4d2469d85bce47e480595bcb8ee12a0264692c56b5e484bd05a
ar-ar_naming_parser-i1-ar-o1-ln-c1-fh-e7b86fd333d2,ar-ar_naming_parser-i1-ar-o1-ln-c1-fh,e7b86fd333d2da0b9cefafba917e112a275fcd52ef3c5fc24f1945cc71f7c45b,e620ee0ce7277d2f1097c825ebc317c1519205ce373a7ca26fb6ccd4e195ce1b
ar-ar_naming_parser-i1-ro-o1-ln-c1-fx-0f86d12ce1ab,ar-ar_naming_parser-i1-ro-o1-ln-c1-fx,0f86d12ce1ab5a113f89d80fa1f3cc02902be3f5ff1014752db1e3888f53a6e9,7d83328ee1f5a052834ef3ac51a2c359d7c57a69fe86ebf2a10ef8302401dc1c
ar-ar_naming_parser-i2-ar-o0-ll-c0-fe-d5ac42bca8fe,ar-ar_naming_parser-i2-ar-o0-ll-c0-fe,d5ac42bca8feac324d13b27cd9f9ffd5acad4a41149654a156967a78e585a887,2d1e408ca2a78df3f3d2225344a8677766ffc18ae7dd4d70e883368c8522194d
ar-ar_naming_parser-i2-ar-o0-ll-c0-fh-a5b1c7d18cd1,ar-ar_naming_parser-i2-ar-o0-ll-c0-fh,a5b1c7d18cd13179640371bb31e259034f7356ee324138bc0f31cddc0fc79df2,3eb985daf8944909adffbb2e8b2a325997c0ffb623f758eb96aa8547fd2a0ed6
ar-ar_naming_parser-i2-ro-o0-ll-c0-fx-e0fd28745d08,ar-ar_naming_parser-i2-ro-o0-ll-c0-fx,e0fd28745d08374a90c3f91b6d9bf4d6fcc9293d65fe4333b5683bb26c8dc275,c8fc0b995e27b74a85ecbcd8b51d3455150fd377ab1db73432ac16d8dbb78f40
ar-ar_naming_parser-i2-ar-o0-ll-c1-fe-f3328c787a72,ar-ar_naming_parser-i2-ar-o0-ll-c1-fe,f3328c787a72445abbc1f269839e616a036b8068cd488460a554fc6f43a2b9c8,201a668c0efd2bde96bb94184c1a6fd5ece8a57b67e8fe8f917c6932f8870725
ar-ar_naming_parser-i2-ar-o0-ll-c1-fh-d2b3f47924f6,ar-ar_naming_parser-i2-ar-o0-ll-c1-fh,d2b3f47924f6faa67ae13714944d134d8bc269716463afe3180791ce08fd63af,d94313886ec591ace180c34b4fff78f20d5514b6a33ca5b949168619f465ce3b
ar-ar_naming_parser-i2-ro-o0-ll-c1-fx-702ed5ceab3c,ar-ar_naming_parser-i2-ro-o0-ll-c1-fx,702ed5ceab3cde44512bc762ac3c135de9d5fd7a4215ccbfa9e6108dc66bd2d2,7ed139919ba86f9ecb689e8df859a23a88815d29a5c9a386f1fda27abe87106a
ar-ar_naming_parser-i2-ar-o0-ln-c0-fe-6ba4b04af74c,ar-ar_naming_parser-i2-ar-o0-ln-c0-fe,6ba4b04af74c9bd7e610b717564955c7f7dd01fb11dcc62af05762029c6b9f4a,601d182176b107dcc56b51dfe815857aff452b189942fc98a9a19b5cd4f38213
ar-ar_naming_parser-i2-ar-o0-ln-c0-fh-307e0b5ac9dd,ar-ar_naming_parser-i2-ar-o0-ln-c0-fh,307e0b5ac9ddcebaf9202a360186a3b85c8c05f2194f3b86e85c4d0976ec2daa,44eff56da46a053ef88c3eaf8528d2737a76f9da3e4da248301537ff585e0a1a
ar-ar_naming_parser-i2-ro-o0-ln-c0-fx-4cd7404b4a3d,ar-ar_naming_parser-i2-ro-o0-ln-c0-fx,4cd7404b4a3df58554f3df0f9d69e6b9c5bea554a04b27f9252f6fe9757013b8,2bc39213d9ea9c9d33c3c58a334efa65d9c78fc5dafbc34cc144f95acad7542a
ar-ar_naming_parser-i2-ar-o0-ln-c1-fe-0311714c47a2,ar-ar_naming_parser-i2-ar-o0-ln-c1-fe,0311714c47a29edb190baa258388acf0100993f29247d3af94003556b86676a3,525ab92fa3108a89a547a7086b60b9289856715606bcfc72ef215def438fa215
ar-ar_naming_parser-i2-ar-o0-ln-c1-fh-e9ab4b8c3c71,ar-ar_naming_parser-i2-ar-o0-ln-c1-fh,e9ab4b8c3c71d169e608ff47990a790190544d36b6c6b435a399c99f95aa36dd,232c56961e9c51ea371fcd42a5b99299f0beefea19034d95bf2b691e2ff78a81
ar-ar_naming_parser-i2-ro-o0-ln-c1-fx-ce3273529528,ar-ar_naming_parser-i2-ro-o0-ln-c1-fx,ce3273529528e5488657282d94bf1f79f7c1d7a8d8028728ad11feae765edfa7,3769baa6dd907d73e975340932bbdd6159d83f55ea990b7bd3478dbcecc360f7
ar-ar_naming_parser-i2-ar-o1-ll-c0-fe-96c074a04d2a,ar-ar_naming_parser-i2-ar-o1-ll-c0-fe,96c074a04d2acb8a981705e764bd2d745267ea50ad5552053d47a51daa208941,64e22535c6c582d4dc0fccbf5e790e3247d8d775f13eef2c81d1cd174e03a1a7
ar-ar_naming_parser-i2-ar-o1-ll-c0-fh-2dd49636b431,ar-ar_naming_parser-i2-ar-o1-ll-c0-fh,2dd49636b4310c07552e2dc97171656f5bfc26f89f321cdec80f15d3efc77596,adac90409a1b3a0135cb2c411a6445310831bcb4c097922bcfff68c62b490b4c
ar-ar_naming_parser-i2-ro-o1-ll-c0-fx-6dfbf74e6962,ar-ar_naming_parser-i2-ro-o1-ll-c0-fx,6dfbf74e6962bd15fd9b9596dadada2cbd6db6f05539f9e3aa86228dd1ee963c,b0b9a831c14a6d3df148c12bc87fa8996624b3dbd6b81b7520fbd8910e041b0d
ar-ar_naming_parser-i2-ar-o1-ll-c1-fe-bdcd2170831c,ar-ar_naming_parser-i2-ar-o1-ll-c1-fe,bdcd2170831c3ed66edde87374c44895b6eafda347079c0e50c3a50842cfeee8,0fc6d99b35844495cdf7c1eb243d10b778a017547da4fc57f19bdfe736011b60
ar-ar_naming_parser-i2-ar-o1-ll-c1-fh-ac1c4bdcea38,ar-ar_naming_parser-i2-ar-o1-ll-c1-fh,ac1c4bdcea38901ba6e4bb4c31d5d098a800fb105b913e581cfd46ed0b4f525f,399106a1c9feeb93018fe6183ceb12092bf6306ec507ad0e3f939f42f88d9548
ar-ar_naming_parser-i2-ro-o1-ll-c1-fx-4a2c566dc21a,ar-ar_naming_parser-i2-ro-o1-ll-c1-fx,4a2c566dc21ad0e346c6250d6ff8d5e50021bc796c9c344e7e33c516b16c8e54,cdb7f553533f3354000d42e9dcbf84a6f6360d232fb6c4b746e39b0b47cedaf3
ar-ar_naming_parser-i2-ar-o1-ln-c0-fe-3744d7ac69fe,ar-ar_naming_parser-i2-ar-o1-ln-c0-fe,3744d7ac69fe887bb34fca7cb741c53d49bbcc5bfbdc72de83d82860ea002e22,5dca25c99d9d9599903005c0ea665f629f68cbd2dac2cb1da03d76d0721f7968
ar-ar_naming_parser-i2-ar-o1-ln-c0-fh-b3f415792bd3,ar-ar_naming_parser-i2-ar-o1-ln-c0-fh,b3f415792bd3a2aa1e9aba841769961b69b14aa14287b80e5f3c895cf47094c8,428bd2e3cf4616ea73bedf3f67d83d76c13437306e22274474cb8a661c94da88
ar-ar_naming_parser-i2-ro-o1-ln-c0-fx-ca0fb62a91f3,ar-ar_naming_parser-i2-ro-o1-ln-c0-fx,ca0fb62a91f37c5924c85022084c902c9bef467ba8e11a5e50d6b94beefb32a0,835eeddd7f9021131742713b9031c9fba01e927e94bf705617f7b6fcfa188904
ar-ar_naming_parser-i2-ar-o1-ln-c1-fe-b488ff285e37,ar-ar_naming_parser-i2-ar-o1-ln-c1-fe,b488ff285e3719e475da02fd4e1315767509f2133c74b905841c87ae18f0ce03,64ecb429bded224ca048915855d2588e68fb787a52689c2be34c254fe27e2911
ar-ar_naming_parser-i2-ar-o1-ln-c1-fh-9c6a46a2cfbe,ar-ar_naming_parser-i2-ar-o1-ln-c1-fh,9c6a46a2cfbeceb25b4848434905e8aed72d461c04677280f01a7576a59f07e9,1f70a9939f2ab4c00a8941f4e4ae5967fdc75b8324385074932e86847081d7a0
ar-ar_naming_parser-i2-ro-o1-ln-c1-fx-babd25e5b057,ar-ar_naming_parser-i2-ro-o1-ln-c1-fx,babd25e5b057207879892d1d78eaa6e037d46dd405cbe3e8602d3810ed62dcdf,b4b8d47623eafe5c83af518b7a8c62147527f5fe7dd22d9030b3097e417f1c94
ar-ar_naming_parser-i3-ar-o0-ll-c0-fe-26055d081ddb,ar-ar_naming_parser-i3-ar-o0-ll-c0-fe,26055d081ddb04adf84aa48f8b981553a22b1446a528d9561cdcbe6c78990981,cd9fb60fbe93a11a36d509ed58d28333d31eba7f763172ee073183c6aa671982
ar-ar_naming_parser-i3-ar-o0-ll-c0-fh-c24930e83c70,ar-ar_naming_parser-i3-ar-o0-ll-c0-fh,c24930e83c700a64a5a8e6bf9bc3a6314e7ead1e84ecf8186000c5e61306632b,e851c58da7e8742e8e63a5a80e92fd783ef8e1df0b60e5cae7af63b058f38ded
ar-ar_naming_parser-i3-ro-o0-ll-c0-fx-fe55d9de919d,ar-ar_naming_parser-i3-ro-o0-ll-c0-fx,fe55d9de919dd2a186a71b377fbaeb48c656a4d4f72a002bd633ed14a8356b43,3b139c5f5d8fbf549968ff5359908d638c3089b011a2a4324d6618e74ef53ff0
ar-ar_naming_parser-i3-ar-o0-ll-c1-fe-d672aba458d0,ar-ar_naming_parser-i3-ar-o0-ll-c1-fe,d672aba458d0a87c6bb48693f894e1021a23034eb35ff674c94f4572b342d543,e4efd51afd29f68b1d6da7d9d794386a49b03831365ae14793f0afec91d8dd4f
ar-ar_naming_parser-i3-ar-o0-ll-c1-fh-e388722a5dee,ar-ar_naming_parser-i3-ar-o0-ll-c1-fh,e388722a5dee763470dee35208977a114e0c508d0e56fb6b455807ad8a80d624,5f4ac45d19d19d5b207958a68e717042bd008f4c6036d4ad429fb9dbf5f122fe
ar-ar_naming_parser-i3-ro-o0-ll-c1-fx-cbb7491af493,ar-ar_naming_parser-i3-ro-o0-ll-c1-fx,cbb7491af49360a709cfc171464817de6d9806232fc71bb8f6733436fb1a739f,9fab35a67c646118dc8d7985f510d5418f84370736c1fe7b8567f3aac9f9aaf5
ar-ar_naming_parser-i3-ar-o0-ln-c0-fe-21a40fe311ad,ar-ar_naming_parser-i3-ar-o0-ln-c0-fe,21a40fe311ad82ba35285b4d8869ddf1be4f3aa51a57d906ba80e5f0371f2e94,f2193dc2a9f385c5d63f4ecd9c882a2a1eec2076c9b5a75fc8e0306ea922ab97
ar-ar_naming_parser-i3-ar-o0-ln-c0-fh-e718894624a7,ar-ar_naming_parser-i3-ar-o0-ln-c0-fh,e718894624a7de8480c479a0533b35a5c9227bb68f625837eebb78cc0dfe4e66,dde3291c443328fe5e625fc1b645972094552dfc1009c17e9dc52bed39dbf89b
ar-ar_naming_parser-i3-ro-o0-ln-c0-fx-4cd64dce383f,ar-ar_naming_parser-i3-ro-o0-ln-c0-fx,4cd64dce383feb732a549113ab5de4c7bb33fdbc32bdf1f153448883808f17e4,2cf0924ad61a00a552ad3d1f80c4d816bc1ffec85f413032758eaf2c4fb30002
ar-ar_naming_parser-i3-ar-o0-ln-c1-fe-4c8fbba77b28,ar-ar_naming_parser-i3-ar-o0-ln-c1-fe,4c8fbba77b28a9a66ac7791bb47c6cf6d972f07a31ee7dd5fc37f005ee617569,3766a45f2c54af79f1d523a55d7742d22946f0d19b15b43feb05489e36bd1549
ar-ar_naming_parser-i3-ar-o0-ln-c1-fh-56bcbc3b62f4,ar-ar_naming_parser-i3-ar-o0-ln-c1-fh,56bcbc3b62f4b52a19cb12380b19f6fa7c2e273ff287c6b8fa5502dcbd7a0a21,d7dc67440bb71140df21f5f0ce472aa9ee8e10dc4ac8ef1b2d472ceb0fe95be1
ar-ar_naming_parser-i3-ro-o0-ln-c1-fx-c4e3ffbb7a3d,ar-ar_naming_parser-i3-ro-o0-ln-c1-fx,c4e3ffbb7a3d6fc974671498dbc711c66ea9f1ec7c1dea9e3be562cb401459da,e2a6e76184c5162094dfc4ec141bfe8686af48f17a0d49f574e675c102860f40
ar-ar_naming_parser-i3-ar-o1-ll-c0-fe-64bdc1f9c872,ar-ar_naming_parser-i3-ar-o1-ll-c0-fe,64bdc1f9c872380692aea704d80456f347ed7d589c12bda0f3c6c8671137eda0,4a7d9709ca9fecd84c9db4161bd9ee226d9b365080777dd462b4a47a757f3760
ar-ar_naming_parser-i3-ar-o1-ll-c0-fh-500acbe4b62b,ar-ar_naming_parser-i3-ar-o1-ll-c0-fh,500acbe4b62b69e5f35fa3b429a3642ada1b94ff300f856505d01cdc0d883bc6,325e242303cde2a774f9594a5c980e9721b341146f7abcf0c6a4349d65aa635b
ar-ar_naming_parser-i3-ro-o1-ll-c0-fx-0b36e7f1dfa8,ar-ar_naming_parser-i3-ro-o1-ll-c0-fx,0b36e7f1dfa856e3e90dc7e0424200c514f1d002e63d07bdfae5729549d6c0d7,12ca52158406673aa79d8fc8a55324bf7c72152459a80d5437772d19f2167464
ar-ar_naming_parser-i3-ar-o1-ll-c1-fe-01cb853384ee,ar-ar_naming_parser-i3-ar-o1-ll-c1-fe,01cb853384ee8897184208c49dc6e0eae31167a56b05df9421b94e4e97557fd6,fca3f5a31c45b58d2d83bfdb25f3f8f7913a44733cd050d8b5d9f61e8d19f307
ar-ar_naming_parser-i3-ar-o1-ll-c1-fh-396b330d6856,ar-ar_naming_parser-i3-ar-o1-ll-c1-fh,396b330d6856af609476413677411c8fb4e83937f4579c7ada71e1fda2f86875,ca3ce9fb722e59ab44f615ac4c6a7d7a0d976981f3d09366c606c8a2292147ef
ar-ar_naming_parser-i3-ro-o1-ll-c1-fx-1d47c3b9fd56,ar-ar_naming_parser-i3-ro-o1-ll-c1-fx,1d47c3b9fd56ec2cd3d7250db6c914f5f10e8e4110fbbbd06bb7d693e6c5ddd4,0f940e82679870f5573d7b21d57ff3a0652c298d200174c5b6353221e5779fee
ar-ar_naming_parser-i3-ar-o1-ln-c0-fe-e13083c867b7,ar-ar_naming_parser-i3-ar-o1-ln-c0-fe,e13083c867b72349bffae8d28683a648ffcbd2a60fe06beeb830e967be775cce,53558bdcdec1c1650779ae27cac580ed7c0f08651f70be22f687775ac1215b92
ar-ar_naming_parser-i3-ar-o1-ln-c0-fh-7abf79041a26,ar-ar_naming_parser-i3-ar-o1-ln-c0-fh,7abf79041a26ed416a4c49602a047048f76fac3c771cd4fc10f5338e546d771c,0ec931cd7246441003bd08cf048bdd55c7353104b55ee69f3ac41086ed83797f
ar-ar_naming_parser-i3-ro-o1-ln-c0-fx-b627a382b94d,ar-ar_naming_parser-i3-ro-o1-ln-c0-fx,b627a382b94d26a3de324012ed503fcfe63be0fdbd4dfe882c6b6fe02aba3b09,f2de42f8f9da822f28e8efc4663de5aee26175b27312b2abe94e8eb1180ea4d2
ar-ar_naming_parser-i3-ar-o1-ln-c1-fe-dd09f5e8812c,ar-ar_naming_parser-i3-ar-o1-ln-c1-fe,dd09f5e8812cc77adfca03f507ceb73f19ce70a742ef0f0f44290a256e9b0cc3,56596b20356d78a9f771f50de650f6f3d825b41aa26dc380e4158fb140ab9fc3
ar-ar_naming_parser-i3-ar-o1-ln-c1-fh-350be4a5308e,ar-ar_naming_parser-i3-ar-o1-ln-c1-fh,350be4a5308ec2f4ee515273000b979f511f63850c83078cafe887e39c0f6cf0,4e1d5ed1cd440ffb7e30930397fb71b19d43580ea0ebbb4e506410e4d6bfdf79
ar-ar_naming_parser-i3-ro-o1-ln-c1-fx-abb619e6fbf9,ar-ar_naming_parser-i3-ro-o1-ln-c1-fx,abb619e6fbf9040851033c41449faa08fef1fde6ed925c29f7c17a547916621f,dd1cf5fa20a9931b400331af5f2b0a9615bd63aec4415f089d1245fa64d2ff36
ar-ar_naming_parser-i4-ar-o0-ll-c0-fe-354d0f3f8d76,ar-ar_naming_parser-i4-ar-o0-ll-c0-fe,354d0f3f8d76c66070ce5abcf1ec08cc8b599da39bf7998fa67ab1637f2aa502,86b47a889320331f70ed7b1162842cda19c32770233a10563f3c3aba41236da7
ar-ar_naming_parser-i4-ar-o0-ll-c0-fh-ae8afc568fd7,ar-ar_naming_parser-i4-ar-o0-ll-c0-fh,ae8afc568fd72babeb39087921f3a4ef7fea04b5f5e7e5847cf1877062a47617,c74f2b261c628324b446d657c2d8d782809ac0e4bba7923313b3d4c6f0ae2d6b
ar-ar_naming_parser-i4-ro-o0-ll-c0-fx-df6d08031c7a,ar-ar_naming_parser-i4-ro-o0-ll-c0-fx,df6d08031c7af78d5a1c23f3232ab22212b79b4e00372916d4fdbddf80a38563,3e339595b9c04c59fd4291d80ebc0d79d5634892274bdab3c5fbfdf8f5b3fd7e
ar-ar_naming_parser-i4-ar-o0-ll-c1-fe-a5dc102d7131,ar-ar_naming_parser-i4-ar-o0-ll-c1-fe,a5dc102d71315d9f0478bd28ce2800c2183c277641996ec5c112983d9d59faa3,e4f1dff69c715ac831122155b242edc684fe4d3aee260c53c764bae75040750a
ar-ar_naming_parser-i4-ar-o0-ll-c1-fh-1c4ae076688a,ar-ar_naming_parser-i4-ar-o0-ll-c1-fh,1c4ae076688a7ef7ca8240f1fc0a994e3fac20c5e1342666c93f9ebeb052d1f6,065258b010b8d479c7319238277544024725800ae68a483333a0d558e4918f4f
ar-ar_naming_parser-i4-ro-o0-ll-c1-fx-4cb1ca0d22df,ar-ar_naming_parser-i4-ro-o0-ll-c1-fx,4cb1ca0d22dfac7af668bc2d1f3cb014fafbf81c36ccf0c3af98453bfcd8ce61,bdd8dcef8b4525c31a7fecc9204038b65dde65fe242c1f0d8eedea68b7937c73
ar-ar_naming_parser-i4-ar-o0-ln-c0-fe-8710d2e2e6ad,ar-ar_naming_parser-i4-ar-o0-ln-c0-fe,8710d2e2e6ad1abe3c1c5e7c56a1c90033bb07547081dd9e7bae983237132d04,a03fc74ea19dbe456837ec4547b7d7978173f7dd1a3f00f6a41e0805af4c5d33
ar-ar_naming_parser-i4-ar-o0-ln-c0-fh-a79cd22abea3,ar-ar_naming_parser-i4-ar-o0-ln-c0-fh,a79cd22abea30d3ac0fa1783363a8dde6a755be34a9b6de5039cabbaea67308c,ebac95de421cc0314e0605c72349c4d12e5f772bb24f373a44dd3af5f515196e
ar-ar_naming_parser-i4-ro-o0-ln-c0-fx-9aa5a2026f70,ar-ar_naming_parser-i4-ro-o0-ln-c0-fx,9aa5a2026f70875f9a7779bf50ecf0ecf6ba0979c02ed60a848a06c6c468c1ae,c674b4c3919379fdd584b59eb85bdcd053d23b1675a09d07a52179a2a2bb90dc
ar-ar_naming_parser-i4-ar-o0-ln-c1-fe-101295dd184e,ar-ar_naming_parser-i4-ar-o0-ln-c1-fe,101295dd184ee8b202fd15ddd675e9f55dd4c408bc40f40233d47de9fc134c1f,0e0b4fea576e7005d45951073f4d2e46496a802cb9e85c28f94ab5812d45273f
ar-ar_naming_parser-i4-ar-o0-ln-c1-fh-8d50a64a8925,ar-ar_naming_parser-i4-ar-o0-ln-c1-fh,8d50a64a892531bd2c4a27da265200b8696372b7076abfe2d7209592e4bb4841,966c8cbccd31772bbd4fd7b7b69d623ee7d7313464a23f391c00f77158f29046
ar-ar_naming_parser-i4-ro-o0-ln-c1-fx-0afd201886c4,ar-ar_naming_parser-i4-ro-o0-ln-c1-fx,0afd201886c4e375fefde708b8453e1ffb9da2f93324f3e2c58b153682551da4,3e0ed7af278bcb428e1b0f31e72326ea42a8a5c3bfd1f6353bf35cf9d0ab3180
ar-ar_naming_parser-i4-ar-o1-ll-c0-fe-1b6a5d4c965c,ar-ar_naming_parser-i4-ar-o1-ll-c0-fe,1b6a5d4c965cfbd8f3de97c3c0bb3e23d854b9680917ee4f4527f5372dc96fdb,25bd1ee1bcdd0d3b92e06ba1af7ad0524181abe5cacb7c5958a0985bdf4eba02
ar-ar_naming_parser-i4-ar-o1-ll-c0-fh-b258eafe2bf3,ar-ar_naming_parser-i4-ar-o1-ll-c0-fh,b258eafe2bf3c8682d86c846d446d66696cd353d240e87fadd7d0f3b91db8721,7aef20609822f85d9e8cb1c741919f16e8e965a6fe195fd81da9e6d91c664e8e
ar-ar_naming_parser-i4-ro-o1-ll-c0-fx-0bc322511bc9,ar-ar_naming_parser-i4-ro-o1-ll-c0-fx,0bc322511bc96eb3cfd11c306346830e8df6c8108097b9e7e67286cf50ec11ce,15a999b81f5ddd283ffe85fc19688fe010f7e75411652fa2deb80ce84ed89e57
ar-ar_naming_parser-i4-ar-o1-ll-c1-fe-caf9dc94fba3,ar-ar_naming_parser-i4-ar-o1-ll-c1-fe,caf9dc94fba3b4cd96628be0383e320de5f6b945b7e76c51fb0d83552316073d,f9d4446c94aef36cdc5ee40d1af137918163ff9399c9f6d4288dcd70e6f2387b
ar-ar_naming_parser-i4-ar-o1-ll-c1-fh-58cbe1a0f98e,ar-ar_naming_parser-i4-ar-o1-ll-c1-fh,58cbe1a0f98e96af9cd4add6524b81e16b2ecd3d67e34a1e6532b841ffcb9765,5b660a05bf1edfe4048c4a985d640b544bb2f7ac9c76a964e4a371716edc7d01
ar-ar_naming_parser-i4-ro-o1-ll-c1-fx-dafb386c5582,ar-ar_naming_parser-i4-ro-o1-ll-c1-fx,dafb386c558255b75913930ca5a6a93ce3058683e3c031851343b27361155c3f,8ee5ba0a965a1759acfec9ab12cb4153fff6a561358370fab9fd80efeb1a3c44
ar-ar_naming_parser-i4-ar-o1-ln-c0-fe-6c993689cbb6,ar-ar_naming_parser-i4-ar-o1-ln-c0-fe,6c993689cbb6691a5bbf18b83161cf37c8bbb11480e2235fa81cde19257809ae,8bb47e6608202106a9ae962e04d973ea41bb558047d7a8243b8202c388dee46b
ar-ar_naming_parser-i4-ar-o1-ln-c0-fh-1c64f51e77b8,ar-ar_naming_parser-i4-ar-o1-ln-c0-fh,1c64f51e77b82595508d0190c50d8e109d7d54afc0750594bae0e3728f637019,2535d9e1bfa0f9cfeed37a46400ef5dde53ff6d5b9176940b6db128dc84fcc86
ar-ar_naming_parser-i4-ro-o1-ln-c0-fx-b13d24d9749f,ar-ar_naming_parser-i4-ro-o1-ln-c0-fx,b13d24d9749f61666ee22ef77ee6939aae14a6dcbc69d05e0e4420fedd85eacd,a40ca8d09b92d00ba1652cfb6d233c1d49c5b396462ecaf2a789c8b8eb9e5c7f
ar-ar_naming_parser-i4-ar-o1-ln-c1-fe-c716b7073163,ar-ar_naming_parser-i4-ar-o1-ln-c1-fe,c716b707316385d736b26a9c75e9d4d06cc49998b3d7cdf6cd71c9409805d716,cf22c0a063093c05965800d90176e2595ae3f4b8907bbabf7ec5646f3d30c139
ar-ar_naming_parser-i4-ar-o1-ln-c1-fh-a6edae1e2828,ar-ar_naming_parser-i4-ar-o1-ln-c1-fh,a6edae1e2828cba820c8f7a19fc7818ee44a36635385b90071e7d4d342c0d999,123b88be1d905542c75dceafb0c1e34250c9418dc0cd35d485686326361acbd3
ar-ar_naming_parser-i4-ro-o1-ln-c1-fx-249ad318a4ce,ar-ar_naming_parser-i4-ro-o1-ln-c1-fx,249ad318a4ce7c2b32ba1bacc2dcd5c8eee8822fddd1a5c9eee37736f41dec9b,078c14854f245e4ad669431f31b58b44d8cb911ee9cb1e6409216018d9f6d40b
ar-ar_naming_serializer-i0-ar-o0-ll-c0-fe-f3c41a329ad8,ar-ar_naming_serializer-i0-ar-o0-ll-c0-fe,f3c41a329ad8f1d835730c9497f5648332fcd9e4c954e9c3fe682e286d86d7f9,a54ed1347023e7d105bdd5b376bd326e8f75af4e6ce16e0e8617d842f95779bf
ar-ar_naming_serializer-i0-ar-o0-ll-c0-fh-8649fe6eab56,ar-ar_naming_serializer-i0-ar-o0-ll-c0-fh,8649fe6eab56c1c20fdc7f4e72f4cb120b00dd948569346e8a9b4d0e6e7ce468,ee8ac04bfced27336ecf57df3e4f55ccaecafe846b799026c1b84101fed733aa
ar-ar_naming_serializer-i0-ro-o0-ll-c0-fx-128d538c12b8,ar-ar_naming_serializer-i0-ro-o0-ll-c0-fx,128d538c12b86ba606de90f51a5656b9cda47a52250a255a007649940f159a33,0502047cfe4ed606f4438d8f40a0af2beef11c8daca273e566d70c41bf9b2ae6
ar-ar_naming_serializer-i0-ar-o0-ll-c1-fe-84c374c30a67,ar-ar_naming_serializer-i0-ar-o0-ll-c1-fe,84c374c30a67a4989ffba73a9609dd73444b3e4da5c16e1c6cf7120ad6fbcec8,979cc3d5275b7914caa6929e75032f58c1419324dc3974944c0c69121fc33356
ar-ar_naming_serializer-i0-ar-o0-ll-c1-fh-0746ccc02c63,ar-ar_naming_serializer-i0-ar-o0-ll-c1-fh,0746ccc02c633e9c5b1ef884bf8755cd765570909a6ca2c032b4c9f4a7257f13,d6b3e25ca2147105f72144a8c6630ac40a0ed3953326e284caba6af51ba950f5
ar-ar_naming_serializer-i0-ro-o0-ll-c1-fx-9377abaf0db1,ar-ar_naming_serializer-i0-ro-o0-ll-c1-fx,9377abaf0db178fb7b9551ac24ba043988762d2dcb9949092ea8df61b0144f07,63139be8c59b091ccc871a461d52acc6e927f7236c1198e866bbff6f402b4f80
ar-ar_naming_serializer-i0-ar-o0-ln-c0-fe-0846b17597fc,ar-ar_naming_serializer-i0-ar-o0-ln-c0-fe,0846b17597fccf52336145fe4e80fad4ab6ce28edacca193cb013d1261544958,f3b039884c4847e33a9fe89b600e8ac51f61b2159ffc3b5f9f7039b75eadfc19
ar-ar_naming_serializer-i0-ar-o0-ln-c0-fh-d7d8da1d4428,ar-ar_naming_serializer-i0-ar-o0-ln-c0-fh,d7d8da1d44282d9526acd59b8f1c515a489ceb8a0b3e867277ddae90a71c252f,ac1b5b26a76da220d33fbc5216407e01a4f43133487b3f3871f83d1ab2bb1b92
ar-ar_naming_serializer-i0-ro-o0-ln-c0-fx-677324d666e5,ar-ar_naming_serializer-i0-ro-o0-ln-c0-fx,677324d666e5b5d68acf5d1720bdaabf46041898f9f98746c2aac26d21aefc96,3fd93964020260566cb96414519a83ce5b6bd0fe790b6fd95383cb0fcd556f83
ar-ar_naming_serializer-i0-ar-o0-ln-c1-fe-695cca0e3ec2,ar-ar_naming_serializer-i0-ar-o0-ln-c1-fe,695cca0e3ec2f6e59b6a638c83e8179182793aea18691963e329136e2e79a434,feb37795754233c3af73acdccf7b10bb774a2d0d470f8269c3100bf5d8c87db2
ar-ar_naming_serializer-i0-ar-o0-ln-c1-fh-3e20b8f57eda,ar-ar_naming_serializer-i0-ar-o0-ln-c1-fh,3e20b8f57edadd2508c4f90391a1444d6eb67507e97493bebc00a75717c518d0,6331318ee6b51ed760fb14b75d180ebb45ab5be4824472a5a90aa99462431c1f
ar-ar_naming_serializer-i0-ro-o0-ln-c1-fx-206e8881dbdc,ar-ar_naming_serializer-i0-ro-o0-ln-c1-fx,206e8881dbdc39f69a44b06a2fafd2b92fb096268884adce135ef1c24d1d6cb5,d1c8e53fac40019980454788b6cbd726b0e0512255e33ee71f960cfd0bf5aaa2
ar-ar_naming_serializer-i0-ar-o1-ll-c0-fe-ce23558c90f5,ar-ar_naming_serializer-i0-ar-o1-ll-c0-fe,ce23558c90f5bd12b38dab9eb795c5c56e5f6b3c4ffc86723ba900e6f1d2b122,66d767989370e441971d1a7666387b87307fbdb45dd1b1339ab8b6e9b7123893
ar-ar_naming_serializer-i0-ar-o1-ll-c0-fh-8f1d803510dd,ar-ar_naming_serializer-i0-ar-o1-ll-c0-fh,8f1d803510dd74f83f36c7973dc7d0745fb25d6217759c2180cba5f7886d8852,a42ab9108ee0321718f0bb495b5ff0602639acbb86b1449a07193cd749f0820a
ar-ar_naming_serializer-i0-ro-o1-ll-c0-fx-6fb691dbf89c,ar-ar_naming_serializer-i0-ro-o1-ll-c0-fx,6fb691dbf89c8bd385a16bde9887bd108d54966a50fabce15c164c3fc7499b02,9148631233bb58cc2d5385a231955682ee7655f4ab6fb90c829492119159f5fa
ar-ar_naming_serializer-i0-ar-o1-ll-c1-fe-e2fa8f88bb2c,ar-ar_naming_serializer-i0-ar-o1-ll-c1-fe,e2fa8f88bb2c81582d6edc35be9649cc43e75da9163836749874c61a570a5259,1e858636053aeef4f44ad74a3b234e68db51867b4a66fbf2a243d39de0e9a206
ar-ar_naming_serializer-i0-ar-o1-ll-c1-fh-bdc0c70af59d,ar-ar_naming_serializer-i0-ar-o1-ll-c1-fh,bdc0c70af59d1024b605bc869fa06366d9488a0b45925199a4172ae7eebefb45,bf26c746a46a7cb6e0b77c11b5a269e9d67ab0492bf17c457ce9461cd34ad4e1
ar-ar_naming_serializer-i0-ro-o1-ll-c1-fx-924a12d7f770,ar-ar_naming_serializer-i0-ro-o1-ll-c1-fx,924a12d7f77048f19cc76a2bd6df8bea2076cf8faa0c5346e6996e27aa918b3c,7d52eb76e042730007e348b953c14fd8c4f6d8d1eaa72b19e51a8fca4e04d26b
ar-ar_naming_serializer-i0-ar-o1-ln-c0-fe-7ed7ffab5224,ar-ar_naming_serializer-i0-ar-o1-ln-c0-fe,7ed7ffab5224d862c2df157908c502cc5c91570e31e2d76bfa253782da271248,7c68e06050e05989f10615e31769086803f9848bd553a2f0641f8f143491cd3f
ar-ar_naming_serializer-i0-ar-o1-ln-c0-fh-32046e482ae0,ar-ar_naming_serializer-i0-ar-o1-ln-c0-fh,32046e482ae069f8524a11a0517b1d9c7602a0cb8afb3be5a540371e8bfdfb45,13c7a9fb681753b99c900a25ba99813e010476a90b29ab8b1ed63d2b6ec6584b
ar-ar_naming_serializer-i0-ro-o1-ln-c0-fx-61bbfe8d9031,ar-ar_naming_serializer-i0-ro-o1-ln-c0-fx,61bbfe8d90313e0177bd670b38341955306ca9e07199353f478faf3d4efbbd9b,f9774819fd75418e03f20e12e3a5f8ee5c365655c284f1717d902259ec80cc15
ar-ar_naming_serializer-i0-ar-o1-ln-c1-fe-f721329b7632,ar-ar_naming_serializer-i0-ar-o1-ln-c1-fe,f721329b76320f2697a4e80ee61c81c4e5cacedf965fc18502edf25b83e414ae,e1c53eeb4b6fe2f4151b0f25c44b5f34c100c4e2cb1410ab9f7a59eabe3bce05
ar-ar_naming_serializer-i0-ar-o1-ln-c1-fh-fc96817a2b85,ar-ar_naming_serializer-i0-ar-o1-ln-c1-fh,fc96817a2b855e2a204ac234941e65dd6375d496e09a1b51fb04ed16969ffca1,0f66c00e279737db863d11250bc4ee60fdf1bd9e49b03d41ec2d94c6055176e4
ar-ar_naming_serializer-i0-ro-o1-ln-c1-fx-0892ee7def62,ar-ar_naming_serializer-i0-ro-o1-ln-c1-fx,0892ee7def62730ae53f6d18b316ce04ced82b216da51cfb0a1a4a57f1a82853,77dd70a61870eafda30afeac3fa07da94bb5523ae9c9893df391faddd467b977
ar-ar_naming_serializer-i1-ar-o0-ll-c0-fe-930393dbd030,ar-ar_naming_serializer-i1-ar-o0-ll-c0-fe,930393dbd03095aedbb55c243311b50d9fe6c89ce7a107f2fabd744d36cb1797,61ff9e9a968f9e3eca59034ff7ca898c3df930577aa2db2e4f43e131638fc83f
ar-ar_naming_serializer-i1-ar-o0-ll-c0-fh-962c215b8ec5,ar-ar_naming_serializer-i1-ar-o0-ll-c0-fh,962c215b8ec5e42c13f19a1116e3b159d2df33e929b93569287fff6482ec1039,73e701b42cba4d941a10740980f4123961163be81654c571c546d1367b3bdca0
ar-ar_naming_serializer-i1-ro-o0-ll-c0-fx-153035ac530b,ar-ar_naming_serializer-i1-ro-o0-ll-c0-fx,153035ac530b771c61f766e9281a3615e1d0ab818c4c0b95eabe03cea7f0c9ec,a6d065eaebb07882d1b64cc7fd7b702e0e0dfe86a606842b0fadc567f09442bd
ar-ar_naming_serializer-i1-ar-o0-ll-c1-fe-b905911e3763,ar-ar_naming_serializer-i1-ar-o0-ll-c1-fe,b905911e376300f80592c8e67bf5f2c291ca757d64fa82ea5a71631f52c9eaef,36a6893f270bb5c5bbaf7bd3c6c7667d38679bd007d8da73c9c3a9f2672b19b4
ar-ar_naming_serializer-i1-ar-o0-ll-c1-fh-ee5c86755545,ar-ar_naming_serializer-i1-ar-o0-ll-c1-fh,ee5c86755545e67e96b393fc348459b2f03e55c56391ebb85b5616719be7dc95,ebb651e3cac8dfa87e4cc79d6f3da6f6935f50f1bd40a81923c09a0e152d5333
ar-ar_naming_serializer-i1-ro-o0-ll-c1-fx-11328b150cb6,ar-ar_naming_serializer-i1-ro-o0-ll-c1-fx,11328b150cb6d79a4fe79d553f40cdd40aec3ee1eee1cc842fca5be08172aea9,ae694e40d166ade88ef3714d7f5f4c96bbffcbd54c4d02e5049491566120ef0c
ar-ar_naming_serializer-i1-ar-o0-ln-c0-fe-73256280131e,ar-ar_naming_serializer-i1-ar-o0-ln-c0-fe,73256280131e74fbb2d0eeb12e69713ff9faf2277f55643e34d99c43fe74339e,ae3817369b71379ce87e0175a30c93846b7efd96958358f95fb096073043d81a
ar-ar_naming_serializer-i1-ar-o0-ln-c0-fh-ee7d7434020d,ar-ar_naming_serializer-i1-ar-o0-ln-c0-fh,ee7d7434020d56e937e0aadc8f63baa65905abac6a83cbfac48623fcfc9d039e,cb6bbde407f04bc928853a1a0071b4728475a923d9a554bc2b4ab0a2aed4f971
ar-ar_naming_serializer-i1-ro-o0-ln-c0-fx-4778376aba16,ar-ar_naming_serializer-i1-ro-o0-ln-c0-fx,4778376aba163d23117f2bc67cd3bfb9c754b6635f4cb52709bcba69a15731bc,77836cd207c15e5b4150de1959b1a87da51377ade4c5c9239cb38d94ca42a5ae
ar-ar_naming_serializer-i1-ar-o0-ln-c1-fe-d60386219eec,ar-ar_naming_serializer-i1-ar-o0-ln-c1-fe,d60386219eec631d75fd925cb06a4b95afc5ffed7567e283d6a1f174914fa5ed,b8493dff0afdaf19ee40baa2499dd3226b53bdbe2c9d0111062bd374950cf4e9
ar-ar_naming_serializer-i1-ar-o0-ln-c1-fh-279519d4c664,ar-ar_naming_serializer-i1-ar-o0-ln-c1-fh,279519d4c664115fffa4309cebdf0a0fdc7370e2408396154f6718600ef7a207,ef16bd0bf2872143aac6239ffcc445dd2cf94cae76bd676dbcc40e1dafa7f47d
ar-ar_naming_serializer-i1-ro-o0-ln-c1-fx-fb27d5097941,ar-ar_naming_serializer-i1-ro-o0-ln-c1-fx,fb27d5097941eb616366fcc36947c2e9cecccb654b254e7c57b24c1ee8bc31d7,42357f75f3473c6ccd985ebce32d92c0333f5981a88e01d10613e5de5eb6ef89
ar-ar_naming_serializer-i1-ar-o1-ll-c0-fe-89a79f2111a4,ar-ar_naming_serializer-i1-ar-o1-ll-c0-fe,89a79f2111a43419c5754010e7d5719014939f69e1037176506e3eebbc5fa1f5,a5c72c89f05d2b8e4b8e6412a20aa9fe51fc8392bab54a3b75358ec7b9e62869
ar-ar_naming_serializer-i1-ar-o1-ll-c0-fh-9ca4d7d2376e,ar-ar_naming_serializer-i1-ar-o1-ll-c0-fh,9ca4d7d2376ef36a3f1aee40345234fa9b6e4684bc6c77e072e7762315e72aaf,2adcf126797b6bba1b1ae4abd2d73c64490bcae59d1ff8360777687e95455aa9
ar-ar_naming_serializer-i1-ro-o1-ll-c0-fx-cabbff06dc92,ar-ar_naming_serializer-i1-ro-o1-ll-c0-fx,cabbff06dc926c7fe2928639e7b2545b0aca3c7eec16805928ffa042e076d865,3c7c759d9ebe0aa4c5afc5f9f0b7ea16eb024d57a06d2ac6cf300e0eb6f883db
ar-ar_naming_serializer-i1-ar-o1-ll-c1-fe-b9f49cf6357a,ar-ar_naming_serializer-i1-ar-o1-ll-c1-fe,b9f49cf6357a12f586cd96bc830aab8d9ae4aea34b3fd3bc886b46ebd904df58,ebb1b7abfe67bcaa97367238e2b82428faa3e74dbfbbf0044754559bda1cb291
ar-ar_naming_serializer-i1-ar-o1-ll-c1-fh-6e2b7a4d7618,ar-ar_naming_serializer-i1-ar-o1-ll-c1-fh,6e2b7a4d7618ffbdf7f12a6f91e24324df28447e02a5954018c86d5dd9eb12e6,ae8b91168711d2eeee8969d94ecca01df596ffb9f0dd2c5b93d11f006e53a958
ar-ar_naming_serializer-i1-ro-o1-ll-c1-fx-192af2958062,ar-ar_naming_serializer-i1-ro-o1-ll-c1-fx,192af295806245bbe4ae15f80c91a2a5a006de562c66772df14916807c9eba29,6cd184c8842ddbac25b3ba9edf56c310bf71286bb2e2aa633a0a59943ff3d20e
ar-ar_naming_serializer-i1-ar-o1-ln-c0-fe-d3b3031ad9b8,ar-ar_naming_serializer-i1-ar-o1-ln-c0-fe,d3b3031ad9b88c3214b3f0b51239b29eada846a60ca1c04a50486692d1f85463,2e3cf9d90c9d272758f568ca89a632476cd784aa31e93ef53c81d705285e9fa2
ar-ar_naming_serializer-i1-ar-o1-ln-c0-fh-8c261a08a326,ar-ar_naming_serializer-i1-ar-o1-ln-c0-fh,8c261a08a326940a198a3deda5ab0dc0c30b20fbdc0ba65d75169fb99a62f5e1,eaaa7a0fb876bb7382e5f05ea443a183ebb78fea08e7e4dac4c503711fa9adbb
ar-ar_naming_serializer-i1-ro-o1-ln-c0-fx-044abe8ce5c3,ar-ar_naming_serializer-i1-ro-o1-ln-c0-fx,044abe8ce5c3dd191eb6976e6fbab6a0ae3f07301a5cdc206e6ab9e19b4cadc2,815c2436091ec04dbdebc066ba325999d98788509ca653ac6cbcc4d052329f0a
ar-ar_naming_serializer-i1-ar-o1-ln-c1-fe-773f0a674987,ar-ar_naming_serializer-i1-ar-o1-ln-c1-fe,773f0a674987133334bb9ae6bc5d1dff3a198842d8de532290594ba21e705368,d6065a8e2e22e10be0c08c65698621df34e3520090b1d7ec5d84a4dc7b454352
ar-ar_naming_serializer-i1-ar-o1-ln-c1-fh-8adbaeceb6a6,ar-ar_naming_serializer-i1-ar-o1-ln-c1-fh,8adbaeceb6a626aeaf7483eac224591755b6e3fd5019398cfefb063951b6415a,a63f5a708968364420b3402ca1a195a7f3224bfd072ae808b65e45a2ada4c66a
ar-ar_naming_serializer-i1-ro-o1-ln-c1-fx-2cbc9f670917,ar-ar_naming_serializer-i1-ro-o1-ln-c1-fx,2cbc9f670917df3a0f2bc70a1d63b43eb7556c5656f5447cc5915b79ba1da9e4,e8cc0cda36767f4634b259e81714e2a252ebccbb498511ca8f123339160fc49d
ar-ar_naming_serializer-i2-ar-o0-ll-c0-fe-e68515dfcfcd,ar-ar_naming_serializer-i2-ar-o0-ll-c0-fe,e68515dfcfcdff37bfe75dbe07a86d07a7e7ab88b9685c75a8f7c6466d074ebc,71fe729ad0aaa46590610d4f3ef4feed9f3eb1aa62b0d5c3704249758734bd45
ar-ar_naming_serializer-i2-ar-o0-ll-c0-fh-e3abd524d4fb,ar-ar_naming_serializer-i2-ar-o0-ll-c0-fh,e3abd524d4fbea349f0dd713403b180cb24e3af716e10d43940b2b0f48e4de37,d583c9544d76714488146c6beacdc84a374e9b2cd69d5ff4cfabcc987c7c28c6
ar-ar_naming_serializer-i2-ro-o0-ll-c0-fx-05834a1112ed,ar-ar_naming_serializer-i2-ro-o0-ll-c0-fx,05834a1112ed6f152e53b4f934ab44d76f2f7f54154434881b1153eb04335b7f,cac70b5d1929da572babe5a931ba6c68fd1aa43e4175846a80c2403cfbdfb6af
ar-ar_naming_serializer-i2-ar-o0-ll-c1-fe-f79f36ea73e0,ar-ar_naming_serializer-i2-ar-o0-ll-c1-fe,f79f36ea73e06d1eacc46b5786b021122fdb3f8d93e776591bf959dbffa3c599,ad62d39bce642d88852fe22b62f23fab25f0e70ba65e90981a1668132db4f9c5
ar-ar_naming_serializer-i2-ar-o0-ll-c1-fh-b5d11caa1c72,ar-ar_naming_serializer-i2-ar-o0-ll-c1-fh,b5d11caa1c72d217c6c4d79064f26b195c143a8ef2169444ebc4dbb6e4b0617b,d3165594d16429d406eb91fee474c58846a0a9bc7df20be78c1b8ec6d782ac31
ar-ar_naming_serializer-i2-ro-o0-ll-c1-fx-b25b28601b02,ar-ar_naming_serializer-i2-ro-o0-ll-c1-fx,b25b28601b024dab93bd24b99ec4b66e1fe171db1c1ceca69f65df1990de22e2,141111f891223d35e5084794c93b6f00075155b3f91b98a8dcf68095f8a6e310
ar-ar_naming_serializer-i2-ar-o0-ln-c0-fe-2de2f4a8f9a2,ar-ar_naming_serializer-i2-ar-o0-ln-c0-fe,2de2f4a8f9a2d0f04d6f56ca0d188d671839516d65067d45680a626344e6f736,06b35c9c93a8e24088043923c7312f534c9f79abc80e684557c0310d2cc9119b
ar-ar_naming_serializer-i2-ar-o0-ln-c0-fh-05dc205cce03,ar-ar_naming_serializer-i2-ar-o0-ln-c0-fh,05dc205cce0377b52b309a89bb0b7b64f764df4c8d13c33762e6434455fe5490,49c002196d6a3990645f5d3877149c34ab8da62ef2d67b62afe10e4ddf597e7f
ar-ar_naming_serializer-i2-ro-o0-ln-c0-fx-1c342abea8bc,ar-ar_naming_serializer-i2-ro-o0-ln-c0-fx,1c342abea8bc4c8037bf740c7e261ddc588e0aff2ae76415962b55573c4d6db8,20aa137f037a57bb0773180cf46907596febda878401cb283686542b500040a8
ar-ar_naming_serializer-i2-ar-o0-ln-c1-fe-6d5ce5a3a3de,ar-ar_naming_serializer-i2-ar-o0-ln-c1-fe,6d5ce5a3a3deb40ea357c902d8393fa1743df3da100dc194c49870cb467fec6c,fec43317635076339618697def9258775a31f3edf976be1fff84fb23b3538121
ar-ar_naming_serializer-i2-ar-o0-ln-c1-fh-3e9c42f2cd7c,ar-ar_naming_serializer-i2-ar-o0-ln-c1-fh,3e9c42f2cd7c8772701d8470466298f7bedc188f7b68f0921ed764cf343bacd1,a98677d2e7bdc0a0172d9b4334aff41ce1f18ce6a952c3e9f1df0198d0bc2a47
ar-ar_naming_serializer-i2-ro-o0-ln-c1-fx-1a836f583d0d,ar-ar_naming_serializer-i2-ro-o0-ln-c1-fx,1a836f583d0da80b1723b5716d61754db5b60fd78f759cfb8fefb1c08dac38cc,b338d4f9702035dc94c8b8439380a440a07dfb527e528161dc58072af5e0bc4b
ar-ar_naming_serializer-i2-ar-o1-ll-c0-fe-85ebcdc9657b,ar-ar_naming_serializer-i2-ar-o1-ll-c0-fe,85ebcdc9657b9e958a5d79d39349b707ebba422d7e5487ef728fca2f9dc7ede7,ca6cba536fd2b3eeb34872e5f176ae46dd96b8455f417ae14e80817cd8f65bd1
ar-ar_naming_serializer-i2-ar-o1-ll-c0-fh-4996bca0823e,ar-ar_naming_serializer-i2-ar-o1-ll-c0-fh,4996bca0823ed104b12822a0e52816761d8d1e4c327ca914162513cdd65c6c9b,569b31559fa11c283e8895efbd29be82245b9056107ea266b31870458121e4d3
ar-ar_naming_serializer-i2-ro-o1-ll-c0-fx-f5c8a0dd5a10,ar-ar_naming_serializer-i2-ro-o1-ll-c0-fx,f5c8a0dd5a1008cf84d8eae1b8a67826dcc972c46b7d2f3e92bd198e3737a36d,be950eeca7dff70c44c56ee123b5659cfb4ed41ba5b0b4b4b29813385cb59b2d
ar-ar_naming_serializer-i2-ar-o1-ll-c1-fe-8ed76930f541,ar-ar_naming_serializer-i2-ar-o1-ll-c1-fe,8ed76930f541a4b8be9bafbeeb0a9a0b5be459d63bb07e706c25143b70286880,17cc39f1e50f7686f3a3dac687db74e95e7d971b10155cb0ac5fe63ec1f05485
ar-ar_naming_serializer-i2-ar-o1-ll-c1-fh-776243b99479,ar-ar_naming_serializer-i2-ar-o1-ll-c1-fh,776243b9947997c25f9cee843dd682ceafbfb9460703a9e8d69534de70a70470,d7adc2a8f967da75f4b4e6bf8ae14afc093a698e52c87c9cf2d5f66f0a40a229
ar-ar_naming_serializer-i2-ro-o1-ll-c1-fx-e9f7b1d0a627,ar-ar_naming_serializer-i2-ro-o1-ll-c1-fx,e9f7b1d0a627e80e3ab806f84f77fad18c25e04dccf7e54e8f7fe3fead4fab57,84fe7027c6f19fe522d77b0152792ec1e1fe9eda59845743a770fdc4b8245764
ar-ar_naming_serializer-i2-ar-o1-ln-c0-fe-2358a55c94b3,ar-ar_naming_serializer-i2-ar-o1-ln-c0-fe,2358a55c94b3ca960110e43592aa01a8ed3b637a9d21572791b6e9d0212028f3,3f8b1b1be65a50c6009a3084394b25d16e61f07cde5612b3cdfd9ce8a30d2519
ar-ar_naming_serializer-i2-ar-o1-ln-c0-fh-e35cdeb05fcb,ar-ar_naming_serializer-i2-ar-o1-ln-c0-fh,e35cdeb05fcb96c79da6f059c0bd949f10e4d7fe6faff2f4d086484257400199,971bcf99f5fa503e8068d64d539f8aee3b8f1830f6701309ddcc4e3be950831d
ar-ar_naming_serializer-i2-ro-o1-ln-c0-fx-b57b0141934d,ar-ar_naming_serializer-i2-ro-o1-ln-c0-fx,b57b0141934dd30b7b54e3afb67a9720b9617c61cfbab54b00c1c11373e10729,5d19b2c1f0a4c19e3c5ef1eb2c5e9b6bf014e5450cd7988e97336e5235ff1ce2
ar-ar_naming_serializer-i2-ar-o1-ln-c1-fe-034aa671f411,ar-ar_naming_serializer-i2-ar-o1-ln-c1-fe,034aa671f4110b9b39d58bf2f20bed535bb2db98ef6b890117ae6c29261423ca,e74d0adbbb7df078577dac94c6c16977e908014a7d5b7c36242f1f10df69628e
ar-ar_naming_serializer-i2-ar-o1-ln-c1-fh-ce2e67e4ba9d,ar-ar_naming_serializer-i2-ar-o1-ln-c1-fh,ce2e67e4ba9d285bf4a03f938beae60e32f0fc89f445d6bff614cc775a6079c2,b2b7c64ad0cb65b1ece3cef06fbd922c2e4933c10c38272e8a238c62551fdc4a
ar-ar_naming_serializer-i2-ro-o1-ln-c1-fx-a1d5df052510,ar-ar_naming_serializer-i2-ro-o1-ln-c1-fx,a1d5df052510748430ca54a27026ba5ca6441d8b68b85ff2af560a9cf026ce0b,8797b153201ab8e93fc8bed06fd5b6c6d6a4a32346ccb3ac3d268bed892cba9e
ar-ar_naming_serializer-i3-ar-o0-ll-c0-fe-b1d7261694bb,ar-ar_naming_serializer-i3-ar-o0-ll-c0-fe,b1d7261694bbdfec3fadce663deecf283065dccaad5f9500610eef37d1721e28,586a2c9b86ab7c0d3e08725a987c3d1f263317b6a36851339a72940eda2285fc
ar-ar_naming_serializer-i3-ar-o0-ll-c0-fh-92f314965034,ar-ar_naming_serializer-i3-ar-o0-ll-c0-fh,92f314965034bda9c40689197737d4b3cbb4cf04500f13c2048fe5397c14f0a3,aabbefaee4e606a8667684a62795bfaa2b500ca9ca88f2850eef9ed723bf4d77
ar-ar_naming_serializer-i3-ro-o0-ll-c0-fx-3ddcbdd43e74,ar-ar_naming_serializer-i3-ro-o0-ll-c0-fx,3ddcbdd43e74ab9065bfe72c476efe260027d6241af122198ff39abe79e9f77b,e0c59b4a782bce0f57cee9c7f4b58afa895a4011c532a5062b4c2af03e07e8d6
ar-ar_naming_serializer-i3-ar-o0-ll-c1-fe-216025d2b737,ar-ar_naming_serializer-i3-ar-o0-ll-c1-fe,216025d2b73788dbe90e904b4dd2f74a04f6636648220f4a98d45d1a0d65131c,abfe5183405e3071d3f26cadd395f47c94982ba4d44b93e840cfc8a87e412137
ar-ar_naming_serializer-i3-ar-o0-ll-c1-fh-d607adec4134,ar-ar_naming_serializer-i3-ar-o0-ll-c1-fh,d607adec41345c60660bd2f6de071f7a2b21a8bf62cbbaa6e49e0527b23b997c,a75d363a89a9c77ebbf222622edbdd3c7e2d1b14eb3d13608461e54dc5708f44
ar-ar_naming_serializer-i3-ro-o0-ll-c1-fx-f7a421b41301,ar-ar_naming_serializer-i3-ro-o0-ll-c1-fx,f7a421b413015abeca314988ade72808a78761a9657da0d3c043cd0b5a19bf92,f6f46bdeac19e9b89a6464dbd1fbf80cadd33c5fd728b1978a8ba3e24a639b0a
ar-ar_naming_serializer-i3-ar-o0-ln-c0-fe-0298c4b08ad1,ar-ar_naming_serializer-i3-ar-o0-ln-c0-fe,0298c4b08ad1c2e492ed7c9746e69d66e1f472e19deec827e8b1a1f8a9bdc1c4,9c8ab49cfd382cfd22a88a23d60bdba1dabc220fe9ee33dfed87dce7868e6016
ar-ar_naming_serializer-i3-ar-o0-ln-c0-fh-87a323e374a3,ar-ar_naming_serializer-i3-ar-o0-ln-c0-fh,87a323e374a36272cf82057b3bba8151671b4c5c3f59dcec3a74f7742178f1c4,0de744bd424e16689f8225c4d6bb2f775d5c449450779202750c3c4417ea0fba
ar-ar_naming_serializer-i3-ro-o0-ln-c0-fx-2d825bfb2962,ar-ar_naming_serializer-i3-ro-o0-ln-c0-fx,2d825bfb29626c095d8285d5a221fc57c02db047bf66188a07cf1ca68cbe1ae9,65267451ab5d65b960adc26d56235f0353a75489b74abef77b73e9d6b0fea5ea
ar-ar_naming_serializer-i3-ar-o0-ln-c1-fe-7766c2b16670,ar-ar_naming_serializer-i3-ar-o0-ln-c1-fe,7766c2b16670ad0daa5b8e5a66f67f435b61bb4a2d7970b1e93fd8c456266ffa,fafd604984fc970e67c500527beb1d7c98b385ef33736e5784d64c096b869b48
ar-ar_naming_serializer-i3-ar-o0-ln-c1-fh-38cc25ec4a85,ar-ar_naming_serializer-i3-ar-o0-ln-c1-fh,38cc25ec4a85e6dd91c1dad2d868b75da0e8e2c6091860aa29d9181d0aedbc21,a456ea0a2d55e0d234e58d98c371abc7a39cd73f203ed4021cff6ecd738915eb
ar-ar_naming_serializer-i3-ro-o0-ln-c1-fx-80698a5e434e,ar-ar_naming_serializer-i3-ro-o0-ln-c1-fx,80698a5e434edfb7f89adc08cefe44bc1946ecd8afd4bfea144fcf3f98e91f63,dd1e1427d7539b05eeb466dcae8db96fec981e526cb705de9afa78636d5bed69
ar-ar_naming_serializer-i3-ar-o1-ll-c0-fe-5f491a0b5dfb,ar-ar_naming_serializer-i3-ar-o1-ll-c0-fe,5f491a0b5dfb56875f6d7240024b60f20a0cc9edc5a8332e5d871b1d82b2eae5,8713c80c172c939a951232765ef637e3b8b1cd6ab86f23365549b78b53f0ff63
ar-ar_naming_serializer-i3-ar-o1-ll-c0-fh-12752847ffbb,ar-ar_naming_serializer-i3-ar-o1-ll-c0-fh,12752847ffbb1fb4e01a2f8cfb029cc10a38d9231724532bc9daeaed2e23db2c,42a0755c2f537ebb9612086c6c6a79eeada7d0cb1627b788e3ac46cb59df927a
ar-ar_naming_serializer-i3-ro-o1-ll-c0-fx-a820695decc5,ar-ar_naming_serializer-i3-ro-o1-ll-c0-fx,a820695decc5ccf90c31947087d46de4e3c2806fec8feaf1181c643daf86af99,e28ad0441bffd74674eeef50a6df0b207602b5ffdb817b49fc68e3bc742b2437
ar-ar_naming_serializer-i3-ar-o1-ll-c1-fe-58be978324a8,ar-ar_naming_serializer-i3-ar-o1-ll-c1-fe,58be978324a8b68b65db305a9d605736ccbc9c31c10774ca25664a791c3b3a98,d8dbd1b5e5a7a2d17000d9363d5ea93d8bafdaadd325c438f8e9c1a98d77de39
ar-ar_naming_serializer-i3-ar-o1-ll-c1-fh-2169fddb8e09,ar-ar_naming_serializer-i3-ar-o1-ll-c1-fh,2169fddb8e09007591fa6efb6a63eacc1d955f249ab9e67c877de85684c2a005,93b8aa392d9b17ebca963cb726686a65468ea9a2a6f010c259428c7ee46bc9dd
ar-ar_naming_serializer-i3-ro-o1-ll-c1-fx-9700007e1279,ar-ar_naming_serializer-i3-ro-o1-ll-c1-fx,9700007e1279eb9e349f2617d0a348752240d55d379ce4762885b3f77d8d8cdc,021c9207478a276694c8129de14964715ff5857c1834ec194ad4519f2e38fc7a
ar-ar_naming_serializer-i3-ar-o1-ln-c0-fe-7b4aa3555ed9,ar-ar_naming_serializer-i3-ar-o1-ln-c0-fe,7b4aa3555ed9a0005f7e9026ef6a611904a54a16babef0e1f3566742c406225b,58ec930c814938fbebab95ad2e5db9fc02a00b38f74433d8cf70c100532c0078
ar-ar_naming_serializer-i3-ar-o1-ln-c0-fh-2defcd2e6b96,ar-ar_naming_serializer-i3-ar-o1-ln-c0-fh,2defcd2e6b965c65b7087cf874e7667c5f8012a6bccc00000c24a4c350067597,a3b8b2bf5446fed4cf43a3e2bf9e20a736f287b585f6afb17735e1d92f2988d4
ar-ar_naming_serializer-i3-ro-o1-ln-c0-fx-11cc2a513f74,ar-ar_naming_serializer-i3-ro-o1-ln-c0-fx,11cc2a513f74fb03041e41f7fc626b09fc6987523bef5353f3c9251ec8e36693,d60ac8e12d731e410874e538b4a4252c69fbc6c8fe3ced6dfeb868c987ce5341
ar-ar_naming_serializer-i3-ar-o1-ln-c1-fe-51e9ca86204f,ar-ar_naming_serializer-i3-ar-o1-ln-c1-fe,51e9ca86204f5da2b0e02ce6781362b95fab61782ed8e8b07bfdd6fb4519f185,fc5350167a8e6ae1d2ca72d2265f21675f2d964e306594e03585cd523ebb852f
ar-ar_naming_serializer-i3-ar-o1-ln-c1-fh-084cada5c920,ar-ar_naming_serializer-i3-ar-o1-ln-c1-fh,084cada5c9203d387ff265679a9a9daf823f077a6d8228c8ad40e3cdc8b2f3ce,2b4e661a1078aa3503af1c9657d149168a4f68e38edecda0bd93c67fbd2f109f
ar-ar_naming_serializer-i3-ro-o1-ln-c1-fx-d461ffa38b63,ar-ar_naming_serializer-i3-ro-o1-ln-c1-fx,d461ffa38b639ea58b50ed36f9cf84fd20dc5b1814cf7ecf53624204779da253,33c6760d8f9131ec2d0abcd329cf3c76c26a2e876b7768f1bd0c0e5c3d047979
ar-ar_naming_serializer-i4-ar-o0-ll-c0-fe-2a35e1e3c79e,ar-ar_naming_serializer-i4-ar-o0-ll-c0-fe,2a35e1e3c79ebb4b305dc8d0b551971883919ec6e2c22adfbf75d251a978580f,da33605147bea435872f00921de2b8ee67f09a432aa39ad72c058b30d66b6d3f
ar-ar_naming_serializer-i4-ar-o0-ll-c0-fh-b055f1db2e4d,ar-ar_naming_serializer-i4-ar-o0-ll-c0-fh,b055f1db2e4d8826ee9cf7d1dd0ba2a566a86091acc9722aaad373b3f8ac4007,bd55374bcef7953ff5681fc21cf6e312715ef0a753f94447b5b849046ea6835a
ar-ar_naming_serializer-i4-ro-o0-ll-c0-fx-fab5703837f0,ar-ar_naming_serializer-i4-ro-o0-ll-c0-fx,fab5703837f092827dddee51d20b550929fdbbbffe79b188f58c54052d8b3993,cad783bc63a1904fc02864f2173cd10353bc2f9889a761f4ae0506ccbbe072c1
ar-ar_naming_serializer-i4-ar-o0-ll-c1-fe-b0e0900645b7,ar-ar_naming_serializer-i4-ar-o0-ll-c1-fe,b0e0900645b7db741216107b2169f6415cf361418dad51d50bd78f93c6351e17,89e6ba5558277ac17d4681fa071691ac3c2f79686726d15a30af77763da91901
ar-ar_naming_serializer-i4-ar-o0-ll-c1-fh-1ece5c608e7d,ar-ar_naming_serializer-i4-ar-o0-ll-c1-fh,1ece5c608e7d48b8826f28d65fb786da44481e9f2576e1dd66c65d24bde353a1,b5f62092901af99a00eaf1279062bffb23470a19592e815b8d469ffcd6be3974
ar-ar_naming_serializer-i4-ro-o0-ll-c1-fx-2b70572ee023,ar-ar_naming_serializer-i4-ro-o0-ll-c1-fx,2b70572ee0238d8e22170082d08d9259fe2d71e328c160fa7be5afecfec9af5f,873030ea28e47f694508fb5545f093c47a69e7bfff8e8bfd5cd02c653ea3d480
ar-ar_naming_serializer-i4-ar-o0-ln-c0-fe-17912cc45937,ar-ar_naming_serializer-i4-ar-o0-ln-c0-fe,17912cc459379e1cb4237efdab605d55b9aa328e6622b9563009293bdbef19d9,01bd47afc4678b1d202084d6b1a742f9b3f860ab933761998e61f446a2dafede
ar-ar_naming_serializer-i4-ar-o0-ln-c0-fh-0be4e9b4fa20,ar-ar_naming_serializer-i4-ar-o0-ln-c0-fh,0be4e9b4fa207a4c693d004562af4feb774f84047d61239ff3575b147debb6fe,8116a33a89a1134cfe282ce9b39807d025b7e9fe259eb9fa28fc645d9893dd7b
ar-ar_naming_serializer-i4-ro-o0-ln-c0-fx-d33022eeab21,ar-ar_naming_serializer-i4-ro-o0-ln-c0-fx,d33022eeab21c0b34cb3d1aa7c1eb8dda120d1fe25828d9eb125bc8797384eeb,245a06506cef67896135f94f0e0cdc253cbf674d6dbc33a20d73fef41af9aa94
ar-ar_naming_serializer-i4-ar-o0-ln-c1-fe-539842279496,ar-ar_naming_serializer-i4-ar-o0-ln-c1-fe,53984227949677c61f5bdaf86e4f9169e7866db9f0a945f218192e5cc5f3f655,d42bc3c62bb18054516cd308f06abe2d4b4e92c0534ed3b06a2db9e39cb33fc9
ar-ar_naming_serializer-i4-ar-o0-ln-c1-fh-71032139be03,ar-ar_naming_serializer-i4-ar-o0-ln-c1-fh,71032139be0352e86ffda8eca3cea0c53943eb92ed2fdc1f63ac464082507cea,ac7eeb91319bafe0147af5cc95331ba98909e0d66b0fdf7c129317baabf260f2
ar-ar_naming_serializer-i4-ro-o0-ln-c1-fx-6be2c2a922b9,ar-ar_naming_serializer-i4-ro-o0-ln-c1-fx,6be2c2a922b9e3a433896ecea9aedb8138052bc036f8fa5086f2dc09dcfddf4e,d8a07d2aa0edb46acd0f1b4dca7aedebf516fb58a45ee181894329221f658f17
ar-ar_naming_serializer-i4-ar-o1-ll-c0-fe-26143936a607,ar-ar_naming_serializer-i4-ar-o1-ll-c0-fe,26143936a60757c14e8b52036066bb6df48eef89f3206acbf533ab2fd0625828,1e90e87dcd59c5457a099185ae2d4d1daf85350da6c9022e553259770b272059
ar-ar_naming_serializer-i4-ar-o1-ll-c0-fh-5f9584171a86,ar-ar_naming_serializer-i4-ar-o1-ll-c0-fh,5f9584171a869fb6b4803f31f8f0a22e2c390701022d474be08c3cae050d48c7,8ef18488d80faf239c88f8634cd9c4cb8e16149ef396238e50f367a30ecc71bc
ar-ar_naming_serializer-i4-ro-o1-ll-c0-fx-7e6072fa7dfc,ar-ar_naming_serializer-i4-ro-o1-ll-c0-fx,7e6072fa7dfc10a255de0dfd3b2f02c28c8de600f929b94833373e0ebb409458,2290e7f145ae01949aff68f0a170f6aa45ef34c3741bf90764470a6d0784ecae
ar-ar_naming_serializer-i4-ar-o1-ll-c1-fe-2e981daaac9c,ar-ar_naming_serializer-i4-ar-o1-ll-c1-fe,2e981daaac9c089d57fb57f518331bc9b8c79898001fe63d52393c1a2471174d,d729fdb9b91de4f29ca17fbf0b8e1f4e0a6322dc078e83a00adb9b76b2a23de3
ar-ar_naming_serializer-i4-ar-o1-ll-c1-fh-d5a599437608,ar-ar_naming_serializer-i4-ar-o1-ll-c1-fh,d5a599437608addca969e88ea1bbe2d857859a4ae6b728461e7c364e07850c03,93c4afa7b78f506d5e63d72a5e4294e235bbbbccef581f64c86cb3b19536612a
ar-ar_naming_serializer-i4-ro-o1-ll-c1-fx-32c952961e5d,ar-ar_naming_serializer-i4-ro-o1-ll-c1-fx,32c952961e5dcb36169569f2dcc2fe7ce757f7317f5c10444902307d0c58a175,8ed483155e412af39e8d0d96d0184ff299e54588e84bdf62c37f60f524a544f5
ar-ar_naming_serializer-i4-ar-o1-ln-c0-fe-59a10ec4d838,ar-ar_naming_serializer-i4-ar-o1-ln-c0-fe,59a10ec4d8385194a83818c3d66e0467e63b74f44b1e66918b0e7e9af41a22f0,b5cd3ae0883681906da767c0bf490edb8ce9167061ea3f892d8f4f8d55aead54
ar-ar_naming_serializer-i4-ar-o1-ln-c0-fh-b300d89b6f42,ar-ar_naming_serializer-i4-ar-o1-ln-c0-fh,b300d89b6f4252954f87b532f8c60dbcf43784f42e53f12b514b990d5ed60058,3cde4e6d6e0de92fbd7550e5609590fcffc4fc3e9625ebca8847662adb5f08f6
ar-ar_naming_serializer-i4-ro-o1-ln-c0-fx-8714da43755b,ar-ar_naming_serializer-i4-ro-o1-ln-c0-fx,8714da43755b2410030b5c322e0302e8ddff2725f2c07bdeed2ae36992e4d0d1,bbd0f481f3cbd8a25d97de5fbf2aa9555adef4b3964d81a78fa3dbaa57d4d223
ar-ar_naming_serializer-i4-ar-o1-ln-c1-fe-f78d42838d97,ar-ar_naming_serializer-i4-ar-o1-ln-c1-fe,f78d42838d9773d19b5d28853e9f7bb029716028399be6fbf4b7684652d20ba5,428d615f908cdab778a58b604a9095f31a2131afca2dc63da79de04a45275ce9
ar-ar_naming_serializer-i4-ar-o1-ln-c1-fh-1f2921cfd034,ar-ar_naming_serializer-i4-ar-o1-ln-c1-fh,1f2921cfd03417de8322e42b9a0d8b02fc29a421afc9ebd46e16ea55300d7e26,b6ef134f6ddb7808fc796169600e43a57c3b0c50a4b32388caca549aa2444e82
ar-ar_naming_serializer-i4-ro-o1-ln-c1-fx-0d504f29c890,ar-ar_naming_serializer-i4-ro-o1-ln-c1-fx,0d504f29c890ed7c3b2953f571f95c3a81ea0242900c0826394d530fb77896a0,03cd553ba83430b2a72a9693f028975f0cb13a68c24fe51216e5c079a41613c0
ar-ar_naming_config-i0-ar-o0-ll-c0-fe-2f1f6ba335e9,ar-ar_naming_config-i0-ar-o0-ll-c0-fe,2f1f6ba335e9766751fd177753c7467b29bbfe57032a753a67b2b4512e091767,ef3309d9fb63f1775f0a35262226bd81a5a1388f7da2f52200f21836561d1562
ar-ar_naming_config-i0-ar-o0-ll-c0-fh-835ca1fe3007,ar-ar_naming_config-i0-ar-o0-ll-c0-fh,835ca1fe30078e10831559f090c0d93f1465fb2ec2b599ab09427bdf2eb0a8c3,450146e647d7f318b7a01a25b978e80fab3284e16f4c6010cef4c7f5546a0548
ar-ar_naming_config-i0-ro-o0-ll-c0-fx-f516dcc56620,ar-ar_naming_config-i0-ro-o0-ll-c0-fx,f516dcc56620317f01fcf4694e9319de1e247bd5ee25a9487ba1439e29bca616,26fd25f909fb9f3df4359cd014d2a7b197139281625181c81dbddb6ad0ac5e66
ar-ar_naming_config-i0-ar-o0-ll-c1-fe-037356113a9a,ar-ar_naming_config-i0-ar-o0-ll-c1-fe,037356113a9a7b6567b6b42f6d7c8831d88daba388df874d461898366db56d63,7a247106f42030fd38991f5c230feae2bbcb1c9226059ea7f61299391cce19cb
ar-ar_naming_config-i0-ar-o0-ll-c1-fh-105c408117fd,ar-ar_naming_config-i0-ar-o0-ll-c1-fh,105c408117fdaed5ad69fbf06aab639cb29bc50a7f299ddb6762e9a19d91a935,398c7ca983a6a1f4a3c47ad48bd7dd4d898484fb8ef89591dba518e65acb5031
ar-ar_naming_config-i0-ro-o0-ll-c1-fx-6a7b567d957c,ar-ar_naming_config-i0-ro-o0-ll-c1-fx,6a7b567d957c11d0d72e7d96b8858de8579f23110184f23850900f3f26a0fa1f,9fc743b80c7cec314ccd7c0f14cb6911838bc391720ac7af99390cc044c2407b
ar-ar_naming_config-i0-ar-o0-ln-c0-fe-26f03fd6f55e,ar-ar_naming_config-i0-ar-o0-ln-c0-fe,26f03fd6f55e7b50a90169657017fad84f3153224419b324a45b6980c0d4ac6c,7e24b5476ed739bf0e3e745a12734528d708445001d58bc11a807771338ccacc
ar-ar_naming_config-i0-ar-o0-ln-c0-fh-46faf74e336f,ar-ar_naming_config-i0-ar-o0-ln-c0-fh,46faf74e336fc89de670d7d65922b22c4fdb0c2f934123791df6b2642aac8c2e,973b92551d16208e125b54968cd7a8cf8c4e5d87905cb21179591c7b6bec2663
ar-ar_naming_config-i0-ro-o0-ln-c0-fx-d34193ffb408,ar-ar_naming_config-i0-ro-o0-ln-c0-fx,d34193ffb40818e2b51a7983be8fd33e6c5791ae5e0213ba543598359072eccd,d275c53be3ca4b4da1b2b03cb4f535196ebdcb4b6429cc7b1cf700a30076cef1
ar-ar_naming_config-i0-ar-o0-ln-c1-fe-91afbd161dea,ar-ar_naming_config-i0-ar-o0-ln-c1-fe,91afbd161deacf1cf1a406aad735a682b4ba196b73c9cf664e4358d70e784ba7,66a715028e2a165ceac790ab0df3a18b01ad3e35040d6b6cdc20b0a5cfd93fdb
ar-ar_naming_config-i0-ar-o0-ln-c1-fh-9d5c8e1e09ed,ar-ar_naming_config-i0-ar-o0-ln-c1-fh,9d5c8e1e09edd8360307b0d0740099688a4a3a5409cd5afae11f42ab10d312ee,1202005a5a26aeb3c8e3850a7a13ad2a2ec43b8d71a56b790accbf0971a3aa1b
ar-ar_naming_config-i0-ro-o0-ln-c1-fx-ee8e68c15946,ar-ar_naming_config-i0-ro-o0-ln-c1-fx,ee8e68c1594666f8373e77cd2bd25f0e5ba291c8d128bc0efa63f763954114e0,176fba829bc6a212736acd055c2ce1bc19cbc6eb15f0263b9dd006f9d1e411e4
ar-ar_naming_config-i0-ar-o1-ll-c0-fe-a553bf5d7d69,ar-ar_naming_config-i0-ar-o1-ll-c0-fe,a553bf5d7d6901a007ff95f78aef733614bda57d5430bb79447b01ed83d21c14,df56941e8d97416db6c1ac37902fe0e76265b6d6ab9ad1cda612ec9fc1ff1a22
ar-ar_naming_config-i0-ar-o1-ll-c0-fh-d4fcbcc7c4a4,ar-ar_naming_config-i0-ar-o1-ll-c0-fh,d4fcbcc7c4a47f6a01444f0cb434907408cb37c7ab35ffbbd944d7b8784c430a,633fd48a28d475e7459c5fbf87708ae0764d760b79d2046d9f012eea3923f54f
ar-ar_naming_config-i0-ro-o1-ll-c0-fx-322ac9160980,ar-ar_naming_config-i0-ro-o1-ll-c0-fx,322ac91609804bed078e5d9d89e1f538fe6721f7adcd3c6c7d1e0613ddc64bb0,2f054c82de44fd4e0af194cfd1d200766df9b15cf41c7c564046f2c872a73bb5
ar-ar_naming_config-i0-ar-o1-ll-c1-fe-f3be9997f6f1,ar-ar_naming_config-i0-ar-o1-ll-c1-fe,f3be9997f6f1a96630492a5362f853278958e07b2d5f04750797f4a440efc614,6c83abff646bc930cbf9536e99465ab4f51a0ba864bb76beb0bd8040583b140d
ar-ar_naming_config-i0-ar-o1-ll-c1-fh-02ea26b0ff0f,ar-ar_naming_config-i0-ar-o1-ll-c1-fh,02ea26b0ff0f8758c48fc1d5ebe347ad9fc9a24e0b8cfc6835cc7ee1f1cf514c,f1d59aa940d01bb3760f08c2d34373347e98a5d53dcdba35881887c4ab476125
ar-ar_naming_config-i0-ro-o1-ll-c1-fx-e1cb7157d514,ar-ar_naming_config-i0-ro-o1-ll-c1-fx,e1cb7157d5145dd7343e9c493561889df675b4b56cce9aad82be736ad4223c22,dc2566dc237d705b4c42245a8a0a2d71057f535c89d9bbcec65409677fef27b0
ar-ar_naming_config-i0-ar-o1-ln-c0-fe-31ca28347ccc,ar-ar_naming_config-i0-ar-o1-ln-c0-fe,31ca28347cccb88b811f774d5a0537ca02685def95c415f6a7da35e14e53c531,ae90771b88d3c784ecd2db255425452e9ee0ab2f0709513995f71cf4f7fee618
ar-ar_naming_config-i0-ar-o1-ln-c0-fh-0821252bcb6e,ar-ar_naming_config-i0-ar-o1-ln-c0-fh,0821252bcb6e64fac34690758579e1d8ba38a9b410076c47cb25e0433ef8791d,26e15de9a9d472f607e9ab31be657cbc13cf5056fb7da04bd06e722d395a9417
ar-ar_naming_config-i0-ro-o1-ln-c0-fx-c591c82e13b8,ar-ar_naming_config-i0-ro-o1-ln-c0-fx,c591c82e13b86d6a95cb9f4d96b24d8ede36668925a17b0ec6959ac0814617aa,d9d9cc1a20b374a123ce24e0e14e1224b5b9cea3a49b51ef3f06c0ae5cbce5ea
ar-ar_naming_config-i0-ar-o1-ln-c1-fe-cc4cf616e0c0,ar-ar_naming_config-i0-ar-o1-ln-c1-fe,cc4cf616e0c01e2623833e952fc8814f97bdad7ac9a03f3b452bb1ee4bade2e8,9ef0582accbdc6e433f4cf8304f4e62901da2921c8636e94a645e93604e0fffe
ar-ar_naming_config-i0-ar-o1-ln-c1-fh-c3f9e96885c9,ar-ar_naming_config-i0-ar-o1-ln-c1-fh,c3f9e96885c97869e39c210203bb1ef45e65ea7ed46359ca7fc08ce770792d46,4d517f757b83ed623a01c613d63e1e8f891ecd0ce5b0de80c4dd523645442a3d
ar-ar_naming_config-i0-ro-o1-ln-c1-fx-d90c9cef94f5,ar-ar_naming_config-i0-ro-o1-ln-c1-fx,d90c9cef94f50ec342733b8ef9a84f8a3fcbacffeea39ebf2bac055856bfc072,a49b6e6b0ee987a691d03c3c28e3a03cb55d850fe6fdc30cf60b6df8bae8ad38
ar-ar_naming_config-i1-ar-o0-ll-c0-fe-0b76166e0546,ar-ar_naming_config-i1-ar-o0-ll-c0-fe,0b76166e054692c01b51f68969ee8470cb88031a57b32d3513ff4787b7de0b5b,c87ea44183af06375f54e1ab1e244ab16e087af4149a85f1da55fc9ce1c80388
ar-ar_naming_config-i1-ar-o0-ll-c0-fh-cce8aee90446,ar-ar_naming_config-i1-ar-o0-ll-c0-fh,cce8aee904467a6dbae15c9892c5bfaece8742d9b60de8d6bda66aa260e5120b,82dd02868b105472ecff336d4e3befd621953951f049bd63f89e6905c47978d3
ar-ar_naming_config-i1-ro-o0-ll-c0-fx-3793fc9d203a,ar-ar_naming_config-i1-ro-o0-ll-c0-fx,3793fc9d203a9d96e67c490a451fa347e57627612a364361d79bec714752d102,9c62ba037575b70a8bf698f3fc73abcda57cd8dd58f83d0722783846cd16011f
ar-ar_naming_config-i1-ar-o0-ll-c1-fe-663347433e99,ar-ar_naming_config-i1-ar-o0-ll-c1-fe,663347433e99bde0bfeb0673d67c1d68405209f2795c799f3a82298c72291601,8dd8dc364d76b5aec53e91723e4cd33203c66b3de586bd9fcef0179a281d1093
ar-ar_naming_config-i1-ar-o0-ll-c1-fh-7458cb9aa4fe,ar-ar_naming_config-i1-ar-o0-ll-c1-fh,7458cb9aa4fe1a16683b4a38207f4c605adb54e746b9ffa5d625bfedce53131d,7ac9d533ce006a7acd0abef812a9f699169dffec309eb37c6d364bdfb02142fb
ar-ar_naming_config-i1-ro-o0-ll-c1-fx-951a7d51d02d,ar-ar_naming_config-i1-ro-o0-ll-c1-fx,951a7d51d02dabe629d5c34cfe68b3c17f0ded297198e649273d93c915a4a8df,17d3059ea79df2167b75e02d1ce68100ad757559b4a5e163d176587c0bd1ed83
ar-ar_naming_config-i1-ar-o0-ln-c0-fe-eb421ad1237a,ar-ar_naming_config-i1-ar-o0-ln-c0-fe,eb421ad1237aa2c69825519ae3d4350b254a65927a4befc0825f5e5a0b846d88,f89b249b4e2e1763a87cbf1074bb260c9d1727649fedf672a101fb9a208f48e1
ar-ar_naming_config-i1-ar-o0-ln-c0-fh-21e41153ed3f,ar-ar_naming_config-i1-ar-o0-ln-c0-fh,21e41153ed3fde88634abe39af079ab3b511d7fd286fe801ecc3ae515115a086,51dd66da50ceecc1548bc7dbddbe4cdcb8fb51f67464ad53fe6023b9650423eb
ar-ar_naming_config-i1-ro-o0-ln-c0-fx-5deb73e15fd3,ar-ar_naming_config-i1-ro-o0-ln-c0-fx,5deb73e15fd31fdbf3d1dd189fea3b554ac03fdc58627e46e04b8eccf22c9b9a,742ad908c73f49d0383d1799fc03c64982f42da5c11c7d29f0aa4741e44b189e
ar-ar_naming_config-i1-ar-o0-ln-c1-fe-699333f919f6,ar-ar_naming_config-i1-ar-o0-ln-c1-fe,699333f919f6b47cc519d0ced5aa938efb057c2792ecd7238556b9191c56228b,a2083f75b7acaac19b3e59ab42ec95c0143e7887dcfcf51d73d53f5e21baffac
ar-ar_naming_config-i1-ar-o0-ln-c1-fh-d4cb82533488,ar-ar_naming_config-i1-ar-o0-ln-c1-fh,d4cb82533488b907afb896afdd88fe77c9ead9743817fdd59a47a21ee3f250cb,01942ea4f8f693c3c80b7bc11b0338fce053bafbbf905883ef220f3a761a7dc7
ar-ar_naming_config-i1-ro-o0-ln-c1-fx-4419287a0126,ar-ar_naming_config-i1-ro-o0-ln-c1-fx,4419287a0126e28c4b86157a73b99cb5ed665b05321e415aaaaee9960174dd5d,d842fe2b7bd20733b4ea7803d6ffe3bc611942a4749af269e05d745381fb091a
ar-ar_naming_config-i1-ar-o1-ll-c0-fe-bcc88e20fd63,ar-ar_naming_config-i1-ar-o1-ll-c0-fe,bcc88e20fd63e4e7908eed28bc056f258cb958269956f8d230a184a7dd63adb7,056cf33402e5184168ae55d4ef720bc5923de0bd5b79403eff6d9123ba149764
ar-ar_naming_config-i1-ar-o1-ll-c0-fh-799d717641a1,ar-ar_naming_config-i1-ar-o1-ll-c0-fh,799d717641a105ca4700354b72cedfaac2f7cb7e8d782effc935518ccd0753da,7d56ac087d2c1b33da800b18c6b46857160ebaa72b10fafc13e67fa52d0812c0
ar-ar_naming_config-i1-ro-o1-ll-c0-fx-4b476dc8d26c,ar-ar_naming_config-i1-ro-o1-ll-c0-fx,4b476dc8d26c89d04d6424f5341fafd3e9fb59bc558ab1572c40c86637205e5d,7b1d38adc89d63fcf12482d750accf527be8525c512d40ed87dbef074bf0e359
ar-ar_naming_config-i1-ar-o1-ll-c1-fe-07b6a483fe08,ar-ar_naming_config-i1-ar-o1-ll-c1-fe,07b6a483fe082368dafc028daad9bf133e3ea2f1d4bc62cb06a77f03b9f63f66,6754af62e42284ed4a8cd9468feb4ff6e998ce28a7f1f2605591902f7ae7020c
ar-ar_naming_config-i1-ar-o1-ll-c1-fh-f78f2088e099,ar-ar_naming_config-i1-ar-o1-ll-c1-fh,f78f2088e09913a5610a1828b05d715e06e34fc51ff7b0f0e7afe6473451c738,d20262dbe90ef7e830f70080e463986886df55d3be30e096cef48dddaea2e315
ar-ar_naming_config-i1-ro-o1-ll-c1-fx-8053e0d4ead9,ar-ar_naming_config-i1-ro-o1-ll-c1-fx,8053e0d4ead962dcd5eb287b7c3430320986106db20da32bf6ac350837299adb,1f21663eb56eff0a73da1b6e3756cd50a91294743978483c1469b7b8bb53551b
ar-ar_naming_config-i1-ar-o1-ln-c0-fe-e5099554147a,ar-ar_naming_config-i1-ar-o1-ln-c0-fe,e5099554147a6e4211290ad59fc6219969afe170a16648b637987c71ce897b27,53f4f7562c73266d3aba9c071107491c24d9a6a10bee3b2383ce72dbf9edb7df
ar-ar_naming_config-i1-ar-o1-ln-c0-fh-f7b5428e5ee9,ar-ar_naming_config-i1-ar-o1-ln-c0-fh,f7b5428e5ee9efcbbee42dbd2afdbb98c62224d3b36652330aa4a2c97cf50827,ceeca758f29c28d4e1e0c3b8b77c740c32312325c010269de37cf2abaaee61aa
ar-ar_naming_config-i1-ro-o1-ln-c0-fx-bbe34b9b9c22,ar-ar_naming_config-i1-ro-o1-ln-c0-fx,bbe34b9b9c22dbdbb64492cd35b1f322806bb048ba734ce32a6f08bc5bc6864b,3d3e344fbdebc8ae3a84d986078ec438ee8766a51376935ffcd53682c8bf6f14
ar-ar_naming_config-i1-ar-o1-ln-c1-fe-4fc457c6068e,ar-ar_naming_config-i1-ar-o1-ln-c1-fe,4fc457c6068ef5f9e84295e1da61f33d1649022c72769dd44efc2b19a87ef88d,2042540f4e28f6a19fed10bce7f9006786203be1aa18ba089c9bfb4a0933ebd1
ar-ar_naming_config-i1-ar-o1-ln-c1-fh-0d3b981284dc,ar-ar_naming_config-i1-ar-o1-ln-c1-fh,0d3b981284dcabb30dfb69024e18bb7253cd8b61afdc7ca457121f5b7c3dd37f,d0700c872eae49f3a09f0def42293d6e5356b490e8ea2754ea4db19a5d8c6c80
ar-ar_naming_config-i1-ro-o1-ln-c1-fx-fea22dfccb87,ar-ar_naming_config-i1-ro-o1-ln-c1-fx,fea22dfccb8797ebb026fc5a1f48fef76ba2593757d47711c59296fa1e62a58a,1792eaffb28d0561f15535cfb8dfc2b83364cb15d763876052942c1e8b385bc2
ar-ar_naming_config-i2-ar-o0-ll-c0-fe-ee653bb61e47,ar-ar_naming_config-i2-ar-o0-ll-c0-fe,ee653bb61e472d35c03d2d3279b75d4bf734b87674b75ecc2e99d6b6dd7298c9,17b30a7a2ee03f1025c369e7ca68487a7f8e34763f394153483c9d3928d19af5
ar-ar_naming_config-i2-ar-o0-ll-c0-fh-7deafcad4b7f,ar-ar_naming_config-i2-ar-o0-ll-c0-fh,7deafcad4b7f2dd713fd1a2c37fa4c88ca870c22f3a90c24149bb98bf0e05d77,fa23f7d1975d03921f3389c979a715d132c19e6c5ccc688beb59802cce3a1cc8
ar-ar_naming_config-i2-ro-o0-ll-c0-fx-79d3140b905c,ar-ar_naming_config-i2-ro-o0-ll-c0-fx,79d3140b905c3b6397a5900df728f1b7db8ef796e1255ee1b43f454a8d2c6b04,5dd6a457c02c525fde12a7eb09fc79c57f5bf39210a684dddc45505c77509e9c
ar-ar_naming_config-i2-ar-o0-ll-c1-fe-a899278c0395,ar-ar_naming_config-i2-ar-o0-ll-c1-fe,a899278c0395982b810bea2c069d8b23377e17d1978c88ffa6aa76d2c3078614,0e457dfebc452634fb2ffa5ac76832c9b92c71d1554da8b34b6ca1c46fea8df6
ar-ar_naming_config-i2-ar-o0-ll-c1-fh-059ee71c2d07,ar-ar_naming_config-i2-ar-o0-ll-c1-fh,059ee71c2d0770425180e84a5e0e95c04857fdfb37d4991fddb45418415bf967,ce934b83f5ca4f9ffebb3fa9985970d231aba88fd876a374b15713813a43e761
ar-ar_naming_config-i2-ro-o0-ll-c1-fx-3913fa91f2bc,ar-ar_naming_config-i2-ro-o0-ll-c1-fx,3913fa91f2bc50ae4fb50ea8bbe62f339a313644da37a3e1cdd35913736a170c,38a2ac3f7fb8c6637c55f5ff03de27f8d72b7fdce073f46eea3a7f72ecc5c94f
ar-ar_naming_config-i2-ar-o0-ln-c0-fe-3e26199a299f,ar-ar_naming_config-i2-ar-o0-ln-c0-fe,3e26199a299f11ae8980ff5704398333620b27680afa1645550ce4c95e9b8fab,1a4cb77618fd74728e0484cbe8c42cbde495e65b55af4ba718fb381fe6e17e37
ar-ar_naming_config-i2-ar-o0-ln-c0-fh-f1c52a83a47e,ar-ar_naming_config-i2-ar-o0-ln-c0-fh,f1c52a83a47e6cc206410c01d38def1d1c57d21eb253a0283ac5d58586f76686,4295daac940766e0910c8e7e4447238c662e790ab04381c82e8c20d446012ead
ar-ar_naming_config-i2-ro-o0-ln-c0-fx-e61d4a34155b,ar-ar_naming_config-i2-ro-o0-ln-c0-fx,e61d4a34155b685ccfbc5560c3027367d5080451b007b7e210bc495df3b2e27e,82ab1d82b65e97e0691b3f72a0fc6746d7cb47c5e01d3aa4b38896c23efef04c
ar-ar_naming_config-i2-ar-o0-ln-c1-fe-b20fcffccfcd,ar-ar_naming_config-i2-ar-o0-ln-c1-fe,b20fcffccfcd16e4df0e149f6ff05e930af1f3fc6fdf1811ba51dcae125eaa59,57021db2bedcb82fcb8b397192a417642b778e74cdf657d6ea24a0f9af706b18
ar-ar_naming_config-i2-ar-o0-ln-c1-fh-85a1633b6b05,ar-ar_naming_config-i2-ar-o0-ln-c1-fh,85a1633b6b0587b6a1e12c8a7638d28ceb4bc97b92616c63510c3e80e2c9a812,ea9106e15743b117967d6d0e0632bf6d78267eb5e53d15ea4719e35570199463
ar-ar_naming_config-i2-ro-o0-ln-c1-fx-598a2cd70d2f,ar-ar_naming_config-i2-ro-o0-ln-c1-fx,598a2cd70d2fd5a54d5bb5c1e05a9d6eaf35ae12921047546f96927874f2adb0,2d02ec3554a972bfe6c54aaeda9e9e6a892e483482dcfecaa6f110cabf7874b1
ar-ar_naming_config-i2-ar-o1-ll-c0-fe-5e12580ffd3e,ar-ar_naming_config-i2-ar-o1-ll-c0-fe,5e12580ffd3e159d4cf633288f698edbcb0cc6d82b66db1b3d61f043b4e2a03e,ddf8147ff08fb79c08686bc79349412b0119e9ae11d13ddfdfe81eb2b4d6a0b0
ar-ar_naming_config-i2-ar-o1-ll-c0-fh-3040129f8b69,ar-ar_naming_config-i2-ar-o1-ll-c0-fh,3040129f8b695e4f4828ee00c2f2cd77b17f7e4c4fc32213993d0a6908cdb4b7,72f2595dc179f4e66aaea06ee70d1bab2085d81cf9d3115462863584b1829679
ar-ar_naming_config-i2-ro-o1-ll-c0-fx-01cf0af1a3c2,ar-ar_naming_config-i2-ro-o1-ll-c0-fx,01cf0af1a3c282dba9e12320a69deee4622f2573a2940d98f76582d2e2c9916f,d743489bf9a745d6869495e392462320d6721fe537383c955034afbbe135fb66
ar-ar_naming_config-i2-ar-o1-ll-c1-fe-f6687d7e89f3,ar-ar_naming_config-i2-ar-o1-ll-c1-fe,f6687d7e89f3774d0457d8f1d966bb675f64dc164c590f355de94e6090852be7,fcd4d1654ac1d5ef99583a8980564c94b8675524b6b734b9c15c20a1ddbdcc73
ar-ar_naming_config-i2-ar-o1-ll-c1-fh-647cba8385be,ar-ar_naming_config-i2-ar-o1-ll-c1-fh,647cba8385be61412e7f524d2cb5195419ef08228cd0d131e38f4b09ddcdfb9c,1497305e6b3e4e71d308b028935deb8f76440bfb75f46be58968332a490fc5ef
ar-ar_naming_config-i2-ro-o1-ll-c1-fx-532604a24213,ar-ar_naming_config-i2-ro-o1-ll-c1-fx,532604a2421317f9c82c6851ca2fadb20b6333084e4df77cfb288d5f62a7e449,57bb8ff9fee5b85e0109e0f2e6c5ef13c023e3de3cfd6cecdb876f0356556858
ar-ar_naming_config-i2-ar-o1-ln-c0-fe-37f36b76fe43,ar-ar_naming_config-i2-ar-o1-ln-c0-fe,37f36b76fe43a2847454a1c72734daf5d6bf44f8fdefdbe7a343de802e3f5c0a,ae2a86da79fb6dae69ed5fd72120c0ede8e29c385d7d527d81bbdd410d2e2b87
ar-ar_naming_config-i2-ar-o1-ln-c0-fh-cd134a9fec83,ar-ar_naming_config-i2-ar-o1-ln-c0-fh,cd134a9fec83533618a3eb98247aa9e02e37042c40d65da4dd414cb9e3c9a426,56e8b8de35563cfc6da77b29521b8dc4c64feb2c0eeb45147fbed0c1662da164
ar-ar_naming_config-i2-ro-o1-ln-c0-fx-ccdc6dad3440,ar-ar_naming_config-i2-ro-o1-ln-c0-fx,ccdc6dad344045750b0f2410906507cf12d837b286d592883ac0d4488888d2e9,621c4f807bf852877179c873a258afbd5f7000f0125d75327112e129cf8e949c
ar-ar_naming_config-i2-ar-o1-ln-c1-fe-1bc9ea70d8d8,ar-ar_naming_config-i2-ar-o1-ln-c1-fe,1bc9ea70d8d8977e3f8364f2de50860c114d2e540e8c71464928c26a05f0ad54,71711066d422fc031e4d8bfe9188a5efd3a752a4ac6cae82b18bbea4c39057e6
ar-ar_naming_config-i2-ar-o1-ln-c1-fh-f43e72bf10be,ar-ar_naming_config-i2-ar-o1-ln-c1-fh,f43e72bf10beaf59f1148bba009e8aa6a7f824ee86404b572a796e0ef4ae3858,2f9252633d30ca6579e893b6ad795d48741029f20a94e8aca2aa18c5767c6748
ar-ar_naming_config-i2-ro-o1-ln-c1-fx-3ca2bc647421,ar-ar_naming_config-i2-ro-o1-ln-c1-fx,3ca2bc6474218faf45e0b626ab981dea80f8de1318c2d562c1e03f841f6f0091,615957a980ca3509b05ebcea45f8c243d068ba083a42e674723a97f7e7149d36
ar-ar_naming_config-i3-ar-o0-ll-c0-fe-b149dc49f508,ar-ar_naming_config-i3-ar-o0-ll-c0-fe,b149dc49f508b34bce9b2cd02551f2bbfc65988f32ad59effa4e0901a9b47860,fc488742a715212c848ccd80a1287ef5e92990ca4834e459a08a552ca833045b
ar-ar_naming_config-i3-ar-o0-ll-c0-fh-250150d64fc7,ar-ar_naming_config-i3-ar-o0-ll-c0-fh,250150d64fc76f6dcc2b21544ac095cce5f19aec25a86d61b52067c50f0bc4ee,a2075a8b5b51e41570d33dd0d38de70dfca79741f1ea58a11b6a4f0eed30b934
ar-ar_naming_config-i3-ro-o0-ll-c0-fx-e25063fbe758,ar-ar_naming_config-i3-ro-o0-ll-c0-fx,e25063fbe7584b9395e9a083540b947cbc9227892dd43aca42f3bf9ab9844267,f46ffe14c595a226eeba1deffdeca92203d1caf862d9b0e9abd709aeca4a77f5
ar-ar_naming_config-i3-ar-o0-ll-c1-fe-5fc1d9d3317a,ar-ar_naming_config-i3-ar-o0-ll-c1-fe,5fc1d9d3317ae328fb698609edcefa44717b11a2ca1b55d103d6689ec2da8c59,c60a61ee01a2a5c01af1861309e9a4f4addf05553fb37aed975b8e44286aea60
ar-ar_naming_config-i3-ar-o0-ll-c1-fh-a73049902e30,ar-ar_naming_config-i3-ar-o0-ll-c1-fh,a73049902e30cf9b3024745ade60a231b449780d2f0197f09fe93efda0d1bf81,95dcb88d1a654c3c7edca9be731d7f3667e36e452bf9354a14c0b844689335a3
ar-ar_naming_config-i3-ro-o0-ll-c1-fx-72b14f34c20b,ar-ar_naming_config-i3-ro-o0-ll-c1-fx,72b14f34c20b141635765b8a3b95690190cb793131de172964b21d4d97c4248d,e1ecee773cb21a676b9dadda49e44bda0685483104d18e8b498f14946e7a384d
ar-ar_naming_config-i3-ar-o0-ln-c0-fe-416c5067a092,ar-ar_naming_config-i3-ar-o0-ln-c0-fe,416c5067a092d24448b9cfb4b8b1c19838ba30c1b447e1261df3aaca190213cc,fe4c97a44d32bd7620be590e044c16907e2f01b84c058216a6d702bbbc5d8e76
ar-ar_naming_config-i3-ar-o0-ln-c0-fh-81c022991088,ar-ar_naming_config-i3-ar-o0-ln-c0-fh,81c022991088793e4274293d3cb78860628ae9ad6958873ab02215e20d263ea4,66963e89c3ba89689f4d11784b90100236d720f08003f1c8dad4072084f0da4f
ar-ar_naming_config-i3-ro-o0-ln-c0-fx-edfafb37135e,ar-ar_naming_config-i3-ro-o0-ln-c0-fx,edfafb37135e8c2b43d1e7886ea1bce6ff16168c4455a0862befcee10461264f,77aa23dca600c89cdb4171cd47dbf8d31388afdfd0a9f9c97fe9af70d1a5596a
ar-ar_naming_config-i3-ar-o0-ln-c1-fe-d622ef382e93,ar-ar_naming_config-i3-ar-o0-ln-c1-fe,d622ef382e938cde0f3cf25997ab91d467cd4b633fb634a6c4fa230676c9c6a5,11408b2cb4d663fc6fc856f85b8d528aacf78c8a44c68b97d66b36576dfd86a5
ar-ar_naming_config-i3-ar-o0-ln-c1-fh-64496f583c82,ar-ar_naming_config-i3-ar-o0-ln-c1-fh,64496f583c82f801d2314ac5283df38297a1a8c591f5a112486645a6233e0d0e,a3ef69e80f3a48aeb15fb3d0e60a57e0b06d610ee6b952afd70589049e5c2351
ar-ar_naming_config-i3-ro-o0-ln-c1-fx-a3644dff8d24,ar-ar_naming_config-i3-ro-o0-ln-c1-fx,a3644dff8d24ae467a3c9890ecafd48490a74f84b4f6b0ed208fa34ce60664c8,1d41214260a421e2787460cd0ecfe7ac91eef353c7379d06396f97791cba4e3a
ar-ar_naming_config-i3-ar-o1-ll-c0-fe-6365377cbf5b,ar-ar_naming_config-i3-ar-o1-ll-c0-fe,6365377cbf5b7b528a62bda24c4e8769dbd0b6168865c4ba1c60a6f34daa12c0,bed20bebf745e32930d4e6c76598af72e17fcb4afb3175a90e32315971405c6b
ar-ar_naming_config-i3-ar-o1-ll-c0-fh-b1817f7b0880,ar-ar_naming_config-i3-ar-o1-ll-c0-fh,b1817f7b0880d5211b1727fdd2c4a3a0e8e38b81ddaf22348b8513b7ebd8f243,f86b8a47f2c1129b512429ea833ecde1cdf279103aa7d34f0fc9280fd0b6cd10
ar-ar_naming_config-i3-ro-o1-ll-c0-fx-439a3fdc6f4a,ar-ar_naming_config-i3-ro-o1-ll-c0-fx,439a3fdc6f4a69d0b9dc2ece340e9030e527e1fe3242604afa318b107f2373ff,789d02f860643e3587231e27e278be0d8f1399667056c3be5f338418f625b7d9
ar-ar_naming_config-i3-ar-o1-ll-c1-fe-16ce01c806c5,ar-ar_naming_config-i3-ar-o1-ll-c1-fe,16ce01c806c5d4126adbc923f6723e241da036b7b52335a2c66ed97cd38effe0,80b09861134ddb385dc7f9585f8730741c164e3f7674900d0330bf13b7938341
ar-ar_naming_config-i3-ar-o1-ll-c1-fh-de993bd762ab,ar-ar_naming_config-i3-ar-o1-ll-c1-fh,de993bd762ab4b34cb7e87b3ce651fa1a0250b793ea86abd50f7cf44fffde8ba,2807f6700fc0f559d4d29e73bfb0b059021768eff35c0e7ad0c88d5a8a5b3574
ar-ar_naming_config-i3-ro-o1-ll-c1-fx-02ae9046f37c,ar-ar_naming_config-i3-ro-o1-ll-c1-fx,02ae9046f37c410480a0626d05c5870fe5e68a2808c04e066886689d1decdeba,a3edc80ee4704e8d81e0a7d4241a11b633092285c9a738f5591a19ed69b800aa
ar-ar_naming_config-i3-ar-o1-ln-c0-fe-86b626576691,ar-ar_naming_config-i3-ar-o1-ln-c0-fe,86b626576691ab5abfeadde7e5538aa16a323338cb76760e050ce6b4cf770248,4f665f1753596d3e9e0251bfdc5ab68c9ce5beabeb555c5d19b1d791a9366322
ar-ar_naming_config-i3-ar-o1-ln-c0-fh-52c77cfe4906,ar-ar_naming_config-i3-ar-o1-ln-c0-fh,52c77cfe4906fa3c0a6025caddeb3864843871ff4e21d96bf238f6a455827c0e,3db1cbcb970553003bb789bb3d56410577771509f83fcb0090c98c9531ddab4a
ar-ar_naming_config-i3-ro-o1-ln-c0-fx-443b3da6369e,ar-ar_naming_config-i3-ro-o1-ln-c0-fx,443b3da6369e20f4d56be4a3c3b83cbf60b1d6ea2baea1ace2ef58cf1c9d9cf5,4e981ede5ac754bf284e1460736b7f1b239e9ad44c538b988a4924f12bc6041b
ar-ar_naming_config-i3-ar-o1-ln-c1-fe-41f51064ec4f,ar-ar_naming_config-i3-ar-o1-ln-c1-fe,41f51064ec4fdec23850d90ced6b85359d986068460ae7577d230c8491a615b3,d3e6a2b198cfe873c36a0c4be380bf3629feeee5aadf8579af43c430d11e9aa4
ar-ar_naming_config-i3-ar-o1-ln-c1-fh-25c4ba31416a,ar-ar_naming_config-i3-ar-o1-ln-c1-fh,25c4ba31416a7cf1319bb96df3bb26a310b1df7bde2a05b01414177f0a3941b4,67df1ca294a2c57ea48d6ab0122a7ba0dd8f767d9a3bae7d99f16b7bca4ca5f4
ar-ar_naming_config-i3-ro-o1-ln-c1-fx-624ae7b5ffaa,ar-ar_naming_config-i3-ro-o1-ln-c1-fx,624ae7b5ffaa1b1d5095937746eb24923c6b50330537fb0a04b148dd30f74fc7,4ddad1b3cf81fbd743bf821cdbce2092d4e71333fe22c0fa3fedc9c3fa5454d7
ar-ar_naming_config-i4-ar-o0-ll-c0-fe-bf46fb1d016f,ar-ar_naming_config-i4-ar-o0-ll-c0-fe,bf46fb1d016fcdf99f23cf605a36e38355427a513230b62fb864a735a40942ea,70f680ce7b829fac81b8a1dd0d210c6d7dcfd980e1ab0e2370da6d107baa55eb
ar-ar_naming_config-i4-ar-o0-ll-c0-fh-f7bbb5331e62,ar-ar_naming_config-i4-ar-o0-ll-c0-fh,f7bbb5331e62cead1b8568646f5cf52b04df857fc8babd080762461ed89ad94d,29f4c5f61babbdf11bdaec60834544ee7de716bb11a094051b8b5edcb04295dd
ar-ar_naming_config-i4-ro-o0-ll-c0-fx-b12bf0134d92,ar-ar_naming_config-i4-ro-o0-ll-c0-fx,b12bf0134d920965d77ad570ba228dbc2cab92cdbfdea3b208d6b1c28fcda040,871be2ca9abb38b71890e1050849830e0cce9abc34927766e718b9f4b24b4064
ar-ar_naming_config-i4-ar-o0-ll-c1-fe-7c44d94d56ff,ar-ar_naming_config-i4-ar-o0-ll-c1-fe,7c44d94d56ffe5b4975d1b0cd48d9bb66f717690467331cd9f8ee032d2c4724f,e287829946fce80c813254fd696e126bec955596656e715ed5baad0165aeafde
ar-ar_naming_config-i4-ar-o0-ll-c1-fh-fd8608a97af1,ar-ar_naming_config-i4-ar-o0-ll-c1-fh,fd8608a97af1e843cc4f19155d51edd0878624b069a11070032df95fb7713f94,3b9a0dc074b74bfac7ed044920712c85166b3b9961971ed172d954aa55e11f6e
ar-ar_naming_config-i4-ro-o0-ll-c1-fx-4c9f9a18e2e6,ar-ar_naming_config-i4-ro-o0-ll-c1-fx,4c9f9a18e2e6ded29089903906dc988d3e1d6e4d07d5c3f5f627ea5b981ea284,b7cd9f5850dbd152aeee7d569430c2fe54bab3d908988f0a924af1b3c3a4a5e6
ar-ar_naming_config-i4-ar-o0-ln-c0-fe-13eada4a4246,ar-ar_naming_config-i4-ar-o0-ln-c0-fe,13eada4a42469cca8e2626092f85cafa8f3453c42da6da54a322d19ce5935b88,17d8d54261ff6b3b46b8c3286a3c9432eda8d211a51e18f7f85564bd18a7a206
ar-ar_naming_config-i4-ar-o0-ln-c0-fh-8d5e47577d95,ar-ar_naming_config-i4-ar-o0-ln-c0-fh,8d5e47577d95151b21e09e0e497f097eb3aa5077265ecdd83e7144e8df9a8e75,fe6819607b364292bbae4a3b542c211a7ed33e7b60550acb75b76d23f49cffb5
ar-ar_naming_config-i4-ro-o0-ln-c0-fx-627e4bafca15,ar-ar_naming_config-i4-ro-o0-ln-c0-fx,627e4bafca150ce983710f4d1759b39f81d31885af5ee3bb428d7ade47959a2a,19aca96d0d19eeea3ce149ae7061e188d9171c93c8f871939c890818e154a0d8
ar-ar_naming_config-i4-ar-o0-ln-c1-fe-d8a46e109a2b,ar-ar_naming_config-i4-ar-o0-ln-c1-fe,d8a46e109a2b4e6d8652e12ec1765034791788d17f8e68a30b37a62225dff2f0,fc8da17265efede309623d350afa38732857c478e227addfec25669c0e9776b3
ar-ar_naming_config-i4-ar-o0-ln-c1-fh-86df8d3b7670,ar-ar_naming_config-i4-ar-o0-ln-c1-fh,86df8d3b7670dfddcdc2bb181c4b23af0b2420f826d7be6f703ab4af1b4ae9d0,61c03219fb72452d128c5428659390ce99257618b7f4ce451e9186c59221ad59
ar-ar_naming_config-i4-ro-o0-ln-c1-fx-7ede0aac610f,ar-ar_naming_config-i4-ro-o0-ln-c1-fx,7ede0aac610fa60fd77e9a4d1bb10bba83e7b2c4ac95758208020ffbc75d92f8,23e1482f018280f5c1b29ac643673be7cbaf45b1c8e2c2c5c35817fc87af5bef
ar-ar_naming_config-i4-ar-o1-ll-c0-fe-f2abe92653d2,ar-ar_naming_config-i4-ar-o1-ll-c0-fe,f2abe92653d2620ef20fa484e5ea14a0dc7113ce9772adb3bf2a4b9f06100873,58dc94c6373a9e16e208bf00ddf31159bea6c080ddb2f69604a9d5c357bdbc47
ar-ar_naming_config-i4-ar-o1-ll-c0-fh-3fb836e7bf6a,ar-ar_naming_config-i4-ar-o1-ll-c0-fh,3fb836e7bf6a7a091b8d40fc0355c89c5ed0216fd2f66db5322a8f3b3efbd396,e4e137d2bb01618d3a4ba08b727423f2dc659c431f904a93b34c2eb9cb272eac
ar-ar_naming_config-i4-ro-o1-ll-c0-fx-3568135879e4,ar-ar_naming_config-i4-ro-o1-ll-c0-fx,3568135879e49bec9c4219c5b53f0989a626c75f1faddde13a201d549f8e5256,565b382a0a57ca63cd3ae5f7cf728d519f2985b834b5fad709a9283b593c590a
ar-ar_naming_config-i4-ar-o1-ll-c1-fe-56bc6a029ee0,ar-ar_naming_config-i4-ar-o1-ll-c1-fe,56bc6a029ee08cdec92c4ba21cf78cdc4d34a674fa51c81b6e4cd785da515415,9a5e4b8230357db396865864383c0eb9ad7cad575f719bab35562f65512ddccb
ar-ar_naming_config-i4-ar-o1-ll-c1-fh-cc627a0d4fee,ar-ar_naming_config-i4-ar-o1-ll-c1-fh,cc627a0d4fee192b40ec16ebc275f369405ce62eafa0ebb9aeebed538105948a,daeb0963b73e8c76d4f97ce2d5383cc1083191bc05914f938625d0798fc53a93
ar-ar_naming_config-i4-ro-o1-ll-c1-fx-4ac3b2a14baf,ar-ar_naming_config-i4-ro-o1-ll-c1-fx,4ac3b2a14bafdc5701898206388d6619719353cca7854f9e85b63a46195914a1,ec317c38adfaf1858e3e163d30d54911e63bb0535943ad9fd666ed15a340aab7
ar-ar_naming_config-i4-ar-o1-ln-c0-fe-deb8a49d59c3,ar-ar_naming_config-i4-ar-o1-ln-c0-fe,deb8a49d59c3710b0fd3a68a729fd7f7c9e934e1dced4468d1efbdaa6a35909d,220a9b1ad2f0cecd123cf9042d4fa3c983930e18ae5a226b4309b0cab8bd5c5a
ar-ar_naming_config-i4-ar-o1-ln-c0-fh-73160be6a344,ar-ar_naming_config-i4-ar-o1-ln-c0-fh,73160be6a3445b2b26b55c2962635caf01ace81cab36479c3f5c39eaf7d3a81f,41fdb385c5ad6b26889a318656c2f4a259b2b0e163ac44647f4688617ebb7669
ar-ar_naming_config-i4-ro-o1-ln-c0-fx-f94e3cd75379,ar-ar_naming_config-i4-ro-o1-ln-c0-fx,f94e3cd7537977bf6e4fdc6f42417a8f4734fda242d6b3d1f6aea67bfbe2f202,fb8f72e5c86f145fedf838ebb9d6385b0699e48c532891f9b3556dbc25c455d1
ar-ar_naming_config-i4-ar-o1-ln-c1-fe-61da32d0b4d1,ar-ar_naming_config-i4-ar-o1-ln-c1-fe,61da32d0b4d1d54bdab9fe2b3a0d0360c8645cfd5efd79a2c0e127411145761c,d8508220258072d3ec35e71dbed8d6e065f29801220b6330b31ab213bef44525
ar-ar_naming_config-i4-ar-o1-ln-c1-fh-5078cabcad0e,ar-ar_naming_config-i4-ar-o1-ln-c1-fh,5078cabcad0e29733e7964bb6427ccda0f657b7ca4d626082571788823edae86,8b7bf557b07196afc11b5d2e0bf9089b96f40c10824015052435da3d2a002fad
ar-ar_naming_config-i4-ro-o1-ln-c1-fx-0e064e5e7a51,ar-ar_naming_config-i4-ro-o1-ln-c1-fx,0e064e5e7a51ebd54739284230aff779da3043bc575dd29247b445d0ee6368cb,7def5ab340127cb6158731e9ed66d28d6061ca3c29db3793ad7116a9f9c4c904
ar-ar_execmode_ingest-i0-ar-o0-ll-c0-fe-80e0552222c9,ar-ar_execmode_ingest-i0-ar-o0-ll-c0-fe,80e0552222c939301c6ef207452517c12a1393f728f5c733af287587f3ef3329,d13366764f46a5df06068c2a2ce4f9d18c579c6abeedac13f14f3c2a86f56690
ar-ar_execmode_ingest-i0-ar-o0-ll-c0-fh-33c1751badfb,ar-ar_execmode_ingest-i0-ar-o0-ll-c0-fh,33c1751badfb5a87635b403ecebc8aa628a48796e5d3c2d8f67287848a0a5fb0,6e2d579eb87c79ad51f61ac1e7788fd97c601834a29eeed7bfe5540893a495ef
ar-ar_execmode_ingest-i0-ro-o0-ll-c0-fx-98f0158bc24d,ar-ar_execmode_ingest-i0-ro-o0-ll-c0-fx,98f0158bc24d4d6738d379d577d32a74de22dd146d5371864c3fb14b44a47ac0,3f10f2f3f37217e5d46c1af58a102fac4c7b1d344dbff0881b2914799a934616
ar-ar_execmode_ingest-i0-ar-o0-ll-c1-fe-c7cad42bb75a,ar-ar_execmode_ingest-i0-ar-o0-ll-c1-fe,c7cad42bb75a1b817e6bb787acdf58617ebed78e545344931611e59ebc3aa4d9,3d1b9573e9a8e489a89b0762cb1d78273c8355b144ff1222f040b6fb61f6598a
ar-ar_execmode_ingest-i0-ar-o0-ll-c1-fh-5362a8cd5986,ar-ar_execmode_ingest-i0-ar-o0-ll-c1-fh,5362a8cd5986423cc73e9a8b2a7fcec8f62c44527ebc0f45e73f99dc24b3512e,2e8b71c1d0da2e0d2839de8ae0de52a3e34488eb902ecb39e78df251873069ee
ar-ar_execmode_ingest-i0-ro-o0-ll-c1-fx-304864df9f65,ar-ar_execmode_ingest-i0-ro-o0-ll-c1-fx,304864df9f65a14c18d5607e76483062cb1ddddf0fbdf1a502cf41c565e5fc33,f7ee44c47d2a54a6f1de263f23ae8f077a6fbe716c6296595b72e3f044efc200
ar-ar_execmode_ingest-i0-ar-o0-ln-c0-fe-0baf16929b0b,ar-ar_execmode_ingest-i0-ar-o0-ln-c0-fe,0baf16929b0b5dd946148b2aa47b7c4643800afcc32e35c688a4a120c2b68f19,2594343a5d711f59633cbe7a742e964d0059f69c0df4f2de574b689137f79f36
ar-ar_execmode_ingest-i0-ar-o0-ln-c0-fh-f41bd2e6aea7,ar-ar_execmode_ingest-i0-ar-o0-ln-c0-fh,f41bd2e6aea7a9ca075c12468b9ea65b3468939952154cae7d172fc86264edce,e451eb48fb36005050c5af0c87b49c1df3dffde7ac149f59bcd57eb550b5ccde
ar-ar_execmode_ingest-i0-ro-o0-ln-c0-fx-69f360d88d44,ar-ar_execmode_ingest-i0-ro-o0-ln-c0-fx,69f360d88d445a3cc9c62994137fd20931aa8d87f5cc1d1b332628bbf1f7d69d,955696f88da3ca682de996f2522d381a8d194b2e80e2f7c6b02392b2928aa795
ar-ar_execmode_ingest-i0-ar-o0-ln-c1-fe-61efd9b4934c,ar-ar_execmode_ingest-i0-ar-o0-ln-c1-fe,61efd9b4934ccb508fd91d3f0dd46815b7e9019124d89cb919f8c1fe1e3f1aa4,3c382636cde277df21b7124936e0bd268e2ccd388bc5b306c088966763bef07c
ar-ar_execmode_ingest-i0-ar-o0-ln-c1-fh-74caccd10d5f,ar-ar_execmode_ingest-i0-ar-o0-ln-c1-fh,74caccd10d5fdd5a6b9cc8c1805cb4e153d9faef4ddeca7092356fd87532cbaf,0639426488494ae7d14296f1d1ac4908798f18af7d763145c55ded840726100b
ar-ar_execmode_ingest-i0-ro-o0-ln-c1-fx-5d58b12fbbfd,ar-ar_execmode_ingest-i0-ro-o0-ln-c1-fx,5d58b12fbbfd9d67ec2c87cc1cd2c92de6b8ec5889f417610b2d5f4725bad894,21c9aae8ad73661c8a0be0a0e81c0bc783dd207b5450c21d92c56b433493a808
ar-ar_execmode_ingest-i0-ar-o1-ll-c0-fe-4db2f33976d7,ar-ar_execmode_ingest-i0-ar-o1-ll-c0-fe,4db2f33976d7f8181699b3f38e7f4a6ff6736e366a8244524e3aaa680a4ac3da,ee9d2dd5856f7dcf514a75982efe0d1b12ccd62baa2edb4626c1c5617d3d19bd
ar-ar_execmode_ingest-i0-ar-o1-ll-c0-fh-5169fda823e0,ar-ar_execmode_ingest-i0-ar-o1-ll-c0-fh,5169fda823e0ee9925b888496c0ca916e64dfd7e42b966a41d2a7a197f2ddcfb,7225ee375bb64a960ea3fd5e8d97697db1747e31d839f73e683a351cb3122259
ar-ar_execmode_ingest-i0-ro-o1-ll-c0-fx-54117da5af8b,ar-ar_execmode_ingest-i0-ro-o1-ll-c0-fx,54117da5af8b8d5dc4bdc684727a525ce9c8b662f49e620d97296c57da6944d7,8ef9502856a450039cd170142ee78cb7d69d9550002f857c3cb1346c7807ceee
ar-ar_execmode_ingest-i0-ar-o1-ll-c1-fe-dd51e330ffc7,ar-ar_execmode_ingest-i0-ar-o1-ll-c1-fe,dd51e330ffc7c04c201a05a147ff3fed15de819f7549e00cc91c6dab2f1190ca,644a6d67d033e63e2dc5c3a59b02c46b12360fad081455b9b167bfe789f4745f
ar-ar_execmode_ingest-i0-ar-o1-ll-c1-fh-9a78bbac8f72,ar-ar_execmode_ingest-i0-ar-o1-ll-c1-fh,9a78bbac8f72bda4790e0fec1cadf317924c74261ae13f4ba0a817a11961604e,dd0ccab307b8fa201730c8f92c033cb508d31151ee56b4995044af79a26bda47
ar-ar_execmode_ingest-i0-ro-o1-ll-c1-fx-ff9e72cc1ad5,ar-ar_execmode_ingest-i0-ro-o1-ll-c1-fx,ff9e72cc1ad5ad709fe8f1379b0182aa4638e1ce577acba18c51fe735c5a1041,2c8cfb902d8c1f5781a9be023706cc9164833c4f1d80a283cdbaea0004a52bd9
ar-ar_execmode_ingest-i0-ar-o1-ln-c0-fe-35831aac722e,ar-ar_execmode_ingest-i0-ar-o1-ln-c0-fe,35831aac722ee69446a9d25f315c323f9636679b7c44ac58c8fb8d6ecb3e6e77,0a517d3b6e44cfc514a2fb753b4c7abe4d7bbd97eb03989272f4c1ac6bb02a2a
ar-ar_execmode_ingest-i0-ar-o1-ln-c0-fh-6914ca969a7a,ar-ar_execmode_ingest-i0-ar-o1-ln-c0-fh,6914ca969a7a56fc5977f6584b80d3cbb65cccf6aadf60696bae0cdbfc5aa806,cab05064e173ce922d0f748099324eff0d10097a0f90f15f7f08e4958879b038
ar-ar_execmode_ingest-i0-ro-o1-ln-c0-fx-67af53b2a9b2,ar-ar_execmode_ingest-i0-ro-o1-ln-c0-fx,67af53b2a9b2cf1668735d08f11983a9a671444c66718e419d445555dfef27f6,059c7bc76c758e5f60f0d2d616c7ea29b7292281d9b01f618af1718ba532574f
ar-ar_execmode_ingest-i0-ar-o1-ln-c1-fe-f257c490aff8,ar-ar_execmode_ingest-i0-ar-o1-ln-c1-fe,f257c490aff844789b446846bdb0d42a0060724523ce81fc39a458072baaa084,f367aa61ac88a1109260bc45ee8a7e1185a4e23169655a56eaa3a70ac9e5c214
ar-ar_execmode_ingest-i0-ar-o1-ln-c1-fh-70218bfdce73,ar-ar_execmode_ingest-i0-ar-o1-ln-c1-fh,70218bfdce73f0df1ec95302bbf176aba5bf747eb7adb09ff3d223fac1d6bc86,7070b1d203b76dedd6a5cf1a3c2c316d6084546eb4c9814b4cafca56be4e5803
ar-ar_execmode_ingest-i0-ro-o1-ln-c1-fx-15da8e04cc5c,ar-ar_execmode_ingest-i0-ro-o1-ln-c1-fx,15da8e04cc5ca91eefe083a8d88c01a7a501fc1cb6deb4a8ad286313324675cd,5da293ca4349782deee2f748a7713637b5b928be6aab5db1cfe130368b062b0d
ar-ar_execmode_ingest-i1-ar-o0-ll-c0-fe-86a5e1bd399b,ar-ar_execmode_ingest-i1-ar-o0-ll-c0-fe,86a5e1bd399ba1ead08b5c6474a16da1f620eb040ef042a2468845208191e30a,f682a1decae8b9cdda14d807209b5fd0a14e2091835eae4bbfb02bc9b1394287
ar-ar_execmode_ingest-i1-ar-o0-ll-c0-fh-5bc883736e50,ar-ar_execmode_ingest-i1-ar-o0-ll-c0-fh,5bc883736e503b18593747449495af2c870f87565cfe0512d9f443ad393ea294,e2054d3abbab4e0f4b80630165fd2c76c32c378b81adaeddd22b89bfb1f91dec
ar-ar_execmode_ingest-i1-ro-o0-ll-c0-fx-2a1c1088b50b,ar-ar_execmode_ingest-i1-ro-o0-ll-c0-fx,2a1c1088b50b42502e09b36ddc4261b87801a69b76c4d5994ad217aeb1841a5d,bcabc5d82879fbe138a92f0838e0247eab6ae282a849c7f97c8367cfc459e1fe
ar-ar_execmode_ingest-i1-ar-o0-ll-c1-fe-e5930d5e543a,ar-ar_execmode_ingest-i1-ar-o0-ll-c1-fe,e5930d5e543a9f7dbbc2a0abed48a1f353e59b5cf91fd1311dbf1b0487a06f4d,075afa6bb090011f0d0f0792920ee81cf55c8ae311e602b8c9104f79cf6e477e
ar-ar_execmode_ingest-i1-ar-o0-ll-c1-fh-6f56dff8f989,ar-ar_execmode_ingest-i1-ar-o0-ll-c1-fh,6f56dff8f989b37622c4b5af1af28afcbe4049cb966711ab046c3e07bdb6075c,b709c9f88dc316f54218979d95710df5430c7c2584d0a9d865b53804cb6c6b44
ar-ar_execmode_ingest-i1-ro-o0-ll-c1-fx-dcbd34e8b344,ar-ar_execmode_ingest-i1-ro-o0-ll-c1-fx,dcbd34e8b344e4fdeb39b0d64c2a12b85c7a30012c39b4505273da8f8dedd5ae,a9806b63b82e2f01fac7b76459e16704c44abe14ebca35f6322cd2e4342a6e76
ar-ar_execmode_ingest-i1-ar-o0-ln-c0-fe-364af5666c44,ar-ar_execmode_ingest-i1-ar-o0-ln-c0-fe,364af5666c44e5401f1a1fe03e4774a7e6bda2dbb3920ced0d1806d90e76e44f,49028e2045a80990150a8e337e4b757ce0e412ddf80c59f89d18123221d00eae
ar-ar_execmode_ingest-i1-ar-o0-ln-c0-fh-11e170ae8a49,ar-ar_execmode_ingest-i1-ar-o0-ln-c0-fh,11e170ae8a491a8fb5a2ccc1a0ee8173340b53a8c8e0634dd95b489bb88019e6,1ef0f1722f0991d7a3ec30d4c5e63a5fc81a20997aaedf329d85dcbea5f3bf0c
ar-ar_execmode_ingest-i1-ro-o0-ln-c0-fx-5abc6c12c6cb,ar-ar_execmode_ingest-i1-ro-o0-ln-c0-fx,5abc6c12c6cb8799d8241977d722034448237ab25d08436dfd3f2d78c8e64290,731f2836bc2cb6b4b2b045acf84ebce97e73980f5886faab8ca6ca0d6cfa2357
ar-ar_execmode_ingest-i1-ar-o0-ln-c1-fe-d62b345b8d48,ar-ar_execmode_ingest-i1-ar-o0-ln-c1-fe,d62b345b8d48f5ae52454489dc336b0a721035cc66f97452e015dadeabd8326d,36050fe5504779dc30c1ba0b3a9f00ff55287a4c52753a6056e9cc67048d544c
ar-ar_execmode_ingest-i1-ar-o0-ln-c1-fh-f38071fea5a3,ar-ar_execmode_ingest-i1-ar-o0-ln-c1-fh,f38071fea5a393691eec56f0eef51c89a20ba613c5cc031df7ddf434fd00c1de,890eb6b2564f96bd3febde9761aab04e0a7ce09918e2b8a14535650c327b7ad1
ar-ar_execmode_ingest-i1-ro-o0-ln-c1-fx-9216a628cc9a,ar-ar_execmode_ingest-i1-ro-o0-ln-c1-fx,9216a628cc9a99e7d58dbce5db7fc14d49893afc3281f499886771e3597eeccc,e6ef2744de94b366e88fa314c2b188b8d9c267b1a4333458f7f57033ed1e6806
ar-ar_execmode_ingest-i1-ar-o1-ll-c0-fe-39483c5d1626,ar-ar_execmode_ingest-i1-ar-o1-ll-c0-fe,39483c5d1626e491b0c495daed515c06bbf2fb24232fdc3d1882a24819af77e1,0a1aa5544c8b65918f3b960ead325015aff50d9f120020bf49730508dab24615
ar-ar_execmode_ingest-i1-ar-o1-ll-c0-fh-be78de395a54,ar-ar_execmode_ingest-i1-ar-o1-ll-c0-fh,be78de395a54a4fa7a46bd1f6eb74d32b547fa70956a83daec39b3fadb9ede54,0189f101780f0b7308fad95f30863b45c9d6b427e776a70eca8694069862b5cc
ar-ar_execmode_ingest-i1-ro-o1-ll-c0-fx-d311fef32d8c,ar-ar_execmode_ingest-i1-ro-o1-ll-c0-fx,d311fef32d8c3ced8edd4c4103ed8ea63f5710dcb1763fd566c1b8b1569815f1,ce2406cfaade550ea10679e4acf15798bf269e7438ab65257d99317c2e6cde1f
ar-ar_execmode_ingest-i1-ar-o1-ll-c1-fe-0b2fcf63b806,ar-ar_execmode_ingest-i1-ar-o1-ll-c1-fe,0b2fcf63b806f6b2beeb9cc200c778d9de1eb43e8f343980fa901f2e605e0579,9010c4f8f6d0b0e234e934d00595f9884547ef51e0b0ed285d5c2e200a84c861
ar-ar_execmode_ingest-i1-ar-o1-ll-c1-fh-d8c15e66814b,ar-ar_execmode_ingest-i1-ar-o1-ll-c1-fh,d8c15e66814b35d4c6dd619b395481de20f6bd51d80848fc07cbbfa0d5c80679,9f433e79e4d4947343eb64cdeea098eec3186349f947171a13afc81c84aaff74
ar-ar_execmode_ingest-i1-ro-o1-ll-c1-fx-45917c6c2122,ar-ar_execmode_ingest-i1-ro-o1-ll-c1-fx,45917c6c212201c08d1e802ea25e5ae9f9fe97c29c782c554204ad0601c266a2,78a736f3df2471511cf5ae451e67d872a54a070ce9a0c085c1929b0eb2760ede
ar-ar_execmode_ingest-i1-ar-o1-ln-c0-fe-fa79689a91fa,ar-ar_execmode_ingest-i1-ar-o1-ln-c0-fe,fa79689a91fa8f7bb48448ab0d99c128d74fa2a89c9b35b10744380e01e54ca6,39e37b7cc18e1a161d6919e4347824eb2cefb34cc16ae16bccdbfad5836ba414
ar-ar_execmode_ingest-i1-ar-o1-ln-c0-fh-669bd2e982f5,ar-ar_execmode_ingest-i1-ar-o1-ln-c0-fh,669bd2e982f553c77b077857988e01b4aa9ec1317d3168028c1cef54394f49c8,618c70fc586897cc77aa8540982ae360466be662fd995f5fb678c39147fde2b7
ar-ar_execmode_ingest-i1-ro-o1-ln-c0-fx-80aeb58c014f,ar-ar_execmode_ingest-i1-ro-o1-ln-c0-fx,80aeb58c014fc577c23ba0ed4189fb177002a5fa26249b4cfb6c8bf6a2b2e1de,210aec2ef222338d5d9e0fe5f18df4b7d82f7132eb963f78b067e1285b90419a
ar-ar_execmode_ingest-i1-ar-o1-ln-c1-fe-a4b717c41090,ar-ar_execmode_ingest-i1-ar-o1-ln-c1-fe,a4b717c41090e9a06f96f998d1711a9bc349c7bc73c76e22f6e2673635963b01,5864657e6b3560fb77659cc9a6d69c72628a6eea4c40754c8267798d44420b06
ar-ar_execmode_ingest-i1-ar-o1-ln-c1-fh-de2aebbd39a2,ar-ar_execmode_ingest-i1-ar-o1-ln-c1-fh,de2aebbd39a2dc82e7686d2163144a1381276620312fe195f59f393772cc6fab,b58aba54692078d59ddea17782caee93e3891231d265dba47f9659fdcd3e4dca
ar-ar_execmode_ingest-i1-ro-o1-ln-c1-fx-5be581577dee,ar-ar_execmode_ingest-i1-ro-o1-ln-c1-fx,5be581577deee9d2169c205111e5168aca5f32694f4711330542dbf768f40a92,7d8466ffd4f62898d134e6fc5094cc2a1c9c39898faede3b9e64eacc5850efb5
ar-ar_execmode_ingest-i2-ar-o0-ll-c0-fe-5e50b9d755b5,ar-ar_execmode_ingest-i2-ar-o0-ll-c0-fe,5e50b9d755b511e03516afb947154bbdf9cecce30af72b77396ecacef5b5bfd3,7b266289327e2b8a9ecfb543a9ca3c978a878968cef4475c2eca85679a5784ec
ar-ar_execmode_ingest-i2-ar-o0-ll-c0-fh-8c87cc858fcd,ar-ar_execmode_ingest-i2-ar-o0-ll-c0-fh,8c87cc858fcd267160d295db790cfd09f75451347fe42a689bff3cfe37fb7faa,60b3bee41a914151c4eac59264bc72b7ba1ccf2939fea4659bd0468948053f58
ar-ar_execmode_ingest-i2-ro-o0-ll-c0-fx-e901fd6bbb28,ar-ar_execmode_ingest-i2-ro-o0-ll-c0-fx,e901fd6bbb28b9c06f571e4bf93cf5e4591ccb26dd0fe14409bccaec4d43d4ac,26698c480780f11141a215cd884a3f927a2d26def6ab4a05d240ac92ca9925ca
ar-ar_execmode_ingest-i2-ar-o0-ll-c1-fe-929195ab1d82,ar-ar_execmode_ingest-i2-ar-o0-ll-c1-fe,929195ab1d824e079e0d19275802c885abe9c3c79bdea3bda48e45d1653e0edf,54dfc0c3cf5aeb4598e796c1716c4741522de082750d0220235f540f60a023af
ar-ar_execmode_ingest-i2-ar-o0-ll-c1-fh-5d15b5e2d77a,ar-ar_execmode_ingest-i2-ar-o0-ll-c1-fh,5d15b5e2d77a020d6fca7b61f3a93339a66baf831cb06aa14d9064ede2f58780,f55bd6cdd54f2f7a4d6e31024d2c53ac866c65e5f945fc039fb55a0d7a70f6ca
ar-ar_execmode_ingest-i2-ro-o0-ll-c1-fx-33181aff6816,ar-ar_execmode_ingest-i2-ro-o0-ll-c1-fx,33181aff68165f73c264ddd68a99629d2230b18c8574740b7e32008e3f9b662f,6bd4ce427df8e59390f1b513d78da2e059d2109160fc4c53910a6fe8ec853348
ar-ar_execmode_ingest-i2-ar-o0-ln-c0-fe-4bf255d04f38,ar-ar_execmode_ingest-i2-ar-o0-ln-c0-fe,4bf255d04f38717a4c18766ecdffaa545a3d0c5abe01157add44bd04e11aa82e,a2d93f711a6eadc90ceed2d620ac7afc50ecec7d172a24bd10c9eea41a504506
ar-ar_execmode_ingest-i2-ar-o0-ln-c0-fh-c786c38633e7,ar-ar_execmode_ingest-i2-ar-o0-ln-c0-fh,c786c38633e792fccc746b967f3666abf80685405dfb07054eb0b01166c671b8,5600db0786890ddb14a2b7ace534e236e5db9e7717c0327380763452ab29f3c9
ar-ar_execmode_ingest-i2-ro-o0-ln-c0-fx-86dc49885126,ar-ar_execmode_ingest-i2-ro-o0-ln-c0-fx,86dc498851264b6bde717eb171f9c10e34939136ba61d6da715808446bc5abe3,6cc364485b225f0fdda465a1e8e90aea2d21546af35f8e990667207a6262e4a4
ar-ar_execmode_ingest-i2-ar-o0-ln-c1-fe-2646f16d1d59,ar-ar_execmode_ingest-i2-ar-o0-ln-c1-fe,2646f16d1d590cb00f383ff1f015a34861a15a72278dcd8c1ce2de097c2b7477,258768e1a5b8ecd6f38a5e4b87d47362359a378f53b5ad149e523b69f58d75e7
ar-ar_execmode_ingest-i2-ar-o0-ln-c1-fh-ed50edbf359d,ar-ar_execmode_ingest-i2-ar-o0-ln-c1-fh,ed50edbf359d4cbcd737c0a21e92cba1b4596616c71eb2cfd702181959358f50,f5961fed2c71c2b840e9a0e3153bf8d41662963d8daa1a796bfe7f2f9752ada8
ar-ar_execmode_ingest-i2-ro-o0-ln-c1-fx-4391a605b11b,ar-ar_execmode_ingest-i2-ro-o0-ln-c1-fx,4391a605b11b8c60b427fd82bc61c408db265f20fcdfe69dac95dfdc0a34ff0c,9445774379918289608f4e42b76f615cf7e1920d540e70ef3dcb33385f122602
ar-ar_execmode_ingest-i2-ar-o1-ll-c0-fe-d9975459b9e8,ar-ar_execmode_ingest-i2-ar-o1-ll-c0-fe,d9975459b9e88aeacbbd01e303d2b0759902cd49a795e6c9b59a421d7d6980ed,cc6910626de1a5e447997954fc6b6d30df582c5e216e3277416f89858f0938b6
ar-ar_execmode_ingest-i2-ar-o1-ll-c0-fh-3fcabdc51db0,ar-ar_execmode_ingest-i2-ar-o1-ll-c0-fh,3fcabdc51db08e37a5458101ad0879d0d106d0e8ca011460d361b9806ea4627e,7f34a710cde9773551871f7795abc2381c1f295198305db73ec2c3257f21acd5
ar-ar_execmode_ingest-i2-ro-o1-ll-c0-fx-6765b7dd5c89,ar-ar_execmode_ingest-i2-ro-o1-ll-c0-fx,6765b7dd5c894865ce69d97ac7a67d671b920dc0d9c3229b1b6bc0072a853d22,0fe52267e2083e517efd4af026ca526683de6cfc245f49a8cb05a7f743151561
ar-ar_execmode_ingest-i2-ar-o1-ll-c1-fe-17ca0971dc85,ar-ar_execmode_ingest-i2-ar-o1-ll-c1-fe,17ca0971dc85c62990ce48c1efb43a165e2f5878ea8f505b08c3cab7376b437e,939b6b63948366c9a2a388a612c0226347d042d6dfac49603e758d4d9c446b3b
ar-ar_execmode_ingest-i2-ar-o1-ll-c1-fh-9e990ca1100a,ar-ar_execmode_ingest-i2-ar-o1-ll-c1-fh,9e990ca1100aabab656215a4785d85c39164959594c9d66b257107ffc58a84be,1ea8dd431fb720f1c745545bed4a05801cc282c31fa294421466fbb0cde7c1c1
ar-ar_execmode_ingest-i2-ro-o1-ll-c1-fx-d1a92f7ea032,ar-ar_execmode_ingest-i2-ro-o1-ll-c1-fx,d1a92f7ea03242dd82e11662991e1d7da5fe8da0cb6b45013f1cb9ee31ecdc3f,272f9e40a9d70eb6fc42a91fd14bd4964dcb31be675acd23d1112b4ec7a0f422
ar-ar_execmode_ingest-i2-ar-o1-ln-c0-fe-874efa39fc50,ar-ar_execmode_ingest-i2-ar-o1-ln-c0-fe,874efa39fc50929d706722d3f52e7cb90aa41d547eceafd8023f48ebff54f288,2da44f59411bfa49b6b338a01f450deff80c59ecaf92217e34059ed92f98051c
ar-ar_execmode_ingest-i2-ar-o1-ln-c0-fh-19d9f41a0e59,ar-ar_execmode_ingest-i2-ar-o1-ln-c0-fh,19d9f41a0e590220294ed6442770e54cde78612921596b70f06f4804139586ba,44564136024a8472dbce6f393b616703ed5e54951f787aa809b4fd67a1d2c4e4
ar-ar_execmode_ingest-i2-ro-o1-ln-c0-fx-3dd340d88e5d,ar-ar_execmode_ingest-i2-ro-o1-ln-c0-fx,3dd340d88e5dece67e1b995ec4b3c09a493e5ac22d37a017d6ec2c88afc8275e,5ada93612e75fe0f5c0623a15290fa536f249126b82ed6d5fd484b0b016c2a91
ar-ar_execmode_ingest-i2-ar-o1-ln-c1-fe-630d9fa09be1,ar-ar_execmode_ingest-i2-ar-o1-ln-c1-fe,630d9fa09be1657a8e997659ace98137b9c08b0c923d95cdcda5767c1446bebf,6e65c91caff34cc43314ad24c17acdad5d75be5f01d5ae633383e3be48dce392
ar-ar_execmode_ingest-i2-ar-o1-ln-c1-fh-d171567b9d8f,ar-ar_execmode_ingest-i2-ar-o1-ln-c1-fh,d171567b9d8ff2a06b38672426e0d2798e18477f2617b02c18248c9c7aa465f4,f7a445edb0200dcdf198e9c7d35c0a8f39bb0232d1662fcb85ce19bc3db859ef
ar-ar_execmode_ingest-i2-ro-o1-ln-c1-fx-f750d1b7eb73,ar-ar_execmode_ingest-i2-ro-o1-ln-c1-fx,f750d1b7eb73f3834ffaedd1fbbb30a4e393844a14084f1488a5d3890a6be993,c5c6329790e960b2c6d54df6407de66a33a5ed765724b25326a0b2549882a750
ar-ar_execmode_ingest-i3-ar-o0-ll-c0-fe-739b0ac70c79,ar-ar_execmode_ingest-i3-ar-o0-ll-c0-fe,739b0ac70c7955515bc891f535b66c1e70e31d6064759c30079bc216bde01b5d,e674b81f4584b1d771beee8a5eb4fb6ee5cf2193b19a9da31f215ba1fe36dacf
ar-ar_execmode_ingest-i3-ar-o0-ll-c0-fh-8be8f48ea9a2,ar-ar_execmode_ingest-i3-ar-o0-ll-c0-fh,8be8f48ea9a20ff5b88e197b61c0544516e2ec0198d2571c7d49a145846c47c2,e2a0533d49617ba1615a0a86b6adca71b9e57fa7c18b052d230ad1e659daa71f
ar-ar_execmode_ingest-i3-ro-o0-ll-c0-fx-fb33ca36c916,ar-ar_execmode_ingest-i3-ro-o0-ll-c0-fx,fb33ca36c91659c9726e6eaccb6771f82653638a9491c524c149fa3259e3ff2e,6b2716aa585babfa9cd9e6d7115ab4c92086796686ab6571c7c5743410656c6d
ar-ar_execmode_ingest-i3-ar-o0-ll-c1-fe-f95b74de8959,ar-ar_execmode_ingest-i3-ar-o0-ll-c1-fe,f95b74de89599c4e286220d06d0ef182ca5ea086444f214339d61d64e76f1119,faa1882a9ccc8d7b5e1053035959de6f6c62600868e51c5df275cfc6de822a89
ar-ar_execmode_ingest-i3-ar-o0-ll-c1-fh-28cf2d3f5ecf,ar-ar_execmode_ingest-i3-ar-o0-ll-c1-fh,28cf2d3f5ecf61d8446a08b40cb40e31a9e1a3da32dfb53031b14f5a82de5e31,56481ac2ee22f8a7e3525ba0a6083be1e320430d1227107ce93233229761f3f0
ar-ar_execmode_ingest-i3-ro-o0-ll-c1-fx-6dd50e4c21ff,ar-ar_execmode_ingest-i3-ro-o0-ll-c1-fx,6dd50e4c21ff910fb3139e5d85472f245593fea084dcca5cf8c12309420d5a21,deb264176ce483cdf9141788ce563456d278cb59a3692cc0bfb391735eb8da9d
ar-ar_execmode_ingest-i3-ar-o0-ln-c0-fe-4bc7f50bac50,ar-ar_execmode_ingest-i3-ar-o0-ln-c0-fe,4bc7f50bac506f6ffddd281fedd2b62593f011d51fe2c39401522f01e6da2755,7c65e7408f3db56293c87a7442b1980bc00d1c7ea0e8a07c1fe494c76b7746aa
ar-ar_execmode_ingest-i3-ar-o0-ln-c0-fh-7ba411c8cbcc,ar-ar_execmode_ingest-i3-ar-o0-ln-c0-fh,7ba411c8cbccaf2353e925a53f9aa81cd34fd0e22414ec1440b8c198ac3bc33f,7f3e63974f01c83e4705ee9d10bf102cd28d65927bf3c6d5188dc4f3cf580350
ar-ar_execmode_ingest-i3-ro-o0-ln-c0-fx-8fcad6d6df92,ar-ar_execmode_ingest-i3-ro-o0-ln-c0-fx,8fcad6d6df92a14b94772661780d506f97ce6ff3e2751fb895e6f9ee9afce94c,7ea1376d202cf8cf78b5d0d58daa05503fa4991a669697c8e82701978ae1033b
ar-ar_execmode_ingest-i3-ar-o0-ln-c1-fe-74b394d79352,ar-ar_execmode_ingest-i3-ar-o0-ln-c1-fe,74b394d793526f77e987557f146093a3da5df73b197f135d5dda2b99ba4dad53,404bbd25f0b0b7ddea44082a41c842376fca076a040904329902210081036dea
ar-ar_execmode_ingest-i3-ar-o0-ln-c1-fh-082958df664a,ar-ar_execmode_ingest-i3-ar-o0-ln-c1-fh,082958df664a25571a2caccce1f12897e71995cb36359adc126697c9096282c3,72375d98f48fee0afac155e3cded0e0ae985697ec3c243117bbfa57a8da1ec71
ar-ar_execmode_ingest-i3-ro-o0-ln-c1-fx-a3ad04ba93e9,ar-ar_execmode_ingest-i3-ro-o0-ln-c1-fx,a3ad04ba93e9e39535d7d67f54282225248798e367eee574a865f38d2542bd34,4bf87ce5f548eddc9f5b9bcb276d9f0f0b3d8a7c8b27e1437b4fb30ed1f8c093
ar-ar_execmode_ingest-i3-ar-o1-ll-c0-fe-27c5ec4310c6,ar-ar_execmode_ingest-i3-ar-o1-ll-c0-fe,27c5ec4310c65985c69a9e49d12230c14564b96757a9977d1540103c603874d4,bb890d2d6270320b8823635673c414ba364d7712e78632279b6e6018e8343ff7
ar-ar_execmode_ingest-i3-ar-o1-ll-c0-fh-921ab3e376aa,ar-ar_execmode_ingest-i3-ar-o1-ll-c0-fh,921ab3e376aa5b35d033d99908e9253d1579ab93763a7250b1a333510475397d,11929a8c5569ab0cee94f38ec46391b980930ca7c492ca8c3e2570501cd4c29f
ar-ar_execmode_ingest-i3-ro-o1-ll-c0-fx-4cc3016335c6,ar-ar_execmode_ingest-i3-ro-o1-ll-c0-fx,4cc3016335c6f7a535ea58889958a3938db9e64316ef32db8b6f0561ecac2fcb,1e8d17eb2c3f990f060babe7c3ba57bebd95ada4680c5cd4477840281e289589
ar-ar_execmode_ingest-i3-ar-o1-ll-c1-fe-7b68d8ad3cea,ar-ar_execmode_ingest-i3-ar-o1-ll-c1-fe,7b68d8ad3cea45ca23674549941c5cf9c89decd1a587ac8962499bd1e02fc450,f2bb46c5de0cba077e7e8ac4545279752013e9199445301687deb07f43547962
ar-ar_execmode_ingest-i3-ar-o1-ll-c1-fh-97f247af21eb,ar-ar_execmode_ingest-i3-ar-o1-ll-c1-fh,97f247af21ebd0100bf490fe82f0fca55a851695750b77b462b622d84142c482,358f98c236199083b0f44c4639dcf99e1dc36c000194a1f63ba30a043761e32c
ar-ar_execmode_ingest-i3-ro-o1-ll-c1-fx-094fab06b5c0,ar-ar_execmode_ingest-i3-ro-o1-ll-c1-fx,094fab06b5c04ebb0ff56e05d93c90a294f9ae931d45872c436c58b9da4cab42,6431e30df7859027e12f5e47b35b978e72d085f0e15d29ab428c33fdbc60608b
ar-ar_execmode_ingest-i3-ar-o1-ln-c0-fe-4541ae3d1daf,ar-ar_execmode_ingest-i3-ar-o1-ln-c0-fe,4541ae3d1dafbbd23accd6e92c03a2d1651a344e1ce1c8fe97668031c2dc10f1,8cdac1017b1c1fa2f4198ccec4258f597277a3decbf03928cc9487f1d4e086c8
ar-ar_execmode_ingest-i3-ar-o1-ln-c0-fh-b3f1cda1293e,ar-ar_execmode_ingest-i3-ar-o1-ln-c0-fh,b3f1cda1293e61f664fb1095a231460f8d2ebfa64742388588b1f690c1daa752,637cfb62473237290de2feb9476d0a549b5b27b5389799a3c7471390537d5d37
ar-ar_execmode_ingest-i3-ro-o1-ln-c0-fx-9849b855d313,ar-ar_execmode_ingest-i3-ro-o1-ln-c0-fx,9849b855d313640e93abce1d5b37656f6a791ec889b00042b96c966d0fd7ac0b,bae835dcefe49d7477817777fff7b13bc198a2df40e97539f87f4299ef5e62fe
ar-ar_execmode_ingest-i3-ar-o1-ln-c1-fe-369fb2d4bb19,ar-ar_execmode_ingest-i3-ar-o1-ln-c1-fe,369fb2d4bb19ac3dcfe5a14a3e733b0169c64f126aec9ed7aa1d63dea3749fe8,dadb55db830bdfe987ea17bcea2a574b662b81218241ad4f6d2e477e4f2e2fd0
ar-ar_execmode_ingest-i3-ar-o1-ln-c1-fh-9a35621a077e,ar-ar_execmode_ingest-i3-ar-o1-ln-c1-fh,9a35621a077ed1e00d87cf0498667c51de66e73f9c8c6ac9a24d48c6403905bb,9851a54e80e2b8a0683be718fa46680d79ef15ff0262b7e440b86b6e4b3af97c
ar-ar_execmode_ingest-i3-ro-o1-ln-c1-fx-8a933ed72bc0,ar-ar_execmode_ingest-i3-ro-o1-ln-c1-fx,8a933ed72bc0ec09d64640c1a6f0e4b1624c10c78b540ba19a49de9c5e572125,4e974e1250b9f841ca764317dbb292e7ae9a142d7be544ef6f7607387213e9f3
ar-ar_execmode_ingest-i4-ar-o0-ll-c0-fe-8c525063291f,ar-ar_execmode_ingest-i4-ar-o0-ll-c0-fe,8c525063291f26140c79266b52424835d902eceaf238688c99c1bd9a6e5daeca,a6c7fee15d7aaad7ba12568e3c8b1d5722d2ca0067cb584b87d2aa3a0d2f0d4d
ar-ar_execmode_ingest-i4-ar-o0-ll-c0-fh-194ea47d2a2b,ar-ar_execmode_ingest-i4-ar-o0-ll-c0-fh,194ea47d2a2bc875b0fcb9b9280225bbc9d5341753711381de7972fbc3267827,72035da86ae29fd6ed66d36ec40f0f2076acc347228874d7f0f0bcd0763c8b72
ar-ar_execmode_ingest-i4-ro-o0-ll-c0-fx-17bb1b8968a1,ar-ar_execmode_ingest-i4-ro-o0-ll-c0-fx,17bb1b8968a115edc04415e855dbfe7b9aedcc5338f894a531cde799a21869e6,0011b64f1060c957006c18727326f5c4a9b7e01a5343f81a4a1932f000d157b5
ar-ar_execmode_ingest-i4-ar-o0-ll-c1-fe-977802e16f10,ar-ar_execmode_ingest-i4-ar-o0-ll-c1-fe,977802e16f108fc82f6f7969f62b936073622a94eed487b5df0020f8a72260ee,109f581d9f5411603dabf5329f59e60eee9f86c870698c05dc3b5b6d9ca52473
ar-ar_execmode_ingest-i4-ar-o0-ll-c1-fh-d28d20f3fe36,ar-ar_execmode_ingest-i4-ar-o0-ll-c1-fh,d28d20f3fe368a57e3d63ac4436f93473c53dcbfd2e2d3fb3ad69f34f6bc0253,d51367f975c11e95cb567d2b776d688df8a3f44515b3d1bafca72572c8eb3e76
ar-ar_execmode_ingest-i4-ro-o0-ll-c1-fx-451df1508d21,ar-ar_execmode_ingest-i4-ro-o0-ll-c1-fx,451df1508d2103233319573b4e0a28c944f51463c04f46d6d5fdbe97dcd73f16,49c33920b8ccb480f1b8cf2cd84fe075527ffaaafafb16c4c0effd154735ee6c
ar-ar_execmode_ingest-i4-ar-o0-ln-c0-fe-ba7657e8d29a,ar-ar_execmode_ingest-i4-ar-o0-ln-c0-fe,ba7657e8d29a7c145665dc92a5a4dd8f2413ef174c2e1f97a8b58873712b1657,629d0fb120e5f001eb8bcf72bb01a497254fe0ec09cadd63a23d7c13677ada7b
ar-ar_execmode_ingest-i4-ar-o0-ln-c0-fh-518e8141f85a,ar-ar_execmode_ingest-i4-ar-o0-ln-c0-fh,518e8141f85a52c8eb29e581ec59d2d414cf9cab3e0448f5976de0d4ddea1a01,25bc3b43341fcbdb6a0320381b18a5ac7fe8716c59e5c67a88ea99ff16fbad81
ar-ar_execmode_ingest-i4-ro-o0-ln-c0-fx-a27b0392e87c,ar-ar_execmode_ingest-i4-ro-o0-ln-c0-fx,a27b0392e87c2dc3c2a4ecdb86577d76740b9cf70710b305221c979f212aa066,226eb5a1b99ed82f5f2ae6b0cb15b0b50b47c689341a6c55d097bc6daf2441ac
ar-ar_execmode_ingest-i4-ar-o0-ln-c1-fe-767604a5575f,ar-ar_execmode_ingest-i4-ar-o0-ln-c1-fe,767604a5575f3c881d9ee3c4233ade5568d4df8c1e2fae3f57c50fc28902612a,ad2d7ae7f548a3ff3a2bf185b16e8bd51b2aa58f6702be31975173c231381a4d
ar-ar_execmode_ingest-i4-ar-o0-ln-c1-fh-c90918dc1a2b,ar-ar_execmode_ingest-i4-ar-o0-ln-c1-fh,c90918dc1a2be7021522c6fe4042a70b115ee55254539a36f4d89bcf3db4dd01,800846b02a141503362f3baf6f9723bda383991cd8826b3bb2e3d21c86921994
ar-ar_execmode_ingest-i4-ro-o0-ln-c1-fx-7fc8f4afc06c,ar-ar_execmode_ingest-i4-ro-o0-ln-c1-fx,7fc8f4afc06c82d081ed312f3c1f0cba959bdd9cbfe9b85454dc50c4d6b72295,22a838e314a7f94db02819bfbe4f6cd5b89c0255dc7da290ed129c5d7fdb7261
ar-ar_execmode_ingest-i4-ar-o1-ll-c0-fe-fde0d4046865,ar-ar_execmode_ingest-i4-ar-o1-ll-c0-fe,fde0d4046865d3d72089eea0401dd1918e800b6404c4f3bc49407a8dbbabf642,2f4dbd084abd5dadb972a65e9a48fcb2317d831cbc6cf2de528203c2adb0f4f9
ar-ar_execmode_ingest-i4-ar-o1-ll-c0-fh-5a98c66070c5,ar-ar_execmode_ingest-i4-ar-o1-ll-c0-fh,5a98c66070c56f91a83a16e24c4618e680683a86f7c1dfb2230d8ad25022b3a1,d604a683d53b515ba4376d3d309c17d2e3be99b02e01ff631d793089a0c154c3
ar-ar_execmode_ingest-i4-ro-o1-ll-c0-fx-0e86cdf48e4d,ar-ar_execmode_ingest-i4-ro-o1-ll-c0-fx,0e86cdf48e4d06c347f95d407a86add61cae4439a6b1ef65d4f9b7fe99e7d28a,45fa39bdd951a4d8418df1e46bba0b9a56bbc4bf88d8eeb3e7fdbf7cd5464806
ar-ar_execmode_ingest-i4-ar-o1-ll-c1-fe-210ab4c1786f,ar-ar_execmode_ingest-i4-ar-o1-ll-c1-fe,210ab4c1786fcc9123e1f14069749fecd458487e7dfdaca233ef08c0c534734b,56489d0d741372df7f42ffe9f66db837b26a01cf8a38701d5747efca92cd6f91
ar-ar_execmode_ingest-i4-ar-o1-ll-c1-fh-6f1cdee68772,ar-ar_execmode_ingest-i4-ar-o1-ll-c1-fh,6f1cdee687724de9f0b674c2ee1f773a4883df34641148bacf7a1ab9a44c82c7,731a6dfe6374efac883f9bb9a1aee119075aa364d7bfaf810ce348143239c229
ar-ar_execmode_ingest-i4-ro-o1-ll-c1-fx-0596e9f079c0,ar-ar_execmode_ingest-i4-ro-o1-ll-c1-fx,0596e9f079c0257f08c28fa195a646413f2cf26d653d866f6acb5a36be1d3f68,ee986a98dd0795ab4835d23920df1c165bdd66380c97d2abb4a6c7ccc182619c
ar-ar_execmode_ingest-i4-ar-o1-ln-c0-fe-d33d04d465ea,ar-ar_execmode_ingest-i4-ar-o1-ln-c0-fe,d33d04d465ea955c7584cd1b928c03583fe24e1c924ab2417f2b18e89f78349c,0ab7e9a7ce66463f88d6efdc0dcb5888ebac858f63d12ef4eabaf0657e25d38e
ar-ar_execmode_ingest-i4-ar-o1-ln-c0-fh-c20c484b0d71,ar-ar_execmode_ingest-i4-ar-o1-ln-c0-fh,c20c484b0d71c510dde65ef2f2551fa9dd09e1c6db98eb9eff053463f025874e,73598ddb78ea64a97b28c2c8a37ca489fb5d4bf1c92f14bd4c30c614404e17b9
ar-ar_execmode_ingest-i4-ro-o1-ln-c0-fx-48879ff04835,ar-ar_execmode_ingest-i4-ro-o1-ln-c0-fx,48879ff048357b84c4bcb5be75313fc1a94ac437f0299dfc54dfd35e52325fc3,c32f9c2998a58b90a385770afd49cccbca099799a596ebaff2e07faf2940cc5b
ar-ar_execmode_ingest-i4-ar-o1-ln-c1-fe-344d6b6b4da4,ar-ar_execmode_ingest-i4-ar-o1-ln-c1-fe,344d6b6b4da465a5ecd82a62942e014d817a34db65c756e69524433581d5f6eb,6a3950a49a53d00ac8d1a7e0254f75391376b3456922f4ee58d14addb38e57e8
ar-ar_execmode_ingest-i4-ar-o1-ln-c1-fh-d341cf9067b1,ar-ar_execmode_ingest-i4-ar-o1-ln-c1-fh,d341cf9067b1d398ed554a3628c59041e73027bb18656e33c5021559b08564dc,c300b2a9278223cbd81a147e90f15b814cbd83c8aec2a0c6dfb7384276046225
ar-ar_execmode_ingest-i4-ro-o1-ln-c1-fx-a04e59041495,ar-ar_execmode_ingest-i4-ro-o1-ln-c1-fx,a04e590414953ad9cdd4d05bc7430994bc42c5743acafa224d390fcba00f47d7,069d5c62df64aab2829b6f1ff2ea456be0fe270a528ee6ba17809b86f277d0c6
ar-ar_execmode_migration-i0-ar-o0-ll-c0-fe-2d6d0699f318,ar-ar_execmode_migration-i0-ar-o0-ll-c0-fe,2d6d0699f3183f37d2f744f71f6d3c0d4119d8722436a2e21ca7b95359ef30c7,7223f836b90f776374ba7e72f9da53123c6cd66818714bfae2f3b685d76b2069
ar-ar_execmode_migration-i0-ar-o0-ll-c0-fh-b964f97ce2f2,ar-ar_execmode_migration-i0-ar-o0-ll-c0-fh,b964f97ce2f2b372beab3446e08c320b42546c5c01889ff7687c639c7634374f,15654900572c44121c0c6d15879eaf7a42227fe5992dfb81fe692a235118384d
ar-ar_execmode_migration-i0-ro-o0-ll-c0-fx-2391ccae8aa4,ar-ar_execmode_migration-i0-ro-o0-ll-c0-fx,2391ccae8aa4029357416c78f5fd3ab88764dc0b36118c78b29c76d003b14a4a,b5b7ca0c819cb619e26fe038344631824c1a9094cca07c91811ec18973765a9d
ar-ar_execmode_migration-i0-ar-o0-ll-c1-fe-9a80c24fd928,ar-ar_execmode_migration-i0-ar-o0-ll-c1-fe,9a80c24fd92894c9ae9f689fb0177cd5141968248feba4ccf721add22facfb99,5b84a832eee18b5ef3b31dc8d9d385a97eae7d425599633af73b92358bb9d227
ar-ar_execmode_migration-i0-ar-o0-ll-c1-fh-331fd1bec7f5,ar-ar_execmode_migration-i0-ar-o0-ll-c1-fh,331fd1bec7f5162038836ff782562e336538fbd32431b950bff1a32554366f8c,3ee7b365e4bdb3be1de0029813ab3e385b99d65da441ce57e6260dc812c862a6
ar-ar_execmode_migration-i0-ro-o0-ll-c1-fx-bbe366b4914f,ar-ar_execmode_migration-i0-ro-o0-ll-c1-fx,bbe366b4914fc293bbb90add80dd80eaf9016e1ea2c321aac6972688d329f69b,67642e4000f2bdbb7199cebdf4fb8b4fc346b58b06438d58a9d19236bbe86273
ar-ar_execmode_migration-i0-ar-o0-ln-c0-fe-be489dca3e5d,ar-ar_execmode_migration-i0-ar-o0-ln-c0-fe,be489dca3e5d33df0179e51ab1dd5533776264a24bcb7a6f223ef7052be40d64,5a35656558dc4016996f2616a89f6bea5c0f31b9f487144870407723bd0c3e96
ar-ar_execmode_migration-i0-ar-o0-ln-c0-fh-ca0404bbe1fe,ar-ar_execmode_migration-i0-ar-o0-ln-c0-fh,ca0404bbe1fe1156d35195169644a70c805ca8e339f65530440a2104122bd136,b9ab09fa7273234917de8b0ff66bc198c48d972bc404b77a4337e6b1bacbbbfc
ar-ar_execmode_migration-i0-ro-o0-ln-c0-fx-3885c406e94f,ar-ar_execmode_migration-i0-ro-o0-ln-c0-fx,3885c406e94f6d3f1a9191d8d1967fd0846cd8d4fc1ce525260d1c7e30e631bc,4f1ca8c52673f462d5706f424d95a4b8d60e4d152b11c629f9570afd8dc05b95
ar-ar_execmode_migration-i0-ar-o0-ln-c1-fe-9a5711fe270c,ar-ar_execmode_migration-i0-ar-o0-ln-c1-fe,9a5711fe270ce47e3268680263b6a408d03ea6e0e8e9e9d7f74291f6b374eef1,35045c063ac2b72896675d95900d3eac1a60f0aeb51b4dcd5787ff9d8c33dc1f
ar-ar_execmode_migration-i0-ar-o0-ln-c1-fh-f8508d2872a8,ar-ar_execmode_migration-i0-ar-o0-ln-c1-fh,f8508d2872a8d586c17c002550f53adfa09c881a87ee490445f6c716a91c927c,74b3f75d91a0216a7c80e9b3f20c83dff130cc166aa073902f6c792e72f0b1a5
ar-ar_execmode_migration-i0-ro-o0-ln-c1-fx-e22b7fcad8f6,ar-ar_execmode_migration-i0-ro-o0-ln-c1-fx,e22b7fcad8f6c102e42848917a6562494e8a6dba384ec4ad3cd3dc6582225096,0952f26be64ac9274468961aec1eff583d126719ea04d5586a689a869802b363
ar-ar_execmode_migration-i0-ar-o1-ll-c0-fe-25cc02e5cc8a,ar-ar_execmode_migration-i0-ar-o1-ll-c0-fe,25cc02e5cc8a230fed8732002bf0acd127bb8bce342a1c6232068846c6e22820,31be1f7e214c5d815c6a2bbd54e51aa309d51fe6cd062f6b52eab499810da90d
ar-ar_execmode_migration-i0-ar-o1-ll-c0-fh-cdd377c7f039,ar-ar_execmode_migration-i0-ar-o1-ll-c0-fh,cdd377c7f039a4f6b2b8a0f404fdafa5b3895990a90959c855be04d16bba63c2,35ea19bcf6638fbf5220ff9ca30fd22169af08cb83cb359c5120f013ebdfaf57
ar-ar_execmode_migration-i0-ro-o1-ll-c0-fx-c1bf4317c389,ar-ar_execmode_migration-i0-ro-o1-ll-c0-fx,c1bf4317c3890debcd4d812c59e56dba8bef34ea4651a9ed08064a51283c2280,40fc5644aa525e20c140932c71e120fce3961c1605f8369cd2f4850c633c1c08
ar-ar_execmode_migration-i0-ar-o1-ll-c1-fe-9495db86f3c7,ar-ar_execmode_migration-i0-ar-o1-ll-c1-fe,9495db86f3c7b53886efb15e4fc4f3f3a58f6ac2d7664d8bf56a5898f088f051,af1940ee72cdaa1cd89d52a8779a516d80fea22fb9a8797c0c850a2566ded541
ar-ar_execmode_migration-i0-ar-o1-ll-c1-fh-0c67502b1466,ar-ar_execmode_migration-i0-ar-o1-ll-c1-fh,0c67502b146693b605671ee64346dd0ec5aa20a09d6fc66d18802bfd0e42643d,3840e55e809601d2f5f73c181bd72912881d09de2f74d821e0c28f725a5396c2
ar-ar_execmode_migration-i0-ro-o1-ll-c1-fx-bc5a8abb558e,ar-ar_execmode_migration-i0-ro-o1-ll-c1-fx,bc5a8abb558ef4763003f616ecb2741ef4e5757c2d63da422c3bc1cb65cdc273,42b4c51e62ea7e0f7f0717b570cf19d6ee15c3e086b2da780c39368f559a5505
ar-ar_execmode_migration-i0-ar-o1-ln-c0-fe-8f036a4128f7,ar-ar_execmode_migration-i0-ar-o1-ln-c0-fe,8f036a4128f7dcd58363c88105f1e6ec5613a802cc8a60db712d61ec88c968b3,b834bb6bdec09e2c8bec3a0542c9a4feb9a03e337f3d76fc9da280e748860302
ar-ar_execmode_migration-i0-ar-o1-ln-c0-fh-1c0cf79b0ab3,ar-ar_execmode_migration-i0-ar-o1-ln-c0-fh,1c0cf79b0ab366713613db2821aaf5b5d63f73b180218c31d1e1a7a850ddf4d6,7c82757a75c1f4f8d34afe53c4ed9e49720ed1efc81136756c9186aece2471f5
ar-ar_execmode_migration-i0-ro-o1-ln-c0-fx-083b3da3f0ff,ar-ar_execmode_migration-i0-ro-o1-ln-c0-fx,083b3da3f0ffc645108ce542325192f6b7c25e2e10d5209d2c4029fdd0c49b93,4323204bcd87bfa05be2200fbc2398a0a121d9ecf5983d423157f5e1e02a87b4
ar-ar_execmode_migration-i0-ar-o1-ln-c1-fe-681b02a6ac9c,ar-ar_execmode_migration-i0-ar-o1-ln-c1-fe,681b02a6ac9caa01f39dd7e6012cb06b9a649975d5b5249d2f15dd70f8369217,81197304c2d8760d2d4372f3ede63d6278364f901e523330d3e17618f7475c85
ar-ar_execmode_migration-i0-ar-o1-ln-c1-fh-328ee9822a41,ar-ar_execmode_migration-i0-ar-o1-ln-c1-fh,328ee9822a41dedeffd6e73ba0022ed32ea8bc6e0e7bc03b535de63fc9f1e8cb,e61f221f3c6f7bfdcecbfb45515dd0ae447d15a9b55caca6d9669df784caad58
ar-ar_execmode_migration-i0-ro-o1-ln-c1-fx-814a69588af0,ar-ar_execmode_migration-i0-ro-o1-ln-c1-fx,814a69588af0f67ba19cf70332b4dbb9cb8f624f9f6e3bd21701ad1359689870,4b4b0ce856088641e3170c847aeb4932fcd63b433d8115e12d21eac2177756de
ar-ar_execmode_migration-i1-ar-o0-ll-c0-fe-9c26583361dc,ar-ar_execmode_migration-i1-ar-o0-ll-c0-fe,9c26583361dc21f2534f92950d73e72f0aa2e42be06debe5a957c8828a32801e,b0c5504aab67c2f2d32fd50afbd99fc24a1cf1f2fc602c5b4a2bcda5dbf8b9bd
ar-ar_execmode_migration-i1-ar-o0-ll-c0-fh-2eb674e3ca18,ar-ar_execmode_migration-i1-ar-o0-ll-c0-fh,2eb674e3ca18b4aa5b57e9937791ff0e4b232da8b1bd1d256b8ec2ce03abf080,af06d18d7fea0cb4746d3aae5e56ca965f5fbcaaa9da0b414f809583e16f1d8a
ar-ar_execmode_migration-i1-ro-o0-ll-c0-fx-7c42c278e0c9,ar-ar_execmode_migration-i1-ro-o0-ll-c0-fx,7c42c278e0c9618bec950b52ae77a98c5b8828bd7de93a1d80faee3a26ef6f4e,d0b3e7158abb3f764a81f3328307f1b15007e60b34435ca3daeab22b823815d1
ar-ar_execmode_migration-i1-ar-o0-ll-c1-fe-457b2c43bd26,ar-ar_execmode_migration-i1-ar-o0-ll-c1-fe,457b2c43bd262a43c87d4a54819d2c085bde27f668f105c063d9283dd09b55e3,c43d5c963bf0f5dc69f4ef04c3e0ff96f8c1cdab616663066b79fd0e65a0073e
ar-ar_execmode_migration-i1-ar-o0-ll-c1-fh-c97d01a99f59,ar-ar_execmode_migration-i1-ar-o0-ll-c1-fh,c97d01a99f5973887301dcaae86c8c936a2848174c381927e9bbaf251dcb1ed6,59db8fd649462c361d885d80bca5bd4ad0dbdb408bb290ed48659469fc0d48de
ar-ar_execmode_migration-i1-ro-o0-ll-c1-fx-f812b496d965,ar-ar_execmode_migration-i1-ro-o0-ll-c1-fx,f812b496d9655bc95cba650abbfcc33b4ae11294ea9482a1f515891d4e93c579,6ac3967c59dbf6624e691b3d62751903e2338f6a48e17a5a01ec2c257837ad24
ar-ar_execmode_migration-i1-ar-o0-ln-c0-fe-4f6aad81fdaf,ar-ar_execmode_migration-i1-ar-o0-ln-c0-fe,4f6aad81fdaf3be2414196a19921a137d71dee71eda3b1d2e5e52f901bd29eb0,3185a562ce6caa0669e3806a7d6bd99eea24c24b3d35d29117213dc5c9a4ee20
ar-ar_execmode_migration-i1-ar-o0-ln-c0-fh-9b3ac337fe7a,ar-ar_execmode_migration-i1-ar-o0-ln-c0-fh,9b3ac337fe7abb77dbea17030a56c9452085fc13bfb66faf14e3059cdd7c4c33,382498504c9ed1c556282925b00309bb23caa1d257967ad844871397f6ce51a4
ar-ar_execmode_migration-i1-ro-o0-ln-c0-fx-45945843e0da,ar-ar_execmode_migration-i1-ro-o0-ln-c0-fx,45945843e0dac3ca0577b6f9155e1798b518cad53c0f2f3c4e9f4253faed404f,bb66eb04dc68790d95b214078225c418afa4523c54d091f6d8d26796f1e11c89
ar-ar_execmode_migration-i1-ar-o0-ln-c1-fe-a86519279375,ar-ar_execmode_migration-i1-ar-o0-ln-c1-fe,a86519279375419244e4e00f347077a193073bdbdd6f93dfb679667da978d8a0,39cf4e05754cc13cfa959591838b9c45e182ecd399f0c378e863711bd4a375d3
ar-ar_execmode_migration-i1-ar-o0-ln-c1-fh-37da0853c61e,ar-ar_execmode_migration-i1-ar-o0-ln-c1-fh,37da0853c61e015f67ec297ed902a79be231f71a8a6fcaa598ba5c052c826339,7d8b5305756ea4d0f82bf4bed91521ade143af90e4870d96ed47f4fef38ab865
ar-ar_execmode_migration-i1-ro-o0-ln-c1-fx-53e8b4bd66db,ar-ar_execmode_migration-i1-ro-o0-ln-c1-fx,53e8b4bd66db5fcfae6b9382314f9dafa5542f423d01ff2768b5236cf7e11718,60e92c19753812230087460a6e5d83abf1e9e5b22f87a7b5950dd0a37feba25e
ar-ar_execmode_migration-i1-ar-o1-ll-c0-fe-9cf3bc204a56,ar-ar_execmode_migration-i1-ar-o1-ll-c0-fe,9cf3bc204a56c0083293a0dab236561a9ec1a583bd1765be79788aa1efdb56c2,a177ed3acc8bedebde52841b79ea67385b9af2d6f9f3b8c9f36534ca7267820f
ar-ar_execmode_migration-i1-ar-o1-ll-c0-fh-70b52dc29900,ar-ar_execmode_migration-i1-ar-o1-ll-c0-fh,70b52dc299009fec83d49683f1e15c3ae9a0ebf61643b6d5959532c145a0e65b,a5c8af98ed758a12287c1e4260ffcc6abd2e6960c0fff3b0869856a1787864b6
ar-ar_execmode_migration-i1-ro-o1-ll-c0-fx-3a6acfb9bd4f,ar-ar_execmode_migration-i1-ro-o1-ll-c0-fx,3a6acfb9bd4f4ec2724a156d131212a25bc4b8266dffbae39e63c8f1ecbd1ee6,98e8b53ba60d0bef0aad36024f74ec8bb8a4f6f73a939c4537795618c64ad727
ar-ar_execmode_migration-i1-ar-o1-ll-c1-fe-f0bde1ea0b86,ar-ar_execmode_migration-i1-ar-o1-ll-c1-fe,f0bde1ea0b8671d633b226847d9d230dea6fc3ca9a66735cb683683bd7abcf1d,08b989c9db858b5d39e984433d4bd65469750e584d30df8685261d5f84fdb51e
ar-ar_execmode_migration-i1-ar-o1-ll-c1-fh-66f43bd226c8,ar-ar_execmode_migration-i1-ar-o1-ll-c1-fh,66f43bd226c831f315046be7179c4fc25c2a5afce5efc7356a4953f5aefd9c72,7a29ec66b8ddcfe0b7a0155bdbcf6b5e145362016d4b391e887402205303ecc3
ar-ar_execmode_migration-i1-ro-o1-ll-c1-fx-f6ffd4511ab0,ar-ar_execmode_migration-i1-ro-o1-ll-c1-fx,f6ffd4511ab0004cc4bfeccfd516e904fbefcdfaf90da5892bcb537d3d428fee,a5435c9b2b19a3e142b52c2608c30dbcc6b5313e39897ca1f54d6e8ba37311a7
ar-ar_execmode_migration-i1-ar-o1-ln-c0-fe-9fe9049338ed,ar-ar_execmode_migration-i1-ar-o1-ln-c0-fe,9fe9049338eda9ca5f88189d9611b1bc03502737d96fd55a33637a300903186f,76f72645700e93dc670934fcdcfff280542fbd14c291192a29b5c4ed8f939254
ar-ar_execmode_migration-i1-ar-o1-ln-c0-fh-7e5046eb3c8c,ar-ar_execmode_migration-i1-ar-o1-ln-c0-fh,7e5046eb3c8cf57bf9b7d309c60e9bef3842347b156055367423497cf040f103,cbd08d756fdc8c1076b32e67ef13ee734a830873ee9fdbccaf6736a9e547c92b
ar-ar_execmode_migration-i1-ro-o1-ln-c0-fx-d31eda77acda,ar-ar_execmode_migration-i1-ro-o1-ln-c0-fx,d31eda77acda01985ff5d3e9a1291b74e68786559d1cc8b2d4d8f3abba875db5,087f684eccd068b698b4dcf3aa6bc6f72a9e7cec9524feaa9a5dbb8465a00b34
ar-ar_execmode_migration-i1-ar-o1-ln-c1-fe-4993230eeebb,ar-ar_execmode_migration-i1-ar-o1-ln-c1-fe,4993230eeebb5dfdc1c0ff095e2ba53bde0e38dd2c0cd06744c6c4c55f16d9ae,e4932bac75ab34162361affd9b5f97c0f5959e71cd28179a67b4d004817cf6a4
ar-ar_execmode_migration-i1-ar-o1-ln-c1-fh-44fc3d4a3ce9,ar-ar_execmode_migration-i1-ar-o1-ln-c1-fh,44fc3d4a3ce90c86b47d0614bfcb0516a401c01aeb7de96ea4bff4e71145c2cb,7b6325d18fff47d3355bdc1a093851013672cdb29b8aa7182d61b105959e50d7
ar-ar_execmode_migration-i1-ro-o1-ln-c1-fx-5bcffae80789,ar-ar_execmode_migration-i1-ro-o1-ln-c1-fx,5bcffae807898fc60bfa360a350d0a211a67be070e82b8dde54bc85b60a34b44,570891153ca125eec23499f24de7be4db8e67b9a2f4da35b2307375486a5f27a
ar-ar_execmode_migration-i2-ar-o0-ll-c0-fe-36a76d014710,ar-ar_execmode_migration-i2-ar-o0-ll-c0-fe,36a76d014710b5cbe3cf0aef678bd259ef924560ebf5959b4465527e99ebf043,20efae0f8792159cefc981e23afc1d3e3638ea7d537e966f05617604f087bbbc
ar-ar_execmode_migration-i2-ar-o0-ll-c0-fh-e918ec511a5c,ar-ar_execmode_migration-i2-ar-o0-ll-c0-fh,e918ec511a5ccea4f84ff46d9fc5340d5eb18a60b26db534fa095ba996f69bc2,09666e22a1f5419c92e47f9a1b37e0e3824bd2562fec322a4706e5b9bad5bc46
ar-ar_execmode_migration-i2-ro-o0-ll-c0-fx-8f9c76fb665f,ar-ar_execmode_migration-i2-ro-o0-ll-c0-fx,8f9c76fb665fac32b8953f7ff60972212c4cc4db2c35fab578859a65df393abf,82002eebf387dd9e92bba5bb23f036fd7011336b955ddae60e9291e5644c84a3
ar-ar_execmode_migration-i2-ar-o0-ll-c1-fe-8ef04674aecd,ar-ar_execmode_migration-i2-ar-o0-ll-c1-fe,8ef04674aecd60221283425b568852317d02c6a061ab7a5c5da9bec67afb10df,c88d126c9447a4c98831bb8d491a873b398131b0f575dd18c5833c9a9ef9b270
ar-ar_execmode_migration-i2-ar-o0-ll-c1-fh-812e225fdb38,ar-ar_execmode_migration-i2-ar-o0-ll-c1-fh,812e225fdb389763547a7deaa2db6c61e76ebe30c14213b0fe16dda701a5367d,f854b86de4d1dfeb3623333b20baae8b75997cea0b959901ae99781ed049088c
ar-ar_execmode_migration-i2-ro-o0-ll-c1-fx-41635388979d,ar-ar_execmode_migration-i2-ro-o0-ll-c1-fx,41635388979d56e9805118fc53d58522ec0141ceed9c81754bfc9fcf339f09cc,34aa329dba9f936a92e2bc369592ffa6e7624c780e3e33fef4ac326b77a25ba1
ar-ar_execmode_migration-i2-ar-o0-ln-c0-fe-be8aefd90089,ar-ar_execmode_migration-i2-ar-o0-ln-c0-fe,be8aefd90089bd440f4217eb94477269bc022e40f951a833b83d82b62c5b9edc,e0639546afa6a649ed4c8f2de1e082b3bdffa8a7d7983f449b9f4e7f98f5c484
ar-ar_execmode_migration-i2-ar-o0-ln-c0-fh-13d17f04b0e6,ar-ar_execmode_migration-i2-ar-o0-ln-c0-fh,13d17f04b0e6a429e67ad7e4044c00a264b45c999eb858688b8e242eda6196cc,33d9cab0965a14a543f48880c286d66da3230cb6181bb6897876764a989bda39
ar-ar_execmode_migration-i2-ro-o0-ln-c0-fx-ce893a81f7c0,ar-ar_execmode_migration-i2-ro-o0-ln-c0-fx,ce893a81f7c0e9c4964ddeff0b6b475cb995b38138f3af1adda725a8a44dbce7,02145a8bc388b5f88d2b7257dc34af8e2d2f0daab85d10a55021683930e4e986
ar-ar_execmode_migration-i2-ar-o0-ln-c1-fe-651a3c0e8861,ar-ar_execmode_migration-i2-ar-o0-ln-c1-fe,651a3c0e8861c11e988219495532b54caa681206426b4d66ca9871d8246f4d4a,e29137dfdd4b35e27faeffce9791fd494835f331b72470f12f252c6d8f5a7d5e
ar-ar_execmode_migration-i2-ar-o0-ln-c1-fh-320f45b5a2e9,ar-ar_execmode_migration-i2-ar-o0-ln-c1-fh,320f45b5a2e9896c0a45827b79fa16687c98a7db508046aee57133b34f7d2eb8,9ff7ff1ce99352cdd88097b4a28207337c72388952bf0cb48536445b1d45fe54
ar-ar_execmode_migration-i2-ro-o0-ln-c1-fx-cb6d35f6c806,ar-ar_execmode_migration-i2-ro-o0-ln-c1-fx,cb6d35f6c8064051a880fb4af83e4e3a2e0b66a963cf48a4351fdf8813fc8a38,a2c8ccdc2a8ec2e3ae1df198f3798438353db7ff48db6b4d27b4e9bb45ce82ca
ar-ar_execmode_migration-i2-ar-o1-ll-c0-fe-a23753587b3c,ar-ar_execmode_migration-i2-ar-o1-ll-c0-fe,a23753587b3cd9f1b4bad1bd13c909aad1afd2dbc3f2ff8104abeedea56d3d98,e4ab76a44df9f089a220b3afe13bd9eb10d9b80558633eb9143499cdba7fc300
ar-ar_execmode_migration-i2-ar-o1-ll-c0-fh-5ac9cc240b83,ar-ar_execmode_migration-i2-ar-o1-ll-c0-fh,5ac9cc240b832277b6d4197d812e90bd94f299c9a1151a8caa3166b7e76f76be,f3a0f89cc62841885132d881473e45f7f9266d1e672db27a5a561899a3f7cef5
ar-ar_execmode_migration-i2-ro-o1-ll-c0-fx-00bedda99b0e,ar-ar_execmode_migration-i2-ro-o1-ll-c0-fx,00bedda99b0e02a1fcbe86e2589415ecb3ec6eb601e349424e841b7f00ae67a5,ddb04586604a2704f1591a16b532fc99d5502fe5b58e1ff7b2537c86fb92c899
ar-ar_execmode_migration-i2-ar-o1-ll-c1-fe-34d76d6c3af1,ar-ar_execmode_migration-i2-ar-o1-ll-c1-fe,34d76d6c3af1925b188798c48234e45b83b6abbc89e6d2e187552d7ddccb07b7,c7ac15d23fbb5b67345ef5723e3b06af4329df2e6ccf196e453f6b56efcfe20a
ar-ar_execmode_migration-i2-ar-o1-ll-c1-fh-84788d0fcc98,ar-ar_execmode_migration-i2-ar-o1-ll-c1-fh,84788d0fcc984df12a5e1387200ddb7010a58a76f20a4af4daa1d06d9d78ded7,b84374309d2eb95cfe38d02b9cd98d5e51986dec834b29452cd29f2815e3141b
ar-ar_execmode_migration-i2-ro-o1-ll-c1-fx-036e5961753c,ar-ar_execmode_migration-i2-ro-o1-ll-c1-fx,036e5961753c93985ea1f066a05b31bd4872084c7e405a6d6a462921eaa55a28,35800f68942a628c2d7ee275069a7f9bcb970b7570f8f3ed7e21b4aad58ed23d
ar-ar_execmode_migration-i2-ar-o1-ln-c0-fe-6623cc0020f0,ar-ar_execmode_migration-i2-ar-o1-ln-c0-fe,6623cc0020f094c289780aebf2538fc51a408c035c7aaf18c906de9ab8621923,3d7044609bf13742d58ccc2da48ad7b4ab9e3c2542588cf9a33b9caaddb13276
ar-ar_execmode_migration-i2-ar-o1-ln-c0-fh-c6d9d1f8c903,ar-ar_execmode_migration-i2-ar-o1-ln-c0-fh,c6d9d1f8c903ded2d2b36966638f893d35d1e2ee0085b92e3d3921607fe38221,b5c48c9d7914e3298f06d59bea0925223fc9aa41cd2df1e19adc8b32f66975fd
ar-ar_execmode_migration-i2-ro-o1-ln-c0-fx-d75d6c73eb13,ar-ar_execmode_migration-i2-ro-o1-ln-c0-fx,d75d6c73eb13579f364b9778d895ceed5e4bb29583a7b62eab68075c68558822,6cf275b4c612706d43aff73ad6b8f34731f7ee7455cf42678620ea41d64e9906
ar-ar_execmode_migration-i2-ar-o1-ln-c1-fe-d3e2338365d6,ar-ar_execmode_migration-i2-ar-o1-ln-c1-fe,d3e2338365d6bd6dcbf5f5a41ca3f0c6ec63b71f0323c80d1467db4ca163b05d,7b8d7cbe7ef0884cdfae881c23e30d357c9d832a5e6ef008e5a1774278a7dd70
ar-ar_execmode_migration-i2-ar-o1-ln-c1-fh-52a98c18e099,ar-ar_execmode_migration-i2-ar-o1-ln-c1-fh,52a98c18e099dd68cbb72492fe35af3e288dbe285c59436d7bfed66e15fc8887,19d7ae009b0f17cd4691ebce7662e4c83075e92c8fbad9e4720b96ecd2fee819
ar-ar_execmode_migration-i2-ro-o1-ln-c1-fx-b4656d9d2736,ar-ar_execmode_migration-i2-ro-o1-ln-c1-fx,b4656d9d273654c2d3f2963f36da64ecac48e402dfce01356bcb4995415792cf,a96b74e644bac34a1d0bf2d407249e246848f4595a7a7092edb75f8cb9b48308
ar-ar_execmode_migration-i3-ar-o0-ll-c0-fe-4c7231e1906b,ar-ar_execmode_migration-i3-ar-o0-ll-c0-fe,4c7231e1906bb053374c3b4a43941633134a51d76bfd393bd888fb7d3ad3aa8f,75b705a1e4f5419f597d514efc809d6de22f5ee486d09bf77b2d2ecdc7bc6447
ar-ar_execmode_migration-i3-ar-o0-ll-c0-fh-adc0870022fc,ar-ar_execmode_migration-i3-ar-o0-ll-c0-fh,adc0870022fcfdd04ee34b73e7bcec5cf901d0a321b9cb64a2f7d06f9abf7268,7fc63902b61ace2db82d8a98c846db202408a00f553d8a0d961c6bacd430539c
ar-ar_execmode_migration-i3-ro-o0-ll-c0-fx-ff680238dfdb,ar-ar_execmode_migration-i3-ro-o0-ll-c0-fx,ff680238dfdbf98150bf4f227c64fcc978163579f234a2342b7a5fc1b9d936de,abe7408dae00d03d023b4fbb818107bc2abfd018a1ca8740a2afcd20ffeb89da
ar-ar_execmode_migration-i3-ar-o0-ll-c1-fe-7fd0fad3bd7c,ar-ar_execmode_migration-i3-ar-o0-ll-c1-fe,7fd0fad3bd7cf45834dd43698d327ecbf6cd1e6fe89dbc519078cd1182063f88,dac4e25c5e732873b8b8587b8a5a9adaf2c5ae3252942d501f01af140df8e000
ar-ar_execmode_migration-i3-ar-o0-ll-c1-fh-33ff2af70f50,ar-ar_execmode_migration-i3-ar-o0-ll-c1-fh,33ff2af70f50365cba4435f4e43d5a568c6e9d0c8d2eb9f6d751cb973f9fff9f,9a18af2937fa28cbd40ba051d6a378d21bc03e970c99dde17be2ea7e41298f20
ar-ar_execmode_migration-i3-ro-o0-ll-c1-fx-ef25e7dc333d,ar-ar_execmode_migration-i3-ro-o0-ll-c1-fx,ef25e7dc333d597d2beef520370aecbe418e6749c4cf8527708781f95a57d54b,55c690fd946270af7622515fa7a338fd2b44573ba37ba5ca59a30794c638fac6
ar-ar_execmode_migration-i3-ar-o0-ln-c0-fe-155c494ed2f5,ar-ar_execmode_migration-i3-ar-o0-ln-c0-fe,155c494ed2f5cffd14b2a9edd1d5f89fb857363dbffd6c60f1ca194833c33a13,674845dc9eccf1af8e25e8f3ccef0f1f008dae4aec30fab1b45c8781e602ca95
ar-ar_execmode_migration-i3-ar-o0-ln-c0-fh-957b9d98f780,ar-ar_execmode_migration-i3-ar-o0-ln-c0-fh,957b9d98f7807feb69be09ac888de19aff7f15e5c0f2bd8b2e99c0689af0f70f,fdc4c77dc64b033cba648232fb970b85af0281087fd815242b93fde28ec38643
ar-ar_execmode_migration-i3-ro-o0-ln-c0-fx-06809a76ad02,ar-ar_execmode_migration-i3-ro-o0-ln-c0-fx,06809a76ad0224a129545748ff0e8cecf327aa461105fb1073681660d0a20237,712be4c311d21617402dbe2c2e08b5a1be4ec78fd01b354130743dde15803fdc
ar-ar_execmode_migration-i3-ar-o0-ln-c1-fe-154eaee60a7c,ar-ar_execmode_migration-i3-ar-o0-ln-c1-fe,154eaee60a7cc9b197da66637d94db7ed7b7543eab7810fcaef9568f97066a7a,3ae2b70b8484efa354440164a013ca144a92b6d1466956b208fbe27ba116d55e
ar-ar_execmode_migration-i3-ar-o0-ln-c1-fh-05e9d17b1ea5,ar-ar_execmode_migration-i3-ar-o0-ln-c1-fh,05e9d17b1ea5d6e56a679bd16d883b44025b4fd3d3f34c66c9deabe94eec16f8,9259105e95415f16c7901830838b178f6759d374e4270525c0c39394b130f9db
ar-ar_execmode_migration-i3-ro-o0-ln-c1-fx-017a0fa0a4e3,ar-ar_execmode_migration-i3-ro-o0-ln-c1-fx,017a0fa0a4e35cf24b73c8ba86a2802daee23f615cdb6012680b3880d746c548,06a88725504d52cc77b1dfa0bbb57708a0c6ef2f6bf681804a03eea3a99ab245
ar-ar_execmode_migration-i3-ar-o1-ll-c0-fe-f7146f2ec4ae,ar-ar_execmode_migration-i3-ar-o1-ll-c0-fe,f7146f2ec4ae886c3703cc7db7c98e0b5d9f0c366d5dd54416e064af957962af,0e60cf5fbd6bd05fdf1809c8991297e5e2c568e573d537b4d6755579878cf06c
ar-ar_execmode_migration-i3-ar-o1-ll-c0-fh-ac1f68a825a2,ar-ar_execmode_migration-i3-ar-o1-ll-c0-fh,ac1f68a825a2d23df4a3708b15e25f531f1e52015e00df604b5e33a867f8285e,b6e94c7fd98b37590a19e224077ae8e28220c693288bd20ef61d293d0804b6dd
ar-ar_execmode_migration-i3-ro-o1-ll-c0-fx-7d3a9750216d,ar-ar_execmode_migration-i3-ro-o1-ll-c0-fx,7d3a9750216d263912cf0102073c80638aeeb7f4db49a93b7417e618167ffdd6,34285c8731049c67489c42cdb4ee74a21cb7ed6050cdb8ccd94494043c5872c9
ar-ar_execmode_migration-i3-ar-o1-ll-c1-fe-aafcf1369d1c,ar-ar_execmode_migration-i3-ar-o1-ll-c1-fe,aafcf1369d1cc6ead08cb038d3f74b7cb5181482441850eaff0eb3135c56c4be,6969ee99edad9377ce214a26e1fa8a8dadcf5f9d422160abfd6ddfc049660fac
ar-ar_execmode_migration-i3-ar-o1-ll-c1-fh-37dca5eb4f0f,ar-ar_execmode_migration-i3-ar-o1-ll-c1-fh,37dca5eb4f0fd277ca571cc4f726b3e47f7571ddea92c4e006661acdb4d0ee79,ee6f7a5e0879c5ff1ef6baba822573fd34fc9b1614dd1b9a53e0e49a7fcd693b
ar-ar_execmode_migration-i3-ro-o1-ll-c1-fx-c2b1b9492f81,ar-ar_execmode_migration-i3-ro-o1-ll-c1-fx,c2b1b9492f81ead5b899bfed4a9ffd91bb7d0687d4011fbc31fb3100a25f804a,a0d577f5600e98ba1d94c21d2f28404b854f8d242bfb1ccfc4f10b557f24cca5
ar-ar_execmode_migration-i3-ar-o1-ln-c0-fe-871c3ca1aea6,ar-ar_execmode_migration-i3-ar-o1-ln-c0-fe,871c3ca1aea64315ed1737ab4ab196df38282d2bb51d27d020f0d49f5c40ec83,aba5e07401cefedc5bf598bd85c79e03b803c0bc8ac0cdfe8bbefbffa9436475
ar-ar_execmode_migration-i3-ar-o1-ln-c0-fh-2c85a8b0d06d,ar-ar_execmode_migration-i3-ar-o1-ln-c0-fh,2c85a8b0d06d399b53bb28c8cd81eefda0b11773967cf96e85366ab10b95a989,ffb0daa42ae3bf233e4e2199c417ae70aeb72401899e91389aa9f5af736153b2
ar-ar_execmode_migration-i3-ro-o1-ln-c0-fx-a79fa9e588ba,ar-ar_execmode_migration-i3-ro-o1-ln-c0-fx,a79fa9e588ba59d4c06bda4c14cc0736edd067b6c566ce7100bd2798f093b69c,de617c4c65ff291f7bf5fc9140a213164ce8bf47ec5a353a2e40b91982ce3305
ar-ar_execmode_migration-i3-ar-o1-ln-c1-fe-44eefcbde15f,ar-ar_execmode_migration-i3-ar-o1-ln-c1-fe,44eefcbde15f8782858ab404342c1302f7626823280c92bcdeba035f015562fa,ef024c80c306afcb0691e2cb73a63ee083edddcf216481098a2eb1a02441dd08
ar-ar_execmode_migration-i3-ar-o1-ln-c1-fh-39b2dec5f157,ar-ar_execmode_migration-i3-ar-o1-ln-c1-fh,39b2dec5f15741b4bf379dd37482c33795025adb84976911221859aacf0df0c9,1d80c5b6176923b53bf2d07b61a1049efcb8ebc1413c22598843bc3f5647a21e
ar-ar_execmode_migration-i3-ro-o1-ln-c1-fx-e98d9646f27d,ar-ar_execmode_migration-i3-ro-o1-ln-c1-fx,e98d9646f27d029e0ca2a0f7f1e199b9bfbb844debab103b355db8fc388d8979,dc275f440a4077ee141af9838b6a3c5fc9d68f1b58bd51e5dca9ca23b43f9b92
ar-ar_execmode_migration-i4-ar-o0-ll-c0-fe-c454fc69f0b8,ar-ar_execmode_migration-i4-ar-o0-ll-c0-fe,c454fc69f0b8ca038b9468483af5912087075315aa2ddd5ed074a6bee187e83f,d8a51790015646cbb7fa60a1bd78a8403e363e7effd7153d09c4aca161df2c9d
ar-ar_execmode_migration-i4-ar-o0-ll-c0-fh-eed1c51b0073,ar-ar_execmode_migration-i4-ar-o0-ll-c0-fh,eed1c51b00730912bdbcef86ae8efb404ec8abb3166d28bff8c78ebe13458161,5d481c52d5562a5168167e2edd3002927c09feaca1dcebf9a5484d1b3792297a
ar-ar_execmode_migration-i4-ro-o0-ll-c0-fx-d38d08d767ff,ar-ar_execmode_migration-i4-ro-o0-ll-c0-fx,d38d08d767ff881401e6bd19b0e7d77e012d563a567f77746a10248ab046c2d3,167eea770419e30e750d072ebd5818e8802f633e1847e81e034c0af235bd1ef6
ar-ar_execmode_migration-i4-ar-o0-ll-c1-fe-12e112f754ef,ar-ar_execmode_migration-i4-ar-o0-ll-c1-fe,12e112f754efb7f78273f22884954f8b66b13c40d550be82b3c1a809274a4397,b3c394478393f8217b8d3f5b45526979e2aad1cc9692b7a2db0daa8f345649f3
ar-ar_execmode_migration-i4-ar-o0-ll-c1-fh-a8f62887fff4,ar-ar_execmode_migration-i4-ar-o0-ll-c1-fh,a8f62887fff42b8e85afbd2ec2892717346d741b91b2df5d1dbd8f05c3f21d9d,6b04a2c3b6e66f820fbbf4df2bf78010d8638395601d459e4a20147b6eb21bd3
ar-ar_execmode_migration-i4-ro-o0-ll-c1-fx-62d54f169ef6,ar-ar_execmode_migration-i4-ro-o0-ll-c1-fx,62d54f169ef6f4c36194756ddef4748cb9b0dacd99cf02da9b2717daac61383e,2504766a1c66e3b4f083ee83cc48075360d8daeda54f21ed96c71f6bc797f929
ar-ar_execmode_migration-i4-ar-o0-ln-c0-fe-b7c18ef49ba7,ar-ar_execmode_migration-i4-ar-o0-ln-c0-fe,b7c18ef49ba7b891fd0ab594bc21af3e02ad8bcdff8b08a1841fd9af77f274d6,8d1c6133b13104154149e6d95890393180091e9e1cf08fdf8def211ce0a2b5c4
ar-ar_execmode_migration-i4-ar-o0-ln-c0-fh-5eb7c6308676,ar-ar_execmode_migration-i4-ar-o0-ln-c0-fh,5eb7c6308676c06c46c85d2d309c4ecc08bf3628c672b1422a9ff7583fc9e95b,39e130d9b9e3a078b85c94a3039080f48883737b924acbb4f64387c9988b2eaf
ar-ar_execmode_migration-i4-ro-o0-ln-c0-fx-aa0a4d8ea50d,ar-ar_execmode_migration-i4-ro-o0-ln-c0-fx,aa0a4d8ea50dda02df937ba320259d11a4b3227ea470395567c2492111ad24c6,42e23a4c834f770741655591ee3caaf7379b6588795b88a51329cc71f6038719
ar-ar_execmode_migration-i4-ar-o0-ln-c1-fe-a84d8c664964,ar-ar_execmode_migration-i4-ar-o0-ln-c1-fe,a84d8c66496490fa05d1dc8e0272e3272e8db35bf07fa2d0d5e01c06418e848d,618367b67cf12238c2a28817ddf1d774c50539362a7fba8cab86464a7e67cb70
ar-ar_execmode_migration-i4-ar-o0-ln-c1-fh-1e347b80f476,ar-ar_execmode_migration-i4-ar-o0-ln-c1-fh,1e347b80f476e67f860a1c5574323485c350e0280dea96adc352fd747fb58a75,6cb5b32202a46fa383dd57081f30c02cfca3cd99bd01ee2e7ffa0afbbde3c015
ar-ar_execmode_migration-i4-ro-o0-ln-c1-fx-91ef34314687,ar-ar_execmode_migration-i4-ro-o0-ln-c1-fx,91ef3431468769d595ba91cab1c7804659a1393ee80cabbea0e022384d7dae0c,cf6675747d9c54b95a7875a9eeb82bea7de0bb59eb7db7f00e2148679a514e60
ar-ar_execmode_migration-i4-ar-o1-ll-c0-fe-9674af744bd3,ar-ar_execmode_migration-i4-ar-o1-ll-c0-fe,9674af744bd3deb3b653ca6fa37f5d4ea218d5a2ee68bfe2f825838fb8b9bc1f,90cc1f03e6303d326686299f1c68039e35ca73f5f89edb745f6099459ec77c2b
ar-ar_execmode_migration-i4-ar-o1-ll-c0-fh-85e58fc55d6d,ar-ar_execmode_migration-i4-ar-o1-ll-c0-fh,85e58fc55d6d4eeba7a742df926c7ce723637bd33f57150069da882df3dc4162,1682abaa7c23e881be2351ab50d532df7e992a7e432e4ef8407e4b83364384d1
ar-ar_execmode_migration-i4-ro-o1-ll-c0-fx-f3e98cc4b6db,ar-ar_execmode_migration-i4-ro-o1-ll-c0-fx,f3e98cc4b6dbbcf02750d20b966dabc1e54b6aa9b8315e9b8c6a1b76edeaaabe,df9418b663444909f9d5146f91167aaf120f37f1eb436a3258e8a1dc53716562
ar-ar_execmode_migration-i4-ar-o1-ll-c1-fe-b0d2fd14f680,ar-ar_execmode_migration-i4-ar-o1-ll-c1-fe,b0d2fd14f680f79e571f074136d7577f65b45884bc7cf2c6e8b30692d0596a0d,327ffea94e92c6b17fb9eb847efffee4ffab66764ab293ec83d0d6eeb1f1c4c2
ar-ar_execmode_migration-i4-ar-o1-ll-c1-fh-f2c7b6ae52f8,ar-ar_execmode_migration-i4-ar-o1-ll-c1-fh,f2c7b6ae52f8e950a67a4187de6d0a127f678158c189f46718587a024e4dfcca,125081b93271fb963079ddaf69303c20d02d7761b0cc9beb2cc6bb51f9fb7bca
ar-ar_execmode_migration-i4-ro-o1-ll-c1-fx-142ebb01d125,ar-ar_execmode_migration-i4-ro-o1-ll-c1-fx,142ebb01d1251ff908d5ff3e6b335f2125af122b69614bc495d0758f9bbbd933,b0ae72947d152db00f1a9af66bfdf13a024309ad3584ee5d81ddf8cf204d5082
ar-ar_execmode_migration-i4-ar-o1-ln-c0-fe-4f9a8f863d1b,ar-ar_execmode_migration-i4-ar-o1-ln-c0-fe,4f9a8f863d1bc89409a8ca533659db8119976ec41d2750d3ef3784eaad441e0a,d9a30a7b03aac58457c2b8c950abb003486a4815673029d15268d14d9390398c
ar-ar_execmode_migration-i4-ar-o1-ln-c0-fh-70a82aa50812,ar-ar_execmode_migration-i4-ar-o1-ln-c0-fh,70a82aa50812cf8ec2d720df9dfad33636808715cce169e75357d750abd6c437,a75231df4dac494ab9ef6b72aad3bb7b0079ef35851df9a659b009667d28ffec
ar-ar_execmode_migration-i4-ro-o1-ln-c0-fx-83636a7cc98b,ar-ar_execmode_migration-i4-ro-o1-ln-c0-fx,83636a7cc98b8e3d86a049d63f2d1b9102b7bdf92a73a1dd3c4ba0022d63a10e,db2d514c83268d67043acfa876457e343014f5996118e13250168454341baeb5
ar-ar_execmode_migration-i4-ar-o1-ln-c1-fe-baf6409e85e5,ar-ar_execmode_migration-i4-ar-o1-ln-c1-fe,baf6409e85e57836afbe2642c40fc55b71da0c3ca52567321cd3134c72340702,5b4527c80287422faf2a04c07720e2a96a0acef528066caa7a03967a0a1d3003
ar-ar_execmode_migration-i4-ar-o1-ln-c1-fh-c2bb843984bb,ar-ar_execmode_migration-i4-ar-o1-ln-c1-fh,c2bb843984bb9e95e8b4d4274a46f84781f1ef169faf2070bc60d2d8b807ebc9,2018f56e68c8941dda41761fa961ecaadd656d59cd3a33d776b005d9f2458aac
ar-ar_execmode_migration-i4-ro-o1-ln-c1-fx-4c56d4da3470,ar-ar_execmode_migration-i4-ro-o1-ln-c1-fx,4c56d4da3470a36b0ac3ccf3751bd163260be09e65ddac29e4e5acb0a3c76ab3,992638522e3e40e11b9a7738954a3a2e2644d374b5cd8c857b65d737bc59b323
ar-ar_taskorder_setup-i0-ar-o0-ll-c0-fe-723cd9e41873,ar-ar_taskorder_setup-i0-ar-o0-ll-c0-fe,723cd9e418734ca656ec554fd1c227fa55475683302652240b8f2d678e362d96,d5aba4a06f67c21b70d2d3f6911ff644c60f98949f2194c1623fabfa98824b7a
ar-ar_taskorder_setup-i0-ar-o0-ll-c0-fh-0876d6f91973,ar-ar_taskorder_setup-i0-ar-o0-ll-c0-fh,0876d6f91973f93082fe825f70bb6d4452d2bffc1170ff4461407c038b7d1a10,f74084855b160c81cf1a407ca5d00e5f9d793155e977f618cd93b34b088c3852
ar-ar_taskorder_setup-i0-ro-o0-ll-c0-fx-07f13518540a,ar-ar_taskorder_setup-i0-ro-o0-ll-c0-fx,07f13518540a38e8699edea2c4098bed15581973cf98022607a7c9a96ff838c4,af02ca99d26979fb754a014805aad0200b2898ce5c56ba82c7d61f15cd21918f
ar-ar_taskorder_setup-i0-ar-o0-ll-c1-fe-1af68c78ae70,ar-ar_taskorder_setup-i0-ar-o0-ll-c1-fe,1af68c78ae70c7109fb94c9b4ca70437229f30ca3dd7cd987f299fa5fe1be357,bc2283a12e2318dd805d5e5060c14b2dcb4331d2a0923515f0eb81df53c39265
ar-ar_taskorder_setup-i0-ar-o0-ll-c1-fh-2f8d39d3c97c,ar-ar_taskorder_setup-i0-ar-o0-ll-c1-fh,2f8d39d3c97c20e9133e00fb502f91b9110dacb47e728b19b14e2c75041098e0,39734d1c213c76356e536769546693e633ae23c37995887cf72f171b2b83a821
ar-ar_taskorder_setup-i0-ro-o0-ll-c1-fx-6a26b09a11ef,ar-ar_taskorder_setup-i0-ro-o0-ll-c1-fx,6a26b09a11ef47cdbb59f48853e30a915686d998503b97d29acd53820930e6b5,1cfd0dff7fe8ddf4e883c037b2bde0aafd0081f945bd40859795cd18ca868f8f
ar-ar_taskorder_setup-i0-ar-o0-ln-c0-fe-371b26a26fb3,ar-ar_taskorder_setup-i0-ar-o0-ln-c0-fe,371b26a26fb32fe9ff2a5442ac65c8fa94745334b526285814b5af809b4e2f46,712881dd5317bb3c19aaef8d78e3419352efbf5f9c366899d2cd65948e14bcd2
ar-ar_taskorder_setup-i0-ar-o0-ln-c0-fh-62c0d71fc9ee,ar-ar_taskorder_setup-i0-ar-o0-ln-c0-fh,62c0d71fc9eed54f2efe027c89be3fb041a904acd575063dcb8d990e415200b4,250341e9a4332aacb2174ecbfc41aa3d600378bccc6bdf85f5226c029975e8a6
ar-ar_taskorder_setup-i0-ro-o0-ln-c0-fx-a8288f02cafc,ar-ar_taskorder_setup-i0-ro-o0-ln-c0-fx,a8288f02cafcd9f13cbe1eb128b3b2f10d442c10e512576aed81054445390ad1,40a95dc19e0d5117b027aa4c1b5da456d355b3b30f1c96ab9222142acd38c1b4
ar-ar_taskorder_setup-i0-ar-o0-ln-c1-fe-48bfdd5ec608,ar-ar_taskorder_setup-i0-ar-o0-ln-c1-fe,48bfdd5ec6080af08b833636af7600ef3f47fee1fc1156904816b00e3edd7cf1,95eafc5e7907d408320086c7b62f09baef4c2d8835d2f2e0378b7f152136c394
ar-ar_taskorder_setup-i0-ar-o0-ln-c1-fh-bb0f32d3438a,ar-ar_taskorder_setup-i0-ar-o0-ln-c1-fh,bb0f32d3438a61dc63fa3341b4deca24f597212a89e33074fdd9f482722a487f,ac067f07193c98c94bcdc5c9537172399fddccec837c93aab850761a8ea146c9
ar-ar_taskorder_setup-i0-ro-o0-ln-c1-fx-2c07df07907a,ar-ar_taskorder_setup-i0-ro-o0-ln-c1-fx,2c07df07907a059ee8913b949e6ee46f0be580aedc95a79b5e14a45ab8f9899a,68dc0f9c04bc3bab2d808d8c973e67fbc6cf5541fad93ff105fb1ea4024fb7df
ar-ar_taskorder_setup-i0-ar-o1-ll-c0-fe-3c502cb21fd8,ar-ar_taskorder_setup-i0-ar-o1-ll-c0-fe,3c502cb21fd8fa7003f2a45a12022c15bb1ca289565b40af4abe2694052c7085,7691818c567eb89506168c97fc2a60517edce988546cdab469e09f639755bc2b
ar-ar_taskorder_setup-i0-ar-o1-ll-c0-fh-b153438cf7cb,ar-ar_taskorder_setup-i0-ar-o1-ll-c0-fh,b153438cf7cb4fd047c4a9a91c163891b9c6dfbd1dabd500fa3a5ae5b65857c0,979816ee37d0db2f7cd52f5b373384e689ad0d40eb95ea4b4511b494daf6af2d
ar-ar_taskorder_setup-i0-ro-o1-ll-c0-fx-28b99337a913,ar-ar_taskorder_setup-i0-ro-o1-ll-c0-fx,28b99337a913918882b26568b5217f597093de84f8ebad8c1d7e496117b84505,7f7424b9eafa3248fee7548e6f0de30079571acd29806e387e068441c5a98ad0
ar-ar_taskorder_setup-i0-ar-o1-ll-c1-fe-1d4b285f5699,ar-ar_taskorder_setup-i0-ar-o1-ll-c1-fe,1d4b285f5699d362dcb012bd2972e3a1842ee2d4bab80a47c6bdef4f92715e05,57e2a93b805a710d5d3ab15133d3e74314cd83e0e42876ffc3185f204f8f5152
ar-ar_taskorder_setup-i0-ar-o1-ll-c1-fh-929ebc53dbb3,ar-ar_taskorder_setup-i0-ar-o1-ll-c1-fh,929ebc53dbb3f9ff40c2ec7bbc19517264cb38c9dc3752796fc4126bfbbf6d6b,795e772b9fe8ece6ad7635cff21da0074b67961bc75b3560e776e15751627239
ar-ar_taskorder_setup-i0-ro-o1-ll-c1-fx-6ce27f7a75d0,ar-ar_taskorder_setup-i0-ro-o1-ll-c1-fx,6ce27f7a75d0006df112e22002e7237389fb78deb9a9a8a2c8230cced32d2f02,779bc7240db45084a931f5ed95a238992a65686fd4ca34e3c1408beed116ea71
ar-ar_taskorder_setup-i0-ar-o1-ln-c0-fe-303c0f066fc9,ar-ar_taskorder_setup-i0-ar-o1-ln-c0-fe,303c0f066fc99bcb3987efef08fec88c5328061723bdffee78e0884341b04e07,b05374d3e81ca593cbc32ee2e8fb7959245d13fc29ae92ee26b8e38185267b6c
ar-ar_taskorder_setup-i0-ar-o1-ln-c0-fh-9b3c60450b6d,ar-ar_taskorder_setup-i0-ar-o1-ln-c0-fh,9b3c60450b6dcb1b7907a406e012aecc6d213a921fff3f0d0f61991ba7b3099e,e99940c84fc79e4f1371e4b029b9b6462f61b2676374d11d5690b91db5e95122
ar-ar_taskorder_setup-i0-ro-o1-ln-c0-fx-5ad961a61084,ar-ar_taskorder_setup-i0-ro-o1-ln-c0-fx,5ad961a610849a18f8d0961902f3931989e517f28aedbfd922d84e3fb2ad03ab,b7a9df35d5b5fb2791bdcc4b88440dd35a1e58b2344a4f0ba7602490b6d859c1
ar-ar_taskorder_setup-i0-ar-o1-ln-c1-fe-40be6f36015a,ar-ar_taskorder_setup-i0-ar-o1-ln-c1-fe,40be6f36015a27807c92bc4c0a33eb79d045a14d09a414a89f738185d7edb5fa,99eb458e3c6385566be2817fa76c3602d515af108bce15f4c05f61ca11e03ca7
ar-ar_taskorder_setup-i0-ar-o1-ln-c1-fh-fd32671194cc,ar-ar_taskorder_setup-i0-ar-o1-ln-c1-fh,fd32671194cc8bef4d21669ba128a6416be8258e24a7eb35f43e879aa6068999,958e005fa7a5b4047bd66fb4c5e3bf333ef5961b0f697b49a0b2578ed238029b
ar-ar_taskorder_setup-i0-ro-o1-ln-c1-fx-53a32c47279c,ar-ar_taskorder_setup-i0-ro-o1-ln-c1-fx,53a32c47279c0ba60caabd25ce4616a54a389c8a926eb362d5b89202f3acbee9,ddd12396b75f8dbfbae32b2d46c306e2c9cbde2e46d1067ae64cf4be199e538b
ar-ar_taskorder_setup-i1-ar-o0-ll-c0-fe-54547f58bdb9,ar-ar_taskorder_setup-i1-ar-o0-ll-c0-fe,54547f58bdb9240f8d3725bea488be1acff127aac816ecf3fd25645e9f592013,749f53f4ddcae37377b849b50dcf61cf1bd3a094fa66474a390f39a5345b9d88
ar-ar_taskorder_setup-i1-ar-o0-ll-c0-fh-d0be991915d6,ar-ar_taskorder_setup-i1-ar-o0-ll-c0-fh,d0be991915d6cc9080dbf4a58874989050c5435c1f8076a8cd378708d47973e2,b45d81a845304869f65a386d59da55dd3a2fe17454a2102a80aefdacfa785877
ar-ar_taskorder_setup-i1-ro-o0-ll-c0-fx-de639b9bcf9e,ar-ar_taskorder_setup-i1-ro-o0-ll-c0-fx,de639b9bcf9e99e9b73bfd779a58eb2f857cfaa84d5ff57468aa5df0979eb95e,65119a43984a63ace11adf8c436d49c70ed190de4b2de672999620acd0a47d77
ar-ar_taskorder_setup-i1-ar-o0-ll-c1-fe-3b61686e5e1f,ar-ar_taskorder_setup-i1-ar-o0-ll-c1-fe,3b61686e5e1f02d88a7bdf6918b36863fd1de015288d98b913a5a3eea5ce3025,2505ffa67cb8cccea74fa7cfc58db2f0f41a4cc494044fc8b8165c6bc4d8f219
ar-ar_taskorder_setup-i1-ar-o0-ll-c1-fh-fcc38b15c57d,ar-ar_taskorder_setup-i1-ar-o0-ll-c1-fh,fcc38b15c57d09fc78770100895bd9554951c925c6fefc8a77129e948102f808,61ad9469e08db2fedf6b2bbb0c7c942503cc853b3e670c4988b89c65e5c301b8
ar-ar_taskorder_setup-i1-ro-o0-ll-c1-fx-852d57f62455,ar-ar_taskorder_setup-i1-ro-o0-ll-c1-fx,852d57f624559dee9ca1c38d39e5aafddcd5ea84ef8685a54cb6ea02f9f7d26a,f83414429d5b8b3e10288d401ee8a4d6d85afb06e984d8baa432b29508560c63
ar-ar_taskorder_setup-i1-ar-o0-ln-c0-fe-2c513ff18d2d,ar-ar_taskorder_setup-i1-ar-o0-ln-c0-fe,2c513ff18d2d062f9089b16d6bfddaef35040710be6b3e75efbb21e6040ae2fe,60ce8c16c2777385cb57a2c078a7e9cb86a931998f6a09324b57fdfc1df45131
ar-ar_taskorder_setup-i1-ar-o0-ln-c0-fh-5edae7f10532,ar-ar_taskorder_setup-i1-ar-o0-ln-c0-fh,5edae7f10532344bbea424b04fda75c9df3424f8dfde4afc4102aa41dd27c0d4,86a659a26305a70dc9150b2e4fc21513d360498b5eab4c7a7d69b694bcd699b0
ar-ar_taskorder_setup-i1-ro-o0-ln-c0-fx-7dbf18ee5603,ar-ar_taskorder_setup-i1-ro-o0-ln-c0-fx,7dbf18ee5603bcb897adc2f5b7776ff6c4c3c3b53c7a27da2097935690e54433,1bb2b6178c6f796b5df755246de06390c0c776015b6058c6663c9df2efd1442e
ar-ar_taskorder_setup-i1-ar-o0-ln-c1-fe-58e3352ac1cf,ar-ar_taskorder_setup-i1-ar-o0-ln-c1-fe,58e3352ac1cf4403d2ba96bb97f272e89d166669dc8df5935771e11a4c2814ea,d97996f09c40ebab843225b28d035030bc94599ae56cd3748704d8cdc65e3c2b
ar-ar_taskorder_setup-i1-ar-o0-ln-c1-fh-1658dc797d40,ar-ar_taskorder_setup-i1-ar-o0-ln-c1-fh,1658dc797d40f1100dc3f08ef48c06f96608acb5ddef476415cb34585b9d7eb9,e21c0e212bfbfc13bc37dcb84dce496a4665409e9f23acd0a5f3f8d2cfc8d470
ar-ar_taskorder_setup-i1-ro-o0-ln-c1-fx-cc4aa17c5506,ar-ar_taskorder_setup-i1-ro-o0-ln-c1-fx,cc4aa17c5506f05c14b0dd4da15f49e8dcc0b808676c907f2d6c75e98fad03e6,abde34007952b4c9063ee0871a9d12d55b8a4b43c5e800a389a34f454ffa747b
ar-ar_taskorder_setup-i1-ar-o1-ll-c0-fe-b4a5ce287a7c,ar-ar_taskorder_setup-i1-ar-o1-ll-c0-fe,b4a5ce287a7cb7d507f9cea8f83c105c1e0a680e9da4f222eeb4419f77b348bf,4bd6ffe562fc940b35c530e0f94d86d0e1b494eaaae3c43c45a2384657cc4028
ar-ar_taskorder_setup-i1-ar-o1-ll-c0-fh-c18a5bafdcfa,ar-ar_taskorder_setup-i1-ar-o1-ll-c0-fh,c18a5bafdcfa4027eaa8e8a53f4d9e24ffc943dbd57765e41c1ae2db466cd8d3,ab70e0731183e25e3198febdc8bebbe35427a33708a68c177b99f606197b3ceb
ar-ar_taskorder_setup-i1-ro-o1-ll-c0-fx-95e6771424f4,ar-ar_taskorder_setup-i1-ro-o1-ll-c0-fx,95e6771424f4f32f4363eafc78d43814fe4aa5f88f56e1e2c316cd6c89240c16,35dd7420c490ea9e154e1e1383f0c158b912a6e785fd7365914cb23127ace24d
ar-ar_taskorder_setup-i1-ar-o1-ll-c1-fe-b205110ebc95,ar-ar_taskorder_setup-i1-ar-o1-ll-c1-fe,b205110ebc95e78f5deb5d4089ee7ac1b0733214848d573420d6e1d5df6edbd8,119d179522968378f01018f5638697358b3bed0c99647fbf2436af2a22b69cb5
ar-ar_taskorder_setup-i1-ar-o1-ll-c1-fh-3114ed3dff28,ar-ar_taskorder_setup-i1-ar-o1-ll-c1-fh,3114ed3dff284c2b78d3b0879de37eabc09b4af8200435e9a500d68e47475cf4,314f47e032ad3f860e719662e1465b31da7d3a3a7b9b30319a75e7922d035872
ar-ar_taskorder_setup-i1-ro-o1-ll-c1-fx-028cc6811eac,ar-ar_taskorder_setup-i1-ro-o1-ll-c1-fx,028cc6811eac5c9f6c69098eda5536b23cc4fab5bf25d20a4c17538aa489af7a,1657863b1c8d8a28233e05329b9d91bdf4a0c56d25ca2ccde6f6b030dbcca02d
ar-ar_taskorder_setup-i1-ar-o1-ln-c0-fe-ba5a602843a7,ar-ar_taskorder_setup-i1-ar-o1-ln-c0-fe,ba5a602843a780c0e9b881cadfce0a8d1dcfcaded255421e635b5b0bf9a46d31,9b5a986b7e2609f3d7fe2876b5b0476db300b0d39d08f3f515c8a013bc846af2
ar-ar_taskorder_setup-i1-ar-o1-ln-c0-fh-340f918ba98a,ar-ar_taskorder_setup-i1-ar-o1-ln-c0-fh,340f918ba98a09a928d27afca87c7a4440292f4351570e6d0c31a3867664f014,11d0da780b03426c6c6e558fdb7688d614e44d01603517744fe408b9f76a5014
ar-ar_taskorder_setup-i1-ro-o1-ln-c0-fx-2db61e752510,ar-ar_taskorder_setup-i1-ro-o1-ln-c0-fx,2db61e7525101633ac1a78e1abe88acec7689785e45d6c52131fbc1a65b8ac24,85f75ed504e7933e2cacea069317dcf733f227d56d23eac9ccf643ee34023fba
ar-ar_taskorder_setup-i1-ar-o1-ln-c1-fe-62ff164add86,ar-ar_taskorder_setup-i1-ar-o1-ln-c1-fe,62ff164add864390cab227ed274b0ad7da2709e64e8740a812e6f1407592c39a,05f6b916414ccf2e14816a828fbc188da3aa49d250308b291d6c91248201e076
ar-ar_taskorder_setup-i1-ar-o1-ln-c1-fh-1f322523576d,ar-ar_taskorder_setup-i1-ar-o1-ln-c1-fh,1f322523576d395702f1a2fb51a01063f4d6f7c03d3b17b8003452ee1d5ce4c8,01b200136bf38236d755fd42d885a5541cee96d12e5736cc60e9ab30ebcf7e90
ar-ar_taskorder_setup-i1-ro-o1-ln-c1-fx-82e86ca247da,ar-ar_taskorder_setup-i1-ro-o1-ln-c1-fx,82e86ca247daff6fbfa733680216891269e1e4e640506be07c265413a908c4e5,1af1b03e067fdc634b348c8718757641534e720e15b903b4285d460baff8bb60
ar-ar_taskorder_setup-i2-ar-o0-ll-c0-fe-3e12e0ea1a3d,ar-ar_taskorder_setup-i2-ar-o0-ll-c0-fe,3e12e0ea1a3daaedae16dff06093d3d0984dc681adc52f997054062dea1047ff,01601c9372534d27d234ec404d42a257fe657e87e55738c28d05751f7582eb00
ar-ar_taskorder_setup-i2-ar-o0-ll-c0-fh-a08ebc3e2752,ar-ar_taskorder_setup-i2-ar-o0-ll-c0-fh,a08ebc3e2752a2d1c56c91df324508f789493b161e759d7e2b6540065b9f0e68,524c4eb3f700fc14712bf24ac762de551c875b9f92ea97f537ce9af17135d567
ar-ar_taskorder_setup-i2-ro-o0-ll-c0-fx-40b66c8a633b,ar-ar_taskorder_setup-i2-ro-o0-ll-c0-fx,40b66c8a633bc9057baad5a401554716ff553d96de6c1b4885041e6848d41d34,12997f9918694c82b1ea481c4b0fc9466cbefe3f7a9470f6e2bb9a85ce573ec3
ar-ar_taskorder_setup-i2-ar-o0-ll-c1-fe-967b4f8d7822,ar-ar_taskorder_setup-i2-ar-o0-ll-c1-fe,967b4f8d782299f7dbced1cfe2fa045b87fe96be2146009ae639af1336c30501,972e58399eca56c76bb393b2ca69d98ed5af0b35dda422b9d7f440d6143c8d24
ar-ar_taskorder_setup-i2-ar-o0-ll-c1-fh-cee9ace10de4,ar-ar_taskorder_setup-i2-ar-o0-ll-c1-fh,cee9ace10de47d40ffe2139b89ea524673add8ff27193794d1c034475d6e0f18,1e816b67c7004e7c570432785816ab43ef548fb7a2cd18eabf771e72ca1ff3c8
ar-ar_taskorder_setup-i2-ro-o0-ll-c1-fx-c5c4ffcff42b,ar-ar_taskorder_setup-i2-ro-o0-ll-c1-fx,c5c4ffcff42b3a6849334b8911cb5cd111e890b3dd9d9fa10ca393427a7f678c,19d74c067d2df919f01364489d3b34fea82393e9387a03865aa9a8800379f465
ar-ar_taskorder_setup-i2-ar-o0-ln-c0-fe-560fb07339af,ar-ar_taskorder_setup-i2-ar-o0-ln-c0-fe,560fb07339af9671e01d649171ecbdfc58c2aaa7936a4b6e434fb56bcbf68756,08ed394d00cfd3a0c1effcf21057a8a5d9dbd53e442588ad263a6ac5647f8e2f
ar-ar_taskorder_setup-i2-ar-o0-ln-c0-fh-dc348d979bf3,ar-ar_taskorder_setup-i2-ar-o0-ln-c0-fh,dc348d979bf358e99679e63e59699ca8656cddf67b63d7d74964ab480e5f6d0d,85b13eb16f1425c17ee512024fef325b3d5601104478e084c08f18bc302362c7
ar-ar_taskorder_setup-i2-ro-o0-ln-c0-fx-1ff20fd39f90,ar-ar_taskorder_setup-i2-ro-o0-ln-c0-fx,1ff20fd39f909b4a7143b4e33efd4bb7a87757f86e2f9c19bb9670c21cdd82db,648e50e5547cc3113704ce83997cbc57842680d8b82b700ccf11f65f755514e8
ar-ar_taskorder_setup-i2-ar-o0-ln-c1-fe-960794cb8e2e,ar-ar_taskorder_setup-i2-ar-o0-ln-c1-fe,960794cb8e2ee2c63419948bf6c154dad85ac94a9d04fc3b8a6a7345a54cf3f6,cb4ae8c2bf9f21536c180d605fe9e0886af3dc0db21b7defec7c01377e870f17
ar-ar_taskorder_setup-i2-ar-o0-ln-c1-fh-616925ec21d8,ar-ar_taskorder_setup-i2-ar-o0-ln-c1-fh,616925ec21d8a667a49544618a9c816f5a8cd6ef76d0853118027167494cd431,b2e16bfd5aa38438eb3e14f04c7c6a3f5e29fb3a7ee1647b7c545c965f7f47bb
ar-ar_taskorder_setup-i2-ro-o0-ln-c1-fx-5ead4d07107b,ar-ar_taskorder_setup-i2-ro-o0-ln-c1-fx,5ead4d07107bfef16c1e00f6437bb2d4f3b509cc48b2301b9d92dd20da087234,dc7fea4e47e63b072fb2dd337718ca62fc916f3256b088111c1d90b986dfd444
ar-ar_taskorder_setup-i2-ar-o1-ll-c0-fe-5e44e7ea5917,ar-ar_taskorder_setup-i2-ar-o1-ll-c0-fe,5e44e7ea59175d01eb796b42208cd7a4302cda435460afdf4c24daf40d434f25,bf73cb2242eb41e6caed672f1eb2f834923ca9bf83077586c757607569916615
ar-ar_taskorder_setup-i2-ar-o1-ll-c0-fh-0ad1cde9da03,ar-ar_taskorder_setup-i2-ar-o1-ll-c0-fh,0ad1cde9da03abecadbfc6e84ab7c96bb07b0f02ff6d4e66a96be4e9b459a466,cc0b49de011e77adf10d32de4a54c2ecd44674d960b0e881cf4f6461b215472c
ar-ar_taskorder_setup-i2-ro-o1-ll-c0-fx-d3f2d891b8e5,ar-ar_taskorder_setup-i2-ro-o1-ll-c0-fx,d3f2d891b8e532fd74638ee16fe0577ba1bb36890de28cf06cf100008d9e56d4,16740572a15df55ab92c9a04faff3c6a57b45e71f3440713230a1fcdb1efc1ed
ar-ar_taskorder_setup-i2-ar-o1-ll-c1-fe-3eb798059bc4,ar-ar_taskorder_setup-i2-ar-o1-ll-c1-fe,3eb798059bc43c3bd458fb15d869cc2efabbc727bedeac0fedc580fe9f58c617,e8c867a747fac60e5a08de94af49a19dce2690e337c7bc0ae7875e609b753654
ar-ar_taskorder_setup-i2-ar-o1-ll-c1-fh-b84afdee945a,ar-ar_taskorder_setup-i2-ar-o1-ll-c1-fh,b84afdee945a7f2213fc95012b9fd2fd23fc4002f2e66773d80cadd06330daaa,c6df9f39307bdcf0efb406191accbac1cdf9ae68c44df44cbec932b6880786e5
ar-ar_taskorder_setup-i2-ro-o1-ll-c1-fx-a914eddd74c2,ar-ar_taskorder_setup-i2-ro-o1-ll-c1-fx,a914eddd74c206e3a7e71ccea67520ba7e816c548d3d48f6581a60fe79ce8074,4bdb9b81314afb09dbc0d8698216e9d55f120f590c8f5f6b67f24aa8be5b4ed2
ar-ar_taskorder_setup-i2-ar-o1-ln-c0-fe-601a04c169c4,ar-ar_taskorder_setup-i2-ar-o1-ln-c0-fe,601a04c169c42fdf89f3afb5c1f5cef89535dd760187320a5fa2641ff680778d,c94042db29f799b5f213e1e568ae52f236edb88b104837bdde98bd461a6e89b5
ar-ar_taskorder_setup-i2-ar-o1-ln-c0-fh-ca913ef87dbe,ar-ar_taskorder_setup-i2-ar-o1-ln-c0-fh,ca913ef87dbe63acf547f420f01c77442e598919e65aed1cead7615d595c4f2c,145e7103968af16f5193cfcafdf7123b8b12e218009b7906f6f028d154262ba4
ar-ar_taskorder_setup-i2-ro-o1-ln-c0-fx-563829f92487,ar-ar_taskorder_setup-i2-ro-o1-ln-c0-fx,563829f92487c2697d7c8c2236b9ec9c1e54140d74848042478a5afb5e923896,c9a6fbf9d5b8ece43c7a9dfbf95ff678e962cc02268021eb9ae529be33e391fb
ar-ar_taskorder_setup-i2-ar-o1-ln-c1-fe-c166df7d56c5,ar-ar_taskorder_setup-i2-ar-o1-ln-c1-fe,c166df7d56c59b27a5d019391a60fee33ee01eb394d9f3b5f507f8b13b77cd75,c9f87205d24b7710ebbec00591e43359e2e15068ef7ab4ccd22fe3bf8adb17a1
ar-ar_taskorder_setup-i2-ar-o1-ln-c1-fh-4901373c156b,ar-ar_taskorder_setup-i2-ar-o1-ln-c1-fh,4901373c156b67384376d0b9706327011348f9b12b393192219d9d3c396fab0f,a5bcdf076567e30033e05c2207ed1822f6c6875f31b9abd49314dab94881e960
ar-ar_taskorder_setup-i2-ro-o1-ln-c1-fx-e97ee03cdc3d,ar-ar_taskorder_setup-i2-ro-o1-ln-c1-fx,e97ee03cdc3de0ba6a7b8f2ffc4af0a9921f04759c42c7e5c577c3b861546465,8b1fe21bfe5365494285f6cb2ee33c0d3d08c44aaa4e5b53b6234f829295e8b7
ar-ar_taskorder_setup-i3-ar-o0-ll-c0-fe-7e85aafda294,ar-ar_taskorder_setup-i3-ar-o0-ll-c0-fe,7e85aafda294c42672cbfcb30c10dae82a27ae56c0874f0364d556a559bdad7d,3b4043b9b3dc687ba16e073a1f210a5775bb547cfdb2adf79ca56127a21cb231
ar-ar_taskorder_setup-i3-ar-o0-ll-c0-fh-4460043f70a5,ar-ar_taskorder_setup-i3-ar-o0-ll-c0-fh,4460043f70a5f11d454fc824feb4a41cbbeb799d5c15a6243e98aa559984a570,3d065cfbbea25dd89eff79aec7009f6f7685c44c62703f067702f932708321c5
ar-ar_taskorder_setup-i3-ro-o0-ll-c0-fx-f86780a7c2bb,ar-ar_taskorder_setup-i3-ro-o0-ll-c0-fx,f86780a7c2bb0272a570d00717926cd5f357c6b4569cabd1885b65526e8ebd66,99434da4712d5360bff44f65e6d2f9b77aeab6e45faba6f1234acada5fe7de22
ar-ar_taskorder_setup-i3-ar-o0-ll-c1-fe-0ec51b10126b,ar-ar_taskorder_setup-i3-ar-o0-ll-c1-fe,0ec51b10126ba844c001361a079e4c95f783dc20f1d54b22dfa72e62b77de1aa,ffda926913a21422c4cc8527f59e4b5aa9f2acc4eeb4896d23218e8cc54beb3a
ar-ar_taskorder_setup-i3-ar-o0-ll-c1-fh-845963a033a7,ar-ar_taskorder_setup-i3-ar-o0-ll-c1-fh,845963a033a70fa90c056c51217cd163a93a1666d48dd22369b4dbd8586de218,24202f893a99e33d83984d4c5dbb65e410035d20ac10550de8e88d3eb2884ca9
ar-ar_taskorder_setup-i3-ro-o0-ll-c1-fx-c11ee5a6c152,ar-ar_taskorder_setup-i3-ro-o0-ll-c1-fx,c11ee5a6c1523a5c7eb1540b7d023a408500c600e8f05b634f631f6a7c7cbec8,f45bd0923dd53f100db4de5fee6b2e90368f26a4ec6157df57a2ffb0ee9d079a
ar-ar_taskorder_setup-i3-ar-o0-ln-c0-fe-76e6308b1364,ar-ar_taskorder_setup-i3-ar-o0-ln-c0-fe,76e6308b1364d479cee9577aa742f7ddceefbd7855983249587da1141810b426,f93a2937ad6bb55b76b2670ce07f8eed9deb27f28f3c8358ca4cae602ac46883
ar-ar_taskorder_setup-i3-ar-o0-ln-c0-fh-5f8181b0e24d,ar-ar_taskorder_setup-i3-ar-o0-ln-c0-fh,5f8181b0e24dc1ad51e4acbf5cc6d3cce1a6981a177fd0c9373d033fe0373a38,b016ad26d4542c43288dd8e278396e99d27c975b1ba50343a9f1729081934811
ar-ar_taskorder_setup-i3-ro-o0-ln-c0-fx-eb27b48eeb43,ar-ar_taskorder_setup-i3-ro-o0-ln-c0-fx,eb27b48eeb43c1ea94c7430853adc445784fa7c45afc3222d97dc360f6bc884f,d2e64583295565e89737bf11406216bd54b800da40c154c722974e42af546738
ar-ar_taskorder_setup-i3-ar-o0-ln-c1-fe-bd9ea84d2910,ar-ar_taskorder_setup-i3-ar-o0-ln-c1-fe,bd9ea84d2910895ca4b3963be199667a85d5122d02e206fba8dcacadb15034f1,1acf4d204e5ad526f8727247a42483e7037f86b863823848c36bf571004f2ea8
ar-ar_taskorder_setup-i3-ar-o0-ln-c1-fh-dc065d594d5f,ar-ar_taskorder_setup-i3-ar-o0-ln-c1-fh,dc065d594d5fc013585f0952eab55389236ba8f52c1dbbe222aa178c3bd58f6d,bd2de952ae33fcfbf46015deffacaf4d8de8f9a18bb06ea9517a5bb134ae71f7
ar-ar_taskorder_setup-i3-ro-o0-ln-c1-fx-2b8701bcdfa5,ar-ar_taskorder_setup-i3-ro-o0-ln-c1-fx,2b8701bcdfa598b6260225d51e1235c8ae389edd23798bcdef2183660d1d5bdc,2aeddeef58b67cda8bb16fca2953a60943f77be3232636fde19cb206a4bb939e
ar-ar_taskorder_setup-i3-ar-o1-ll-c0-fe-b7e8b875c98e,ar-ar_taskorder_setup-i3-ar-o1-ll-c0-fe,b7e8b875c98eef523866769616eab7d9393e2b401249f525f83404dfccfae519,1ecb659136b50733da4f988122d74186b98925687d1b403bf6200862b0e083a8
ar-ar_taskorder_setup-i3-ar-o1-ll-c0-fh-b434982d8097,ar-ar_taskorder_setup-i3-ar-o1-ll-c0-fh,b434982d80978ac94b67a99d7f8f3bd93ad3e5e26749b47379a79f56f2c36a6b,781f8f295734396d412678449fffb1a7645c03630c786d440ea651bb5baa7d19
ar-ar_taskorder_setup-i3-ro-o1-ll-c0-fx-88e7b5cb3218,ar-ar_taskorder_setup-i3-ro-o1-ll-c0-fx,88e7b5cb3218862c9f805a02af08a5694b44d3803d31c48991efc01a67a9f8d7,b7bf9b7987be35c0f8abcba6e224d3484232d29677a14ad668e73fc7778b7b89
ar-ar_taskorder_setup-i3-ar-o1-ll-c1-fe-638e56e57387,ar-ar_taskorder_setup-i3-ar-o1-ll-c1-fe,638e56e573873e7884250d2b620f360cccaf37387ca7426a1b7a120138f33523,d899b068ef7b094cee66ab5510fc5dcbb7a83253e8d7631be45d86e6e20fa78c
ar-ar_taskorder_setup-i3-ar-o1-ll-c1-fh-f10ce116fa24,ar-ar_taskorder_setup-i3-ar-o1-ll-c1-fh,f10ce116fa244b7a615243f335cddee43eff3e5cff4f289fcd4379d2f24cfd9f,f4018290eddf20717ab8edf500b517b8975875a2513af8e1fa192bfb724b5bdf
ar-ar_taskorder_setup-i3-ro-o1-ll-c1-fx-fd63ea2e50fe,ar-ar_taskorder_setup-i3-ro-o1-ll-c1-fx,fd63ea2e50fe0e2b8ac76aca49f26330101211795c604028dcfd5196b44593fd,f739d447997ef9a35524b7364085e38601048d679ae041b3dab668cf79a8a16a
ar-ar_taskorder_setup-i3-ar-o1-ln-c0-fe-bcd3c2f44ea7,ar-ar_taskorder_setup-i3-ar-o1-ln-c0-fe,bcd3c2f44ea70cc12d73f189b2441812770de5466fd53007894df5100bea8d60,b56041d5986467aa4bdbadcf9314ecf117ff8759cc17e053c34cf801dc9cbbad
ar-ar_taskorder_setup-i3-ar-o1-ln-c0-fh-776c479815b1,ar-ar_taskorder_setup-i3-ar-o1-ln-c0-fh,776c479815b183de56ddf468cb240aa9178234f5e9f15c83b017ba61b854a734,b014f09ad6c84120233bc3ef6f5195982270da03d1ee80988ac5eaf145faf146
ar-ar_taskorder_setup-i3-ro-o1-ln-c0-fx-c2a2890379dd,ar-ar_taskorder_setup-i3-ro-o1-ln-c0-fx,c2a2890379dddb420daff89267d25eabb2077c21a5c6c38fa19395cc5f2b36dd,9a30ab476e8c0206213a1b2f34165f399a63aa640d06d19f9b3b490cc8e584d7
ar-ar_taskorder_setup-i3-ar-o1-ln-c1-fe-444700a1b099,ar-ar_taskorder_setup-i3-ar-o1-ln-c1-fe,444700a1b09906c9cb83f26ffb21b08b718c413231731a40878bc8fef7993b05,9426ad063d1c9ad108e2d5335d7ea0a4c24d0a7b794edc0d3d7c19fabf4f597c
ar-ar_taskorder_setup-i3-ar-o1-ln-c1-fh-63ea2cc39604,ar-ar_taskorder_setup-i3-ar-o1-ln-c1-fh,63ea2cc39604fe6d7734d47668b01b8c247f79e84df512921d40c8533ca429f8,e7783bf56d09dcfca1da97ede5820922e1eb9df0c662909a924a470d2448c93e
ar-ar_taskorder_setup-i3-ro-o1-ln-c1-fx-c45194a6d20c,ar-ar_taskorder_setup-i3-ro-o1-ln-c1-fx,c45194a6d20c5b5efc585e1e469cfef08f92f7e9854ef0f4db89a298a586232b,cb75db757bb2859c0a2eb8a4a734eae305e9a9a750784c3ceb8901e2a168447d
ar-ar_taskorder_setup-i4-ar-o0-ll-c0-fe-039df45cddcb,ar-ar_taskorder_setup-i4-ar-o0-ll-c0-fe,039df45cddcbe75579fb4be1114a54a83221a7f996877201cc832caaddb960b9,a0d7c681546b2ae1cf074dac492167e722f0c9fe31b749a3344329bee8d4751d
ar-ar_taskorder_setup-i4-ar-o0-ll-c0-fh-f7babfd952a0,ar-ar_taskorder_setup-i4-ar-o0-ll-c0-fh,f7babfd952a0d8964d7167f5e70a3c4fa097b06df939f8e4dedf7566fcd91a2a,bd2255b3da749ec3c0effcdc0e9571ead1fb9cb56b86aee734531a8f466d7eaa
ar-ar_taskorder_setup-i4-ro-o0-ll-c0-fx-ec214cbf3004,ar-ar_taskorder_setup-i4-ro-o0-ll-c0-fx,ec214cbf300446a8b81d29ca057160e4f1d9d025544000500144ae148de75445,db23f0feab3e2119618f92d5dae44d5f62f191503785dd72e09864d4c9247220
ar-ar_taskorder_setup-i4-ar-o0-ll-c1-fe-f29d08adbd72,ar-ar_taskorder_setup-i4-ar-o0-ll-c1-fe,f29d08adbd72a378b359e2f3eb165afe324040476a6718ea37196cc33e88f316,a2e3012e5f937ea0d8bb7fb2231f7f15e39046df06aea0ee2efe242bb2564b61
ar-ar_taskorder_setup-i4-ar-o0-ll-c1-fh-fb3ff7b9525a,ar-ar_taskorder_setup-i4-ar-o0-ll-c1-fh,fb3ff7b9525adae9b2a43ca8537d42cf6c97ad575a3bcadd75dd6cf5b97baeda,77e511a35a4855e10f7861c562ed5255dd771010c509a55d7ff957fcfb661b00
ar-ar_taskorder_setup-i4-ro-o0-ll-c1-fx-0010b65f2a85,ar-ar_taskorder_setup-i4-ro-o0-ll-c1-fx,0010b65f2a85c0e29c362daa6bda70546188eebe2a6bb1cf12af1471bae360cc,d0d52b8bfe9aeb9f7905da319a1afb8490a78d2e16a700c97e118a042f47f892
ar-ar_taskorder_setup-i4-ar-o0-ln-c0-fe-5b270992ec84,ar-ar_taskorder_setup-i4-ar-o0-ln-c0-fe,5b270992ec849c8c5763fb89bcdac8232cdaddb5c290ac60a52dd244518a58b6,7fe15219b617a01a6aaa78272b49e5001b63a3b707b28387e861fa612ae1dd5a
ar-ar_taskorder_setup-i4-ar-o0-ln-c0-fh-3afd8bee55b9,ar-ar_taskorder_setup-i4-ar-o0-ln-c0-fh,3afd8bee55b9d0485223f87aa4abc8188693575de7f37260907631b8b2ef609f,f9031962b81721dfa8b40f850dc36c008ca9bc1b881286e285e2827436e04ea8
ar-ar_taskorder_setup-i4-ro-o0-ln-c0-fx-853d9c4ccd7b,ar-ar_taskorder_setup-i4-ro-o0-ln-c0-fx,853d9c4ccd7bf93c2d7509899adeec0cafedcf677cc8f42c6f26fda198243806,2734b4db6984d4ad6cdc16d57f1859d3bdb82a3beaf0a96d63003994d9275d96
ar-ar_taskorder_setup-i4-ar-o0-ln-c1-fe-e96bb09f3927,ar-ar_taskorder_setup-i4-ar-o0-ln-c1-fe,e96bb09f3927813798118fd8ccd029e523d1f8aab7642a98bb1168e873700069,9ed74a36d04cc64954d876031b6bdaf8f381f424390a6bb5f0276e8bc4c9566c
ar-ar_taskorder_setup-i4-ar-o0-ln-c1-fh-02386b0bb172,ar-ar_taskorder_setup-i4-ar-o0-ln-c1-fh,02386b0bb172b34cd1c3c58a517459444e4c2a8c11324e581c0357b198ed123d,461f4bd462292b3054130f881945756b892e065f46b2a2668c0250bee6b508d6
ar-ar_taskorder_setup-i4-ro-o0-ln-c1-fx-aae4030ec57b,ar-ar_taskorder_setup-i4-ro-o0-ln-c1-fx,aae4030ec57bb6154750580b4458e0b0142614b188e41ea24750fc283b2bbb1f,ff768f455f2b174362f2b1675ac0c348437dbcbe7982c9aa5acd99be73d089f3
ar-ar_taskorder_setup-i4-ar-o1-ll-c0-fe-b877f477b772,ar-ar_taskorder_setup-i4-ar-o1-ll-c0-fe,b877f477b77288b2454ee19f38d33ca518ec66caf0e5acbf049bb074b9eeaa8a,1d78fcd83fc7ff6095e56507c5fc7a8a2e0363b178dae18fd74929e4fee46219
ar-ar_taskorder_setup-i4-ar-o1-ll-c0-fh-84a0a24b6176,ar-ar_taskorder_setup-i4-ar-o1-ll-c0-fh,84a0a24b61764477acc7f05de0f5de1eb9bebe468f428221325b7fe31aaf652f,207934ed78d7a9b6a7843ca9cc56485fd73e90756ba6ff2234eb74113486a131
ar-ar_taskorder_setup-i4-ro-o1-ll-c0-fx-c525e1bf6a40,ar-ar_taskorder_setup-i4-ro-o1-ll-c0-fx,c525e1bf6a4026b1355f8864faf4bbbcf57bdbb438a154e3af1b831ce786bb21,cb49f59836255c78ca0c508b5c0a4e4708087c880340fa3c446504df0b86dfe2
ar-ar_taskorder_setup-i4-ar-o1-ll-c1-fe-f17f7afd5dd9,ar-ar_taskorder_setup-i4-ar-o1-ll-c1-fe,f17f7afd5dd9515a09555240971110eb0a627264ea2cdce7feb759ad37c8126d,9bcd3cdba1101a5fea806e953e51745caa7024f661d7ec011d2a4151203b2d9d
ar-ar_taskorder_setup-i4-ar-o1-ll-c1-fh-c2e867f9b03e,ar-ar_taskorder_setup-i4-ar-o1-ll-c1-fh,c2e867f9b03ed826cbc0a2d320d875df939e17e8d809a1ffcc04b21950265ebb,cc651cc0e6c13e6f0e31e103c3dcdeee76e9d38784d70696af8cdd8866d6ee31
ar-ar_taskorder_setup-i4-ro-o1-ll-c1-fx-18e1ebb15931,ar-ar_taskorder_setup-i4-ro-o1-ll-c1-fx,18e1ebb1593156b6b64e2452dad333625b4ea7c48bb832d55971514a106f63bd,b13899b76e36b610e6dd26b3e570433412968e0036b50e935d95ab1341d6f554
ar-ar_taskorder_setup-i4-ar-o1-ln-c0-fe-3a2e58e83d45,ar-ar_taskorder_setup-i4-ar-o1-ln-c0-fe,3a2e58e83d45e89208d283002bc49db0db42304915630feb97ce6f0a2752ee03,0e8d5798afff346b1e74d0241bf5eebc10d8d3cc8a5209805f3f323a0e7cb0f8
ar-ar_taskorder_setup-i4-ar-o1-ln-c0-fh-95c4af6882f1,ar-ar_taskorder_setup-i4-ar-o1-ln-c0-fh,95c4af6882f11f2dcb45d6547f2d06bde4b5c62651e07d33f473b9ae6ef92793,11550bced6050e7670c6287e6f8a9d39bd51aa036e5fa19d3d2e364a345ce639
ar-ar_taskorder_setup-i4-ro-o1-ln-c0-fx-bd0c13f8fc95,ar-ar_taskorder_setup-i4-ro-o1-ln-c0-fx,bd0c13f8fc95928bc2ef82d591f824e9e7780b1f0f1a2fc5465f04a2797e4c73,27e33f715630fb85b8789130d9980908e2eaf48a4bce92d154c6aa3c0fc5c954
ar-ar_taskorder_setup-i4-ar-o1-ln-c1-fe-e857b133542c,ar-ar_taskorder_setup-i4-ar-o1-ln-c1-fe,e857b133542cea1f624964ecc8ad3268cb0e9be8c979816e34c62f43f8f94136,34d00cfe7e2805b97f97634d69cc897022f3dbdeea4deaca827a03dad004feb7
ar-ar_taskorder_setup-i4-ar-o1-ln-c1-fh-74573a42ac93,ar-ar_taskorder_setup-i4-ar-o1-ln-c1-fh,74573a42ac93cdfc0e2a577ae0eb5e0c1c1cb17ce2d08b531afe0e51f867a6be,70aae3703e36ea88f5fa3eecb939aa4fcaf6f4fd604123923788b226b080d5e9
ar-ar_taskorder_setup-i4-ro-o1-ln-c1-fx-e50575082e3e,ar-ar_taskorder_setup-i4-ro-o1-ln-c1-fx,e50575082e3eff6ac9123f1a79d64194636e2517f407654e7b2134f34b4b0323,907782b1776c7172b569c8aa483ff237fc98f3f705810b1335329832e0ad0c80
ar-ar_component_library-i0-ar-o0-ll-c0-fe-5e2bfab31ea4,ar-ar_component_library-i0-ar-o0-ll-c0-fe,5e2bfab31ea41e995947804c98d2e0435d7544fdff36dc96576f573ab39fa4df,7b2f3fba4d4f648d3ae7450695c2e554077424fbc3a51724fff7845d5281145e
ar-ar_component_library-i0-ar-o0-ll-c0-fh-ba43613cb0e8,ar-ar_component_library-i0-ar-o0-ll-c0-fh,ba43613cb0e8bcf0b853d9d08d7ec0cbfdc6aa157c317b4cff87f1e6c55b1715,c6c8dd25d849ff0917d413944b5afe450baa26bb030957e86db3e800be059b98
ar-ar_component_library-i0-ro-o0-ll-c0-fx-e7c4499a3778,ar-ar_component_library-i0-ro-o0-ll-c0-fx,e7c4499a3778aa3aecbfe67c66ea92cf7cbb86186d47cf961c39b27a27613462,3e92219a4b5b5a30bf9742c1bbe286b9b39213f7c88c2f23f34f23ecf0801b55
ar-ar_component_library-i0-ar-o0-ll-c1-fe-d24e8eaf1456,ar-ar_component_library-i0-ar-o0-ll-c1-fe,d24e8eaf1456a9675fa19cf3c827f2cb3c6f07324810a0ecfec670026d42c3eb,829387a00055f4afeb9cd03ab67351423077b8bf1dd684744d4bd9df7b85fd80
ar-ar_component_library-i0-ar-o0-ll-c1-fh-6abd9e7eba1f,ar-ar_component_library-i0-ar-o0-ll-c1-fh,6abd9e7eba1fec79a1a6d7540477548849e25db76862098a1e30d77d726bb9a8,dd68796e8ba6889eb84725c77521638f1f2a7c6adfcbdae979865d370a918919
ar-ar_component_library-i0-ro-o0-ll-c1-fx-c63ace27368d,ar-ar_component_library-i0-ro-o0-ll-c1-fx,c63ace27368dbc7b9dcd1335cef70ec4d08981e145bfd3dac9d21737db016dd2,6292b2b369cd83eb78b9cf80626e65b449bd823ea257976d61e64c07918ae662
ar-ar_component_library-i0-ar-o0-ln-c0-fe-6bf0303cebd1,ar-ar_component_library-i0-ar-o0-ln-c0-fe,6bf0303cebd1c3ba0d6b7bffc9e8220c3462080306c770e559eae5ce011dc84b,9f256e5827a282ed67a625b3367844f1a273410e6fffe193766e5f41fd76a341
ar-ar_component_library-i0-ar-o0-ln-c0-fh-3b2b9f44ebe6,ar-ar_component_library-i0-ar-o0-ln-c0-fh,3b2b9f44ebe653e19c78779ef4e85eef6b718ed870ff8c6f9bc731f7f75f729f,29fad60a4e699a78553b3fcdba6cd14cf8bd0bfd4e0b3a6c20d56b44b359c8cb
ar-ar_component_library-i0-ro-o0-ln-c0-fx-da4f020603f1,ar-ar_component_library-i0-ro-o0-ln-c0-fx,da4f020603f153e8964763806722e5c1f8cd535d01af83c8fe89c31753c09fc9,2a6a42931a8f55ea41a0d07979ae0a0e77ebb0687cec026c851128f49dce288a
ar-ar_component_library-i0-ar-o0-ln-c1-fe-06e09cf359cd,ar-ar_component_library-i0-ar-o0-ln-c1-fe,06e09cf359cd46074bcbefda5156a1894e365acad61d0c64fdedf880d81957b8,a07c12d2eefa0507640b9b5c4422fcc9ad6ba718116b4528a0823054873af868
ar-ar_component_library-i0-ar-o0-ln-c1-fh-937b9e1b5746,ar-ar_component_library-i0-ar-o0-ln-c1-fh,937b9e1b5746a8c275a99629aba8b5d8ae87b97d378c1cc9a6de8a6fc388e126,eafecf8d1c3b2fd45bbacffad2765d9374021c388ef7e667bca1ea3c36c091d9
ar-ar_component_library-i0-ro-o0-ln-c1-fx-6f6b9250dc0e,ar-ar_component_library-i0-ro-o0-ln-c1-fx,6f6b9250dc0efad909cbacf5faffaba9c424f754b47b6477e77648627b3be1c7,da0ba87f4118fdbff9514761e37da9dec5b604da99d095b1e5df8be3a842abd8
ar-ar_component_library-i0-ar-o1-ll-c0-fe-f63989a2b39b,ar-ar_component_library-i0-ar-o1-ll-c0-fe,f63989a2b39bc1dd2d315a86ebeab637699991bf363a01bf436cf46986024deb,fff3f31ed3ed8fbdeccb226580c6a37abace347a7e45442412d407c4ad2d48a5
ar-ar_component_library-i0-ar-o1-ll-c0-fh-f22472a0342e,ar-ar_component_library-i0-ar-o1-ll-c0-fh,f22472a0342e3938ace91507779fddb20cb1ba91512e96bdff661e2334d8f866,bd077cc1511e65be8af91364e0363a325759a45a94dab15ea75ab3d382dca4a9
ar-ar_component_library-i0-ro-o1-ll-c0-fx-481e66c32e30,ar-ar_component_library-i0-ro-o1-ll-c0-fx,481e66c32e30f8a2e9be9b2e66e49217aeee85f7e4ebcf14e6d2d5d860558c1c,29cb1f58db8187e31ddac71a09ef766460b743f4f652884de07a656b90c75e69
ar-ar_component_library-i0-ar-o1-ll-c1-fe-80bf61e06d39,ar-ar_component_library-i0-ar-o1-ll-c1-fe,80bf61e06d396e3b214e3e039a72c22595d90d9af521a916b1a0f4b60e09855c,f0c1aaf303b758be8c7df9a36501bb52efa2a071feb8282275d40187020f2e95
ar-ar_component_library-i0-ar-o1-ll-c1-fh-ba0fa3fcedee,ar-ar_component_library-i0-ar-o1-ll-c1-fh,ba0fa3fcedee118b810cbb8dce0abb59802f7b576e9e843c2ec2016775730db4,2fd0af5aabf8ae49ddf1c5084f389b844a66c0b4d694a461197d9d6f2fc111f7
ar-ar_component_library-i0-ro-o1-ll-c1-fx-688a9593a0b1,ar-ar_component_library-i0-ro-o1-ll-c1-fx,688a9593a0b11cbe39442c7d635554bbaf071cba1757aa2df97597d370b40492,6e9cf66acf05c34ddc203eecaca95cf58f473f293decab0aaebdf31a956ac406
ar-ar_component_library-i0-ar-o1-ln-c0-fe-fe9a06f054b3,ar-ar_component_library-i0-ar-o1-ln-c0-fe,fe9a06f054b3f10eb97e7bc3d56c2181fa6741f405b4eb4cbb6058246c2db63a,3bd66e62c070f71c1a2f9896519f5d57b4113f51e399c25a9a53d01c659c6ee8
ar-ar_component_library-i0-ar-o1-ln-c0-fh-2a8c1258b75d,ar-ar_component_library-i0-ar-o1-ln-c0-fh,2a8c1258b75d7f83433b7b4e3b48719db42dc845cf71af8a3c9bba5d4cc5a190,8842be8c93292d836e42f26af34cbbda25d6ea23048090f939012e27f21c7503
ar-ar_component_library-i0-ro-o1-ln-c0-fx-d7d9d8e6c7e9,ar-ar_component_library-i0-ro-o1-ln-c0-fx,d7d9d8e6c7e99a3afcbe53fac99fe7017e581290ec0d1c350bc23278182303d5,7838b71ef5d57a443d1e0df45b24d86c3c1624b1a9807004a24865d910593a5e
ar-ar_component_library-i0-ar-o1-ln-c1-fe-42b5b7817db2,ar-ar_component_library-i0-ar-o1-ln-c1-fe,42b5b7817db28e1812967c1e63315a4bdd2a199616e5549edee49f2c9da74643,26b477b4bb89a27952c4579bddf1c6b3028e76a1f0b2df7368e058fb179318ac
ar-ar_component_library-i0-ar-o1-ln-c1-fh-ec629aa07785,ar-ar_component_library-i0-ar-o1-ln-c1-fh,ec629aa07785168496213671c53a22cb307490d63f122d7266aee5bf5a3e5e78,4fd3104c348b0cb632af27daafa0c8bf84b38a009e7da48b0d43c51fbf1881a8
ar-ar_component_library-i0-ro-o1-ln-c1-fx-6df1ecad9e79,ar-ar_component_library-i0-ro-o1-ln-c1-fx,6df1ecad9e7906a428a4d7f2be484c3e9e958f3732290034af8860ac3190de37,4b507df0e97c717e70976ab68040b6aa27ecce9d4806a2fe8d51a56c591734c5
ar-ar_component_library-i1-ar-o0-ll-c0-fe-2f6c762eb8e0,ar-ar_component_library-i1-ar-o0-ll-c0-fe,2f6c762eb8e0c2e4b5208fa6ccf7a17bd289cf0d9f811a1236b936fea845201c,130d41076d34e1b18b9907464fe39a1a6602457e4d7cb5550cd1515736ee54f9
ar-ar_component_library-i1-ar-o0-ll-c0-fh-91c1696a8513,ar-ar_component_library-i1-ar-o0-ll-c0-fh,91c1696a851363bd672babe703e4040fba0de773d0f63955897aceda9cafdd4b,888695584f7ea7afce66c3e399336489b18af53548afaa635407e2833fcde043
ar-ar_component_library-i1-ro-o0-ll-c0-fx-f3612d6ebd1d,ar-ar_component_library-i1-ro-o0-ll-c0-fx,f3612d6ebd1dd5afd21062aac3a230434b3702eba90a650a69e8d6c215744d35,57ddd739992b90d9ce876435eeeb3f0b0a5a549ffd9f519de93e0cfa29377c11
ar-ar_component_library-i1-ar-o0-ll-c1-fe-f59a39fd778f,ar-ar_component_library-i1-ar-o0-ll-c1-fe,f59a39fd778f3b9b47adbc7a02e0753570863f88e631c81152e0ea2a1d427471,5bdd2d2c811b2cec137b3e1224a90b1736bee255662bcc4f42bb72f101945129
ar-ar_component_library-i1-ar-o0-ll-c1-fh-9bf8a4200f9e,ar-ar_component_library-i1-ar-o0-ll-c1-fh,9bf8a4200f9e2888fbbd8aab32ad8fb1f240c08514d288a987b66f675b314eb7,998109367f11d0a9911f39621447ea42546c98a9f48124ad23fe9dcffe7adc71
ar-ar_component_library-i1-ro-o0-ll-c1-fx-739e2565fc4c,ar-ar_component_library-i1-ro-o0-ll-c1-fx,739e2565fc4c0322f18d3be4862484bb59ba624e75e5d3ab55f00fa055802c21,915249cd450f0398f18d1bd9b4068ee518c8ceabf1918ed31cbc4aa13d2fd37e
ar-ar_component_library-i1-ar-o0-ln-c0-fe-cea25174b402,ar-ar_component_library-i1-ar-o0-ln-c0-fe,cea25174b402afade661a3853bffdfaf0aba1b91b3df85140336d1c773f6f1ac,ee2ddd705b4691bc0b3d7313861023f538f43c3a07f5622ccf162e7d80a6be29
ar-ar_component_library-i1-ar-o0-ln-c0-fh-303124e46f2b,ar-ar_component_library-i1-ar-o0-ln-c0-fh,303124e46f2b3c4a6d0e0b81dd2ae61bd33818b55cf48fa8ca704a947affcc5c,c9dd963235ec1d2e2513962060d42f370f305437781195a2dd990bdd1faf258c
ar-ar_component_library-i1-ro-o0-ln-c0-fx-a572953f80d8,ar-ar_component_library-i1-ro-o0-ln-c0-fx,a572953f80d818ce0917a820e47cb00d010f9aa8f9129c7b8ad5255498e1d582,24989c47abc723b1e81a3e9a0e3922290cf158ccfa3bac87f5d5f35c75173331
ar-ar_component_library-i1-ar-o0-ln-c1-fe-9b2ad3080033,ar-ar_component_library-i1-ar-o0-ln-c1-fe,9b2ad308003334eead578b4ec41bfaa666bea7efbe75f5e98af2679a15c67fb7,b45db1e7c0e60e12bb9a528984775dd273a53a0f8548dc2c01de539c054539fa
ar-ar_component_library-i1-ar-o0-ln-c1-fh-5920ce2643a9,ar-ar_component_library-i1-ar-o0-ln-c1-fh,5920ce2643a9edcea18172a60e9309947b9517fecb8ecc9c89b30aa630209cab,e264d7a4d599448c5fbfce4e8e44acb4ce7b73c8263338b298bb417fdedca32f
ar-ar_component_library-i1-ro-o0-ln-c1-fx-b576345b021c,ar-ar_component_library-i1-ro-o0-ln-c1-fx,b576345b021cb93c846c90aad1c53454ddc531ea612dcb76f6b93612a947d9fa,60380b30c83b9bcd8e08161cc10f69f0dd7a2311ba949d7740fdc6c284117065
ar-ar_component_library-i1-ar-o1-ll-c0-fe-6c5dcf7e2f12,ar-ar_component_library-i1-ar-o1-ll-c0-fe,6c5dcf7e2f120bd2aca1669bd07eec74b3ede4f59de2d06ce084c7c2084e2c8e,28ae8414437a21f28ca0d4a3a819cab15316e53af43c3cd79bbb31e7affdffa1
ar-ar_component_library-i1-ar-o1-ll-c0-fh-7efe9acf3bdc,ar-ar_component_library-i1-ar-o1-ll-c0-fh,7efe9acf3bdc310ed18443c5ea9fa34c4731558797d5d072e60e4789189031ae,9a157f8717fbe63b7af8f2e0459bfafa69fc73456017d0c01dadbda90d61e5f5
ar-ar_component_library-i1-ro-o1-ll-c0-fx-e4445a7e8464,ar-ar_component_library-i1-ro-o1-ll-c0-fx,e4445a7e8464a0b2b559a749b5dc59275c0f17daec523bc1a4e33778ef3ecf00,08913448067dc3ac190b10c8766eb5b932a2c681b5db4b7485bb4bd6f28519bf
ar-ar_component_library-i1-ar-o1-ll-c1-fe-8d4c0d4e6858,ar-ar_component_library-i1-ar-o1-ll-c1-fe,8d4c0d4e685854fdd778fd31f7346fe0e121bce91c152bc8027c09ed6f7cb27c,7e9604c9ad418547859a0c156a2d90649a98501604372225db567f9caa1efe7e
ar-ar_component_library-i1-ar-o1-ll-c1-fh-63717e6c290e,ar-ar_component_library-i1-ar-o1-ll-c1-fh,63717e6c290e037e5a9a6845b38074141380f9fa00549796513b244158d4f127,af594c136d09dfabbf80bdc1bc9da7f716a012e59661561fb08462c18b7d0611
ar-ar_component_library-i1-ro-o1-ll-c1-fx-c532222d6795,ar-ar_component_library-i1-ro-o1-ll-c1-fx,c532222d6795c04e764a9d4421abb255ef67d581e9fb98cc88a73e6e985dc074,b82ca38ac8af2f0f66a5e8c3f8d8e01c04be7429414ef060c3ca8a5d10e5475c
ar-ar_component_library-i1-ar-o1-ln-c0-fe-a189d06d0805,ar-ar_component_library-i1-ar-o1-ln-c0-fe,a189d06d0805c3b54463ab0c4be9aeb480327fe10e682f77f53a5b79730f9830,9f780eba218f77b2d9aad9e8f436dde68b9cb1f49126a3db15cb3ef40db27557
ar-ar_component_library-i1-ar-o1-ln-c0-fh-ef90fba2d50f,ar-ar_component_library-i1-ar-o1-ln-c0-fh,ef90fba2d50fd0f5e0a93a220901d902db4e0445d546741d5d9accbf4d3ccb64,4ec3f69dbbea631477a33536bf646c2c2920c75ce9764167a466a4c126bc33e6
ar-ar_component_library-i1-ro-o1-ln-c0-fx-853085c5eebc,ar-ar_component_library-i1-ro-o1-ln-c0-fx,853085c5eebc9e540c6b2a1a51bfde088ff7bf389ae3f4528ccf8dc8ecbbee1c,589dd11e59479de3c48e8531b3ca3cbd0bc3c4741b2ec6f642650738178c52b3
ar-ar_component_library-i1-ar-o1-ln-c1-fe-6058fe46172c,ar-ar_component_library-i1-ar-o1-ln-c1-fe,6058fe46172c40154602a38c4b0b7cc5dd9653f02d6a5b33e3e08006b6802ae5,edf8f1fc558675c0a9678c1a8ca6b790be5aebc13411cc156f388339ea006d49
ar-ar_component_library-i1-ar-o1-ln-c1-fh-c5f34a85a190,ar-ar_component_library-i1-ar-o1-ln-c1-fh,c5f34a85a190feb2daebda807a5784f6fd15b5b355d96b465000ac444434c4f1,64e838aa1a832c942c73c7994b9cb4f0e27cb010c9b9541e6c5fef501ddb74f3
ar-ar_component_library-i1-ro-o1-ln-c1-fx-a3e134bc14c5,ar-ar_component_library-i1-ro-o1-ln-c1-fx,a3e134bc14c58581f719a2da44a2d102a953c3c8f763a4376d7a084009ca58b7,8e7c4dfdc09c894c235f217675d048c78a51d4dbb657b97dc4fec7b7552226ce
ar-ar_component_library-i2-ar-o0-ll-c0-fe-26e779c0dfc5,ar-ar_component_library-i2-ar-o0-ll-c0-fe,26e779c0dfc5a84877c80ba4971bc4cd4810897e3f2a6f90ada48762f2e63914,2e4e67e401c6f2d3b0509377f440671b5360d4ca3f324c450fe09b581e2a5bb6
ar-ar_component_library-i2-ar-o0-ll-c0-fh-a559f54ff3b0,ar-ar_component_library-i2-ar-o0-ll-c0-fh,a559f54ff3b026d262a05574bbf2eb79f22f6b2c2bbbf4474c24fee86dcb3557,ef9b84c06839a5db5d1434f5273dae664baae8f92ec11fbdeb59b862ae2f3327
ar-ar_component_library-i2-ro-o0-ll-c0-fx-e358db2a956f,ar-ar_component_library-i2-ro-o0-ll-c0-fx,e358db2a956f7040b84fb3643fd13157f3a38d38a35db45e37db2680f3ff2aea,42edf67c0c20adb73e72a1cbd273152a5c05372782b4509a6ab9bee54acbe4ef
ar-ar_component_library-i2-ar-o0-ll-c1-fe-b1dcbc3ce9a2,ar-ar_component_library-i2-ar-o0-ll-c1-fe,b1dcbc3ce9a2af7f06cf5c06d1e05beb89d09408c06ebbe4aadc27a7a9f3ea75,34db4a287aec1221807e2caf50b025c1155699acd8d3e547ed607a7319669dc6
ar-ar_component_library-i2-ar-o0-ll-c1-fh-2fc3317e1a53,ar-ar_component_library-i2-ar-o0-ll-c1-fh,2fc3317e1a53e0c3993e2a12ba695415d4ac38f55e88b0cbae0d6fcd802ad87a,2f03e414e854280e9bce08cf28b75653cd49720a7154312a6c26d27d9b7946b3
ar-ar_component_library-i2-ro-o0-ll-c1-fx-284fe5e525ac,ar-ar_component_library-i2-ro-o0-ll-c1-fx,284fe5e525aca5050bc25971b27d97830eb6eb21c107ad4337f12eb0a9e1518e,cfe7c20d564da27f184b6a65baa0d0513694977c14a35fc7ed9e1fd23f03c0af
ar-ar_component_library-i2-ar-o0-ln-c0-fe-6d5cf3e81c98,ar-ar_component_library-i2-ar-o0-ln-c0-fe,6d5cf3e81c983b9e2d48d6f56aa01ee46af72d9c07c89f8b5cb2eae946e5eeed,5570dfbceebe713c624cb3effdf7c5c4ed72aec12aff76d2e16bce636948da55
ar-ar_component_library-i2-ar-o0-ln-c0-fh-c8b1a283bab4,ar-ar_component_library-i2-ar-o0-ln-c0-fh,c8b1a283bab4441a34a201ec23857f5e9f8c3907360d62e51469dd752bd248e8,2da06edf5eee67b22464a03b779c532d88ffa804f0e9065c33262f1f72b8be69
ar-ar_component_library-i2-ro-o0-ln-c0-fx-3a86b351bd6d,ar-ar_component_library-i2-ro-o0-ln-c0-fx,3a86b351bd6d18d51199669bd9242dcef1181a2d466a05f24da39242892ee14c,dd0ec2c8229c632be8bc2eca7eee64fa92cd483feb935e387a12a17a3a55bef5
ar-ar_component_library-i2-ar-o0-ln-c1-fe-d71caf2c4436,ar-ar_component_library-i2-ar-o0-ln-c1-fe,d71caf2c4436b201a1faa49cf2c73239c53d5beae2ed9713645f2ecd2ae245a0,c41b1e0d8bb712edea8242ca5c4829650efe73101d3e6745c46ac09951b4e5ac
ar-ar_component_library-i2-ar-o0-ln-c1-fh-e670eb9a606c,ar-ar_component_library-i2-ar-o0-ln-c1-fh,e670eb9a606c2e2e8770aa55fe10b4f7a6117910f04afc10be352c10a8a567c7,b51ed7f1bce6d1a3c4b315793596de1317aee7e39df95cf5823690d474c687aa
ar-ar_component_library-i2-ro-o0-ln-c1-fx-8b64876df484,ar-ar_component_library-i2-ro-o0-ln-c1-fx,8b64876df48423bae7fa3db4a363efbdca2994f7077f054586e318b9903e4964,25284165d4e86104c5f5eeff8117d4ebef4b701dae9c7f36678217cc96f772ec
ar-ar_component_library-i2-ar-o1-ll-c0-fe-c3318c26c9ac,ar-ar_component_library-i2-ar-o1-ll-c0-fe,c3318c26c9ac2ecf4c50a2fe4b2222757f7efa86cb77a08f51bb72df87eea2b1,8a0b38b99d637da5b9d99cb02499cfea34c48c383aaf45ef13c53011a10f8311
ar-ar_component_library-i2-ar-o1-ll-c0-fh-c26e919d115f,ar-ar_component_library-i2-ar-o1-ll-c0-fh,c26e919d115ffe535829abc8bf879b1dd556089a8aeebfefb2eb8fed1a9b78f7,c436091421d7100130ee0ed67a79c37ef81e5280d93f1d67a8432b32e74fab18
ar-ar_component_library-i2-ro-o1-ll-c0-fx-d0fe4702cb9f,ar-ar_component_library-i2-ro-o1-ll-c0-fx,d0fe4702cb9fa5f9eb3eda2e2e46284650b5d291e70b23f223e65fe0ced2cb7e,abb62ca8b9b0a69214158c9c6c59fbc211f525dd675f01333e6ddaf38801ab3b
ar-ar_component_library-i2-ar-o1-ll-c1-fe-3a80f7dca21b,ar-ar_component_library-i2-ar-o1-ll-c1-fe,3a80f7dca21be57812f3321118eea0bdc1f17f319778fccfae49a67f87e788a4,e16f6b14b572b8253b090674ca0c19124f2911493c688941ae6e98fcf4ef9390
ar-ar_component_library-i2-ar-o1-ll-c1-fh-1cf5ae2ee41c,ar-ar_component_library-i2-ar-o1-ll-c1-fh,1cf5ae2ee41c729e0644076656b7fb9ae7e084dda9ebf956a85a6327d4e0bb59,cedd332b2c06493106261094adeb82638d3ea9ff4590d52c4f5d8e66b54dcc75
ar-ar_component_library-i2-ro-o1-ll-c1-fx-a9637a6a606a,ar-ar_component_library-i2-ro-o1-ll-c1-fx,a9637a6a606aa1caa954ea2b4757943fa64df3596b27cdcbb186c85a7d201eb6,38b49b0c9360ae8d1aa5a5529addba816a7e2de5638b2f0bd38163f276cf3cef
ar-ar_component_library-i2-ar-o1-ln-c0-fe-3a9f9910ce6f,ar-ar_component_library-i2-ar-o1-ln-c0-fe,3a9f9910ce6f60b39bd8f0768ec8b767fadc2f4e167a8da6562876dd9844b694,ff9c5aab1b40303b4d7c8947af1e71aed71fab51649844ce8be04f29a4bd31e9
ar-ar_component_library-i2-ar-o1-ln-c0-fh-c3237e8f2e3e,ar-ar_component_library-i2-ar-o1-ln-c0-fh,c3237e8f2e3ec87f432f32bde813315b2c256e7e5edb587ada1667f87e30f699,d489fcc6ee46f94516a323e605ead43a48eb16768fb3818c449ffece17345bb3
ar-ar_component_library-i2-ro-o1-ln-c0-fx-b6bb3c047210,ar-ar_component_library-i2-ro-o1-ln-c0-fx,b6bb3c047210f32e64f224004f15216f5e888b94bdee98d1439dd29ed1199ba9,7d47c58a7b41d52b8912c55b3a36adfc405716bac68430883c28310508b7056f
ar-ar_component_library-i2-ar-o1-ln-c1-fe-8b2bbba3274a,ar-ar_component_library-i2-ar-o1-ln-c1-fe,8b2bbba3274a7dedda2dbb5cbf7ecd375cbc73c4edc05e6ada37be30feba3c48,912a00eba03ea07f7e8261b2f8f80adbb8b842adabfe18ee61bd671296baba4c
ar-ar_component_library-i2-ar-o1-ln-c1-fh-53ffa13d49ba,ar-ar_component_library-i2-ar-o1-ln-c1-fh,53ffa13d49bab7314d4c60a7320e0f5a314052a74b1720d3df72c9080949b824,8a28a3589d1eac0dc4d2e806aff9490eb408e6837f38d3ec13bd877848315218
ar-ar_component_library-i2-ro-o1-ln-c1-fx-4d2acd9926b9,ar-ar_component_library-i2-ro-o1-ln-c1-fx,4d2acd9926b9ad64c9678a3868bdd67bab01a558778db2952b0be560c03591bc,18cc1b7594e51f2ed39ff3e11d3a8652e76dd50ce89f476c75bcb2ed082918d0
ar-ar_component_library-i3-ar-o0-ll-c0-fe-d3f1b57f3fe3,ar-ar_component_library-i3-ar-o0-ll-c0-fe,d3f1b57f3fe373554a41561a6d09f1b42ceda5f9aa9c5e4e76397b2bdef6daea,37ae190cd8ecd0725a8fab3e82979b67e6bbff28b062f841b28f7930b99e9942
ar-ar_component_library-i3-ar-o0-ll-c0-fh-59ba7c3108b4,ar-ar_component_library-i3-ar-o0-ll-c0-fh,59ba7c3108b45c93f734566aaea5ecbb2234c4d131a2a3e14e605217c560263c,478a9e7e87b020cc0b7bb5941fa2884856700299fb95d4798453ed7865c054ce
ar-ar_component_library-i3-ro-o0-ll-c0-fx-400f783997ab,ar-ar_component_library-i3-ro-o0-ll-c0-fx,400f783997abadc4fc5d963624aa1a78c96eef8c49d7a36f7b3cc561a7390640,7e07b7080a66a33e5b69a88536d0307eb8e4422d9df85d6e6b3ea49115313faf
ar-ar_component_library-i3-ar-o0-ll-c1-fe-b38fa2e45ba2,ar-ar_component_library-i3-ar-o0-ll-c1-fe,b38fa2e45ba26db18fd00cc16eb2cb97752566faf72c0689c1555981cfea6c52,b78a778bac71c05f1b3957c0519e58376c4e0931732ae846d9246b4f16b36cbe
ar-ar_component_library-i3-ar-o0-ll-c1-fh-310060c4b38d,ar-ar_component_library-i3-ar-o0-ll-c1-fh,310060c4b38da8b684622b01683ba613ead7344a1955633a0585ddeaf4879b54,5f46c582ca0a4bdf26a1315e7473f11d6e1d59b881980df28887bfa8e5855221
ar-ar_component_library-i3-ro-o0-ll-c1-fx-f09066608693,ar-ar_component_library-i3-ro-o0-ll-c1-fx,f090666086931baab1bab278c6d92f327603234fbf2ca383660a567c46965228,6faec2917cc58e4d84e83b03078586e0300cded363a58dcb21a65ffce8b59d2f
ar-ar_component_library-i3-ar-o0-ln-c0-fe-96f363c55d86,ar-ar_component_library-i3-ar-o0-ln-c0-fe,96f363c55d864aa4834fab1991b82317b62db3abfa59d77f4f3a86e885ce86a2,7a8e76bf7181ff6cf7cfff602faaeef470246892c321dd448b3c2202bdf305cb
ar-ar_component_library-i3-ar-o0-ln-c0-fh-08edce9405bd,ar-ar_component_library-i3-ar-o0-ln-c0-fh,08edce9405bdf657dd0737146b122ca4f0e9de2dc6829aaf251ccd4b68e954e6,70ce1ba94a8509128d47edacf7efaae3a06e9cf60218f35121477a6faf2f4b2c
ar-ar_component_library-i3-ro-o0-ln-c0-fx-d7c6d007a7a3,ar-ar_component_library-i3-ro-o0-ln-c0-fx,d7c6d007a7a3508772f04fed118efd5e2505ac2e49082b81c5958e8f3e3a7b85,c377ad8c21a7a19c09c745525f21b15854be4bf1374313e4ebf299f7743296aa
ar-ar_component_library-i3-ar-o0-ln-c1-fe-f520cdc82539,ar-ar_component_library-i3-ar-o0-ln-c1-fe,f520cdc8253931b7bfc77162e2acf07b9549c4bf68d79eb9268fa73ce6a30fb9,ba8e151ec97b63973d1ff7e011f0425f0f2034f5315ec858ad75a19873d7ed63
ar-ar_component_library-i3-ar-o0-ln-c1-fh-bee5f58dcb5c,ar-ar_component_library-i3-ar-o0-ln-c1-fh,bee5f58dcb5c5ad04b98d947d0a5cc5b22db97b089a6a64a2e59ef5ef53e1982,36e94a528f6ff194eaf8ed0d61e48ab34e0f7893ec2b7c0b2b7fe97e2b66deda
ar-ar_component_library-i3-ro-o0-ln-c1-fx-05353e11cbc1,ar-ar_component_library-i3-ro-o0-ln-c1-fx,05353e11cbc12db2096ab4569d78b74cc96b530ed45885f7704632128055b2b2,9974feaa657381cab0b1c979695c35067711c4e8faef93d213d34d6cf008f00a
ar-ar_component_library-i3-ar-o1-ll-c0-fe-52041515cc1e,ar-ar_component_library-i3-ar-o1-ll-c0-fe,52041515cc1e73b7bea01a3f9a56e20f1bd4b55530f0c494f02aee031d32ca88,12c66e53322167ece751acec57a7d4ee0bc6b6b4c5b877f038ea2e56251f02d6
ar-ar_component_library-i3-ar-o1-ll-c0-fh-083186afc245,ar-ar_component_library-i3-ar-o1-ll-c0-fh,083186afc2453302015cb1f595316a6dbdee9b5de801ae3f42d6427be0ada82f,be0a88adbc6d71acdfde57875e13949cb8cc3ffae8aa8fbe267b470c49450e00
ar-ar_component_library-i3-ro-o1-ll-c0-fx-c529f1308c51,ar-ar_component_library-i3-ro-o1-ll-c0-fx,c529f1308c512a92f72079369166514ecd7cbd989fa4274b2905457b0ef89e4d,c79cd8fa647eb26283eed7a65ecf49148f07a14f8c4a5a42b46e1ffe9868b9f3
ar-ar_component_library-i3-ar-o1-ll-c1-fe-a60d0c48616b,ar-ar_component_library-i3-ar-o1-ll-c1-fe,a60d0c48616b384176b6e737eb82b4e4baf941a0db658eaa81b22cdfe82665d4,8b672e9070c28ae2b9250565a34ff72641bf97e461bcf28fdc4dc6b1f2502659
ar-ar_component_library-i3-ar-o1-ll-c1-fh-4a02faf5b033,ar-ar_component_library-i3-ar-o1-ll-c1-fh,4a02faf5b0332818686054f24dbca1fe24d00a5c73b60f49fa4a7a2b33a2a17f,8924dd617c565d2138aefae165118500143eb95fada3e5b65acf50548811d59b
ar-ar_component_library-i3-ro-o1-ll-c1-fx-0666fd4298a8,ar-ar_component_library-i3-ro-o1-ll-c1-fx,0666fd4298a89500328bbcc20d364d643eb184503611992d845f195db73e5cef,170a7b795518d8832cba55b30515e1613b1f2516208ffcbd35214bc78ea771ed
ar-ar_component_library-i3-ar-o1-ln-c0-fe-4fb9b654a34c,ar-ar_component_library-i3-ar-o1-ln-c0-fe,4fb9b654a34cc45611611d60b9023cc231629681645956472e72545cf421978c,0db0942cab8be4f3525024f5cf2b81b2709c3467b094558e6be06cb529f295e1
ar-ar_component_library-i3-ar-o1-ln-c0-fh-810c1367bd72,ar-ar_component_library-i3-ar-o1-ln-c0-fh,810c1367bd728cdfe04ac15907ec225b3ccf95094565590ea6317bba7fbdc3dc,d40ca9979368b5dc534727ecb2128cc0a8e1d8efe261cd66c3fd67c1beb1ee66
ar-ar_component_library-i3-ro-o1-ln-c0-fx-3170c8840e6d,ar-ar_component_library-i3-ro-o1-ln-c0-fx,3170c8840e6dce2cfd24e4898c083bb29309afdd50ed53361dff096b9ad3c126,5d7ab673c97b594624215cb9e48c4a6617b86b5a0460dcdd7cf991cdff1f518f
ar-ar_component_library-i3-ar-o1-ln-c1-fe-b3f643883d71,ar-ar_component_library-i3-ar-o1-ln-c1-fe,b3f643883d715ef0a9df2405ec7b241743c3ce4139832813dbe6bd7dfbcfa613,2717521115fc855a21142e0ae9507fc4083a6eb63d65ae72bb4bd13b4013cd7c
ar-ar_component_library-i3-ar-o1-ln-c1-fh-0ada5b5b1cba,ar-ar_component_library-i3-ar-o1-ln-c1-fh,0ada5b5b1cba9786dd6eb78daf9d645971e8aac6d35e692af4b46b3bc8041a51,79b40a74d2a590dfec3addb0d24b642a04d8b61c6e1659ef0958a1b23c9d39a5
ar-ar_component_library-i3-ro-o1-ln-c1-fx-16500cfdeecf,ar-ar_component_library-i3-ro-o1-ln-c1-fx,16500cfdeecf5521b9dee5cb78fcfc52c353ee01323b8542827905023c3a5431,03a29b269156e91f409c52f0a5c8cbc4ada696e1cf1f5dfe0fc8427ab4b5255d
ar-ar_component_library-i4-ar-o0-ll-c0-fe-3bbe1324f1a9,ar-ar_component_library-i4-ar-o0-ll-c0-fe,3bbe1324f1a90540f5f9b577ef669232ca98dce7a41081d6e4fc1492abade618,aa7a1f3909808fe74c79cd1e748735fb61b88a3c25325e58625d18a017c8759a
ar-ar_component_library-i4-ar-o0-ll-c0-fh-06806290a89f,ar-ar_component_library-i4-ar-o0-ll-c0-fh,06806290a89f8b548412829e8bce6db00f841f4494bb1342ce267052a5ba72d4,66a4e67d0bbba70f3668465d5ba99799f8deff4a92bc2b9ebe17320c5023c495
ar-ar_component_library-i4-ro-o0-ll-c0-fx-1b9fab7d0bdf,ar-ar_component_library-i4-ro-o0-ll-c0-fx,1b9fab7d0bdf86206cda2042fcb21db6b5cbbf69ef40b30d6b72cb42c608f5ce,a55aacb593aa2c2a3d1eb4c88642e85f531065c4c9dc9896502cd3f4d5ec939a
ar-ar_component_library-i4-ar-o0-ll-c1-fe-11c62b036126,ar-ar_component_library-i4-ar-o0-ll-c1-fe,11c62b036126d5088f07225b5f67ef3e4f7faf6646642be60a97ba14fd546254,4b9d9b3726d34b7f77c6c08932d5919e1aa79ba5f3faa4fb8d65a9aa4738e334
ar-ar_component_library-i4-ar-o0-ll-c1-fh-661bf29ff1f1,ar-ar_component_library-i4-ar-o0-ll-c1-fh,661bf29ff1f1ba3fa1b0552cdeeabafcd356a345941e8c4111c8739e9f5cd8c6,95a469887706bf8961be88dff082f1eb9bfe3cf91407e52985afb07def642f5f
ar-ar_component_library-i4-ro-o0-ll-c1-fx-bdf52d6812bc,ar-ar_component_library-i4-ro-o0-ll-c1-fx,bdf52d6812bc2dc60d7da0506b695402e2a4a9baacc1526a06064061c7325b7d,9f1effd150a79399398891d397ef128a618a2069c2450caa77e43911f333276e
ar-ar_component_library-i4-ar-o0-ln-c0-fe-4cda24fd2160,ar-ar_component_library-i4-ar-o0-ln-c0-fe,4cda24fd216072db6383f251f5e6916e69c129ee599d6744d8391df46af53f93,0e2790f7cf578a5338770ee470d937d4e01c05a502ea308d2ab0e72f035dd769
ar-ar_component_library-i4-ar-o0-ln-c0-fh-66e64a4f17f1,ar-ar_component_library-i4-ar-o0-ln-c0-fh,66e64a4f17f1399dce06e0da44161e607db310f5674f607a38cb9f69dd57efc5,a2383188f49e76a6015ef738b09e6c082cd4136253eaf286239d453e0c84f67b
ar-ar_component_library-i4-ro-o0-ln-c0-fx-0f85483d67c0,ar-ar_component_library-i4-ro-o0-ln-c0-fx,0f85483d67c019c7e1cd47b462c9d69437372b0b11376ba4b786e48bfc88a9ef,0bc46140f7494f8650582a3e4d7836142bb2fefeaeadb7acfb5cf01a6d4dd6fa
ar-ar_component_library-i4-ar-o0-ln-c1-fe-e6a528bb8e5d,ar-ar_component_library-i4-ar-o0-ln-c1-fe,e6a528bb8e5dd82cb87bf41d2eba4187002935351db8cb1d5a946c1d737d2386,3821fb524095fdb7449f4d298b67b82a9c4fb2c85ab9fd78dcf325076a9a0e54
ar-ar_component_library-i4-ar-o0-ln-c1-fh-37ba0463c51e,ar-ar_component_library-i4-ar-o0-ln-c1-fh,37ba0463c51ec0747b9393337b89665efb6b652ed1d3dc200d6f0f8b785c9ceb,cf0ba1e91abbdbc1b8450deff96152540e2d5c67a427f4274bb1929a675e57f6
ar-ar_component_library-i4-ro-o0-ln-c1-fx-8d49ad551b42,ar-ar_component_library-i4-ro-o0-ln-c1-fx,8d49ad551b424258f8efd56514c3e78cefc6f934830d18cc66b8b587c90e4b4a,270546ceafda1dc5f4d6c1c6c1872d5dcad39474df028dc9cebd006e6d715b59
ar-ar_component_library-i4-ar-o1-ll-c0-fe-cb684cca1de4,ar-ar_component_library-i4-ar-o1-ll-c0-fe,cb684cca1de4c0b499bf14559cfe63d6c82539b335d8cecd44c0c0d381dcadfe,6d4bee1a1992a21fa2a25af021496ff29ef54a28bedcbfe1f37209a96ece767a
ar-ar_component_library-i4-ar-o1-ll-c0-fh-b6ba3cd1c82a,ar-ar_component_library-i4-ar-o1-ll-c0-fh,b6ba3cd1c82a89b79b93451891fab4a077030846f893a212cce4182ccef9ad28,c4947307cb7445f062dd6b4d9709b7c9d065535e44d79b3c4c9c805ff0874957
ar-ar_component_library-i4-ro-o1-ll-c0-fx-7f14e466a689,ar-ar_component_library-i4-ro-o1-ll-c0-fx,7f14e466a689eeb79e51af119d0634f94dde9f368f1704649fb2513afdfed213,72252dc4333ea31d764e17536faa63890f78772e8e7c571f821226b7e891d019
ar-ar_component_library-i4-ar-o1-ll-c1-fe-3cfc84615269,ar-ar_component_library-i4-ar-o1-ll-c1-fe,3cfc846152693aaa2cf09ad8560f0a265050b7b95e7ff8e8d6aadbbdcd7e0e54,edd99b1664cab09b7d0f8119d7bc437081dc2cd3235db2d332fcf09a17fb8b29
ar-ar_component_library-i4-ar-o1-ll-c1-fh-d28258d07ea5,ar-ar_component_library-i4-ar-o1-ll-c1-fh,d28258d07ea52e1483c39dee9a7d9a23388063f0ac3b325e895ae329830a8319,3cf4639505eb61b38b78c4215db0468fcb5021c9940b387da178f0afc4874334
ar-ar_component_library-i4-ro-o1-ll-c1-fx-ff4c67041faf,ar-ar_component_library-i4-ro-o1-ll-c1-fx,ff4c67041faf9bb2e9940680b312187c87bd27fb5f1e6a5597a6e58385594397,64468256bc1c5ddcd41a083e88703be63ef0354177865a2ed19db79946b8982b
ar-ar_component_library-i4-ar-o1-ln-c0-fe-a87e744326d6,ar-ar_component_library-i4-ar-o1-ln-c0-fe,a87e744326d6c8ff71fb7fec4a19e273ad09a645de2422a44ca89bddda9131a8,04a01fc3addca38274bbadb568c5aae00014441fdaecd6f698b94810a8957c78
ar-ar_component_library-i4-ar-o1-ln-c0-fh-9b67e3dce9ce,ar-ar_component_library-i4-ar-o1-ln-c0-fh,9b67e3dce9ce490b25e73beda90ea83ac8fa1c80a60ea5d41781a41aec57b6b0,dadec354f49f29a2fd101198a4946252958e362f8214fae288a3b9d9c3eee948
ar-ar_component_library-i4-ro-o1-ln-c0-fx-852941b4af5b,ar-ar_component_library-i4-ro-o1-ln-c0-fx,852941b4af5bc67afdd342fe36c02c0303d0dae4147ef889f9bd0f334bb5d22a,b9e3c92c7a079cf3d692eecb40db7783dfb7c8613e3847bd56e6fbe453e141e0
ar-ar_component_library-i4-ar-o1-ln-c1-fe-99d828899c80,ar-ar_component_library-i4-ar-o1-ln-c1-fe,99d828899c801765991bb4bbcd5589fda9d744fb71c4ab3f5a91009d4dd5d6fc,b9bff9fe4bbd8618e296aa8442287ca04beecc53b8ea285b89cf303cb30ff6d8
ar-ar_component_library-i4-ar-o1-ln-c1-fh-e96f1c74e75d,ar-ar_component_library-i4-ar-o1-ln-c1-fh,e96f1c74e75d42bb1c733805b4cfe096ce84f64e2ab90e1c6935c3741634a09e,05b7922c6bf5a43be44364f2a6c4e76972281bcf66cdd5a1f7777d2d06759f91
ar-ar_component_library-i4-ro-o1-ln-c1-fx-e3324f9b51e1,ar-ar_component_library-i4-ro-o1-ln-c1-fx,e3324f9b51e14004ab69899a37dafff436d077e0227af13ef19bcd4a12049f7e,62b72e910fa3f40b9730655c4ad19b07e2a4e1e333307458713dfde06f20a02f
ar-ar_seed_benchmark-i0-ar-o0-ll-c0-fe-4924b976155e,ar-ar_seed_benchmark-i0-ar-o0-ll-c0-fe,4924b976155ea8be487494b51b3535c9643ae9ffb15d177774a9fcfe7be1ffad,1469010fba982bbc3c401e647310981da6fa1bdf412ee154dd1170222cc2b273
ar-ar_seed_benchmark-i0-ar-o0-ll-c0-fh-df83cd5ab3ec,ar-ar_seed_benchmark-i0-ar-o0-ll-c0-fh,df83cd5ab3ecb018a98d27e0dc0bd2a45d198d24478e53d48f870fae90552965,6efcaea3caa0e25009a444cd9d7322468bbb4a88dc163b16f4d02b8fc9e410bc
ar-ar_seed_benchmark-i0-ro-o0-ll-c0-fx-d9422dd06bef,ar-ar_seed_benchmark-i0-ro-o0-ll-c0-fx,d9422dd06bef2c195503d8a382d77515671da48fba40879304f054a5c6560a0e,49d44675e8a207ebab66b1d5cab6df2066c244b4221630b0ed8a2584c842198e
ar-ar_seed_benchmark-i0-ar-o0-ll-c1-fe-51fdff149fa6,ar-ar_seed_benchmark-i0-ar-o0-ll-c1-fe,51fdff149fa63ac4bacb45f2861ee0f43f19a1ae4514f86294a9540b98d65e80,b3f14a239a053a55c8ce9ae79bb354622ef0b0502868cbd2085da8e68be70248
ar-ar_seed_benchmark-i0-ar-o0-ll-c1-fh-042ecddae71f,ar-ar_seed_benchmark-i0-ar-o0-ll-c1-fh,042ecddae71f6a67f3340210e48d710b79b9190ad6b1ec58bf60e03015deffd1,8b0f8eb3103c6b6eeb4581597c6ebba50b97de61b81e5ac195ee6b19406a9c5b
ar-ar_seed_benchmark-i0-ro-o0-ll-c1-fx-b6f5e7265757,ar-ar_seed_benchmark-i0-ro-o0-ll-c1-fx,b6f5e7265757f83cd64f9874e1ecb189c1af1d244b3b29ff8dffd42708e2dd57,38b936d172f1a1bc15907106b3dd4c55035d0f7df8b7a1ec33bc63e0f8209296
ar-ar_seed_benchmark-i0-ar-o0-ln-c0-fe-852ff7d6d322,ar-ar_seed_benchmark-i0-ar-o0-ln-c0-fe,852ff7d6d322fa8fd5ff44061f2a153111a01c2da7ce563ab4fd798c50bb8ab6,847ba1ab7d20ffb3fa4f3894ca16767f6a1904cdab46912be67fe9fc63c92791
ar-ar_seed_benchmark-i0-ar-o0-ln-c0-fh-c1f2a0cc5e7b,ar-ar_seed_benchmark-i0-ar-o0-ln-c0-fh,c1f2a0cc5e7bb194f594441ea15e23803d7674f646ea5d818a7077b55ab4c58b,fde06fc6b888b39b78358d21fce3a0ca5a07dd182602d44a92a81b64b2b9ef2b
ar-ar_seed_benchmark-i0-ro-o0-ln-c0-fx-d289bda9e2ab,ar-ar_seed_benchmark-i0-ro-o0-ln-c0-fx,d289bda9e2ab326ab9b9e03f61b608e9491d7fd1bed4f86d6f9548008a21e6ae,9843b66c47788ed15c65cffb8f5d79927dd18ae4a2c71b0369325c9f8d45b966
ar-ar_seed_benchmark-i0-ar-o0-ln-c1-fe-8511d328f2eb,ar-ar_seed_benchmark-i0-ar-o0-ln-c1-fe,8511d328f2eb535fa89874349b22c091ea72e31dbbdc2d60986caeec9f0d1faf,a9efa576068cd401271aa8b0e445fe2516643b5dcb6b0eef70ac88c0b96c4c91
ar-ar_seed_benchmark-i0-ar-o0-ln-c1-fh-312d74611b86,ar-ar_seed_benchmark-i0-ar-o0-ln-c1-fh,312d74611b869e902ad646c43799ff540490d0397c8b60da4a3614049c11b8dc,22f7ef5c77390d13425f3671e87a980cc46c310d86207e3721549ce6399bbd0c
ar-ar_seed_benchmark-i0-ro-o0-ln-c1-fx-6d2ff9a8b22e,ar-ar_seed_benchmark-i0-ro-o0-ln-c1-fx,6d2ff9a8b22ea02cfe066ca2bbab47102c62f91ab25cd58194d2a6c15f5d07ee,fe69016b9c64e3077f153d34c6dc4225a7d25d91a6c5abb05863086872f6e313
ar-ar_seed_benchmark-i0-ar-o1-ll-c0-fe-46e892fa9515,ar-ar_seed_benchmark-i0-ar-o1-ll-c0-fe,46e892fa9515b5d5af2ac760341334d19469d2cfd3241d4deb0221915f834d57,73155c575261ab799a4acb9cf7e7e88eac26c829bb6e4737d095a1e71ad34737
ar-ar_seed_benchmark-i0-ar-o1-ll-c0-fh-0d818e58f61b,ar-ar_seed_benchmark-i0-ar-o1-ll-c0-fh,0d818e58f61b0dd17403f4bc9b4a3056ed2113731c206bf9f4f17eb942dffcf6,dca9dac656fbc7347a6fe0c7c5f339ff77b6a8257499c877230939411e8a1123
ar-ar_seed_benchmark-i0-ro-o1-ll-c0-fx-fc92586a7072,ar-ar_seed_benchmark-i0-ro-o1-ll-c0-fx,fc92586a7072f96fcdfe517f4966ed1860cf2b6514d0c0409f3aca862aa5c345,163544d9299397f2b5ee4291e48cfdc62b2d6c17c301d65d5394183d3bc26679
ar-ar_seed_benchmark-i0-ar-o1-ll-c1-fe-04f31298df8b,ar-ar_seed_benchmark-i0-ar-o1-ll-c1-fe,04f31298df8b8ab5c5d1acac426eec46cbcfe1a082ca46701c48e9bfa577d0b9,f8fd6c88bee6a60f71ca25437c6afc09ff93330062c4e7cfc6bca743096ac17b
ar-ar_seed_benchmark-i0-ar-o1-ll-c1-fh-ca62ed4e14ff,ar-ar_seed_benchmark-i0-ar-o1-ll-c1-fh,ca62ed4e14ff03aba14c236d1a135fa209900de0356d20a2d4424121397bfc68,27406dedae2587cd1f04c4ee24dcf87b4b53f14d7d6918dc54afa3da1148a2b7
ar-ar_seed_benchmark-i0-ro-o1-ll-c1-fx-8973c56dff5a,ar-ar_seed_benchmark-i0-ro-o1-ll-c1-fx,8973c56dff5a198d0e4e9be653d61af52583ebf1ebacd7135d889c20c6894d2a,fe353a50337d2d4ebe057c5a37f9379bb86266dde7b59ac673167fa268407dd5
ar-ar_seed_benchmark-i0-ar-o1-ln-c0-fe-1ca63f8d8a98,ar-ar_seed_benchmark-i0-ar-o1-ln-c0-fe,1ca63f8d8a987c27bf23caaa63b2fbd2b13aa093a26b0c4f84f723eca2206bd5,5c907ad8715f4cc9d215c30c3a1d53df5bd012879f03b721bf79e0891563c3ba
ar-ar_seed_benchmark-i0-ar-o1-ln-c0-fh-3e13ede23a5a,ar-ar_seed_benchmark-i0-ar-o1-ln-c0-fh,3e13ede23a5a49d76dec26799ffd378dc91627d246d552f29f437a4811e63316,2e763a8acc1acf67a98203cfd2decca1d4ed2a39c5db41724a5053fcef7601dd
ar-ar_seed_benchmark-i0-ro-o1-ln-c0-fx-85c4269c2c1e,ar-ar_seed_benchmark-i0-ro-o1-ln-c0-fx,85c4269c2c1e95afea4d4ff4d4bf3a93ad0de5332e9654d2638d19380ae30907,bdcc5e935eba95a07f97b1830d6efbc14e7842c01e576f956f7f715d7eb8ac15
ar-ar_seed_benchmark-i0-ar-o1-ln-c1-fe-5a28a820c170,ar-ar_seed_benchmark-i0-ar-o1-ln-c1-fe,5a28a820c170a2407304f26cbd0ceb21a297fc42b8f6240837416c919c2389bc,98751462112219551e02e9352ae5b582a8551030d7005b851e367eb8f994d822
ar-ar_seed_benchmark-i0-ar-o1-ln-c1-fh-29b4a112bb61,ar-ar_seed_benchmark-i0-ar-o1-ln-c1-fh,29b4a112bb6113d07b66a73964579ebb64072a064c0b497063f20439fa36b23f,4e582c5364c40827b058949f99e6e29164b88c104f4af7f6c8d918916ce974b2
ar-ar_seed_benchmark-i0-ro-o1-ln-c1-fx-cb5f3f799661,ar-ar_seed_benchmark-i0-ro-o1-ln-c1-fx,cb5f3f7996619bff47f375f563c587423338e19dc1490e0d74b86806ad397d3d,7744db8b3e3e9bd61763f13b7eb98dd0a8ebf15f1aca33f3583d99828590e3dc
ar-ar_seed_benchmark-i1-ar-o0-ll-c0-fe-f55a55c8953b,ar-ar_seed_benchmark-i1-ar-o0-ll-c0-fe,f55a55c8953bc91b9c548e201e97af2ee96fc9028276cc32af5f12ee6ab6baa3,0b6a37c3bfcb20f09c264be931cd866dd05e12488ff840762c22bb02c73b6cb3
ar-ar_seed_benchmark-i1-ar-o0-ll-c0-fh-0c3bb26f8e66,ar-ar_seed_benchmark-i1-ar-o0-ll-c0-fh,0c3bb26f8e668c3d2bf48b8d4af08b029d13ec0a6a6c6aa3d06c67a1f3bf423e,291fbe1cd5bb7dd2fe35c57723d2afa986621e5f8405ebdd16c364d6edf8c22c
ar-ar_seed_benchmark-i1-ro-o0-ll-c0-fx-b22b7017ea28,ar-ar_seed_benchmark-i1-ro-o0-ll-c0-fx,b22b7017ea28a5dacb3d5e1efb4ca752dd172a1cc6052b7cf4318881c780abac,5f846c1d121de85e149ffd8342527a7810f99c69fc603ef12bc4fc59a0949a7d
ar-ar_seed_benchmark-i1-ar-o0-ll-c1-fe-729fb733df8a,ar-ar_seed_benchmark-i1-ar-o0-ll-c1-fe,729fb733df8abca629dc40d786d04d8e41f41e2025bb11e540f023266fe4a0b0,49c9dc678242adae72f5b7c2e51bda8cee65159d2e5250a3dbeaf46f3b3836fb
ar-ar_seed_benchmark-i1-ar-o0-ll-c1-fh-5b1bae4625e0,ar-ar_seed_benchmark-i1-ar-o0-ll-c1-fh,5b1bae4625e0d7735fab3bb5307ebab2eb23ae97abe89055659b8bc979e3ecef,4029a775da46726cd51f81bbfd57279b78b920cb270475c621df4db7a3f83ea1
ar-ar_seed_benchmark-i1-ro-o0-ll-c1-fx-b528e33d5712,ar-ar_seed_benchmark-i1-ro-o0-ll-c1-fx,b528e33d57129b22ed8c007b4815ad7637dd3030b0ba687b8ab29fef1b1e1a63,02f7ca1140c984312e71e589fffe1b807eecef8e813383510ddd7d16620ec178
ar-ar_seed_benchmark-i1-ar-o0-ln-c0-fe-6013a6dc5f15,ar-ar_seed_benchmark-i1-ar-o0-ln-c0-fe,6013a6dc5f1501a60e577d100603b64a02d4111d6dc764534de15335aa53e4ca,76d15c7bd5e8b4e2f7cf260df800c30f100ffe1c9c215ebda51fe0d468cee756
ar-ar_seed_benchmark-i1-ar-o0-ln-c0-fh-d6d6b2c8b9a0,ar-ar_seed_benchmark-i1-ar-o0-ln-c0-fh,d6d6b2c8b9a0983a97bb4f1bd59adc0707a6f18eecb64a09f6527db487ec6ab2,78dac641632d3295c7c51aa99785bdcb60fbf07c6e0c06fa7cb553d9c2427412
ar-ar_seed_benchmark-i1-ro-o0-ln-c0-fx-945da5159506,ar-ar_seed_benchmark-i1-ro-o0-ln-c0-fx,945da5159506eceeaf2dae1c760356ff52c01c5e54df31c13e11a51410abcf07,089172c44a9dac5037ec82d0efdfe2cc706681d68fd0e57c8f5acc0a6eca0c01
ar-ar_seed_benchmark-i1-ar-o0-ln-c1-fe-18ff7058e0d5,ar-ar_seed_benchmark-i1-ar-o0-ln-c1-fe,18ff7058e0d539ba142df54525c0bb0beaeabd67dda39b212b8523acdbbe8908,ce6b04950b9921d13c73b46dfe938e7b2f5b36b223f748fe5131fb3dab0b71f7
ar-ar_seed_benchmark-i1-ar-o0-ln-c1-fh-baac206661cc,ar-ar_seed_benchmark-i1-ar-o0-ln-c1-fh,baac206661cc08fafd356b614af78e91aae99716b8c1a3633e2ecc025dac857e,48f13548a2c8e030e0ca25487d1c705f21390369eee28a7532129ddad3329d13
ar-ar_seed_benchmark-i1-ro-o0-ln-c1-fx-7efe8c89dd4b,ar-ar_seed_benchmark-i1-ro-o0-ln-c1-fx,7efe8c89dd4b780841cab00ee59a40db46e3be1e0944218beb5d634ec23fd46b,42640a0dfc999e4b84717b2230b86dfd5934a299d560f2be8838b93d7b7d3330
ar-ar_seed_benchmark-i1-ar-o1-ll-c0-fe-913427123c72,ar-ar_seed_benchmark-i1-ar-o1-ll-c0-fe,913427123c72b25f53b226c105201839444cf624772c58e0d85bdefeb761aafc,b47f3166294d36303046a225dd647a30fda6e6bdd7b2c69410e92ddbcd74dad2
ar-ar_seed_benchmark-i1-ar-o1-ll-c0-fh-31c81b747b7c,ar-ar_seed_benchmark-i1-ar-o1-ll-c0-fh,31c81b747b7cccee895ebfa36ab3302b57c36a0a3eafabd7e89bc57453a9b167,efce2fed268a3e276b9a8ead8c310f81493190133539096bd5ebdf6d070b0224
ar-ar_seed_benchmark-i1-ro-o1-ll-c0-fx-e263a828bc5d,ar-ar_seed_benchmark-i1-ro-o1-ll-c0-fx,e263a828bc5dba9d5780e34120aa1eb98b1f5f75b427ba11d89745f2ed9979f2,0dd52c8dafa6216697b14d2ee8f4ac58c67fb29435e3321f1bfd14e4a143656f
ar-ar_seed_benchmark-i1-ar-o1-ll-c1-fe-25f731efae11,ar-ar_seed_benchmark-i1-ar-o1-ll-c1-fe,25f731efae1132280fe39f7333887cfb81f9ae8540c18e5fe0772e647b3c5d15,b433dec291ab461a770d9c5b6555112e3db1a39bbc080ab9fbf0d34ae1344e2e
ar-ar_seed_benchmark-i1-ar-o1-ll-c1-fh-95a8efde3ab9,ar-ar_seed_benchmark-i1-ar-o1-ll-c1-fh,95a8efde3ab9a7c60cf2ac82c2d51eb58254625be4fd85b0cf7c606f43fc9556,d0b800c7979cfacddc063bd2fe3d79f566b96d179d439ee731cdc61128466de8
ar-ar_seed_benchmark-i1-ro-o1-ll-c1-fx-2307f81dd3c9,ar-ar_seed_benchmark-i1-ro-o1-ll-c1-fx,2307f81dd3c957340d1debf2d3360f4ca6a4327370b52ceb7f1ba742d90f2b0f,3a8b01598a089edaf11ef84301cf0f001f557c374b3f0855219d735f47ab3b7b
ar-ar_seed_benchmark-i1-ar-o1-ln-c0-fe-075a901342d2,ar-ar_seed_benchmark-i1-ar-o1-ln-c0-fe,075a901342d2963568a3c69cb38f857c25bbc0ff2aa66125b2d3f8e5778abf64,32b6b744a4186c7d8107bb27c0caab7b24d0fa1db5c500fdb88acf2dfcfea702
ar-ar_seed_benchmark-i1-ar-o1-ln-c0-fh-9ac5d38adbdc,ar-ar_seed_benchmark-i1-ar-o1-ln-c0-fh,9ac5d38adbdc7983f6c4214de7abdad06ba113af98372f058d6590c16aff1003,9bc4bfba963114d192f751bb8b3e30608e0c11974e189dad0cc96dee8ab394d2
ar-ar_seed_benchmark-i1-ro-o1-ln-c0-fx-0a6b88b1e9ac,ar-ar_seed_benchmark-i1-ro-o1-ln-c0-fx,0a6b88b1e9ac768986f07de606e0da16ca25848c314fd436d3166371e6955401,695a5533f59d5f02e8a2c81aad631cf86840a98a423984af209d6c62f7f2aad9
ar-ar_seed_benchmark-i1-ar-o1-ln-c1-fe-4b8769535e7c,ar-ar_seed_benchmark-i1-ar-o1-ln-c1-fe,4b8769535e7c7891ebdfddc89a59d23bae1950212cf7d85a5e956d5b0434ee21,801d279fb6b33e7ab200c29d10fcb49c7a89bc2555db607c49090766add5fed1
ar-ar_seed_benchmark-i1-ar-o1-ln-c1-fh-243d7da7f77f,ar-ar_seed_benchmark-i1-ar-o1-ln-c1-fh,243d7da7f77feeab10a1a3453913deb1d21ea6bb035d9e205ba731ee4715f034,37e51ff1cd2f7a62456fd47c859464b57a7a70f44a771606035747ac39700b23
ar-ar_seed_benchmark-i1-ro-o1-ln-c1-fx-b96d1b38fcfc,ar-ar_seed_benchmark-i1-ro-o1-ln-c1-fx,b96d1b38fcfc5f916cc52fdf412363476674d0b744517e4755082a8518fca6a3,af24adb854360559313d4d1aa6e1b558ffc2594cf59e32e356d8a96c1fc98b72
ar-ar_seed_benchmark-i2-ar-o0-ll-c0-fe-3cfd54900f7e,ar-ar_seed_benchmark-i2-ar-o0-ll-c0-fe,3cfd54900f7e50f6dec941310807b87e5db311704d9e4e0d603e1a765758f13e,cb9d5c6556f67515bf17dc3224ab3dec78c2562aade65f80c1e4baaff4af8053
ar-ar_seed_benchmark-i2-ar-o0-ll-c0-fh-8121c5f6a6d3,ar-ar_seed_benchmark-i2-ar-o0-ll-c0-fh,8121c5f6a6d3fb7ae7973b4fb82cdc44b3be323883f05cc9d71b03e086db08de,d3eb3cb85750e6471e8708d366655238ad41b9f77679d39144b6f9eb410b67c6
ar-ar_seed_benchmark-i2-ro-o0-ll-c0-fx-7cdab2afbac9,ar-ar_seed_benchmark-i2-ro-o0-ll-c0-fx,7cdab2afbac9326d1152c71889b9534e135b57cf2ccc8315fa687e1a3914add1,f8ff4564b5062bb13be2684252b1973d4f02459237a97abe54ab5543570b4aec
ar-ar_seed_benchmark-i2-ar-o0-ll-c1-fe-48271f05e96a,ar-ar_seed_benchmark-i2-ar-o0-ll-c1-fe,48271f05e96ac006a6ca990be73a42c72ff2711ff946977e37b4a2d83d410e98,f3dc51182c30e15be3edf24747f5c2014e5444a36fdf9c17a5d6faf8e968ba99
ar-ar_seed_benchmark-i2-ar-o0-ll-c1-fh-1a0fcaa25964,ar-ar_seed_benchmark-i2-ar-o0-ll-c1-fh,1a0fcaa2596499cbf75f09f3b99fbe2da49b6d44fc7b77f792fcb27b8c72c301,281689c3a508757319f3b63d571a00f0ad9bf798e5f09d8204ddc9c03dd2390b
ar-ar_seed_benchmark-i2-ro-o0-ll-c1-fx-62ede561611a,ar-ar_seed_benchmark-i2-ro-o0-ll-c1-fx,62ede561611a2f5dc353de3607bed0185564983ed7def2e8b24f92109af083d0,b60b6e67f97cf10f90fcd458729caf7b150b9d63f501acc44eaea6eee13072e4
ar-ar_seed_benchmark-i2-ar-o0-ln-c0-fe-3882514139b3,ar-ar_seed_benchmark-i2-ar-o0-ln-c0-fe,3882514139b30c8e26e569a7aa3710c17700b55e1df4a1091bc268ca124d8129,45178b76543ade3eacb1a13887faea17bac0d03b6b1aa540ea165f19933eace9
ar-ar_seed_benchmark-i2-ar-o0-ln-c0-fh-be84b83ddf0e,ar-ar_seed_benchmark-i2-ar-o0-ln-c0-fh,be84b83ddf0e2f6f1a7bd6a52a16653f32bde3d88aa0268140c2dc72aeb1ec45,e1eecc433c5c29652c7c3463846fc3e5e3b5faacf8048a8da65bb8f693276173
ar-ar_seed_benchmark-i2-ro-o0-ln-c0-fx-e220ece1a613,ar-ar_seed_benchmark-i2-ro-o0-ln-c0-fx,e220ece1a613a1d0300bc436fd36a7d020eb770ea16a221030ca3f47a923232c,4d169171ad83f1259d7fcc7876061f1cd446441812adfebb930ae4adc734956d
ar-ar_seed_benchmark-i2-ar-o0-ln-c1-fe-eb1f853ac8e5,ar-ar_seed_benchmark-i2-ar-o0-ln-c1-fe,eb1f853ac8e5eca6f00fb1d9b3547cb60abc358f3fb283d66f4d3b5d8c68e0c9,8ba4fb7faf26bb244b1956fcbaac438e5fce68ab1d3a3f8de972c5f760715574
ar-ar_seed_benchmark-i2-ar-o0-ln-c1-fh-82f52d554c44,ar-ar_seed_benchmark-i2-ar-o0-ln-c1-fh,82f52d554c447507629217da94ffd127aa4d2a6057186729daea50d1bd85f121,0ba2f37fbb6738f423bf9dff47c785b79849de374e2da4ea760afb66c72f1688
ar-ar_seed_benchmark-i2-ro-o0-ln-c1-fx-48d82cf7e5a8,ar-ar_seed_benchmark-i2-ro-o0-ln-c1-fx,48d82cf7e5a8fc889269c5a7f9848b988d3d175fc3767f38124921e36b8238c7,e64c808fe8451207eb004b8cdfd46b9573f9abe9933a3d68cfb9c75d06a73293
ar-ar_seed_benchmark-i2-ar-o1-ll-c0-fe-8968f73ed69e,ar-ar_seed_benchmark-i2-ar-o1-ll-c0-fe,8968f73ed69ed77133475a70a1c6e29c7d109c7932d284eb86e6b8fed4508dad,6ee120a6444a948d552c59028bb0d6046ff835aff1d37c2a0ee4d683a09d817e
ar-ar_seed_benchmark-i2-ar-o1-ll-c0-fh-6ad0dc6d6759,ar-ar_seed_benchmark-i2-ar-o1-ll-c0-fh,6ad0dc6d6759214365d9674d09fa2764f9376312ba997a008697ca6b0ea2fb25,b9d22636092dd507869bba3e9c2ed620b1a1cee9b55c630325a5d4f57f085490
ar-ar_seed_benchmark-i2-ro-o1-ll-c0-fx-7d6ede6a574a,ar-ar_seed_benchmark-i2-ro-o1-ll-c0-fx,7d6ede6a574a3ef52572c638754998bec2fe49df99e6773db7fb0c42f79431a3,c6b208af59d0fb90399112513ef8e4ba7c6ac0673df26179be5f0b5a9843005b
ar-ar_seed_benchmark-i2-ar-o1-ll-c1-fe-fc18a1318059,ar-ar_seed_benchmark-i2-ar-o1-ll-c1-fe,fc18a13180590336dac80ddb44a778c405a074527a4399782fb2fc191e2d9494,7f8bde0d641dcd64ae1ff182e7711836bd075955e080453936bbad27fe8283d8
ar-ar_seed_benchmark-i2-ar-o1-ll-c1-fh-385e2d001a56,ar-ar_seed_benchmark-i2-ar-o1-ll-c1-fh,385e2d001a56557511af8be85fbdb1e1e264a03680909a0c1af4e29b6650cc19,1fdcb498af2f72d341d2ffa164c18bf4aae2594f94a69fd2e0b3f3da4da0b564
ar-ar_seed_benchmark-i2-ro-o1-ll-c1-fx-7abf8947e6b3,ar-ar_seed_benchmark-i2-ro-o1-ll-c1-fx,7abf8947e6b3533debc6ec2bff4541ba1523844a65990e178c459a83b75c3a20,e4e06712e9000da10863fea4920594819d0bbb51163b9baeca53ed5e7b924062
ar-ar_seed_benchmark-i2-ar-o1-ln-c0-fe-ae4f5605d71c,ar-ar_seed_benchmark-i2-ar-o1-ln-c0-fe,ae4f5605d71c716949c07e18f50027c94878be1a8c30a628f95b034604ae8032,9e5fdfee9eff7a7f82e11bf19fe1dd6c5c672f2bd12cd9f8313ecdd78b9f08a6
ar-ar_seed_benchmark-i2-ar-o1-ln-c0-fh-760f7a2d9f86,ar-ar_seed_benchmark-i2-ar-o1-ln-c0-fh,760f7a2d9f86441a1b37c16511e3379be836034877eb34c23fb2baac27c51424,3ab52ccd346cb36b76667f2e212a002ed8a5cf3a63b5f71fea7514990bab9050
ar-ar_seed_benchmark-i2-ro-o1-ln-c0-fx-edc32bd811cf,ar-ar_seed_benchmark-i2-ro-o1-ln-c0-fx,edc32bd811cf7532f4e248506714db4344e3f56b519fdea3ab584b3de4e7436f,09b18f2b7aa52cc9edb3df4b5430c75b5409e600afbc981cbaff07bdf2a5257f
ar-ar_seed_benchmark-i2-ar-o1-ln-c1-fe-2729ad239e24,ar-ar_seed_benchmark-i2-ar-o1-ln-c1-fe,2729ad239e240b9ecd13cffac304b84a62d367092f2b90a153c0f5cfea29399b,28a4d811564c475d450aa1343906f1279715cae592e32063a62c526f79c6ad37
ar-ar_seed_benchmark-i2-ar-o1-ln-c1-fh-81c117e8eee5,ar-ar_seed_benchmark-i2-ar-o1-ln-c1-fh,81c117e8eee5ce54e927953808fe2205aa1546d9b359cdcfad78b3c388791a1a,3764ddb440035cdb63b62526fdbde5e213659ce1a353f81f94a6e26954144ff9
ar-ar_seed_benchmark-i2-ro-o1-ln-c1-fx-9d62f2b745de,ar-ar_seed_benchmark-i2-ro-o1-ln-c1-fx,9d62f2b745dee3eadd378c0cdf6470b7b49580674d6f41fcfe72d3258aec95b0,79c6587ffc8fd7cffacafa78af58e62fc5d363f25c9acd3aa504914f321546c3
ar-ar_seed_benchmark-i3-ar-o0-ll-c0-fe-938391c9b4d4,ar-ar_seed_benchmark-i3-ar-o0-ll-c0-fe,938391c9b4d47e47373063987a9b7a5b989cbaff476f1dd8598b54ea4731b402,c836396da2ddbc658e6456bb34b6458bcb779787d260e0fe570f1c988a662db7
ar-ar_seed_benchmark-i3-ar-o0-ll-c0-fh-9f695cc75f1e,ar-ar_seed_benchmark-i3-ar-o0-ll-c0-fh,9f695cc75f1ed367a269765e1ec4d21ec89a3628a3f6f1ec267d4210dae52eba,83888f56f509890436c68c21ddf8ba5e9d94300526b9b567fa5cf79b84851d2e
ar-ar_seed_benchmark-i3-ro-o0-ll-c0-fx-ada13d123daf,ar-ar_seed_benchmark-i3-ro-o0-ll-c0-fx,ada13d123daf787e23b8e68ef2bba5bc135bf7fbf584be864959a8b110c1330a,be4c782c69d672894f003357a52e6f9778db08871f5d73f50ad6ebf339bacbe0
ar-ar_seed_benchmark-i3-ar-o0-ll-c1-fe-d66e654a2044,ar-ar_seed_benchmark-i3-ar-o0-ll-c1-fe,d66e654a204432f4367823a0480b949d3cc2d9142fb3278f7f8ee222a27f6e84,d5ec5c36e41598936051c99c284bcb2eac5bbcf00569a7f5629af2f93d449f68
ar-ar_seed_benchmark-i3-ar-o0-ll-c1-fh-eed9768333c6,ar-ar_seed_benchmark-i3-ar-o0-ll-c1-fh,eed9768333c67cfb2a5c8bd3767e4db7eaea3608946a0219463e11eb6cadc04f,fd8717d795fb15c55ed96b04915719e0272de055e3789fdfebce9ef02e49a800
ar-ar_seed_benchmark-i3-ro-o0-ll-c1-fx-6af39d6cec77,ar-ar_seed_benchmark-i3-ro-o0-ll-c1-fx,6af39d6cec77e7655fb182d24c04e6786a27f42d16d4dec945f26662d06c3421,1cd9bb1ac665b855245ca6bb42ccc20fcc3228ae4dd7af81680f2fb73908da9d
ar-ar_seed_benchmark-i3-ar-o0-ln-c0-fe-c1eac5cf0412,ar-ar_seed_benchmark-i3-ar-o0-ln-c0-fe,c1eac5cf04121ae661e76cdca23dc65e91d3177f66f4a2bf3f26dbcc1c583285,2912e7c6799ff5ad03df93ea0a5c2e59f218f0d3289635b84272ed090e4fc644
ar-ar_seed_benchmark-i3-ar-o0-ln-c0-fh-302c24b42130,ar-ar_seed_benchmark-i3-ar-o0-ln-c0-fh,302c24b42130f904449279b9568b60516d5ae41019aa53b69b7f657ab2ce0124,928741010ef3a0d23cfa8c17f4ac7aef920493a6161eef0df6724321f93af6d2
ar-ar_seed_benchmark-i3-ro-o0-ln-c0-fx-9251fb9e37df,ar-ar_seed_benchmark-i3-ro-o0-ln-c0-fx,9251fb9e37df1c5b097e1b3d91b136beb587d8be6c56a786e84f103fa3bb343d,4f7bc939f2f4a9bc3a60db9c74c4c876baca88fb52c469a559e5e44e205cc652
ar-ar_seed_benchmark-i3-ar-o0-ln-c1-fe-bc0de91c73ca,ar-ar_seed_benchmark-i3-ar-o0-ln-c1-fe,bc0de91c73ca956c0903d412a81db47cefb18d72f70eaf418e02b250540d7f1f,0b06a97311712eb2b14a73e3540be94f6a109fa9d800508bc05d62d07a86fb14
ar-ar_seed_benchmark-i3-ar-o0-ln-c1-fh-618e8ddec63b,ar-ar_seed_benchmark-i3-ar-o0-ln-c1-fh,618e8ddec63ba6b1766656e2e993369f50d6a64697aeefc78517e4d86cfce1f0,fb7db9aecee6f3d890ca5bb72af9c3f3d234e84386944d6b181a6202abadf09d
ar-ar_seed_benchmark-i3-ro-o0-ln-c1-fx-1188f60ade6e,ar-ar_seed_benchmark-i3-ro-o0-ln-c1-fx,1188f60ade6e636e62e5cbba9b9f435e2e41027b98574baca6b8d2333a9d0ed4,1d6ddb6486ef92a40758687f0b804042507225235534705e71d3f4a7cfe8ddb9
ar-ar_seed_benchmark-i3-ar-o1-ll-c0-fe-2f1e73a7ee0f,ar-ar_seed_benchmark-i3-ar-o1-ll-c0-fe,2f1e73a7ee0fa8c2b758e498f25f8f60bb979c0a75f9cd1fa93da0d1ee2a7c0b,618b6f2f6a3cdba7035d9e2115fc60cee4788f67b9cffc40f508a055e5d2da60
ar-ar_seed_benchmark-i3-ar-o1-ll-c0-fh-1c368ee5198e,ar-ar_seed_benchmark-i3-ar-o1-ll-c0-fh,1c368ee5198e5a103926fe081adda3de193667277e7324ce3b33002a368a2568,369f5c2b27dead59d39e4c88d7175ee1036536a85044532755de45366ef00af1
ar-ar_seed_benchmark-i3-ro-o1-ll-c0-fx-b63b79218a1d,ar-ar_seed_benchmark-i3-ro-o1-ll-c0-fx,b63b79218a1dd9bdfb4b6b8e8fabab1559be92382b39e8aeeee1733ba72d0554,0938fb00fff8a17b00805c4d93cef4862dcfb1868846c21cfa9241fa31a578bb
ar-ar_seed_benchmark-i3-ar-o1-ll-c1-fe-cb75308531fe,ar-ar_seed_benchmark-i3-ar-o1-ll-c1-fe,cb75308531fe7fc0ff2b519d151a9bbe8901659d533277a7ee7049e22f3b7504,fd1d9bed06e3805af932e12cc381720e60440b70c7b6696dd63e97be4cf4b296
ar-ar_seed_benchmark-i3-ar-o1-ll-c1-fh-6e50131c7a20,ar-ar_seed_benchmark-i3-ar-o1-ll-c1-fh,6e50131c7a20691c4bf8754ca7b9025a5b1170175a0e1f2f2dc41c277452a0d6,1ce722c026d63535f1289a7aa04577f568bb4fb4bdc82bc5123bedb42ff83657
ar-ar_seed_benchmark-i3-ro-o1-ll-c1-fx-5b3ddcbabb10,ar-ar_seed_benchmark-i3-ro-o1-ll-c1-fx,5b3ddcbabb10ab5fdc7ed2512f2bbacf41381912802b3a108f7342be1c079745,0dfb031cf3c966d957c08d22dfe32f40b7e18d830449763c671441077de651cc
ar-ar_seed_benchmark-i3-ar-o1-ln-c0-fe-6313be004b6b,ar-ar_seed_benchmark-i3-ar-o1-ln-c0-fe,6313be004b6bb97b15a362d7f4ff21e483b0cc90ca9485b87f57c7acf1788edb,26576ffb9caff0ee6339c357c612d9d8e7e45c05139f388e28feacf3ff940b6f
ar-ar_seed_benchmark-i3-ar-o1-ln-c0-fh-9cc333249520,ar-ar_seed_benchmark-i3-ar-o1-ln-c0-fh,9cc333249520c169144e9767c555fb478ff54c6634166557e53e03ab0dacf1cd,0e85738ccfd5d6ffb946b0712955d07886de97abba2e8937342a57ff7a3bf42e
ar-ar_seed_benchmark-i3-ro-o1-ln-c0-fx-9e24c727b409,ar-ar_seed_benchmark-i3-ro-o1-ln-c0-fx,9e24c727b409e9280773af52a280a5e3a3bf93396ca96949865114fe781e6561,897130d5936d0f56aa182ca586c9f913e3b0efd518c4671df44a4dc2592eae69
ar-ar_seed_benchmark-i3-ar-o1-ln-c1-fe-0fae078b3566,ar-ar_seed_benchmark-i3-ar-o1-ln-c1-fe,0fae078b356625dbb612890a9fd1237f4c8159b55ffac32b662a482824b6c0c3,1f8531c0ed40a5f6f79db8cc59bb51507fe18985d0b38245379731794d94803a
ar-ar_seed_benchmark-i3-ar-o1-ln-c1-fh-ba41efefcdb8,ar-ar_seed_benchmark-i3-ar-o1-ln-c1-fh,ba41efefcdb88399e106bbae67bdb4683222adc4ddca4703ca1e81c9a5f4933c,256210c8745b7015fd11f6f10170f3815d5151f364a426465e640ea2fcd6dc3e
ar-ar_seed_benchmark-i3-ro-o1-ln-c1-fx-c35468ca1c4e,ar-ar_seed_benchmark-i3-ro-o1-ln-c1-fx,c35468ca1c4e86ed9641501316e112a764abbb55de7af560eae69dddfcf0548c,fd2a1c6bee365f7a9d456941543fbb0cdcaf0667e2c0c8804a291561c5dff08d
ar-ar_seed_benchmark-i4-ar-o0-ll-c0-fe-c54a664de176,ar-ar_seed_benchmark-i4-ar-o0-ll-c0-fe,c54a664de1760436e985df93cb43708d7322e6c9da462ea2105f99233c9bc60e,fd168478a28588c54b8bd8da4442e7a55bdf57a781270321cd9875e7822dc929
ar-ar_seed_benchmark-i4-ar-o0-ll-c0-fh-ec35fbb560a2,ar-ar_seed_benchmark-i4-ar-o0-ll-c0-fh,ec35fbb560a25744ed7794c5501c1d6012f3e62eee6df5358ebbf77dab66a0ea,edd92f7aa3649d15a906da34aed078f41b0af3375ec1ad997b6176ed665c8a4f
ar-ar_seed_benchmark-i4-ro-o0-ll-c0-fx-b7762f2adbde,ar-ar_seed_benchmark-i4-ro-o0-ll-c0-fx,b7762f2adbdec19761de0840ef336b3e7060185354b880c27bceb5f957d392a0,85847982fc9a6176dc34de0ebc8151f3a3cf12829ca75a2ecc10bd0e82e0f84c
ar-ar_seed_benchmark-i4-ar-o0-ll-c1-fe-2c45ad651e4a,ar-ar_seed_benchmark-i4-ar-o0-ll-c1-fe,2c45ad651e4a80a403c86cfbd1aae9da29ef3893e321c558196de79313821684,967d059d2b95e4c26883d0e98ef497ddd6d05a721b552afb7dd63d90ede6b24b
ar-ar_seed_benchmark-i4-ar-o0-ll-c1-fh-5b1c757ba154,ar-ar_seed_benchmark-i4-ar-o0-ll-c1-fh,5b1c757ba154d90762c54cdccff55b439c2795998b22482f2315a7d0e2ad2684,0215619c080ad4a7aec8f40e36ef6c76cbc31e8ddd5bd27787917534e58eb6c5
ar-ar_seed_benchmark-i4-ro-o0-ll-c1-fx-b9e8613737e7,ar-ar_seed_benchmark-i4-ro-o0-ll-c1-fx,b9e8613737e77ad3c5f7bae1c211a88ebe6f885bc0e26ee8a0d5d5720aa3aaff,ba54bc4a72fe81179b83746bf0ac7069afd77ec608a66555879a2dfec6cf7dc6
ar-ar_seed_benchmark-i4-ar-o0-ln-c0-fe-067f591d286b,ar-ar_seed_benchmark-i4-ar-o0-ln-c0-fe,067f591d286bca5edcecfebfdc03551aa96ea69d434c131833fee38748f75201,d1e5e2b5ea065efc4325b8ebac09793428815adb65aa2d753d451100d4c67f23
ar-ar_seed_benchmark-i4-ar-o0-ln-c0-fh-5313b163dc9d,ar-ar_seed_benchmark-i4-ar-o0-ln-c0-fh,5313b163dc9d1eb2dcad010dc98e96370246498f6c6788f78ac11b8a7d5379ef,dd72de79f0160922befee19091d07de05fda09910a0c6ea66535784ce3f8f448
ar-ar_seed_benchmark-i4-ro-o0-ln-c0-fx-97cc1a3b0a39,ar-ar_seed_benchmark-i4-ro-o0-ln-c0-fx,97cc1a3b0a39db2fc499429d71e189fbdc3336ce4865381e85afe3bec003ef82,a1be93bf2906e73a7fb87cf8e524379ff864e66b9f2d840d8f4267d2eca5deb4
ar-ar_seed_benchmark-i4-ar-o0-ln-c1-fe-4cf4450806d4,ar-ar_seed_benchmark-i4-ar-o0-ln-c1-fe,4cf4450806d45e8b49c1bfff9bddc03d45b627359886f9d62fd7a2f35848788c,6d47660ad9b2b66c2243475e3cb0872d676e83ba3b5f3ba6df1a5980fd180770
ar-ar_seed_benchmark-i4-ar-o0-ln-c1-fh-27a0fdfe0d48,ar-ar_seed_benchmark-i4-ar-o0-ln-c1-fh,27a0fdfe0d4861f18162cfac801cf7b32fdcea04545fb88b6d4559661589e2f2,e6fbdba5744ccbde27ac1f118a146fab3d119203f6a3f167ea11a523e7ff09cd
ar-ar_seed_benchmark-i4-ro-o0-ln-c1-fx-4de7185ffcd5,ar-ar_seed_benchmark-i4-ro-o0-ln-c1-fx,4de7185ffcd5f0d6e3384405fa141f4e5a25e924a96a6d87a9d881e5055a58dd,e7108baad58381bd67380ea9f76f1f5a6599f504f02b587df404842fb11a9726
ar-ar_seed_benchmark-i4-ar-o1-ll-c0-fe-531e6b252493,ar-ar_seed_benchmark-i4-ar-o1-ll-c0-fe,531e6b2524937b4ec6ecbff40a11a105422711f0c5ee7d5a6ef288a141c524f7,e8cb831fc3366a31b6caae031fa9aec023969f5210b926a1aeafe7f38ac3fd9f
ar-ar_seed_benchmark-i4-ar-o1-ll-c0-fh-3f75f4252687,ar-ar_seed_benchmark-i4-ar-o1-ll-c0-fh,3f75f4252687936a5ab6515db204c7f13434288c14759ff574836ac5eb237f53,3abbee082131b08ba17e2858a7a15de1a0f9dcf3eeae1326ddc9e7beaa4dabc0
ar-ar_seed_benchmark-i4-ro-o1-ll-c0-fx-75dde377de1d,ar-ar_seed_benchmark-i4-ro-o1-ll-c0-fx,75dde377de1de9b8225717a205325ccfa565b5f8565296dfa804539a4f90d4f4,65100c9b5993f3998016975729bdefc15bd60531b79c4a23acf7ee10248c2c7a
ar-ar_seed_benchmark-i4-ar-o1-ll-c1-fe-6d11acc21eeb,ar-ar_seed_benchmark-i4-ar-o1-ll-c1-fe,6d11acc21eebe45649cae00a3551f6ac5a217cb113900b736a51e3f6ec3d0417,3b4c73146f27bcb5e0ac645db344977b32f1db1e19261c1cc22e87ee0dafb811
ar-ar_seed_benchmark-i4-ar-o1-ll-c1-fh-b9bc5dd649b8,ar-ar_seed_benchmark-i4-ar-o1-ll-c1-fh,b9bc5dd649b8a06e1018aef3bfe860040ca136369238b1214240d603c28e0c64,db6d1379483267397177509bbbd188a3720c4de9a056023aaa9ce4bf1328106f
ar-ar_seed_benchmark-i4-ro-o1-ll-c1-fx-403beb751835,ar-ar_seed_benchmark-i4-ro-o1-ll-c1-fx,403beb751835fd762886d7e75a2ec41d84d4d7fc1c3b9989a0c41666c65d6d55,18f54b25167caa1373641f5bb4e70a1986eef185a59e800b6f392c1584f896eb
ar-ar_seed_benchmark-i4-ar-o1-ln-c0-fe-b792cc98c004,ar-ar_seed_benchmark-i4-ar-o1-ln-c0-fe,b792cc98c004cd424392dd39b46372d764bb6738737975d31d04bc81bebb2ca2,ed95e68fd8e306b47a854a239f3f488d7d4ddd15616770dd1358c3aa8f9409b6
ar-ar_seed_benchmark-i4-ar-o1-ln-c0-fh-a49ebd701192,ar-ar_seed_benchmark-i4-ar-o1-ln-c0-fh,a49ebd701192ce873340d1f8399fdee397ad3c673a831843072d879f94dd4214,70f1c66023050a6a823c77e05839b006208d707594514e09c860efce9a73e094
ar-ar_seed_benchmark-i4-ro-o1-ln-c0-fx-0daec100aa2b,ar-ar_seed_benchmark-i4-ro-o1-ln-c0-fx,0daec100aa2bee51c864093679ab89a8e6121d404d9edbcf35dde25d82cdb8e0,c68fd94476a5cc35fe4dc7d0331efb5aee4a9d851ed99c6958413805c000b781
ar-ar_seed_benchmark-i4-ar-o1-ln-c1-fe-da914d8384b1,ar-ar_seed_benchmark-i4-ar-o1-ln-c1-fe,da914d8384b18aab480d61e3e2bd7667b552f64f63ae85022b00eabc31ba70c3,9a7f535751e6fb09ba5cb1473a5d08af3b06d225f49c3a5cd5487b9a9c1f15cf
ar-ar_seed_benchmark-i4-ar-o1-ln-c1-fh-db05162486f6,ar-ar_seed_benchmark-i4-ar-o1-ln-c1-fh,db05162486f6ecb971f57ddd22bdd9c7e8248efb610c65abef6c11cdad6d9418,fe7e0bcffac53bcd7f88e358fab5680f5a5fdb3997758a9ee6f1717ee201b321
ar-ar_seed_benchmark-i4-ro-o1-ln-c1-fx-999e94d51e67,ar-ar_seed_benchmark-i4-ro-o1-ln-c1-fx,999e94d51e6763941e438646da3db3a1de3413dfca440042c13a227f2003bcdf,708ec4c35d1d32efd2849ca7670d747947b58f008f5887296bfbd8a9c522d7f8
ar-ar_docsection_readme-i0-ar-o0-ll-c0-fe-01ca8eb529f1,ar-ar_docsection_readme-i0-ar-o0-ll-c0-fe,01ca8eb529f19b105d25f9505f7dde9005b077b47e645abc19b622e985e37f62,c6893d8c68f8be2302399e08f6d94561f0f7f7967f7aafd45c58c631c70aaca3
ar-ar_docsection_readme-i0-ar-o0-ll-c0-fh-3cc89c1dbb8b,ar-ar_docsection_readme-i0-ar-o0-ll-c0-fh,3cc89c1dbb8b255b0618d15eff1b636cae2fc803977273200028dd2e51cd25ff,743563ac177acc4f7bfca1276db17748a8eb8a4cb71a798cc68ec6607a14703f
ar-ar_docsection_readme-i0-ro-o0-ll-c0-fx-f4796f84c979,ar-ar_docsection_readme-i0-ro-o0-ll-c0-fx,f4796f84c979b0581127ebc2b5d5ae4eb3b037a7b8d80a955838613b7e4a3c8b,37a430660cdffc6ac2d7a54fa5b9d257fb3f14b4853a43ccfe1a2be275076b51
ar-ar_docsection_readme-i0-ar-o0-ll-c1-fe-314427606405,ar-ar_docsection_readme-i0-ar-o0-ll-c1-fe,314427606405db5ee67f0f654494a7a24238cd227c7d5d3a444030fd1b105d57,e9d40e24d093847b837f2491207255f8950350d3172f4b19caa44a10b40690c5
ar-ar_docsection_readme-i0-ar-o0-ll-c1-fh-a5eabda11be0,ar-ar_docsection_readme-i0-ar-o0-ll-c1-fh,a5eabda11be0e53ab2bf9e54e36a44fdb3bda01dbe00392a75ee9fdc71cab4c2,817bfa5bfab853959adeebc3274a1e83eb57b8837bdd9d909d332e42f0ae2bb7
ar-ar_docsection_readme-i0-ro-o0-ll-c1-fx-56c4e8363d8a,ar-ar_docsection_readme-i0-ro-o0-ll-c1-fx,56c4e8363d8a445dacc3eb9efd44ed959879859dde0d2547bedcca0052cbec43,ee1c151a8a161ef1ca3669c3b88a8f7cfe9c71a065c331497be336911bfe040a
ar-ar_docsection_readme-i0-ar-o0-ln-c0-fe-bdbd741bc831,ar-ar_docsection_readme-i0-ar-o0-ln-c0-fe,bdbd741bc831f113481407e24294065b20e5af51c1fbd3031a0176eb2066aa78,d2f746dafc8cad7b115769c4ec44a2f73f164f9d17bcf080696cffed375b9d01
ar-ar_docsection_readme-i0-ar-o0-ln-c0-fh-0b160d6ae4bb,ar-ar_docsection_readme-i0-ar-o0-ln-c0-fh,0b160d6ae4bb435e25098187f26a131a8b4028b0239e485a6345bd74ab2e4574,a116300fb3a469dfea9b74f64643cf06831178b0dd7e54028192644e8a9f3d14
ar-ar_docsection_readme-i0-ro-o0-ln-c0-fx-afc47d2f0049,ar-ar_docsection_readme-i0-ro-o0-ln-c0-fx,afc47d2f0049550443ff6d1c268799f7be8f7feeab414862d4a50766d5c70485,f88dc6106bfe721fcca950b6338131a69a15a96db87e75ae99a41cd002ee00fd
ar-ar_docsection_readme-i0-ar-o0-ln-c1-fe-34b9af83cd81,ar-ar_docsection_readme-i0-ar-o0-ln-c1-fe,34b9af83cd81b720308f9b01610c8a92a846ed6e0566b6a962cd53c8838dfb17,33e573d22b56dd9968106624eaa05cde2f5c01904cbaefa9c5808b74c05e63a8
ar-ar_docsection_readme-i0-ar-o0-ln-c1-fh-ef2ced128fce,ar-ar_docsection_readme-i0-ar-o0-ln-c1-fh,ef2ced128fce02204a1405999351ed3ff6fbea680ba1e2400f9a8ce2c93a73a7,2943b63fb605a6c72a30229847ce52991e3988979f0a79500318819ba17710f5
ar-ar_docsection_readme-i0-ro-o0-ln-c1-fx-ed136d254429,ar-ar_docsection_readme-i0-ro-o0-ln-c1-fx,ed136d254429cf18f489d7780c8afc7762588c7f7440ac5f8ee839e82dcc313d,25390d21228b65083783a04b183facd8c64aecf76e4886f88770a387f9b18b49
ar-ar_docsection_readme-i0-ar-o1-ll-c0-fe-96af01b7b9d0,ar-ar_docsection_readme-i0-ar-o1-ll-c0-fe,96af01b7b9d03e7df8897c3baa61ccc4b90e8f1c6244001c451337a916362085,d4c8840e5b723a38dac1666d0c8d18699d336eae061e813cae0df88a94597513
ar-ar_docsection_readme-i0-ar-o1-ll-c0-fh-0e1950c5ddfc,ar-ar_docsection_readme-i0-ar-o1-ll-c0-fh,0e1950c5ddfc9f664c647fe7c55e620c9cc9cee28b16f40dc57d07735333fda8,77f183fba7889ed9b6b73916cef29b0026aa42a2f15fee639341a877f4642b8d
ar-ar_docsection_readme-i0-ro-o1-ll-c0-fx-6f6297160e21,ar-ar_docsection_readme-i0-ro-o1-ll-c0-fx,6f6297160e21aa5c8decd6e7aa9a9e2169ec54fc644c8fbc52889888aea7d485,0e21ee2d5bc106059ee50abf8d96100a78ee0dc821ed08d3efb04dbbed1f1c3c
ar-ar_docsection_readme-i0-ar-o1-ll-c1-fe-3ccec6640965,ar-ar_docsection_readme-i0-ar-o1-ll-c1-fe,3ccec6640965ec9df489c254d3b51cd7d6469f6df5683a351342f9b5add59738,6f3fce21c496afa04d31df3c81b31cbda95e02bbb121f682b3711a11b394eee5
ar-ar_docsection_readme-i0-ar-o1-ll-c1-fh-dbe406fa1dbd,ar-ar_docsection_readme-i0-ar-o1-ll-c1-fh,dbe406fa1dbd9b8d13d9556c84c074a5986dffbcf430e11edc2e73d221812f3b,f4cb1a064d2a92700e5cad5dc34a3802e9224dc67f3ddc0d7c8382fe768ff89f
ar-ar_docsection_readme-i0-ro-o1-ll-c1-fx-407bc5aa72bf,ar-ar_docsection_readme-i0-ro-o1-ll-c1-fx,407bc5aa72bf0f7af91215ae9397d84dc46bfb812f5584e1c05f72aca8d77bed,69c67276a6054915e75963b597bdc69268ace8e839d39088595e9cf340787fe9
ar-ar_docsection_readme-i0-ar-o1-ln-c0-fe-1f57358802c9,ar-ar_docsection_readme-i0-ar-o1-ln-c0-fe,1f57358802c97d598644565acf6e86a4161a7c8cf3a82433d42e17cdddfd6938,434e04f1d210d3c3b886fdafa4e47863cf4c258fea36cfa9c69d406627831551
ar-ar_docsection_readme-i0-ar-o1-ln-c0-fh-b5ad8c04b6dd,ar-ar_docsection_readme-i0-ar-o1-ln-c0-fh,b5ad8c04b6dda5050e94596f8211160259f7efcd87e1a128325bf95d2c756979,8091de97b8f6fcce1a93da859fd4de4913ee7a92a2b753cea3fe630e9dc46f75
ar-ar_docsection_readme-i0-ro-o1-ln-c0-fx-2904352936bf,ar-ar_docsection_readme-i0-ro-o1-ln-c0-fx,2904352936bf5c75865dec1b0266cad546aff532a5b5aa69361e723cf91d8792,db4f518a65fb3ea228bbbddedac10802dd4d6bdb60bab9db9a275eaeb101016b
ar-ar_docsection_readme-i0-ar-o1-ln-c1-fe-2d6645fe6893,ar-ar_docsection_readme-i0-ar-o1-ln-c1-fe,2d6645fe6893d54830cb87914294c3bb01f2af1a158c92a41a8c19dc6597f6f7,4afeadde9177a00d81b2d10e7f84764ae8b76232834a4fbb9ac0239f1054d359
ar-ar_docsection_readme-i0-ar-o1-ln-c1-fh-0ed526726579,ar-ar_docsection_readme-i0-ar-o1-ln-c1-fh,0ed526726579cfdbc9bba27eb31285cf52fe0917db2a5de1278cdd114d579c54,e8dc1ad7346fad13896cf2940e8884c311b422b637a3cbd33c0115eca55ec304
ar-ar_docsection_readme-i0-ro-o1-ln-c1-fx-7703a1d81a7e,ar-ar_docsection_readme-i0-ro-o1-ln-c1-fx,7703a1d81a7e873f197a574e67e9f133c14b4249d918ebd5ebc062c08ea99f02,f34534bc3cc4c0f3629f7d3fbd9c6b5c15769a6d4a454301af6031a0fe54a64f
ar-ar_docsection_readme-i1-ar-o0-ll-c0-fe-320d1ead41a6,ar-ar_docsection_readme-i1-ar-o0-ll-c0-fe,320d1ead41a630c50acfb5ed87b753b8874b44f406860841ade9f293bc95d9f0,e38adeafd26e1ff5cd7a0414e321c1cdc5db03ce15f6138b46c3ff3d8098f572
ar-ar_docsection_readme-i1-ar-o0-ll-c0-fh-2ec558b1f9fa,ar-ar_docsection_readme-i1-ar-o0-ll-c0-fh,2ec558b1f9fa35ec0d4f2b48fa040ba48c71979bffd66f0d2d92069547cce744,f5f0ddf2d4ed8ed637c6c556eaf8eed2a527345976d6e2325df16b3e9fe4bcd9
ar-ar_docsection_readme-i1-ro-o0-ll-c0-fx-ce1101144f01,ar-ar_docsection_readme-i1-ro-o0-ll-c0-fx,ce1101144f0132ff2546b964d929cb7cc12de1b8d58d037afa1b3bf449a1ec8a,5068c9663993553b310127bb73f72a6e8dc258f7b94de5eb7a44afb88f8a2648
ar-ar_docsection_readme-i1-ar-o0-ll-c1-fe-b28d60470a3c,ar-ar_docsection_readme-i1-ar-o0-ll-c1-fe,b28d60470a3c360c9483357169f639d77b650dd78e9fcbb2a72a41806aede10f,04cf04e9ae95c709d5403a592c6c3b88d74f9bee4cf919c31bfeaf1bd5436819
ar-ar_docsection_readme-i1-ar-o0-ll-c1-fh-bd7b39725ebb,ar-ar_docsection_readme-i1-ar-o0-ll-c1-fh,bd7b39725ebb1c0474af6995b1bea5d3190febe8d8809ef140f574aa3f0ec21a,c64e898451e7b95323fbdcfb7cadbab57e2cf7be829241eae4f950eb682478bb
ar-ar_docsection_readme-i1-ro-o0-ll-c1-fx-91f2c13bd5c1,ar-ar_docsection_readme-i1-ro-o0-ll-c1-fx,91f2c13bd5c119f99add989df1a63e937dbe0ebe096da53a0988d1ffdda9ea46,e7cc590781bed94d952e67b31526f0bc8acf2b878335b58fa5857f60eaf1113b
ar-ar_docsection_readme-i1-ar-o0-ln-c0-fe-485bb101110a,ar-ar_docsection_readme-i1-ar-o0-ln-c0-fe,485bb101110a6932956be847e4f1e279a328c4aafb052718f0007348b526eb85,dda367692c00a158da7ab96179846df34066dbf94623b3981a88add88ef61523
ar-ar_docsection_readme-i1-ar-o0-ln-c0-fh-77d07c090af6,ar-ar_docsection_readme-i1-ar-o0-ln-c0-fh,77d07c090af6fe75079aec6ac67d8d99200780e812d2ce95e8d3992f77242860,1ce15ed340081ae1379d426fcdddf37121aada753e07d4d777f99bc648f2b65a
ar-ar_docsection_readme-i1-ro-o0-ln-c0-fx-e08a994b771e,ar-ar_docsection_readme-i1-ro-o0-ln-c0-fx,e08a994b771e18b7d5b9b119a34d57f2d1fabb105634dabb9288c0e4bdd97b0e,04872789a1c656cea10b9fc28e3c689998fafb9b16c8ff50f887d62d4aba43c2
ar-ar_docsection_readme-i1-ar-o0-ln-c1-fe-8196c6dca5b0,ar-ar_docsection_readme-i1-ar-o0-ln-c1-fe,8196c6dca5b0cdafab8ff536a4a8b7e913c36cf981b1c31c8616d5086ff36aa3,8d733a723360ae53ce4a63fa30d1dabccc4784703ef2c385b715f4e1991a0e56
ar-ar_docsection_readme-i1-ar-o0-ln-c1-fh-d74ee5e1293b,ar-ar_docsection_readme-i1-ar-o0-ln-c1-fh,d74ee5e1293b1c320f3c698ab9f4df957e06e65aafa28072345cadabac4f13bb,6bea1cceaddade0002e788114bc75dc94393dca494ee8c031bd4c9c958e7e378
ar-ar_docsection_readme-i1-ro-o0-ln-c1-fx-1e3c3e4cdf81,ar-ar_docsection_readme-i1-ro-o0-ln-c1-fx,1e3c3e4cdf81693fec460e9c47ca8edab8e52bc80966774ad71aa5ba1f8997e9,9e667b3bc35740c9c16eb6a09d5166710853cd1c8f6cb112fea8d1e72e41f15c
ar-ar_docsection_readme-i1-ar-o1-ll-c0-fe-fe35bc2427d1,ar-ar_docsection_readme-i1-ar-o1-ll-c0-fe,fe35bc2427d122ada29955330625af4683a447e92cbac6338ca146d507313bc0,caa593e220a5439644476a710317da57ee194e3cb863811f3ddce1f5ccbdf571
ar-ar_docsection_readme-i1-ar-o1-ll-c0-fh-012580854bbb,ar-ar_docsection_readme-i1-ar-o1-ll-c0-fh,012580854bbb9e740cdf82f6051c337d5a2b5c9d47d27cdf9087696ed0628b51,08b66d7d4cd776fa468a1b68a9725cb20b0ed19365d2aa4fe63c8f1ccffb7cd6
ar-ar_docsection_readme-i1-ro-o1-ll-c0-fx-ed6c9056b99b,ar-ar_docsection_readme-i1-ro-o1-ll-c0-fx,ed6c9056b99b7516224b9e336733d28caca4329d896f7d7784155cc69b5a3364,3c28009aa82a6d5a3c48e912ba1166b83d4d4997b2d20813a31055d13a2ffc2d
ar-ar_docsection_readme-i1-ar-o1-ll-c1-fe-7f20af2abfa1,ar-ar_docsection_readme-i1-ar-o1-ll-c1-fe,7f20af2abfa19dd93feed385718108077dd30e21099fd75206692a7b54f5db69,ec805d01495ff8c797e6af8a0959bf2c00d37efe63f887575b11ad1d4f2e8829
ar-ar_docsection_readme-i1-ar-o1-ll-c1-fh-853053bd2867,ar-ar_docsection_readme-i1-ar-o1-ll-c1-fh,853053bd2867dbe306159b82edc63f91604de971ef1f0ea1b68bb2459a401b3b,d321c5b603f4e14ec4485b3800ce6acf9e09bea155841d10c929b0b60ef5d74e
ar-ar_docsection_readme-i1-ro-o1-ll-c1-fx-8dabef53fd18,ar-ar_docsection_readme-i1-ro-o1-ll-c1-fx,8dabef53fd18057bea1e4ce2ec0593988f96087f26ae4c9cd5479a98114141a4,a3514b2516d7374c105f478b0703f88ecfc50c086c28fbd2e3142cd3a66de9e0
ar-ar_docsection_readme-i1-ar-o1-ln-c0-fe-2f070523da05,ar-ar_docsection_readme-i1-ar-o1-ln-c0-fe,2f070523da05cd326f3538423d6a17e9685d2df36d694e3c942ca097bb6e10c6,6b55b36594f145709f45faed4559911bc1f3b347ac1c8f2e27e8bb9cead49f0a
ar-ar_docsection_readme-i1-ar-o1-ln-c0-fh-e32632c86c9f,ar-ar_docsection_readme-i1-ar-o1-ln-c0-fh,e32632c86c9f0f44b0de28e0ed153e77dbd2bb46e2f6acf48a1c47407eeded41,80a116cb34a697c9a8ccd3f1d74a89e08d29592ad03fb1643b81a534655bbb96
ar-ar_docsection_readme-i1-ro-o1-ln-c0-fx-c582607f9aa8,ar-ar_docsection_readme-i1-ro-o1-ln-c0-fx,c582607f9aa8652ac6ce8cdec5597b6a5de33f6383808955f9f66b5a26527e9f,481eb45ac20a91a1d7a03b76779ac684587b0fc08a5b617b77dd42108656982e
ar-ar_docsection_readme-i1-ar-o1-ln-c1-fe-7994c5aad430,ar-ar_docsection_readme-i1-ar-o1-ln-c1-fe,7994c5aad4302dc4f7380049890deeb9771737e5ba6c66f42368a016b92734ac,96efd064f21962ee22c25f596941dcbf209ed181eee5e8e16a546b27fe6b8ea7
ar-ar_docsection_readme-i1-ar-o1-ln-c1-fh-13c982994e35,ar-ar_docsection_readme-i1-ar-o1-ln-c1-fh,13c982994e35308407a00106203a731b47d19a6e15ebdce501477eaae96e0551,cd571e9e470555812427a445097af8500075593aa9707af26a3af1746d4a0642
ar-ar_docsection_readme-i1-ro-o1-ln-c1-fx-d29468ef5380,ar-ar_docsection_readme-i1-ro-o1-ln-c1-fx,d29468ef538000caee0ceca3ee166055690abc712f6f95ef5b92b102eb7da9c1,8e920b2f0ed01dad2a944a3bb5b2ed61c2d8ad24e41f194a58d5d58ee6a142ff
ar-ar_docsection_readme-i2-ar-o0-ll-c0-fe-3abed8297c11,ar-ar_docsection_readme-i2-ar-o0-ll-c0-fe,3abed8297c1146c5b148ce70d50b910c28dc7e8db0bb19b06240d5b0a7d8923f,a87bd9f1f0ba28ef0ca38a9b48e4f01778896f877fddaa91c5c37097ca5e3552
ar-ar_docsection_readme-i2-ar-o0-ll-c0-fh-027dd0e4c7a4,ar-ar_docsection_readme-i2-ar-o0-ll-c0-fh,027dd0e4c7a45db65eb9de1297da96886eda03a8b9b9e4f692e9738e96bc7038,23af248130acdba1aa94c8f6c3bdbbed42cd2c9fd9545f7e9213227fc8343f7d
ar-ar_docsection_readme-i2-ro-o0-ll-c0-fx-ec1e5b26ad50,ar-ar_docsection_readme-i2-ro-o0-ll-c0-fx,ec1e5b26ad50db6e57321c769b1547da644c1ebb8142e1a6b900cc0aaabbcec0,20cd482a362ab7e70ccaa21e33ee0d48a290de560e307610e259db77a8a6bb8f
ar-ar_docsection_readme-i2-ar-o0-ll-c1-fe-1eafc4ed6a48,ar-ar_docsection_readme-i2-ar-o0-ll-c1-fe,1eafc4ed6a48a6776c079084aed6bada814b4a24960929b867a04ab9dacd0d01,b06602dd59fe1d1cd82e684c9d4e7aac7214180e79c2f0478dce34ed719536a8
ar-ar_docsection_readme-i2-ar-o0-ll-c1-fh-8a328000c82e,ar-ar_docsection_readme-i2-ar-o0-ll-c1-fh,8a328000c82e98a98e6f11adf9c76947c53d7733017655a08cfd32b1b72da2f2,83f86b4efa7c3f7a37660cb7b6128ef142cc096f0228da47d7f0fdced3cb4d9a
ar-ar_docsection_readme-i2-ro-o0-ll-c1-fx-a243f29e96fa,ar-ar_docsection_readme-i2-ro-o0-ll-c1-fx,a243f29e96fa927daeafabdd68b9284797f2859e33caed0c7724d32940b7a616,4454fc1d88b27f32de9c79ded278bf2647b1bb2d82ccd88bac411859e816e81a
ar-ar_docsection_readme-i2-ar-o0-ln-c0-fe-8eac59e75b1c,ar-ar_docsection_readme-i2-ar-o0-ln-c0-fe,8eac59e75b1c51d8753f5b58bf405ef140385953a799340e0b2428b572262124,8cf29411184ce94e76d3c07d9aa492c8c23f758db8ae8d73b2f03d960a1a1d87
ar-ar_docsection_readme-i2-ar-o0-ln-c0-fh-24023d1dce79,ar-ar_docsection_readme-i2-ar-o0-ln-c0-fh,24023d1dce7916c0b5016bfbd3d3a8c6ae1c0b775b498c27eaf29d9832420c60,b87db57aa4a16c0dbe137d3b09fb9441535a6ff28bb45dd7e887b1f3a15b26b7
ar-ar_docsection_readme-i2-ro-o0-ln-c0-fx-0ea821dbdb37,ar-ar_docsection_readme-i2-ro-o0-ln-c0-fx,0ea821dbdb37cc3535546b5129b002101b857aa6e5fc21c9aa0042c113d2bcb1,5d5adb886218f2cf71e91ca7b50b0bf74916139b8fdb06b3c7957876772e01b0
ar-ar_docsection_readme-i2-ar-o0-ln-c1-fe-136ac0fa02be,ar-ar_docsection_readme-i2-ar-o0-ln-c1-fe,136ac0fa02bec9588c7c4a4beea49b5e47a489cd947a4d65819b2666fbe47e9a,648f7116efd712a0cb0b201d65b06778a6e3e62a9ec2a6b9abb614f20b66fdc7
ar-ar_docsection_readme-i2-ar-o0-ln-c1-fh-1a464001fe8b,ar-ar_docsection_readme-i2-ar-o0-ln-c1-fh,1a464001fe8bf8272c0d41edd6e1493d08fe1241b4b2346e905d44ef6eff81e5,575b81a28c0cea07f67a134eec397562152a21da5f9fdbd1e3ca1ce17a22ca80
ar-ar_docsection_readme-i2-ro-o0-ln-c1-fx-8ef7771c3256,ar-ar_docsection_readme-i2-ro-o0-ln-c1-fx,8ef7771c32566eb05352aa65590b465cab7e1d69305e1e23c7f2776453727f8e,f40d4df07314066c7176343fb30361df8a31a216901fdc429b34720749ccd31c
ar-ar_docsection_readme-i2-ar-o1-ll-c0-fe-97b671fbe304,ar-ar_docsection_readme-i2-ar-o1-ll-c0-fe,97b671fbe3048d4bb05d2da03ef34e641726212c25932dba272e3a51f3bc17ef,49c5d4f0eaad7bafd8d87def12be003ba549aa33fa96f244d1f689556d6f4a85
ar-ar_docsection_readme-i2-ar-o1-ll-c0-fh-9e7fa0210094,ar-ar_docsection_readme-i2-ar-o1-ll-c0-fh,9e7fa0210094d89a1f24ac63e41639a12278e996843c4c8813a47a944615b0f1,c5be6fc40d4f102b3bd896e79864d04fa7019a271501aa14860a4d098df1e036
ar-ar_docsection_readme-i2-ro-o1-ll-c0-fx-04661f818d3d,ar-ar_docsection_readme-i2-ro-o1-ll-c0-fx,04661f818d3da1c11de78556c3d297080ae6931ecfdd3960c6134823f28cfa0a,f391b6eda09fced003a02ec22e3ef9b6e628cd5b8f16e7e3b3da3b945e48422e
ar-ar_docsection_readme-i2-ar-o1-ll-c1-fe-f739c97da748,ar-ar_docsection_readme-i2-ar-o1-ll-c1-fe,f739c97da748de04f1c931207c597c5cc8dbb402d00a58acc5b46b96d414ab82,de84d73e1a09fed027ec7b6dda314d32ffa90986af8abdd7dd38b07cb3215bcd
ar-ar_docsection_readme-i2-ar-o1-ll-c1-fh-39a1d7f9e416,ar-ar_docsection_readme-i2-ar-o1-ll-c1-fh,39a1d7f9e41683c78cc6513a996740d23606cacabedab80afe2388003468bf47,200d5750cb754a41e977289f466f55da535086f93b83b3d2e5b06253381a33b2
ar-ar_docsection_readme-i2-ro-o1-ll-c1-fx-4e1561ea782e,ar-ar_docsection_readme-i2-ro-o1-ll-c1-fx,4e1561ea782e1841a62a79cd959f587cdef11ac11fd5eb7b82eba5187adb7df0,79c2e2d6d8c766f407239a8679c8fb7c5c0b4c0f6c7637210b441d0d9e170e62
ar-ar_docsection_readme-i2-ar-o1-ln-c0-fe-d037cad6db96,ar-ar_docsection_readme-i2-ar-o1-ln-c0-fe,d037cad6db96cf16ea1993eba74d72826352c704f6472a1034c33e398fe23537,a766a305bd1b4719ce82007f0b75c24984a3034a0225fd204da3f17c3e0fbd09
ar-ar_docsection_readme-i2-ar-o1-ln-c0-fh-744894978c96,ar-ar_docsection_readme-i2-ar-o1-ln-c0-fh,744894978c96eac0463018789baccf2ed0f67a5b70ffd7909e50f6f37328db6c,06a3d0c12f50a1426182161b04f62ef047339d9e03d61d6c5eb1a08c64308952
ar-ar_docsection_readme-i2-ro-o1-ln-c0-fx-04345987659b,ar-ar_docsection_readme-i2-ro-o1-ln-c0-fx,04345987659b666dd9d659d9a04d3ec72be807cc04ec90fe1da3236c2f6608ec,e9820a241b3ca02b6f036b5c6f5f614c94e0758c5e06fc8629f1e465c6508411
ar-ar_docsection_readme-i2-ar-o1-ln-c1-fe-4e59486ede14,ar-ar_docsection_readme-i2-ar-o1-ln-c1-fe,4e59486ede14b63f5b447a7591921504e5cb2bebdfd28356419719fdacbca081,224fff09312819b3ec350befd34865c215597ed058ee395d72a6349638400f47
ar-ar_docsection_readme-i2-ar-o1-ln-c1-fh-51019d846162,ar-ar_docsection_readme-i2-ar-o1-ln-c1-fh,51019d8461621b6f9202c6e373294e27e8c710806c3dbe831dc7e75758bf0d7a,feba35ae197dcff5a3909add396cef6fba101c9873d65a70bb7553b26e2a405e
ar-ar_docsection_readme-i2-ro-o1-ln-c1-fx-50705081c21e,ar-ar_docsection_readme-i2-ro-o1-ln-c1-fx,50705081c21ee9861ddcbd916a1b8c9abd8c1fce7f1a15cf4e60dab431528dd1,d38dc1a1beb2cf9f38eb0d228b9f538dfdb63c2421ae45880d213238e8eff81f
ar-ar_docsection_readme-i3-ar-o0-ll-c0-fe-32f9f2afde6f,ar-ar_docsection_readme-i3-ar-o0-ll-c0-fe,32f9f2afde6fc889d68e57123c095d484721669dce8fc9c05ae23ea798bcbfaa,7d9df5f7dcf8333dc9e44c55ba30727efaa0accadcadd782e5b0b6a7069abaae
ar-ar_docsection_readme-i3-ar-o0-ll-c0-fh-a9ed05745796,ar-ar_docsection_readme-i3-ar-o0-ll-c0-fh,a9ed057457967fc465315860716033cab84387ef9a7e3c99c7e17969bb3c4804,f11c0a4674bfe7e1e1a0e12a2f3fb773ea5592e7f4006920edd1f83f90a4d67e
ar-ar_docsection_readme-i3-ro-o0-ll-c0-fx-728b0be187c9,ar-ar_docsection_readme-i3-ro-o0-ll-c0-fx,728b0be187c903beda2c7e8933d4dc62ab44a4451a9ecaa5e71b3019ba9bdbfc,da2de7ee49326db89fe72fba317b95701a223eaae800460e60818f4b49616484
ar-ar_docsection_readme-i3-ar-o0-ll-c1-fe-5d2659a01dd6,ar-ar_docsection_readme-i3-ar-o0-ll-c1-fe,5d2659a01dd60c209beda6988e4e882a7d3cd31dc96558cf365182fa925153b2,0f3ce54099ddbdf8b771effc890aeb75d35930e2f9ac1d9db702b41507c1f4ba
ar-ar_docsection_readme-i3-ar-o0-ll-c1-fh-0668c98530e9,ar-ar_docsection_readme-i3-ar-o0-ll-c1-fh,0668c98530e9e3e9fb7c71c2662b050dd2f9dd8e324be229f9d602c8572ec5da,eb9f773c750965bc9ed2d0325974c2fee9671ff60d24c53b111d5cc75b434536
ar-ar_docsection_readme-i3-ro-o0-ll-c1-fx-65de47e77eb3,ar-ar_docsection_readme-i3-ro-o0-ll-c1-fx,65de47e77eb3b696bd96cf5b1a52b79c13818d32fe8ae966309804bc6135a900,74f2518bba407c041775cd90e57c6ba913570ba7c05b9b248a0c79aa64beb0bd
ar-ar_docsection_readme-i3-ar-o0-ln-c0-fe-de625d3617f2,ar-ar_docsection_readme-i3-ar-o0-ln-c0-fe,de625d3617f2c35390c865d2513b07ab7c3fa3e09c4c065f4f1ed92650e3ba65,93183039bfca2a5ceb060d84c10554085e59bbde570f9745188f8ed2f33ef4bb
ar-ar_docsection_readme-i3-ar-o0-ln-c0-fh-19318c8f452c,ar-ar_docsection_readme-i3-ar-o0-ln-c0-fh,19318c8f452c2dec8013feb4d73769954340df528102c181236755b71a66ccd3,aba610a1c3c29ffde25f20a9ad92c4394a4df9c582d028ea5ab91d53c777c071
ar-ar_docsection_readme-i3-ro-o0-ln-c0-fx-470b52a1ea33,ar-ar_docsection_readme-i3-ro-o0-ln-c0-fx,470b52a1ea339da7f11dadd1890c8ac47d2e5f00d1c3fd5ca889a285dd997f88,e033950c97c33c7cb702b03ed3f04ef96def6bff6c78d9f790b0b94258e7d6f2
ar-ar_docsection_readme-i3-ar-o0-ln-c1-fe-83dbf2f53dfb,ar-ar_docsection_readme-i3-ar-o0-ln-c1-fe,83dbf2f53dfb68340e83073537a1eb825348d6e595fba0452ce3cea9eda26949,ef5ed4de2d7cc8b42b317c75b3b02cc9b878ea0be3c7fd5a6dc55a4e44f7f518
ar-ar_docsection_readme-i3-ar-o0-ln-c1-fh-6d50c0565f30,ar-ar_docsection_readme-i3-ar-o0-ln-c1-fh,6d50c0565f30ff1fadd72e4066578e9fbfccda43b6f871bca68ded59d7995a63,5bed4df755f42d84323a9f9601b01bac47686a8151b1d3c44bcef6989dc0b380
ar-ar_docsection_readme-i3-ro-o0-ln-c1-fx-73c87b5af9ae,ar-ar_docsection_readme-i3-ro-o0-ln-c1-fx,73c87b5af9ae6aec77304ff9fa44c0843d005689277e0e30e987ac1e017dea23,310eb5b8332263b33cbf471abda982fdde104b54bd9f19ef76793bd3a9f407af
ar-ar_docsection_readme-i3-ar-o1-ll-c0-fe-8da83939c22c,ar-ar_docsection_readme-i3-ar-o1-ll-c0-fe,8da83939c22c6ba708bc586f7363305f919180829be9c2e4b591e638397f3a50,fb80374552ce3fef7a8ac476201f65c6301991de3ae2c1ccd65f47546de310b8
ar-ar_docsection_readme-i3-ar-o1-ll-c0-fh-2315be8ea207,ar-ar_docsection_readme-i3-ar-o1-ll-c0-fh,2315be8ea20744f6b82583d57658a7c40a2c57670c1a820327349e29d4ee5d77,6c54ea6abe42529a91aa774269aa6b38d797f3d23d1460b323d86b63f9c8c54b
ar-ar_docsection_readme-i3-ro-o1-ll-c0-fx-e494078e0aca,ar-ar_docsection_readme-i3-ro-o1-ll-c0-fx,e494078e0aca846388465d352f6743384b6b9a6aaf950807dfa92e2ea0010a8a,02fb7b6736d7137f78bac8d900ad6c337e241ffc10edfbc0a8d00995bb4435cd
ar-ar_docsection_readme-i3-ar-o1-ll-c1-fe-cee4d526348b,ar-ar_docsection_readme-i3-ar-o1-ll-c1-fe,cee4d526348b989758227f8a372913f63d004435b0cb6288c1b25109891ac284,8ecf66d6aaa3b58a833b376962cf99ddbefd433f5637f21c0c25ea478289d729
ar-ar_docsection_readme-i3-ar-o1-ll-c1-fh-6f5e4b11f824,ar-ar_docsection_readme-i3-ar-o1-ll-c1-fh,6f5e4b11f82469cc1d7b9d7745fcbe3fe9d456441cb2a31093d882e5ab583996,848664b9d0d7cd40b64ffca361843147bda657fcfe1b600f3d85e777b53e2736
ar-ar_docsection_readme-i3-ro-o1-ll-c1-fx-bb9b650035c5,ar-ar_docsection_readme-i3-ro-o1-ll-c1-fx,bb9b650035c562388268b04abc32d77cfc3f2982dcc79520b16655d2b2155221,0d9f70a493c5711dafd66668004f414bb2a09cf5827744587aceac78785e700e
ar-ar_docsection_readme-i3-ar-o1-ln-c0-fe-c0086d42f6a2,ar-ar_docsection_readme-i3-ar-o1-ln-c0-fe,c0086d42f6a2fdb6e4ac7bca7b2a6b12ab8c0fb5b4452a22ad5595e6c0b2a8e3,ac38abe8793b69ebd2981606b97599c47a12970651498e927d943e8ded04b180
ar-ar_docsection_readme-i3-ar-o1-ln-c0-fh-3b5ae1d81aea,ar-ar_docsection_readme-i3-ar-o1-ln-c0-fh,3b5ae1d81aea58151a3c9fd17058ff2b205dfee8abba34ba72abf68efe784c5e,a14d3b7698f3c9e0f23ec2e3b067ba1716cef4294af76f85eac05812908c720b
ar-ar_docsection_readme-i3-ro-o1-ln-c0-fx-bd5d8c1488ac,ar-ar_docsection_readme-i3-ro-o1-ln-c0-fx,bd5d8c1488ac9100fdc1d21b6cf76ae20e209686f4a7cc2bd5a90959662e2056,26cb1e314311eaaf1295adcb6c3ea215faa96bd7c790c308631e8a4cafc767b1
ar-ar_docsection_readme-i3-ar-o1-ln-c1-fe-d3642fd8b1b2,ar-ar_docsection_readme-i3-ar-o1-ln-c1-fe,d3642fd8b1b2ce872ba24a6231baabc548c09d2b534af8b92aadca2b247d6c85,03b2d8c337e700b4b935bc734ca1b3dd6efb4eff2dd9112ffc38c190a79782f6
ar-ar_docsection_readme-i3-ar-o1-ln-c1-fh-847457b56ab1,ar-ar_docsection_readme-i3-ar-o1-ln-c1-fh,847457b56ab1c1cf401f9cb10287e80b41cd240c4e2aae0030fa7d3d67cd472f,ba6b2eacf8a9d6812a0bffabddb87ece0383d367b998fb19395f93d9c780a553
ar-ar_docsection_readme-i3-ro-o1-ln-c1-fx-7ec36d0167df,ar-ar_docsection_readme-i3-ro-o1-ln-c1-fx,7ec36d0167df82c5ba2423a43dc5e665a39970e757684d5d924f77987f0e90ad,98222df110bd32eb31c3255c93544d90cde66e3e4120deec8fb373aa77bfb627
ar-ar_docsection_readme-i4-ar-o0-ll-c0-fe-7c30164028d8,ar-ar_docsection_readme-i4-ar-o0-ll-c0-fe,7c30164028d8b0be7a460fa0a7430c0f95cc7979c220e7fc749b56db2d970bdb,c0195421a11cb97293ce9839ebb8031b312f44a8a3369ec8558cf80cd101ace8
ar-ar_docsection_readme-i4-ar-o0-ll-c0-fh-d0b2a876751e,ar-ar_docsection_readme-i4-ar-o0-ll-c0-fh,d0b2a876751ed577b8173eaaaf57f5edf20417324314ad800ba3466d8bc192fc,9703be2803eba4b472467b5d9e62fc7a150ee37a2b2e5958a6621ac7308068dc
ar-ar_docsection_readme-i4-ro-o0-ll-c0-fx-e696b3163617,ar-ar_docsection_readme-i4-ro-o0-ll-c0-fx,e696b3163617c1e807f614ee97a04188cf49d1586c4c351c6e914b82e888c8ce,bfcaa9bcf762c70b6727b0d26070269665e0a6ddd9bbc95c885c4443d7d06571
ar-ar_docsection_readme-i4-ar-o0-ll-c1-fe-c6fc5bfaed8c,ar-ar_docsection_readme-i4-ar-o0-ll-c1-fe,c6fc5bfaed8cf5cd041ad52aed7e0e99c12d4c97b3066b8a9bd611138cc8cc6b,38d9f5bbe1cd41458b8a6a0168ae163b9762b40a8c096ce79b2f6e0968921055
ar-ar_docsection_readme-i4-ar-o0-ll-c1-fh-0b856ca1d045,ar-ar_docsection_readme-i4-ar-o0-ll-c1-fh,0b856ca1d04598204785865d309c9d3cd8d72b2609d35257c619bf7670af3b74,0c995041b89062f48d6085592347494d091e60c3d2139eef28adb1623f62de09
ar-ar_docsection_readme-i4-ro-o0-ll-c1-fx-f9668c3331cd,ar-ar_docsection_readme-i4-ro-o0-ll-c1-fx,f9668c3331cdbc4ed6a40874e41e492f8d6bd7690348fa7a0d2f644530fba04f,d2288dcc74645a88a516f9b054be5f9050761fb4f4cfc914a2f91ccf8dc43730
ar-ar_docsection_readme-i4-ar-o0-ln-c0-fe-962c13f918c1,ar-ar_docsection_readme-i4-ar-o0-ln-c0-fe,962c13f918c17d89e8d69f97ae66f4b54aa82d3174ec571f458ed250b642c8ce,18499ce450a74103f66512dbd715197bd3b964e1cc792273c50088d2ff3691ef
ar-ar_docsection_readme-i4-ar-o0-ln-c0-fh-965d67698908,ar-ar_docsection_readme-i4-ar-o0-ln-c0-fh,965d676989084eb579e316bd747a41d2877e88d16385d4b4b563c8b90f748ae6,c82f0d86820b0d98d43e9c2d1b9e284b8df136170971e384a83f24f58c2d31eb
ar-ar_docsection_readme-i4-ro-o0-ln-c0-fx-c1e6bf72c34d,ar-ar_docsection_readme-i4-ro-o0-ln-c0-fx,c1e6bf72c34dface5c8d0e0169449b66a4d1634c18177ed8118f94280b651d65,b1ab9702adc5fd2bda0e67169964a17c89959071d0b937d975a07885fc9b450d
ar-ar_docsection_readme-i4-ar-o0-ln-c1-fe-10fff1b44aab,ar-ar_docsection_readme-i4-ar-o0-ln-c1-fe,10fff1b44aab7f90cc2e13c9519fba70e918c6be372a3ba6bc2c31a126673e14,ebc43de5c00309b5c5e00d24597c2e92adf3aa625ea80c1215079c212b17210b
ar-ar_docsection_readme-i4-ar-o0-ln-c1-fh-74ac0fc5c104,ar-ar_docsection_readme-i4-ar-o0-ln-c1-fh,74ac0fc5c1041f9d617c1a88e5c9336fd2b55885ae253d6cecc72237e5bc81e9,b4c673eb5446a27f7aec20b2c37481fc87cf72712beba2f5524b647ecac124b8
ar-ar_docsection_readme-i4-ro-o0-ln-c1-fx-c09bfe168786,ar-ar_docsection_readme-i4-ro-o0-ln-c1-fx,c09bfe1687861de316f7b5b8de54700fcc7a7456cbea21f1b841e12d2ee9ce2a,6c3bf9c2d153c0b16677cd8185f8f4112bec3e00a49e8a624530430103527033
ar-ar_docsection_readme-i4-ar-o1-ll-c0-fe-3a50eecde670,ar-ar_docsection_readme-i4-ar-o1-ll-c0-fe,3a50eecde670039ccca374a959e98444b1f64f1fbbf039ff9abff354485b995e,310bc9ec285e67d6bdcf6c4f243292a075f67c6ff990d857c51ede5a050dc232
ar-ar_docsection_readme-i4-ar-o1-ll-c0-fh-6b29ddd83677,ar-ar_docsection_readme-i4-ar-o1-ll-c0-fh,6b29ddd836770005854feef9a60aca5d1b9cdc189ee74ee56a205db53bf4ccb0,80cbb3939255bb383942da184c9c8e1573bccfd1fdea109162bffad8c90c8b9e
ar-ar_docsection_readme-i4-ro-o1-ll-c0-fx-47fbba0911a5,ar-ar_docsection_readme-i4-ro-o1-ll-c0-fx,47fbba0911a5e5a5fafd22577b41aeb3742a9d76e6edaac98a66d15e22abde9b,2abe20c7a470e5725ad2bd0f47c8540382b1101f5bdfe8717819b352bdb87f0b
ar-ar_docsection_readme-i4-ar-o1-ll-c1-fe-412e43487d2a,ar-ar_docsection_readme-i4-ar-o1-ll-c1-fe,412e43487d2a16ff49b2f3624b4eaf879fa7d34318784bd82c2d6566aaee218a,3cbd33f75c306cef96eff9195e546f2f2ec28bb5eb1ea78a8e275111632208a9
ar-ar_docsection_readme-i4-ar-o1-ll-c1-fh-d655176a5f97,ar-ar_docsection_readme-i4-ar-o1-ll-c1-fh,d655176a5f97a61f238a5f71be5d09f63cb6d3f5ad0555cfcfc80a60c20fbed6,91fc299632631acec6ab5dc4494facf9156e020b7612e17d2f19f97c4d1aa728
ar-ar_docsection_readme-i4-ro-o1-ll-c1-fx-3e0bb92a83b3,ar-ar_docsection_readme-i4-ro-o1-ll-c1-fx,3e0bb92a83b3d6e34c31292353a2703f3c17206f012a8dbd4cdf81a1071938aa,f207de8951744bec75621e103dd1849c1f487c4d969b010610faeaf5e63b5f30
ar-ar_docsection_readme-i4-ar-o1-ln-c0-fe-ac34ec6d86c9,ar-ar_docsection_readme-i4-ar-o1-ln-c0-fe,ac34ec6d86c9eb9a00966cd60e5976e6e86c3a8887079003a878dec0fc4e2206,ea053c4a9e615c5ac21de90298e40524df4e1d8028507cc3de6973a7b211b0e0
ar-ar_docsection_readme-i4-ar-o1-ln-c0-fh-2364579b1824,ar-ar_docsection_readme-i4-ar-o1-ln-c0-fh,2364579b182496aee3d35f9bcaf9a58a154371f0310a5d27abe31afeb3c1cf6e,7cb7ae1c89ec16e29161d27132796056ff576f4a6272e6dbbb94143e8e1cc343
ar-ar_docsection_readme-i4-ro-o1-ln-c0-fx-6f82575e433f,ar-ar_docsection_readme-i4-ro-o1-ln-c0-fx,6f82575e433fe544d159c426e9b99a9ffeb38c2153b8320b6c15cca769529deb,061fbfbd7366c8b0662f0878efe1dcb5dfb7b6ecc136ca48306c2e6c77d633c9
ar-ar_docsection_readme-i4-ar-o1-ln-c1-fe-e985161a87fe,ar-ar_docsection_readme-i4-ar-o1-ln-c1-fe,e985161a87fe4dda111355822234336f9ccd32caf16bd99371a74e48cc6ea397,961f5097c0e6bccbb1ee84fb95c12087d655c3f3be9cf0ee5249ac3c645f7192
ar-ar_docsection_readme-i4-ar-o1-ln-c1-fh-274b68b77c73,ar-ar_docsection_readme-i4-ar-o1-ln-c1-fh,274b68b77c735afac6b11d3a111576316fd144d700f614f685753cd40585f9f2,072ce9bd6de57e01cf5a7ee4cea19c870c1e1086e4867e63c2de78f19610c38b
ar-ar_docsection_readme-i4-ro-o1-ln-c1-fx-c149f2c95872,ar-ar_docsection_readme-i4-ro-o1-ln-c1-fx,c149f2c95872af2cb7b4b9a502c12ce5fe873918e78ca743ab912fd57030a167,27a597fc370a37643856e6f58d31c7266b71a3cc1bd5257e404591e408ef4a2b
ar-ar_testfix_suite-i0-ar-o0-ll-c0-fe-e37e2f0b3ce3,ar-ar_testfix_suite-i0-ar-o0-ll-c0-fe,e37e2f0b3ce36cb8b640d42cccc3e3df05e7353e6052cf6274d72e4ca3e13094,d92eb2a40fe9d878980e0366c91eca85571e34e4c2bb3a50ed4b3aec4e242453
ar-ar_testfix_suite-i0-ar-o0-ll-c0-fh-c40b63247c57,ar-ar_testfix_suite-i0-ar-o0-ll-c0-fh,c40b63247c5745e823ef63fde122e58347f0b43d40a544788b7b67ce93c49033,2273797cb43a76af5d3f01890d32f5672e0c3c8f049ed60b04a512a60e2ca06c
ar-ar_testfix_suite-i0-ro-o0-ll-c0-fx-6797ed175f4f,ar-ar_testfix_suite-i0-ro-o0-ll-c0-fx,6797ed175f4f0539b4b8df58372b15f60be2575ea800bd65a69720182c206875,2a6501601faa50f98acbbc0744187392171068f0972b63b2dc30d364c2359881
ar-ar_testfix_suite-i0-ar-o0-ll-c1-fe-b39cae5d044b,ar-ar_testfix_suite-i0-ar-o0-ll-c1-fe,b39cae5d044b7dea463904455de82eaa02653ac1f83aed733760f6a988b6068d,5ecbf3e3b263636ab1466aaa51c573a59b68f2bc2b567ca6a2cdfedaeab86091
ar-ar_testfix_suite-i0-ar-o0-ll-c1-fh-5f121b726422,ar-ar_testfix_suite-i0-ar-o0-ll-c1-fh,5f121b7264225390013f8ff6be2180b3f7de8bee27e932fe488cc36d8cc479e9,ee419a4a936a7bd6e1eb89ab522d85c6f51493a7fa944e10325e8d0ad383769b
ar-ar_testfix_suite-i0-ro-o0-ll-c1-fx-990abc626c45,ar-ar_testfix_suite-i0-ro-o0-ll-c1-fx,990abc626c4551e17c9ff0d556aa43e79cb6b88a5758083e5797f8a881bdaedd,30bab3e124417f6c67999230199086ab188988832334f8018f003e69699aa9c2
ar-ar_testfix_suite-i0-ar-o0-ln-c0-fe-2bb9937ba476,ar-ar_testfix_suite-i0-ar-o0-ln-c0-fe,2bb9937ba476607cd57d966d4477c8eec456d8497987a388e83b5b159bdfa913,19abdb92245999f72612a5d694f4689874e2684f00957ffc42278bc5b7980820
ar-ar_testfix_suite-i0-ar-o0-ln-c0-fh-0313868e0420,ar-ar_testfix_suite-i0-ar-o0-ln-c0-fh,0313868e0420e2f391fb619e1b537b5634a1621ade36d94ef790abc9c3a29431,1ab47342402e07e164d4308681cec08650a227d0705ae85eee204e6cfa8bc1f5
ar-ar_testfix_suite-i0-ro-o0-ln-c0-fx-e981e5ec045e,ar-ar_testfix_suite-i0-ro-o0-ln-c0-fx,e981e5ec045e225d027a385671b8c3f9910eb76a30adf7ead93174eb0304b3ea,8054351fac6cb53a4ed251485177ce1ff8fd74a344fcfc51a382266eb2d1f943
ar-ar_testfix_suite-i0-ar-o0-ln-c1-fe-2074f30cf6e7,ar-ar_testfix_suite-i0-ar-o0-ln-c1-fe,2074f30cf6e7273e7d7b8446f55a87f7a00382e5a3075acd3f352fb32abe2df3,d17bbed1c4af8511e5e736242ae0b3520fc8343afaac7fc17f6220b86f005e44
ar-ar_testfix_suite-i0-ar-o0-ln-c1-fh-ebc4f47ea155,ar-ar_testfix_suite-i0-ar-o0-ln-c1-fh,ebc4f47ea15567a6a57e710dc11bfd65a20ed72093719234c56b9148ae9c017b,3dc6947550d93a15575adb5599280b2d5accb30374fa00a84e0c6ac98e913386
ar-ar_testfix_suite-i0-ro-o0-ln-c1-fx-be9359b9c69f,ar-ar_testfix_suite-i0-ro-o0-ln-c1-fx,be9359b9c69f69cec0dd197abf58df38040b9414c43522b2361753e6c5f8328d,301f30f8a58c5ecd05b5d713d67407f245ba87beb17198b8e78c8f2f6157d1b2
ar-ar_testfix_suite-i0-ar-o1-ll-c0-fe-dd7ecb477be1,ar-ar_testfix_suite-i0-ar-o1-ll-c0-fe,dd7ecb477be11434d5312dbe8470c94b5813c12e8e36e5a4c1157516348962e5,d86ef5e64225a4585a516352a3515067ebeeae164750820e02bd7f75b43c3478
ar-ar_testfix_suite-i0-ar-o1-ll-c0-fh-bf6041050d52,ar-ar_testfix_suite-i0-ar-o1-ll-c0-fh,bf6041050d5276099746e218bddd047eec206e00df2adb46e133ba9d42410f4e,96d6457fa66fefd42b39e332fbf7146b3fe574c9611b3602fad2c2b07ae84fad
ar-ar_testfix_suite-i0-ro-o1-ll-c0-fx-51b6fbb2ce52,ar-ar_testfix_suite-i0-ro-o1-ll-c0-fx,51b6fbb2ce5244dec86a5280a23d85657ac1fcd4c9862028de7138d907ab3126,b9a16221917039f890d3cd1030fbc66b42207cd013869a30ef9179fbf9855a77
ar-ar_testfix_suite-i0-ar-o1-ll-c1-fe-9efac543ac1a,ar-ar_testfix_suite-i0-ar-o1-ll-c1-fe,9efac543ac1a264112af33daf790d0f59ececf739908125aac7da841bb5f7285,9d1951a708475161fbd6c0e886c8184d75fef255970e0d8f00794f27d55dd6c9
ar-ar_testfix_suite-i0-ar-o1-ll-c1-fh-bbb9056f7efe,ar-ar_testfix_suite-i0-ar-o1-ll-c1-fh,bbb9056f7efec7b4649e2bae876ac3ee538ce2dfedc349afee1cb9d5388e68b3,16708f6cc08e4e65ade6adf142133deec521150945d45a53b95cc4c201fefd7c
ar-ar_testfix_suite-i0-ro-o1-ll-c1-fx-820870386a62,ar-ar_testfix_suite-i0-ro-o1-ll-c1-fx,820870386a6239a64309bb884d2ae944777011cabef9034864bc1589f781a001,0e4bb7d63fd736f4cfff031d4ca55f7885031e8a36c5a4ad5f4c2caa490bf6dd
ar-ar_testfix_suite-i0-ar-o1-ln-c0-fe-e83d1226ea64,ar-ar_testfix_suite-i0-ar-o1-ln-c0-fe,e83d1226ea64dfc795a3a3a776613a802270c2576288f4aac7109735c2b1f8e0,37e92eb4c4e2cfb5bc3f1d308be92d7194bc058448daf1d377eaccd97cc41691
ar-ar_testfix_suite-i0-ar-o1-ln-c0-fh-450b47b5bd43,ar-ar_testfix_suite-i0-ar-o1-ln-c0-fh,450b47b5bd43f2318211616ed2b07fa66bbc2ec5338744f15966ad89e12b590f,af447211d9bf74c881bb5c024fe13cf179df075586dcee016a75e09a16898514
ar-ar_testfix_suite-i0-ro-o1-ln-c0-fx-f0a7394d37dd,ar-ar_testfix_suite-i0-ro-o1-ln-c0-fx,f0a7394d37dd0e79537177dd77d288400a3e87fbb9c97aed538f90f9d628ad88,6ad493e5923422e73c94795472fe88a9c004f1df7e430989707236a7d2301dc3
ar-ar_testfix_suite-i0-ar-o1-ln-c1-fe-8ea1ad9ceda1,ar-ar_testfix_suite-i0-ar-o1-ln-c1-fe,8ea1ad9ceda167824836db65cd5c2f40f43b018c9c68ec62231164b37656d94b,adb354088d1b37ebc995e57564f91d7baea4a57c95f7c9284009a05c805da510
ar-ar_testfix_suite-i0-ar-o1-ln-c1-fh-bd348dc6d179,ar-ar_testfix_suite-i0-ar-o1-ln-c1-fh,bd348dc6d179193fb80a807fb12530dfbf51112d5cece3b77bc2f5277e83aa9f,14d93ef48eea6f650872941c839ed95410a45297ae9f19d203ea96ebf8908cb3
ar-ar_testfix_suite-i0-ro-o1-ln-c1-fx-5c0b57fbfe46,ar-ar_testfix_suite-i0-ro-o1-ln-c1-fx,5c0b57fbfe46a9d04eef171bafeb0437b44ac640c6b1bfd33719e8b058fdd191,568e96302faa5e04c323857fc3e4b96f91b30d7517c2f879297fc74c80614c84
ar-ar_testfix_suite-i1-ar-o0-ll-c0-fe-3a0b1b54f907,ar-ar_testfix_suite-i1-ar-o0-ll-c0-fe,3a0b1b54f9073b5813d1a0bd5fec32a250ea465e194db2b5bdfd920d63343321,d267b727fb6f7ec1c4e0cb57beddae7baee578b183abae8a35eb5bf418d587ad
ar-ar_testfix_suite-i1-ar-o0-ll-c0-fh-c7a2866e540a,ar-ar_testfix_suite-i1-ar-o0-ll-c0-fh,c7a2866e540a2e8314ec5b3c66c84dcd30323fc97ec79e6e02c317d5283cdfb5,9a19967eda829c49a05a4737cc7b5fc0071a6a6ef37d132a9190d3acdd754e32
ar-ar_testfix_suite-i1-ro-o0-ll-c0-fx-c84ac4ab8db3,ar-ar_testfix_suite-i1-ro-o0-ll-c0-fx,c84ac4ab8db3637f26216ffc300ce5dc72bdc25478120cea0d2dbeb3d5fcb207,d120656199d8ba3c99789506ef4ef097499694f9a346002cde6371417fecb31e
ar-ar_testfix_suite-i1-ar-o0-ll-c1-fe-8f8fb6079dc5,ar-ar_testfix_suite-i1-ar-o0-ll-c1-fe,8f8fb6079dc5b842a3b83a97c0aff4a6d8bf6561b2b01bd3e7e25c665c4c4a7f,baf134d24cd9fa3ba7e29d1d7c9d9b56865fb86ef891296a5142daf9472a3fb7
ar-ar_testfix_suite-i1-ar-o0-ll-c1-fh-e8d7f7d3c242,ar-ar_testfix_suite-i1-ar-o0-ll-c1-fh,e8d7f7d3c242c2a8f685d1791ed28c3250502c0fe5278ee8e20ae3cc2908c53c,5d895df4808b32e73995929d4971cabf379fe9a901f633b187a030ecec3250e8
ar-ar_testfix_suite-i1-ro-o0-ll-c1-fx-1a3820ba6b0f,ar-ar_testfix_suite-i1-ro-o0-ll-c1-fx,1a3820ba6b0faf931bd16302a70d88384c1b7ad6340d33c4aeb4994d6b160ad2,79299d4adf31401f7ea883ae9ed3473e6a0da7ac96f79e0dee3246f45e59b842
ar-ar_testfix_suite-i1-ar-o0-ln-c0-fe-18eae4eadaef,ar-ar_testfix_suite-i1-ar-o0-ln-c0-fe,18eae4eadaef5bafbc6857eab58dd5fe2e6e94dfd60c762484b0444ab40bbf0f,e68101e57facb91f41e584fe934ad8c6d9119e85dc22df8173f2491f1e22bc10
ar-ar_testfix_suite-i1-ar-o0-ln-c0-fh-d718d91ec872,ar-ar_testfix_suite-i1-ar-o0-ln-c0-fh,d718d91ec8721fc76eab2b4139ef9e30cb5ec40434ab5baa2312e4c4d2d34c7f,03e7a43291ff70ebae33fb4e34d48fde2ecc5a48b5452c2d4fd7f5a4c3ba017f
ar-ar_testfix_suite-i1-ro-o0-ln-c0-fx-fca9293cdf47,ar-ar_testfix_suite-i1-ro-o0-ln-c0-fx,fca9293cdf47440ebed26c918c401f1c3fd264e83232149b576afc022e75108a,d34e76fca5a499bbbd6f30696b7219f209b7bd71c6abd79561ba0101d0a1485c
ar-ar_testfix_suite-i1-ar-o0-ln-c1-fe-a3b2c1a5aa93,ar-ar_testfix_suite-i1-ar-o0-ln-c1-fe,a3b2c1a5aa93295b3430bfa94606517fc544a51e0a51d5ae346e7d0c88923daf,bf5ccf392b80cfa69fca603293da31b80dfc4cf4dea08072045383d64ee72d8c
ar-ar_testfix_suite-i1-ar-o0-ln-c1-fh-219cd4727ec7,ar-ar_testfix_suite-i1-ar-o0-ln-c1-fh,219cd4727ec75fd8164cd38931c8587229d7a9c652305aba945a04343d68ff21,eede75e56177eae8026df37cb09f2a386c9288cfa281b3a971bb70fd6ad3c778
ar-ar_testfix_suite-i1-ro-o0-ln-c1-fx-24f87080a1d9,ar-ar_testfix_suite-i1-ro-o0-ln-c1-fx,24f87080a1d91c15accdc2480dcffb706eb17ef5fb75e83473261c02a6924c6a,522529e634e61599219e4bbafff1d1f9553dabad08476790efe71593c43175e7
ar-ar_testfix_suite-i1-ar-o1-ll-c0-fe-325ac916f82c,ar-ar_testfix_suite-i1-ar-o1-ll-c0-fe,325ac916f82c329511e2cde27deed9c6aeb6cf00987ec993a1c4668e74dee0f8,a29ec2af082a564a1f33c11c147b83d3f158244698179c5666bd19dc8cbe47e5
ar-ar_testfix_suite-i1-ar-o1-ll-c0-fh-eddcffff88c8,ar-ar_testfix_suite-i1-ar-o1-ll-c0-fh,eddcffff88c868c7c8585c7f58e74a0fadce7e29381d00940d6a250eec8f8993,2259327096e46eb7578ca8addfe0abefa09763bfc6b0195682950963870f7849
ar-ar_testfix_suite-i1-ro-o1-ll-c0-fx-0d4156244300,ar-ar_testfix_suite-i1-ro-o1-ll-c0-fx,0d41562443000d237f1b94bd11872c9c65ac30d66221960130d656b8de53d2a1,35f1a8d2895dbd69311b0a202a581910e198b11e1e0eb88902d27df5f3a6abaf
ar-ar_testfix_suite-i1-ar-o1-ll-c1-fe-a8efb66a45c8,ar-ar_testfix_suite-i1-ar-o1-ll-c1-fe,a8efb66a45c85d00d58ac4590c3264ec30d96c6561c7cca817e632e4ead69da0,0b97ad86668566a34a458ede882808cd374f70f01f4b56c4e818183232d00bb4
ar-ar_testfix_suite-i1-ar-o1-ll-c1-fh-8fc5c3237ed7,ar-ar_testfix_suite-i1-ar-o1-ll-c1-fh,8fc5c3237ed78ae65bc2232f96e41714f144fff1cb91e076526e5715f3ac7b1d,18fa173fe92a3d59bc0db13357ff6fe49d0f3881275cc5569a2e46834de77ecb
ar-ar_testfix_suite-i1-ro-o1-ll-c1-fx-fbf85643f987,ar-ar_testfix_suite-i1-ro-o1-ll-c1-fx,fbf85643f9873e5cae98c4067ba356e510452183ac278471c840151b102cc51e,b8c86cf353f6dbca1308d830377e0807e253955c5b200cde39b3022081cdea5a
ar-ar_testfix_suite-i1-ar-o1-ln-c0-fe-0bda5b7af24d,ar-ar_testfix_suite-i1-ar-o1-ln-c0-fe,0bda5b7af24d1abb651f6e77b97dac64b4d65443254b0551feddd649c4417f8d,621a0b0f94bd66f759d73e96051eb34f48d3b6745a98c7d6c942851972b1bfdc
ar-ar_testfix_suite-i1-ar-o1-ln-c0-fh-f667b2efece5,ar-ar_testfix_suite-i1-ar-o1-ln-c0-fh,f667b2efece5d9fa679818a5a020b5b2cdd1e42d69dbf81037b680596f3b4085,af5dada0020c99e7f907bf49c1005df57b05574b7ab1c9ba36c2391a15bd483a
ar-ar_testfix_suite-i1-ro-o1-ln-c0-fx-6b945dc271a5,ar-ar_testfix_suite-i1-ro-o1-ln-c0-fx,6b945dc271a5c20a9c9c55d03cefda1b832cb796f3f870f967f253cacd653d98,210eed2102919c5a56b2fac884cf2b68649a3e49b063611fca855a6429482d2a
ar-ar_testfix_suite-i1-ar-o1-ln-c1-fe-246ba1023453,ar-ar_testfix_suite-i1-ar-o1-ln-c1-fe,246ba1023453a91a413e30278f6675d31140bf9c035c9618cdcb7c4281882813,cee9b137365d3685782b10459ae8fecefbe1a6d3a3889d6da2d6a27fb434da4a
ar-ar_testfix_suite-i1-ar-o1-ln-c1-fh-2b1efc46f914,ar-ar_testfix_suite-i1-ar-o1-ln-c1-fh,2b1efc46f91442aa88783e8c13d8c02d023f4d26b3ff27d773255cb37bf8121a,644bccf8c7e296b3799837026d0a702ab5025e4d7e5c679a2f6a0e35960e0252
ar-ar_testfix_suite-i1-ro-o1-ln-c1-fx-67b983e322e0,ar-ar_testfix_suite-i1-ro-o1-ln-c1-fx,67b983e322e02ef79ca7688501414d70cd2c7885f80dd90c37fd2fe96d9ac67c,1b8e366a58cd8c6090c7227520169da0a0da2daae4c0299ced260a8bbde31372
ar-ar_testfix_suite-i2-ar-o0-ll-c0-fe-b26244b8eac0,ar-ar_testfix_suite-i2-ar-o0-ll-c0-fe,b26244b8eac0b7b4122b6e2a90f59bdb37bf4791543de94f0270fc6f5dcb55a9,f001eec281a4003c44df5f07cc150ec8dedbd574608839da731226ab0b9c2067
ar-ar_testfix_suite-i2-ar-o0-ll-c0-fh-d00f00798a90,ar-ar_testfix_suite-i2-ar-o0-ll-c0-fh,d00f00798a90d98e2a8af4ce4cf56dc56c968f78e4c412b986633cadf8ac0571,db464edfc3b2e8465177c2007638f9dfd3312404106accf23d4ef075e376201f
ar-ar_testfix_suite-i2-ro-o0-ll-c0-fx-827ff9d72420,ar-ar_testfix_suite-i2-ro-o0-ll-c0-fx,827ff9d72420d8006cbbec7653a3fdaa2bd67516ebbd891d0b3f017a75b734a2,cfb811cb156e8463a510b8165c010be1264bdf0d6fd7a31f157450537de2a78a
ar-ar_testfix_suite-i2-ar-o0-ll-c1-fe-0a65f6bf7096,ar-ar_testfix_suite-i2-ar-o0-ll-c1-fe,0a65f6bf7096adbc2b3f62a9072114475c47ab7be1243792eef1f065fc0a181f,c25210f986c08ac4385209264e21fb8420191725602dff8054c8a84edf5ec68f
ar-ar_testfix_suite-i2-ar-o0-ll-c1-fh-dcac5e77da6e,ar-ar_testfix_suite-i2-ar-o0-ll-c1-fh,dcac5e77da6ef46a3ba074e4ec5967c6ad7fe6ad77a6d2da351a911f6de90c12,3502268d328250fb00fef08758f1ca4eba7099d6045b9e31994fd2bb02df6d97
ar-ar_testfix_suite-i2-ro-o0-ll-c1-fx-24226b9b7ea8,ar-ar_testfix_suite-i2-ro-o0-ll-c1-fx,24226b9b7ea8ce71c60b7df2de796ea1ee3b563929ca38206cd488940c3c1519,614466fd23497ebc90e7f1e57373d223fdba6ac3d3383973824d45fea13b2e3c
ar-ar_testfix_suite-i2-ar-o0-ln-c0-fe-b76adec24097,ar-ar_testfix_suite-i2-ar-o0-ln-c0-fe,b76adec24097f6be4e791b7b7b5824ae9daf69a21b0b0d72f16b7d768b1ed5bd,8b66fe36039a11be02f90a3cbfd3726ebaa424f86bd55eab438234276ee1f76f
ar-ar_testfix_suite-i2-ar-o0-ln-c0-fh-7b644c88532b,ar-ar_testfix_suite-i2-ar-o0-ln-c0-fh,7b644c88532bd898d09b494552e8cb26a2dd4a4e1d580275dfa8dc143451d60e,99019c5888688a711ef89b94426d46468f183a8cb318044cf3ad85ebdb300f87
ar-ar_testfix_suite-i2-ro-o0-ln-c0-fx-eddd8e3c4ba0,ar-ar_testfix_suite-i2-ro-o0-ln-c0-fx,eddd8e3c4ba06d293b648380f9efa12f75a964ff9e6ae2206984a6714796df09,be22e0278841dbf498cad79fedd3d67b5edfc5dde744a3e587566140eaf19600
ar-ar_testfix_suite-i2-ar-o0-ln-c1-fe-c9007b37940b,ar-ar_testfix_suite-i2-ar-o0-ln-c1-fe,c9007b37940bb30ef9817d591b692667b34de71451f22f7adc8c0613356b9b08,535b9b3a34322d23f1fbabae761d513da80446246896540976916946218b6302
ar-ar_testfix_suite-i2-ar-o0-ln-c1-fh-776727632ef7,ar-ar_testfix_suite-i2-ar-o0-ln-c1-fh,776727632ef7116204e964eba9567046e7f65d533862b0dee2e0596fce300843,2fcdf31ff728316444eeebf3d75adfa76a9a6fa66a26f051f000f17a2e25284f
ar-ar_testfix_suite-i2-ro-o0-ln-c1-fx-e35a4a7a4231,ar-ar_testfix_suite-i2-ro-o0-ln-c1-fx,e35a4a7a42313c5524bfda65a816c796515b811b1b155b4ce86de38342c73a20,7b250480e342b115e814af0f8b807ffb9e94456106ba9641c3b6243c3ebd25ee
ar-ar_testfix_suite-i2-ar-o1-ll-c0-fe-9508decfde50,ar-ar_testfix_suite-i2-ar-o1-ll-c0-fe,9508decfde50d93c50d9dd55ddcc8eb3f3a40fcc8d7b04e91d43fb2d71ffb7d3,e11106d9584e00c03dfe5f7b2f0ded490baf0b64589c23f1d8684e1ad6aa170a
ar-ar_testfix_suite-i2-ar-o1-ll-c0-fh-b37b5a15b14f,ar-ar_testfix_suite-i2-ar-o1-ll-c0-fh,b37b5a15b14fbe4552caf32853e511b41a882f1f97e80e2ca2880db09e46f0e6,47094d00ed14ca20f4b9405335786d9a4dc5f7aab850b7e4b1d86b055eda4447
ar-ar_testfix_suite-i2-ro-o1-ll-c0-fx-8bbcca528ae7,ar-ar_testfix_suite-i2-ro-o1-ll-c0-fx,8bbcca528ae7d6a358e8323b59f88796f4d63db26a142569613cea3a86e55c23,1675c3f14c90c1a7544d47f905d78c2e458b9d6a082a147a386732e0260801d0
ar-ar_testfix_suite-i2-ar-o1-ll-c1-fe-3a1058faa6f0,ar-ar_testfix_suite-i2-ar-o1-ll-c1-fe,3a1058faa6f0da0136aff1612e28106cceb912278cffd69635052341cc4e168f,2d7752a7f3fef21b449c6103527d1fc43b673ec01cf7d40378f7e7e98a741307
ar-ar_testfix_suite-i2-ar-o1-ll-c1-fh-e08a3ac83a6b,ar-ar_testfix_suite-i2-ar-o1-ll-c1-fh,e08a3ac83a6b0a7fad10c166f0da38dbab8a5f7cb789b7d5a02c2fd9774c9bb0,c27865274c26750999784c80cf6d46f682f354b03166b43ea7399131852cf199
ar-ar_testfix_suite-i2-ro-o1-ll-c1-fx-67ba79d3f50b,ar-ar_testfix_suite-i2-ro-o1-ll-c1-fx,67ba79d3f50b5fafde5d07b25ed359e1c27e90911f5a29af162961468e2602d5,cc31513eefacef1870e5ebe2f5b723aa185798f407ab058d50b81b51dc97ee12
ar-ar_testfix_suite-i2-ar-o1-ln-c0-fe-bf4aa3270be9,ar-ar_testfix_suite-i2-ar-o1-ln-c0-fe,bf4aa3270be9d32065e82461bc3696bc31f74e49df1327cb79059553b1355b62,88d2f5afe257e07f748e1ed005c40f277d7dd4b269349d36ff5314839c9335d6
ar-ar_testfix_suite-i2-ar-o1-ln-c0-fh-d9c0a1e27cff,ar-ar_testfix_suite-i2-ar-o1-ln-c0-fh,d9c0a1e27cff2d3e93cbd5db95e91c244ee9bf55edf6c46df6682c068732ca96,3800953178e78a1e75bbae0a576198df66e45d5bf6e8c39b8a099df712bf0a92
ar-ar_testfix_suite-i2-ro-o1-ln-c0-fx-99be14d35691,ar-ar_testfix_suite-i2-ro-o1-ln-c0-fx,99be14d356916f9dd07d9e5658f0c4f630347e8ecf8e6a6fd2cebd499fca9ecc,9b199a618f6855f826952bafc26340e86b82f33b40ae1277c6c0295d526539da
ar-ar_testfix_suite-i2-ar-o1-ln-c1-fe-a01bb594c1f8,ar-ar_testfix_suite-i2-ar-o1-ln-c1-fe,a01bb594c1f83a819abbf94e312c19cc583fc6f8a02e7433173bfe7621392aca,89eaa5d5617020ded4f94b00301337934d2228102dfc5a474c83cf0ff86baed4
ar-ar_testfix_suite-i2-ar-o1-ln-c1-fh-e336d61e696f,ar-ar_testfix_suite-i2-ar-o1-ln-c1-fh,e336d61e696ffc080a81df61866579885dee61149cefcdb6c8e8677b98ab7d16,85b8468cf1bded2dc738977e8904b84926f0966c37ae029128094a165f269faa
ar-ar_testfix_suite-i2-ro-o1-ln-c1-fx-cb5325843d45,ar-ar_testfix_suite-i2-ro-o1-ln-c1-fx,cb5325843d4515148fa2d2f25691a395264642e2547ee390ed228f406b7626f5,2bf044792eeec3d622e7803c9f74dfb3720cfa7fa4e53db2161976b17abb3a3c
ar-ar_testfix_suite-i3-ar-o0-ll-c0-fe-42a8097bc104,ar-ar_testfix_suite-i3-ar-o0-ll-c0-fe,42a8097bc10472e5e91ab334ff7249e33cf8398764dc18dd23f74431fe39497f,67d5133b4877354f759fa4fdf75bf43d7f6d77dc2c72c88d7bdb3b60bcac59d0
ar-ar_testfix_suite-i3-ar-o0-ll-c0-fh-7d52523ebcc5,ar-ar_testfix_suite-i3-ar-o0-ll-c0-fh,7d52523ebcc5b0dd283eb8dec3d58651d85801a31472d61e741e1242b7f0acc4,3d13e748a33d3e853d146e4912bd7c387dcbf29f886fc1b7ca6692433e0f7d25
ar-ar_testfix_suite-i3-ro-o0-ll-c0-fx-d7fc9204f8e6,ar-ar_testfix_suite-i3-ro-o0-ll-c0-fx,d7fc9204f8e685b518b05281fc0cd60b0571c93e722265cc9b913ac7eb61a7bf,7ca088ed448da8a41697d3a263b894f0e66304c09a1563fbc50435db7cb28802
ar-ar_testfix_suite-i3-ar-o0-ll-c1-fe-5c3601c6bc23,ar-ar_testfix_suite-i3-ar-o0-ll-c1-fe,5c3601c6bc23f6fbac1aa03f6e6d9f44a862aab5189fa8db09ded7b63f048598,44ae343392ce6788e79415c0c9bdb395a83b8173887251bc7c7da17536ec25dc
ar-ar_testfix_suite-i3-ar-o0-ll-c1-fh-93e2b8a592de,ar-ar_testfix_suite-i3-ar-o0-ll-c1-fh,93e2b8a592deca5f08ff32a96c9b3ddcee6955ec85e50790f259b284b643eaa1,6a916c32bcf714c16d41893e6f4eb37c1ce0fedddeb01f15485dd3c4e22b43f0
ar-ar_testfix_suite-i3-ro-o0-ll-c1-fx-51475dc02f47,ar-ar_testfix_suite-i3-ro-o0-ll-c1-fx,51475dc02f472467647e931a2c4b87d0752414f1b428ad024417b15393822d58,1130296677fcb41973f793e364f9ece2b40951f7f169fe304cd2f8880157e595
ar-ar_testfix_suite-i3-ar-o0-ln-c0-fe-4eb27245b71f,ar-ar_testfix_suite-i3-ar-o0-ln-c0-fe,4eb27245b71f2b270d35955502a338caf56e93e6c76f00600aa59eb55a5187ae,a050e4d6fe63a3eab531cdeff6cd9eb5fb4ef51dd57f91f24c46ee7f55e0afea
ar-ar_testfix_suite-i3-ar-o0-ln-c0-fh-1a0c05b807d3,ar-ar_testfix_suite-i3-ar-o0-ln-c0-fh,1a0c05b807d32a55fcc8f0ac8e0e5f03c6a4c02b1776675a5b02b2cb61642a0e,55fd8fdadbbd37730418554524e6ea7e00851a4b221cd77af4e8f71ce9def810
ar-ar_testfix_suite-i3-ro-o0-ln-c0-fx-e7b7911a1267,ar-ar_testfix_suite-i3-ro-o0-ln-c0-fx,e7b7911a12671c205838a750e09cd380a99d8ee0115e4d1a1a8cd06d9bac25f2,080aff2a1e5c6a18aa45b5e4a8ae469368c63e4d6a9ca19c20e452570ef82e32
ar-ar_testfix_suite-i3-ar-o0-ln-c1-fe-b97d2414a223,ar-ar_testfix_suite-i3-ar-o0-ln-c1-fe,b97d2414a2239d2acf796efb091866744902a320788f0f8828c632a6867d1aff,f88de1be9f819a3e65fe736ddd94efb26b6b906d7191e756175c839a8c5b1725
ar-ar_testfix_suite-i3-ar-o0-ln-c1-fh-593e43e020ac,ar-ar_testfix_suite-i3-ar-o0-ln-c1-fh,593e43e020ac387f5267cbd4727b8f0beb1724e052ce51748382135c664ca5af,412c88c463c55bdec3a753c9d6fdcebbc9ff876cdfbd929f8a9ac317acfe0c47
ar-ar_testfix_suite-i3-ro-o0-ln-c1-fx-dfa4c1fec809,ar-ar_testfix_suite-i3-ro-o0-ln-c1-fx,dfa4c1fec8091661cab82c001557a63846dd30ec1b4caf74f6614a84e9349c58,47c329618d300a6fbdb5d671c0fe63853edf9437ab1b2965d3d58e72e2c966de
ar-ar_testfix_suite-i3-ar-o1-ll-c0-fe-456977674ee8,ar-ar_testfix_suite-i3-ar-o1-ll-c0-fe,456977674ee863ba4cb17164bf31dec6dd9ddcfb7d8c65ca6600002369c0f87f,94dcd0ecebcec31b97b6ef77dfecaa0c42a175120e9db4ba884b34bc02d6b1f4
ar-ar_testfix_suite-i3-ar-o1-ll-c0-fh-565bb18d547c,ar-ar_testfix_suite-i3-ar-o1-ll-c0-fh,565bb18d547c01063e5c321e5840ee0f2d9f88f697e8aeb215f7e39c13c34689,4472e715f7d8e4587ef7e5e51af5a5928e5a8083e452f7dd097c5d6695dc3d19
ar-ar_testfix_suite-i3-ro-o1-ll-c0-fx-8e10591794ce,ar-ar_testfix_suite-i3-ro-o1-ll-c0-fx,8e10591794ce348cb767eeac751a4a3fb82895e6685be18a8c2767af9fc621fe,fe4372d4fbe2d76189e499459b79f0e27f7d18cbf5fd9b03175f9183a6d14367
ar-ar_testfix_suite-i3-ar-o1-ll-c1-fe-f727083c866f,ar-ar_testfix_suite-i3-ar-o1-ll-c1-fe,f727083c866f61c6dc53015d675aeede7b2100d9573268dcebe86326bd9ff89b,d9c62717e57984e282be160ced5402918653f43c697d2ff96c97476c1d1feb8e
ar-ar_testfix_suite-i3-ar-o1-ll-c1-fh-d8b5327f5a88,ar-ar_testfix_suite-i3-ar-o1-ll-c1-fh,d8b5327f5a887ab5ef2479fd2b4c387298d4ca9e370ee94bd71e71bd53a351d6,b4f4b5eaf8e4cdead1cdad1b21f96a267e2a4ae9735f880df74d2790e7076e25
ar-ar_testfix_suite-i3-ro-o1-ll-c1-fx-9240faab5a01,ar-ar_testfix_suite-i3-ro-o1-ll-c1-fx,9240faab5a018b729244dcf0cebbb9eec78b35802e709ebc00c28bb191af559b,f12644c5a9bb01137b54703834112fd9d826450c0cec1afa57ed83886de088c5
ar-ar_testfix_suite-i3-ar-o1-ln-c0-fe-099576bc14df,ar-ar_testfix_suite-i3-ar-o1-ln-c0-fe,099576bc14dfa50e46816c579952700953b772215da65bcce73b6ff972f89407,a9ae7ad6e852c778ca810c8dc6ba3f3f13545757fcb4c6d227f76d7bdc5894a0
ar-ar_testfix_suite-i3-ar-o1-ln-c0-fh-9626a2239593,ar-ar_testfix_suite-i3-ar-o1-ln-c0-fh,9626a223959326f7d73cdc4685055cc01f063e2f517bc0e5f5426cc0795284f8,6f7955ef0a28d8b8e2a0d9b474755abc7eea242ab64d80c6f508d7c4b0ef0ce8
ar-ar_testfix_suite-i3-ro-o1-ln-c0-fx-decc964d21ee,ar-ar_testfix_suite-i3-ro-o1-ln-c0-fx,decc964d21ee777e8e7860283c821c416d3808c48af1b5b81fa1e4c206f30cf1,9d2c704fdaa71a52c8e97f089243b8c1a2d01e0be0e7c22e4172891879c8fbcf
ar-ar_testfix_suite-i3-ar-o1-ln-c1-fe-b2015ea1d740,ar-ar_testfix_suite-i3-ar-o1-ln-c1-fe,b2015ea1d740e9edfec068c2b65de6e6406caf39c44f7003dd123e0a0349cd6c,a1e2db311ddc13d831cee9e7a3a0a680396c22dbc881fd5347b140c44ef91279
ar-ar_testfix_suite-i3-ar-o1-ln-c1-fh-b255e20f4b8b,ar-ar_testfix_suite-i3-ar-o1-ln-c1-fh,b255e20f4b8b4ac5d5898f1345a386d43c42f2fcb26d162480cfd1f58d0a2a5b,053944fe8656b3881fcc3a01c86ac66b4f6b177549bc56b3f15c791ded00afac
ar-ar_testfix_suite-i3-ro-o1-ln-c1-fx-e6f2922cfb4f,ar-ar_testfix_suite-i3-ro-o1-ln-c1-fx,e6f2922cfb4f1110a8f86d1d9b3ef185a09050b780fc210cbb6468b7480eddcf,ee882e6bf0cced1267fea7481d2a614afddd4efc3b7a83a7059d9a7fbd0d55dc
ar-ar_testfix_suite-i4-ar-o0-ll-c0-fe-acbd145a7a86,ar-ar_testfix_suite-i4-ar-o0-ll-c0-fe,acbd145a7a862ed08ed6ff4daab7077607a3abd006f9769a3cecedcbda41e621,2ff97307ae7d228237d2d784e23dfe793ea3072fdd5e874051d7f1313fb2371d
ar-ar_testfix_suite-i4-ar-o0-ll-c0-fh-46905f7badc7,ar-ar_testfix_suite-i4-ar-o0-ll-c0-fh,46905f7badc78d533f3d882e4658cba9643af3110998994c8e8600ebf16d0756,134fbe640ae968fd947aebadceb9755bb918f808a17254ae5130df607ea31938
ar-ar_testfix_suite-i4-ro-o0-ll-c0-fx-14229ff8bce6,ar-ar_testfix_suite-i4-ro-o0-ll-c0-fx,14229ff8bce67f92a91af57fea0d3116b8b9628e0054c2ea61a2c34a61fd696a,4c84aa7786bbadaca50a35f285341033a49c1439ad19139bf800917ad94b7fae
ar-ar_testfix_suite-i4-ar-o0-ll-c1-fe-ec5cc3cd65db,ar-ar_testfix_suite-i4-ar-o0-ll-c1-fe,ec5cc3cd65dbbad7e677a1d1881c00ff759330f6e372f7762b38be4f8819cb5e,41051fef9b05e2f3de0e1865f7a78277ac7f9cef2d7d4528080bd3da560b5009
ar-ar_testfix_suite-i4-ar-o0-ll-c1-fh-5394b7d4824e,ar-ar_testfix_suite-i4-ar-o0-ll-c1-fh,5394b7d4824e9d20bcb509f563ecd1fe0ae93a2b42212a59e5f5ba0a5f7b72d3,b19693033aad20bcaf115e36759e5f894076727a2a91cf65143b6cc18afea018
ar-ar_testfix_suite-i4-ro-o0-ll-c1-fx-60e81fe3c342,ar-ar_testfix_suite-i4-ro-o0-ll-c1-fx,60e81fe3c34243cef1ba97783240dcce21735b24816ca1134bc16a928a732ef1,b779eee7c53ce550e44131a3792643aa69ff08f48b4ce2545fb2f72c2ed31bdb
ar-ar_testfix_suite-i4-ar-o0-ln-c0-fe-8286060f848a,ar-ar_testfix_suite-i4-ar-o0-ln-c0-fe,8286060f848a64b39d834b79e8f217448d761b8befa9a58cead7829ae39e7cb0,e9224cf5b9b9eba42c8842ad8d00dd7b5f5530717de29b1bbd98707ebc8524ed
ar-ar_testfix_suite-i4-ar-o0-ln-c0-fh-ae4fbb1b994b,ar-ar_testfix_suite-i4-ar-o0-ln-c0-fh,ae4fbb1b994bc39d438eff506be05da74a2f346e13fb34b49f7e4767f8265eb0,c830bf3ff6b3fd340c45dfe3e5dc6063679a55355a42628a9c3818f105fa8c96
ar-ar_testfix_suite-i4-ro-o0-ln-c0-fx-070240fba695,ar-ar_testfix_suite-i4-ro-o0-ln-c0-fx,070240fba695be90b09d46b61d1537aee5e03f2a4579aa2d9715a4e8fc6663fb,091cf59fe4bf69b4e52c15496321c936f4c06d2dbc6bdb15cc73ad2bbb720d62
ar-ar_testfix_suite-i4-ar-o0-ln-c1-fe-10fb7af78860,ar-ar_testfix_suite-i4-ar-o0-ln-c1-fe,10fb7af7886014116dcb679ab9d354bc6d55e3190287479d0509e006c2abbe50,e4e4639317a235cf983d9f1bac7cdf9cfd9afb5e27c418c9b38cea00b5bfdfe4
ar-ar_testfix_suite-i4-ar-o0-ln-c1-fh-e533d716349a,ar-ar_testfix_suite-i4-ar-o0-ln-c1-fh,e533d716349adb98ed62985ea014a3c3ee20224b65cceebc01c4e196feeb0303,6eb13551d39c233346f5688cef521753d9232676dd363dac705faefcb3b54491
ar-ar_testfix_suite-i4-ro-o0-ln-c1-fx-44324fd06c54,ar-ar_testfix_suite-i4-ro-o0-ln-c1-fx,44324fd06c54abf7a823bfd333418d2e7265ad40d5cac5feecc2ea10c0f8a3cd,098da5f4e8648080080d44329b09dbcb791ecf5db2fd67cead351f781d360a6d
ar-ar_testfix_suite-i4-ar-o1-ll-c0-fe-4948e738d1b1,ar-ar_testfix_suite-i4-ar-o1-ll-c0-fe,4948e738d1b1afe8575493dc9cea0240038e21887e52a08781120d9982cbb80a,9f4c49c70c9d66a9e1c424ebf9d10796c16e75df8da391328427ac24dd03fd2e
ar-ar_testfix_suite-i4-ar-o1-ll-c0-fh-924cd208801f,ar-ar_testfix_suite-i4-ar-o1-ll-c0-fh,924cd208801f209fe12241d252a25d43123950d9bd95b2c245598ff34eb27a1c,6fa77ed2e218b665e99d5ea34126f9f5f9fbef7c53cac4c71355b19b3f4843fe
ar-ar_testfix_suite-i4-ro-o1-ll-c0-fx-546a5b937571,ar-ar_testfix_suite-i4-ro-o1-ll-c0-fx,546a5b937571d41b71cc2da0b169756fa217c3e3f7104071d58d00ae0aad04fe,f1cc0dd7ef9f6a5f140bdc476a54b1bc4d6b38ce19c20e80f7bc63243860a9bd
ar-ar_testfix_suite-i4-ar-o1-ll-c1-fe-a629c950ebf3,ar-ar_testfix_suite-i4-ar-o1-ll-c1-fe,a629c950ebf3b5ba0c8fd18922603ae06b61a7cad6e10de0228e80b75b26b277,940d583684e51c178f0a6ff4e8ef137984dd99617c2b78eb7da6438a2fa603d9
ar-ar_testfix_suite-i4-ar-o1-ll-c1-fh-0ea09aae34fa,ar-ar_testfix_suite-i4-ar-o1-ll-c1-fh,0ea09aae34fa179b6256b64b38a21549b11128a5aa0192d5938484277ff69323,982cc77331fb75a33d667b49d53c509e472800aeb8fa31f438d3ce63fb4dac5c
ar-ar_testfix_suite-i4-ro-o1-ll-c1-fx-50614995e0c3,ar-ar_testfix_suite-i4-ro-o1-ll-c1-fx,50614995e0c3c00a199b59a56bd928645c4b98bfd3bd6faf8c9b365622fe9c76,758ddb508e07853dd3ddc6426269b7b1a81fe731a24fcf921465a9700ef13ef5
ar-ar_testfix_suite-i4-ar-o1-ln-c0-fe-72603ed288ec,ar-ar_testfix_suite-i4-ar-o1-ln-c0-fe,72603ed288ec2e0092e9268f1b9ecae9125c79547348ba2befb4604cc3ff5026,dbd9d4b4429391fe45eef3d7f2dc87c1d9a22f62ad15712375aa6c3d85a4cbde
ar-ar_testfix_suite-i4-ar-o1-ln-c0-fh-66b36fb7da38,ar-ar_testfix_suite-i4-ar-o1-ln-c0-fh,66b36fb7da38030e07c50d88673f72c77997361ce25eb269b8d18ba7f7f7c7c6,f85355867956a653a4a55df3ce303649fb86009316ed0340bf8db1c42df5aa1d
ar-ar_testfix_suite-i4-ro-o1-ln-c0-fx-4dd80f6403e8,ar-ar_testfix_suite-i4-ro-o1-ln-c0-fx,4dd80f6403e85ebb17ebf13a6390c26342a7614a33b3849c74a5c3cf2e140c6a,d8f8846f3a032daf5d5d000f6ef2fd4ed786f798ede77c66234493edd6eeaceb
ar-ar_testfix_suite-i4-ar-o1-ln-c1-fe-95d2c11f98a7,ar-ar_testfix_suite-i4-ar-o1-ln-c1-fe,95d2c11f98a74ef0b72766b37870f7abc1d23c38adcb6c1c758c04fbac1817d5,0a780fca3156561054918f99d124e262f19126ec40855e2598e084a74685e245
ar-ar_testfix_suite-i4-ar-o1-ln-c1-fh-fe31b49b1d99,ar-ar_testfix_suite-i4-ar-o1-ln-c1-fh,fe31b49b1d9929e0776d66de4a5ea96315097c713dc11c89a1d66a9552d580f6,f03e739f0ddd81b9b6b0529d30fac593d8a9dc120a648e3a9c9754f30d5ccf50
ar-ar_testfix_suite-i4-ro-o1-ln-c1-fx-378c5e97b2e4,ar-ar_testfix_suite-i4-ro-o1-ln-c1-fx,378c5e97b2e4109aaf1bb763556030e7d5d419743dd95def7290d96af0255417,8995b33dbf9f1a7e8a588bbc67942f89f7042f6271dbe3382dcddc9683126e51
ar-ar_logformat_service-i0-ar-o0-ll-c0-fe-30ebc55ec046,ar-ar_logformat_service-i0-ar-o0-ll-c0-fe,30ebc55ec0465dd13a16f698365fce9339494b27d42eefe94cd47ecbade52806,1efafeee9147d0de67bef8b66d68ee78f15de4c98b27ebfcdaab8b54c9e3c784
ar-ar_logformat_service-i0-ar-o0-ll-c0-fh-7e132e8cfaa0,ar-ar_logformat_service-i0-ar-o0-ll-c0-fh,7e132e8cfaa0fca20844f1a37327fa82a8b288ed350dd19e18058683987d82af,af7001ca0655ecb1097279d0253266dcd906dbe4e4ae27df6f27055ed86c8c25
ar-ar_logformat_service-i0-ro-o0-ll-c0-fx-5e1d5dad5f19,ar-ar_logformat_service-i0-ro-o0-ll-c0-fx,5e1d5dad5f1969419afd13112d2cd919840941703597436f6e9b4ab9767742ff,10bfb4d66d8829df233da06b7b2aecd603bdbb52953b1f2492643c48464e9a4d
ar-ar_logformat_service-i0-ar-o0-ll-c1-fe-08036996801f,ar-ar_logformat_service-i0-ar-o0-ll-c1-fe,08036996801fbd000cb40d655bfe849808897ccfba4ff8aae8d095982ae05840,fc520fb74d581789ac3c703dbe0cc8933364fe737be5bc33f427efca110172be
ar-ar_logformat_service-i0-ar-o0-ll-c1-fh-715b92a49383,ar-ar_logformat_service-i0-ar-o0-ll-c1-fh,715b92a49383d269e56d9d2005e41097935476a7d703b9edc1caad4c8dc20903,040183810c07d0560b3b95c3995c3d15c80fe48b48dc258c764a89a49abe8454
ar-ar_logformat_service-i0-ro-o0-ll-c1-fx-82f9903d6131,ar-ar_logformat_service-i0-ro-o0-ll-c1-fx,82f9903d613194a5218843ee915f7a627c4324a2fdcd32405423b69ae1a823d0,748ea3f17f45c6d16e0d12df530fc5b05fb507a626a29f1348f2388fdac281e3
ar-ar_logformat_service-i0-ar-o0-ln-c0-fe-e50613ba4095,ar-ar_logformat_service-i0-ar-o0-ln-c0-fe,e50613ba40956609438429d6a9f2ca01660ec5839f5d2f69a9284d8aaa780dd1,3e181287dfc462f2bd65b9acfaec7bd904285b353db8cedc40bbdc1e8f422e72
ar-ar_logformat_service-i0-ar-o0-ln-c0-fh-03d6c66ecdef,ar-ar_logformat_service-i0-ar-o0-ln-c0-fh,03d6c66ecdefab3725cdc790b4da89e7966911b96ae9dffdb22b54e1c547f2c9,ef19d3b9078e31189dcc276ef419324bee7ebc3c0f60ca72cf1f141fd131bb44
ar-ar_logformat_service-i0-ro-o0-ln-c0-fx-e20477201832,ar-ar_logformat_service-i0-ro-o0-ln-c0-fx,e20477201832faaf65fe64fd2d370926a16b015acdccd9d3c37d9e7ebe45aebf,c547be6677970a45ed73b9df9d0e18ba534778910c34b7e1f32a8fee5e08c908
ar-ar_logformat_service-i0-ar-o0-ln-c1-fe-60984b920859,ar-ar_logformat_service-i0-ar-o0-ln-c1-fe,60984b920859618a22a2da68dcf65346c8c85cac5dfedd9dccad4f7147d3b49a,facd1273925c48a14f4f4ca337d6301605a6aa2b7c34cffea60dee937ca973f1
ar-ar_logformat_service-i0-ar-o0-ln-c1-fh-138565c92e7c,ar-ar_logformat_service-i0-ar-o0-ln-c1-fh,138565c92e7c2961411c855abe648d902d76dbcdc6669aca2f717dbaead5bec4,8bef2e051b42dea1dbd1bb1f1241f1c490bb08c137bc67f374b09b664e667072
ar-ar_logformat_service-i0-ro-o0-ln-c1-fx-bdec70d1ddd6,ar-ar_logformat_service-i0-ro-o0-ln-c1-fx,bdec70d1ddd6fcce0d6b9baa5d5f148ad0f4da41bb303250fc9cbf6905f5a46b,af4bed5ec74d5320786bd71c6eff8a2d9f946ccc64cf8383127fc549b74751f6
ar-ar_logformat_service-i0-ar-o1-ll-c0-fe-f13b12a4a392,ar-ar_logformat_service-i0-ar-o1-ll-c0-fe,f13b12a4a392e991f8689bcc595da4a5feef8179cc537507420860b948be9795,8b04e233f3304268458f8d1534aeed850eaa1d737e9aa47608f4b705adb98909
ar-ar_logformat_service-i0-ar-o1-ll-c0-fh-42d4d5df3927,ar-ar_logformat_service-i0-ar-o1-ll-c0-fh,42d4d5df392712f36acff8eaf70f23e8e58884b0e2a456a6ecbd3f0c2599ec26,9b02e70e3b9a14a421eef9184d66a1c98bf4ada6b00e2b5817ad37201212a488
ar-ar_logformat_service-i0-ro-o1-ll-c0-fx-0f9259c7f975,ar-ar_logformat_service-i0-ro-o1-ll-c0-fx,0f9259c7f975c234f91db6e7295394073bc2ade0697e7cfe373bef13252fb6bc,e9d4f730b1afb1909ff7e2eaa92a3572e21cb4f3754587199e2fba1990e2e13e
ar-ar_logformat_service-i0-ar-o1-ll-c1-fe-898513222848,ar-ar_logformat_service-i0-ar-o1-ll-c1-fe,8985132228480fcb652b2fa548057b6115569b05d869fcb5bf0fab69377566c7,53be275dba97a405b3c27daec8e1cdfc07d6fc2f8cdbd7b8df47009c3363577c
ar-ar_logformat_service-i0-ar-o1-ll-c1-fh-81bad703bcd4,ar-ar_logformat_service-i0-ar-o1-ll-c1-fh,81bad703bcd426713d01f75f89f1e098dcc3a6bd10716c45c8224c1d9eb535f6,746f1883b6c175c1133a4032106672d0cc741f71215852e2a063049ea1cf74a4
ar-ar_logformat_service-i0-ro-o1-ll-c1-fx-69f81ea55ff3,ar-ar_logformat_service-i0-ro-o1-ll-c1-fx,69f81ea55ff30bb1b19bf0d014e3350bab58e031d89561defb5260818d1f2833,a6d5b09d0bbeffc7679009fd37e26c98ad69f46528fc43615958cba623024e3a
ar-ar_logformat_service-i0-ar-o1-ln-c0-fe-26823f9b4218,ar-ar_logformat_service-i0-ar-o1-ln-c0-fe,26823f9b4218c4130fd95564ace8818579406336208ffd5da4fb7a640b1e360b,da2af0cd10aabc460768912235058dada59c64994e2c64e142fc97261f35d0ac
ar-ar_logformat_service-i0-ar-o1-ln-c0-fh-88fdbd03cf3c,ar-ar_logformat_service-i0-ar-o1-ln-c0-fh,88fdbd03cf3cf265391d5f909fa83c17499448c2345a6d642c91e5dad8d83316,33143d7be90aa047622a9a00e8272386054a33663f6fce6453363a4a7f782af0
ar-ar_logformat_service-i0-ro-o1-ln-c0-fx-6ebc5207675d,ar-ar_logformat_service-i0-ro-o1-ln-c0-fx,6ebc5207675d42fb7395c8f6fcf38d2316294fc2201b35014a65e90b4884cd04,afd09128bb8307d93b57063ee49a588c9bdf6a191db989348b1b390c5753912a
ar-ar_logformat_service-i0-ar-o1-ln-c1-fe-299aa5f6e02e,ar-ar_logformat_service-i0-ar-o1-ln-c1-fe,299aa5f6e02ef175298150df6b1495435d61d046d315ad43017e6224305ba498,62e0e32ae9469f7597091913ad2f5842a4261dd6f31b43be965f409566147c8d
ar-ar_logformat_service-i0-ar-o1-ln-c1-fh-ddf403715ac4,ar-ar_logformat_service-i0-ar-o1-ln-c1-fh,ddf403715ac4514781768dc1de5b3b244cc94217469644b455ead9a6622b20d6,742794fe17a903c173b433e75dfd97278437416fb9c3226254a73fc1a438ed5e
ar-ar_logformat_service-i0-ro-o1-ln-c1-fx-21a858d682ae,ar-ar_logformat_service-i0-ro-o1-ln-c1-fx,21a858d682ae8d8b9bdbd6d914b031af0f5452d0fb0994064d4814ea3da11156,2f5c5f78d903418423fe28b428f37e908ab07c4fd80f0c4a3328d85c17fb508b
ar-ar_logformat_service-i1-ar-o0-ll-c0-fe-1f6280dfb787,ar-ar_logformat_service-i1-ar-o0-ll-c0-fe,1f6280dfb78724f25b34793943d169806006ad0f21b7816381d3286292c6d1f6,c986849718aa433931b9c101b0b9c2405840c7f85ee7f661c2cf3f45a3219abd
ar-ar_logformat_service-i1-ar-o0-ll-c0-fh-e35efc62474c,ar-ar_logformat_service-i1-ar-o0-ll-c0-fh,e35efc62474c38bca1386386fe6ee25575fc1df12199c74e616a3ac9770a2068,557ed4c88fb2a7020e2a55867f82f9614229cca9b85a06cb8ef205bedac15f08
ar-ar_logformat_service-i1-ro-o0-ll-c0-fx-4e5800670874,ar-ar_logformat_service-i1-ro-o0-ll-c0-fx,4e5800670874072b453589e8dcd2dcf212e353c7482615fb88b0428dbf8a3de7,bbc88b0f0578e3b71340ebc6f7cd45b94ab727d8109f363e913d20ca9f4c5709
ar-ar_logformat_service-i1-ar-o0-ll-c1-fe-174d465ea436,ar-ar_logformat_service-i1-ar-o0-ll-c1-fe,174d465ea43649d7ea840b4028ada718b3a3aa0eccce8203153a3c187d223d47,8369e872df49f069a9c58137bc40a97560d44cf871ebd1e54f1459f9a5611237
ar-ar_logformat_service-i1-ar-o0-ll-c1-fh-d7eede814875,ar-ar_logformat_service-i1-ar-o0-ll-c1-fh,d7eede814875367c4bfdda32fd57570447d12f1b142cf5cd136f2212d8b2d61a,05265a6a90142d7f7c9242c87ff451bdb7a3d391bd24526aa523e540c8a71584
ar-ar_logformat_service-i1-ro-o0-ll-c1-fx-d649b0ed51ef,ar-ar_logformat_service-i1-ro-o0-ll-c1-fx,d649b0ed51ef403c8e0de4ec9ff2708b48d77bfc98cb7aef11f69f7fdf9384fb,ca5abc8590381bf6e562eb9305629621641d64771394f831e57393655b1d082b
ar-ar_logformat_service-i1-ar-o0-ln-c0-fe-43c5ad8bf776,ar-ar_logformat_service-i1-ar-o0-ln-c0-fe,43c5ad8bf776f0a154eba7ee555c6ae6ad57f8784a4c2142c055c84d76694b70,d6c3257e82d5795dd61bdcfb367b1d2c6906353caecc0d0803e922b24b43c50e
ar-ar_logformat_service-i1-ar-o0-ln-c0-fh-a6e6706905d2,ar-ar_logformat_service-i1-ar-o0-ln-c0-fh,a6e6706905d294142007ec7656e298b36863e5ca7944bbebe08156a9146882a7,f9a0e9929a72cfed5170a71bc8ae6c2daa8db506a8e1366b305de33f095c7285
ar-ar_logformat_service-i1-ro-o0-ln-c0-fx-dbadd8fee305,ar-ar_logformat_service-i1-ro-o0-ln-c0-fx,dbadd8fee305a646205c3a7295945956a0b60702ad192a1b8cdd706593bf17c5,befcee918a6ca87f67817bc969d0015b0f5f97ad815b9893ca8d424cddfdbb9f
ar-ar_logformat_service-i1-ar-o0-ln-c1-fe-032934378cf6,ar-ar_logformat_service-i1-ar-o0-ln-c1-fe,032934378cf66800994066eb960833999227a5bdf60d4fefe817c71128f81fdd,f511a718d6607770d79ccc6368f372625eef4702bc746cd24ab434215564543f
ar-ar_logformat_service-i1-ar-o0-ln-c1-fh-e05dbc6e1ed2,ar-ar_logformat_service-i1-ar-o0-ln-c1-fh,e05dbc6e1ed2d7bc965e41d0eb2c74a696cd52972234bebd7bdaaa2d34d45a5f,5363cd31548936aad777597e21e3a0d21e5d722eaad54daedc5fd911b1e2df9c
ar-ar_logformat_service-i1-ro-o0-ln-c1-fx-61358335769e,ar-ar_logformat_service-i1-ro-o0-ln-c1-fx,61358335769efcd4e0787acfca1403f8af6e1c2058c88e2c440401ca39f953b8,2711516e22266661eb43d658f90bce7e7d9b869d94eac9bebfc4d33e608e69df
ar-ar_logformat_service-i1-ar-o1-ll-c0-fe-f615b6b21fc8,ar-ar_logformat_service-i1-ar-o1-ll-c0-fe,f615b6b21fc89f0043359a366aba9327249a38aa9af6812b69d3089a0f32048a,c5f04875274c60b97754f2ad09b38c328b3520be8b21aaf00b44781f4b7341d7
ar-ar_logformat_service-i1-ar-o1-ll-c0-fh-664305fc0d8c,ar-ar_logformat_service-i1-ar-o1-ll-c0-fh,664305fc0d8caed26a23ec3f0b8edb99dce1d43ee634756fb8f34ec1262698c4,0556eb8067a59e103356f639079255f5331ceffa5793c851e23e72742a34f9b0
ar-ar_logformat_service-i1-ro-o1-ll-c0-fx-a15aede2911f,ar-ar_logformat_service-i1-ro-o1-ll-c0-fx,a15aede2911f842fd5fc8d34493d38f5c64c7916cc4afb22850e172e5192e666,e82540b1d328cae9231bd0f8e885065a0413b822b255f3329f3387404f7033e2
ar-ar_logformat_service-i1-ar-o1-ll-c1-fe-96e24625a07c,ar-ar_logformat_service-i1-ar-o1-ll-c1-fe,96e24625a07cbc60fc8faf0f2c5884d9fdb0c5e8581cf7d7f53988a045ff3045,b14277c4590f57dda7160c9ba2047d632d55577dea9ca000ce5839e7515974ff
ar-ar_logformat_service-i1-ar-o1-ll-c1-fh-4f86093bc45c,ar-ar_logformat_service-i1-ar-o1-ll-c1-fh,4f86093bc45cc15aa80ad6ff3d60b384ff8f9335c8575f7ef1e6b745e0988b68,e09c43abf818d3918333926ab016297d8b14c9f09956aaf20a213897676acd2a
ar-ar_logformat_service-i1-ro-o1-ll-c1-fx-bed38f80ce91,ar-ar_logformat_service-i1-ro-o1-ll-c1-fx,bed38f80ce914c9b52cadc06f26cf51cd36863f6fb36248d85b92616a6271681,3c594d79ecd6df6500f0d8741aa74ef9eb09d416406e869625a811e8ad67d58d
ar-ar_logformat_service-i1-ar-o1-ln-c0-fe-faea3c210a89,ar-ar_logformat_service-i1-ar-o1-ln-c0-fe,faea3c210a8998395fccd89bc458928ecc043b797287aff39902e6a15a063f92,beef01b774f4e6e27b05de7318764480f02315095ab83075d3705d940bff720d
ar-ar_logformat_service-i1-ar-o1-ln-c0-fh-96528144b142,ar-ar_logformat_service-i1-ar-o1-ln-c0-fh,96528144b1425dd22c7aa650578a836996a3de9ca188cb0a3184366bfb036da4,e9f6dc629531a393b570908a0ebaea5d68f117ed8e445afa45c655a10994d04a
ar-ar_logformat_service-i1-ro-o1-ln-c0-fx-42d34d32b5b7,ar-ar_logformat_service-i1-ro-o1-ln-c0-fx,42d34d32b5b769e29d7ee508b8b8af7dee164caabe72b2fa607dde67e9c7a75a,a35bb4414f339abe3250212b60bba297d94b0d1c9e63f69c5729447ff2c03665
ar-ar_logformat_service-i1-ar-o1-ln-c1-fe-89fde47ef8f7,ar-ar_logformat_service-i1-ar-o1-ln-c1-fe,89fde47ef8f7f2a300f68ea178d12523d2ef57022387225178cf9e82f6f6b506,478e95dbc2dedb93c942a3aca1617c6392994b629858a480876d7851385d65ce
ar-ar_logformat_service-i1-ar-o1-ln-c1-fh-518f2617c698,ar-ar_logformat_service-i1-ar-o1-ln-c1-fh,518f2617c698016773aeb3ab4d1f979840d205a71e4e3afb3de895b88b62b4c4,924123bf349b38a2f20b2b799851aa2f589a6f1fce66fb20b59732fe848b6100
ar-ar_logformat_service-i1-ro-o1-ln-c1-fx-83c75344d973,ar-ar_logformat_service-i1-ro-o1-ln-c1-fx,83c75344d973d2037a1267044df49be187be61b3c21e399b8c6b29a0edd13958,a4ea6aed362c1a82f0d320b9bbb455390655ecce88e57570a01dc978d2d5d75a
ar-ar_logformat_service-i2-ar-o0-ll-c0-fe-ef489e039b73,ar-ar_logformat_service-i2-ar-o0-ll-c0-fe,ef489e039b737fe89c1d930a8e50bd534908f4a0084ed42a2ad18b9cc5c5631f,36293cc66c99a8c94bf6e56ead86d7cbf77e9acbbe979405165c76d052b1edf1
ar-ar_logformat_service-i2-ar-o0-ll-c0-fh-7282e9e58c21,ar-ar_logformat_service-i2-ar-o0-ll-c0-fh,7282e9e58c21c4f10ba0f2e1c234efc522c47232de229f472c0f8a2760dcaaf1,0ce4c7a59b9cf59db96ecd81b95e3396cc53a703611e19aad33bc01c4eb17090
ar-ar_logformat_service-i2-ro-o0-ll-c0-fx-8587d5d3258a,ar-ar_logformat_service-i2-ro-o0-ll-c0-fx,8587d5d3258a9b34874ada997f1c029dd5268db93d1c0395a1a54475ab50bc02,679e2633f30d35c92f3d2db261df798999e54b4359ee1528706dc867715cbeed
ar-ar_logformat_service-i2-ar-o0-ll-c1-fe-c08f55219777,ar-ar_logformat_service-i2-ar-o0-ll-c1-fe,c08f552197778d3e6e34e37cc23bcc7a6b4f1582c2e5ba442c0185e77d5bc51a,fd47fef0efcd2254ed5dd5a4b9177b37051fba7a1d9e7dd27eb8900d56cf9b24
ar-ar_logformat_service-i2-ar-o0-ll-c1-fh-f78eb487cdfa,ar-ar_logformat_service-i2-ar-o0-ll-c1-fh,f78eb487cdfa319ff3fb10b1c67623186cbf0499d809b83aaf2556ab7add26c1,4602f20b767f9bd17d81cc6bfbe46f1e8e9bdf3698bbd5cf23b7af73312650bf
ar-ar_logformat_service-i2-ro-o0-ll-c1-fx-95e8fcc76684,ar-ar_logformat_service-i2-ro-o0-ll-c1-fx,95e8fcc76684b967a39a62bfb1602ab0502cc0f85b1c617e2f652818af029741,0227c2e99b1f6aac6da91adf7c0edbfa80d912b5a25f5b07eecfaa24c321eaad
ar-ar_logformat_service-i2-ar-o0-ln-c0-fe-6fef31a38c26,ar-ar_logformat_service-i2-ar-o0-ln-c0-fe,6fef31a38c26eb5b390ca3923c9d8a348a2af198cbbd09f785cc224d55fdc4b8,b3f39f92f1f1a0a8613c19fe11fdb9f1f3e170e7f183369e57f5a030bd46b36b
ar-ar_logformat_service-i2-ar-o0-ln-c0-fh-942ffccd9502,ar-ar_logformat_service-i2-ar-o0-ln-c0-fh,942ffccd950270dd5b1f9f8d31caf09925a6e0cb452c6295c79ae10a03d41892,a394ea31db029cc837a7293d3a17e70f60868fead6dac2bbb07dff2c4b768f7a
ar-ar_logformat_service-i2-ro-o0-ln-c0-fx-852b54ee7eea,ar-ar_logformat_service-i2-ro-o0-ln-c0-fx,852b54ee7eea63ced0dc7db57ee263a85b8569981a6b751d2870ca4550cf09fe,077e7dd1d014a51167216fa7e0988e10c44f71a208164fac0fdb207c46f82eb9
ar-ar_logformat_service-i2-ar-o0-ln-c1-fe-e06f22ff6f08,ar-ar_logformat_service-i2-ar-o0-ln-c1-fe,e06f22ff6f08e79ff43f4fbc785e80b73f0c6e3d3696a9b66fac015a8999d8e2,56496c1bb72a2f710d42e50d52b45076caa770c21172f359da7deb03ced90eb8
ar-ar_logformat_service-i2-ar-o0-ln-c1-fh-36c282b45ed9,ar-ar_logformat_service-i2-ar-o0-ln-c1-fh,36c282b45ed937be34759b40878cfacb9b64839750040514353f1acd65412852,e0bd6087810215ad054c5cce93b54f45d4187a0dc458e7cae7636d83178d99ba
ar-ar_logformat_service-i2-ro-o0-ln-c1-fx-532a50f0f8ab,ar-ar_logformat_service-i2-ro-o0-ln-c1-fx,532a50f0f8abbcc6a05605dedd8523307d659e76263a6d710d61b1695ce2dabe,7fb6c45d2f0e5a4a46b9b29280c6887fb6f3027d3d4dad7f12ed4fde4d1157e2
ar-ar_logformat_service-i2-ar-o1-ll-c0-fe-77c7e063c70f,ar-ar_logformat_service-i2-ar-o1-ll-c0-fe,77c7e063c70ff3d63481b43ddeacb43c63f2a5d7d8307e6868431485524f940c,2401b4be823487681d9247995358c698d3029ec7531eab52b79854636b41c39d
ar-ar_logformat_service-i2-ar-o1-ll-c0-fh-1a0090b63f05,ar-ar_logformat_service-i2-ar-o1-ll-c0-fh,1a0090b63f05159a66b7b0a81333bddeaecfdd5f4982fccb9770c452e9afdea4,d9f0b709741977269aaec2614f5dad2c1f9826ced0366f4155cea85c256798aa
ar-ar_logformat_service-i2-ro-o1-ll-c0-fx-e37a2cb1c46b,ar-ar_logformat_service-i2-ro-o1-ll-c0-fx,e37a2cb1c46bc128c605c6ec23dd4e26eee8bcb334ec168c43ea5a0ab3d6a473,b6d31277eaf24a7809f8662b357328f5f2374d6c0606d1268d4ea33b40927ff9
ar-ar_logformat_service-i2-ar-o1-ll-c1-fe-e6210aa470ff,ar-ar_logformat_service-i2-ar-o1-ll-c1-fe,e6210aa470ff3936c324fc904be3b8c8e03c8b9593e1127d1a76e33b2ed8ed0c,64d0208c6af2459cd77fb9e627fd54e33f0bace3d8eb75f942f3a5dd67a67c6c
ar-ar_logformat_service-i2-ar-o1-ll-c1-fh-3539ac6c05f2,ar-ar_logformat_service-i2-ar-o1-ll-c1-fh,3539ac6c05f280fdd7133fb91dd8b28aaf3df9f4b42c3683e83085b41296ad54,bd9de58045e38b031e6d536e5105c0688fc8e101b0eeaea2f593ef5012ab41ce
ar-ar_logformat_service-i2-ro-o1-ll-c1-fx-50ed9735ee32,ar-ar_logformat_service-i2-ro-o1-ll-c1-fx,50ed9735ee329b09e2ef2fedfad8fe4b8fb79c3f8c7affec73997d2526874bab,5b33fa1b6f636207a12540c29e55a831c1aafab11b32ba9499449fdaae5d319a
ar-ar_logformat_service-i2-ar-o1-ln-c0-fe-fa3766ed04eb,ar-ar_logformat_service-i2-ar-o1-ln-c0-fe,fa3766ed04eb60ec2fc1c49de9cb17e1573f690208d6516668dcc728647c422d,17691831f3f1e17b650d20087bbd1c8c44f680e6b5ffe5b934c55369db66f614
ar-ar_logformat_service-i2-ar-o1-ln-c0-fh-5ea538d4b1d2,ar-ar_logformat_service-i2-ar-o1-ln-c0-fh,5ea538d4b1d26dcc90b3091049e3fa8f033cccff1a173ca7e6a88637f69c3bbd,577437f4584f248d5b1adb3e1127c690a803eebf0ffcbf26fd803fcd85fef7c0
ar-ar_logformat_service-i2-ro-o1-ln-c0-fx-33f06651414e,ar-ar_logformat_service-i2-ro-o1-ln-c0-fx,33f06651414e11976439a89806a1b6af13aeaded3d3d442c0fe2fa9ddd32a756,247a7fff3cf3ad0f31accc3a5c96b0d4855b8b3c9818b85696b922d3538304a3
ar-ar_logformat_service-i2-ar-o1-ln-c1-fe-b99f0741d235,ar-ar_logformat_service-i2-ar-o1-ln-c1-fe,b99f0741d23542121c38400e2bd1fad2eedff939e7e76ee2e47a77a59275ce3b,88c93e5ae8a5ef1188f38f4206d7fea82b306337092d1d3f6ad6ec3decc85184
ar-ar_logformat_service-i2-ar-o1-ln-c1-fh-5338f28f87c4,ar-ar_logformat_service-i2-ar-o1-ln-c1-fh,5338f28f87c4a60ce8277d61359467e8764599270d67ad04f34ac9f84e928169,01ce534e1f38c344d7fc9f1249c883d6ed123cd91fdbdb8cc0bed6006ef6ec0a
ar-ar_logformat_service-i2-ro-o1-ln-c1-fx-a2654c59fea2,ar-ar_logformat_service-i2-ro-o1-ln-c1-fx,a2654c59fea2b1f93b4f1f75a458d37d69002ec9ac4c4553d38ac6ba31b8d9a1,518034d22b248a0f34bcb71822027bf1c858a84ce09a5f872eea6d6adf6fc01c
ar-ar_logformat_service-i3-ar-o0-ll-c0-fe-cbbffa96e1b5,ar-ar_logformat_service-i3-ar-o0-ll-c0-fe,cbbffa96e1b52c933263a57baed5ef2b88698f8804b100c8ad904dec4895af85,aa418c641b82da16e635f86f2bf40750b47c10cf71ba59ebeb6aaeb24e78ee33
ar-ar_logformat_service-i3-ar-o0-ll-c0-fh-89e3eca79962,ar-ar_logformat_service-i3-ar-o0-ll-c0-fh,89e3eca7996217ba8c790b70b6b19d0364412860329c751cc3d9bb8554e2dba6,98913ababa666b4ef55c4f3d568f65323d3dee7326d2b5b3526d89c0caa7d709
ar-ar_logformat_service-i3-ro-o0-ll-c0-fx-6f3c58e9e434,ar-ar_logformat_service-i3-ro-o0-ll-c0-fx,6f3c58e9e43455eb542dd7c65947da71ba6e10a3977804fea35978e2fc5e02b3,e410ac4fc4541bbcb843fdc28a57d56257a7aebe7d73b25aa2c585d1d693111c
ar-ar_logformat_service-i3-ar-o0-ll-c1-fe-06215cc92480,ar-ar_logformat_service-i3-ar-o0-ll-c1-fe,06215cc92480904cf1ae92aba37d183de55d0f2d464d73a3042b324e70cd3045,9f60368e466709f6e90ddc635eab409aacf275ec6d620b314bbfa30203fb6a93
ar-ar_logformat_service-i3-ar-o0-ll-c1-fh-4af5115edaca,ar-ar_logformat_service-i3-ar-o0-ll-c1-fh,4af5115edaca61ff206f2223f6d370f084b35052388ed43b3f7a99a9d076e5ee,925ab214f4c9ca7171b5b834e823be91f034b040c7a07e477967014860be9874
ar-ar_logformat_service-i3-ro-o0-ll-c1-fx-219db0f6af64,ar-ar_logformat_service-i3-ro-o0-ll-c1-fx,219db0f6af6490ef1860a297f5484a584b96fa8b76f4703a415319d43ab37c4a,64b2801263c3afb0aea9de25609c01861210e9d94c40e82dbe0ce4bf7d60e211
ar-ar_logformat_service-i3-ar-o0-ln-c0-fe-52bafd98af37,ar-ar_logformat_service-i3-ar-o0-ln-c0-fe,52bafd98af37106383590579c4043f87a51008ae37ec84bfe914a4e7b073014b,658e6de06bf626d8c93379297eec42f6573bae0c9364d6809a6078d5317d93b6
ar-ar_logformat_service-i3-ar-o0-ln-c0-fh-31d854e24e91,ar-ar_logformat_service-i3-ar-o0-ln-c0-fh,31d854e24e91561e6a81b5b1c639d5e5bdd9a496911a6e96e8fd6d34f709de9d,ed34d680d7d3780fc39970ff7301e1c7a030b65d2ef75fe6e47020a230df84e6
ar-ar_logformat_service-i3-ro-o0-ln-c0-fx-6a17b8486269,ar-ar_logformat_service-i3-ro-o0-ln-c0-fx,6a17b8486269b5d4985cfb6ec8c526b383191400ad305a6b2b4112914b564b4e,d47d7f97a0e42fd88f588951e90f4cdaa4458ad0492a665aaa639b6fe45bd8c4
ar-ar_logformat_service-i3-ar-o0-ln-c1-fe-7a7f959761fb,ar-ar_logformat_service-i3-ar-o0-ln-c1-fe,7a7f959761fb2856fbec2af9caf9eeecf5d06cafbae9407202ba38c907fa2585,6ae2c6bb346991d7f14e20874c25b71c4eaff9e572ec8973687956fafe73a40e
ar-ar_logformat_service-i3-ar-o0-ln-c1-fh-7513e7753374,ar-ar_logformat_service-i3-ar-o0-ln-c1-fh,7513e77533742860b66b1b81aa704431223bdcf6a1831f54b5f043ca7000b0ec,2640d411a397c1e78afdd00699b785a37ae6785e18c8ea871e556ed5bcc20191
ar-ar_logformat_service-i3-ro-o0-ln-c1-fx-985783295c7b,ar-ar_logformat_service-i3-ro-o0-ln-c1-fx,985783295c7b6b5fb80d0fd24efa957a0c132dece0ff24bde50cf800550fb0a0,2f8e4c1d51d3e57ab223c359bfa4b2026e91d05482feeae72bb32da38ff8276b
ar-ar_logformat_service-i3-ar-o1-ll-c0-fe-a26d6f585d44,ar-ar_logformat_service-i3-ar-o1-ll-c0-fe,a26d6f585d4471abeda8559089ef7cffe3596ab35cac137157b9bfb0f559d449,646ac84e9d6c14d5f5fb7905b43ee6a7441d02e429a726a796b033e1f6e1c10b
ar-ar_logformat_service-i3-ar-o1-ll-c0-fh-9747137af639,ar-ar_logformat_service-i3-ar-o1-ll-c0-fh,9747137af639391d45e5588cdbe13e13b92b469269d46fe434ecca68c1e86973,a54d29e8cffac31341ddfea34ec6d544b6eac53e033ecf180fb7abf8e87bbef3
ar-ar_logformat_service-i3-ro-o1-ll-c0-fx-c1943355d6c3,ar-ar_logformat_service-i3-ro-o1-ll-c0-fx,c1943355d6c3c15c33bdad2bd843b1e8e739d8691fa0b7d9ff1584e7e70748b7,7fab1d0d80bdd6d7109a238ba435f25e615cd1fbd22d214899ddf3591315bc75
ar-ar_logformat_service-i3-ar-o1-ll-c1-fe-0452e7cc2bb3,ar-ar_logformat_service-i3-ar-o1-ll-c1-fe,0452e7cc2bb30a8d5998429e1516b998af0b9f09b523081912d25a3781f49724,e8e8a87d707a647dbc890e0676d41504f8aef4e788043f597c339cb6ba0b35fa
ar-ar_logformat_service-i3-ar-o1-ll-c1-fh-7671c76e3671,ar-ar_logformat_service-i3-ar-o1-ll-c1-fh,7671c76e3671b2a906c26794b1b093c45ab6224d3352ec11d982c7973bdd8042,631f90baeb52bbfaed781a13002c6b003d7a1110c3e5f798dc7f30d8183c1a82
ar-ar_logformat_service-i3-ro-o1-ll-c1-fx-d08ed3988571,ar-ar_logformat_service-i3-ro-o1-ll-c1-fx,d08ed3988571d46d751b81e0ef693d484cea0c7cf354871feeda5201af4e583a,1d980c02cebc40a3ac37a4b7d15329ff289868bb219f6bb2f7f0c6428ddefe36
ar-ar_logformat_service-i3-ar-o1-ln-c0-fe-936c62113f06,ar-ar_logformat_service-i3-ar-o1-ln-c0-fe,936c62113f0681889957f1402ba635dbd64d87df579c0a417fd4fc2a53bcfc27,8ca54ff3ecc6dac698c8b204b30acc5e7b5af31a4e6348061a2d9d492d75c628
ar-ar_logformat_service-i3-ar-o1-ln-c0-fh-f9ce54daba51,ar-ar_logformat_service-i3-ar-o1-ln-c0-fh,f9ce54daba51f8793e3030995b0b8ec8f51fcbc038ec88a70ab7ca770cd365bd,0cf6e83b5cd09193449044ba6c741e13f9bbbdab36e10de0a4fcea7d1e6c6c89
ar-ar_logformat_service-i3-ro-o1-ln-c0-fx-3fc2f0f6f4cd,ar-ar_logformat_service-i3-ro-o1-ln-c0-fx,3fc2f0f6f4cd9b308f0c7ff3a36f895ae44d7bc8fe29eba6894700855a04136a,e876823e2f220038ce91a3dbba7dc3f2b5e9a65dc83c71ba584507851a0d733d
ar-ar_logformat_service-i3-ar-o1-ln-c1-fe-337c61fb3847,ar-ar_logformat_service-i3-ar-o1-ln-c1-fe,337c61fb3847f3e21789387d9675f2676709a9906215da80c2eaf8bf56bc63fd,38f2ae1a978d969f14a134c1f22e7a89e5ba6bce7e6a8ce79b5546002ffb1c34
ar-ar_logformat_service-i3-ar-o1-ln-c1-fh-4d5ebe95cf8e,ar-ar_logformat_service-i3-ar-o1-ln-c1-fh,4d5ebe95cf8e23cf128a4c7e22ac22adbd21f504c09d84508667c06127d8f1e3,1ca1776a943b092023217a55b0fd4d699b890fbc03e4d65b7b3bfc6b7d302392
ar-ar_logformat_service-i3-ro-o1-ln-c1-fx-7d276d0bbf1f,ar-ar_logformat_service-i3-ro-o1-ln-c1-fx,7d276d0bbf1fb9bad2637abd547cc7c8698a91447c76a56f456f7ee7a9de7e6f,965ebb2bf7456ec8ae2412f772a457918f812a3a2017e6ae7848d8ee703cadab
ar-ar_logformat_service-i4-ar-o0-ll-c0-fe-cf540553cd89,ar-ar_logformat_service-i4-ar-o0-ll-c0-fe,cf540553cd89a8bade321a65b6c5141091ab5de6c3245b3ab95d148027be8d66,b0d755bebdba71d9c203e3207529551315c624b5de5a3f8401e1afb3f3778570
ar-ar_logformat_service-i4-ar-o0-ll-c0-fh-f570c3819891,ar-ar_logformat_service-i4-ar-o0-ll-c0-fh,f570c38198912fbe9f9f53db8126500317a0c13fd9b3b7d523915b27eee4fa02,c77cd939caf8f53bacfe1df6536e38337b518c4fa6c011b828c5c0450bd19713
ar-ar_logformat_service-i4-ro-o0-ll-c0-fx-5e2e1a8612be,ar-ar_logformat_service-i4-ro-o0-ll-c0-fx,5e2e1a8612be394723977e97699a06000b460a9c1bb5620d4114fd68e581eec9,57a2d18f1c23a3f0496b0aca05fffc05aae4f6365587dc078dabf9091a3df04b
ar-ar_logformat_service-i4-ar-o0-ll-c1-fe-2b9c16c2332e,ar-ar_logformat_service-i4-ar-o0-ll-c1-fe,2b9c16c2332ef26081ff13f9c861be306d4795236a0b5d74315512c11903870b,044951004722938f3dac08632f12196b1f9ece37a0dbf3a74c7cd611fdf7de1e
ar-ar_logformat_service-i4-ar-o0-ll-c1-fh-b8c29a2f37f6,ar-ar_logformat_service-i4-ar-o0-ll-c1-fh,b8c29a2f37f6a805776003575e4ad603c8ceb3b3be7c07f9fb269c702065cf03,23552a093c9a918de7697e60d83ca8f13f4f5727868d311d89c6dcececbc1c41
ar-ar_logformat_service-i4-ro-o0-ll-c1-fx-52f954a6961d,ar-ar_logformat_service-i4-ro-o0-ll-c1-fx,52f954a6961d2527ea006da7d632588e24fd6c64f64de0118513c3801e6dce8f,faf0b4559e2fe23bb5abe44add9ebaf568c0e4a28c6e3e98a155d82926159e40
ar-ar_logformat_service-i4-ar-o0-ln-c0-fe-0e639098efbd,ar-ar_logformat_service-i4-ar-o0-ln-c0-fe,0e639098efbd095e2b01890078787f91f70a59f3260f1696e932dbf28d393d5a,dfc06eaad5d227ee2569c85723f15b5327a18c87e0dcef84487985debf5a94cd
ar-ar_logformat_service-i4-ar-o0-ln-c0-fh-e59c8313062b,ar-ar_logformat_service-i4-ar-o0-ln-c0-fh,e59c8313062b1fa46f5dccffa79db96f58925404a42cbdeffb3a5a219207de98,b2d48e70655702a754725e99bcf8e4b6f7a4e3599b104cc00dee7439c46207e7
ar-ar_logformat_service-i4-ro-o0-ln-c0-fx-774e0e5738e9,ar-ar_logformat_service-i4-ro-o0-ln-c0-fx,774e0e5738e9f3f856a75d7fca8e4958506e648891985dedd0f3b269597a0d5d,55ad0ed60f7281155908168938303a26f5ab45ac1c4f15afa1d860d53e2a36b4
ar-ar_logformat_service-i4-ar-o0-ln-c1-fe-fbd73e1db339,ar-ar_logformat_service-i4-ar-o0-ln-c1-fe,fbd73e1db3397581ab0fb3a7ee52f042be1dd502f19badafefdaa1943b5f8d51,12c10504ff34149e5fae04a883582b29aa3a05c11c284fc1cf132d701da21486
ar-ar_logformat_service-i4-ar-o0-ln-c1-fh-739a7949d5f4,ar-ar_logformat_service-i4-ar-o0-ln-c1-fh,739a7949d5f44e2deddf59d88878513060246749add85f75e10480bbbfb3f22f,50fde2a23f8de8de8f4b0dd34e58ffefcc75145da1902fef75933a16478d43a9
ar-ar_logformat_service-i4-ro-o0-ln-c1-fx-5879bc37da4e,ar-ar_logformat_service-i4-ro-o0-ln-c1-fx,5879bc37da4e56d6fcf128b1f446efad509d95f587bc4f791c1bc659a6913012,9a8b4e5d0cb070b3c36074ef967961207121280e0f270eb437985cecaa1ad8b9
ar-ar_logformat_service-i4-ar-o1-ll-c0-fe-f87c061e1519,ar-ar_logformat_service-i4-ar-o1-ll-c0-fe,f87c061e1519c2db04c975f94d8c9644b86fa72b29556b252acfee18a18d75ea,80d029cae6420b3c26c8b36376237eb8e9a56b988cf05b67d0c2179df69f6a55
ar-ar_logformat_service-i4-ar-o1-ll-c0-fh-d71cbd539052,ar-ar_logformat_service-i4-ar-o1-ll-c0-fh,d71cbd53905238bef8b6e6e8fa63dcadc3cc24d293fe43cdaaba527a7c2399eb,3afd2d1131005adbef3cc64ec6a3925ffb0d254543a8d771920df0917e2c1847
ar-ar_logformat_service-i4-ro-o1-ll-c0-fx-f1567bfe8fe7,ar-ar_logformat_service-i4-ro-o1-ll-c0-fx,f1567bfe8fe749f25418c87aada7469fb4d45354f9029ef5d85baedeac84ee1e,08d07a14ed303db1c7e3c77b3dbabaf64e587f917e5a53c1abea28b4ce060392
ar-ar_logformat_service-i4-ar-o1-ll-c1-fe-185646ef16df,ar-ar_logformat_service-i4-ar-o1-ll-c1-fe,185646ef16df49cde62a0790f55ce97fe69a4fe8d0c012cdac49e69e78531daa,a5ffdcd81fb3c0814aff1cca45f893c1478674a5cb1bd81ebe2fcdb64f9a42c4
ar-ar_logformat_service-i4-ar-o1-ll-c1-fh-ec77837bd83f,ar-ar_logformat_service-i4-ar-o1-ll-c1-fh,ec77837bd83f1fee1d3a405da29f1fc4de39f94145f6327c4c6d111c7917f34c,7e72d6cd3d8e647b817d4d445f6a98cec8879d46cfcd725f20d79fc8c671dba4
ar-ar_logformat_service-i4-ro-o1-ll-c1-fx-0f8b52a2ab19,ar-ar_logformat_service-i4-ro-o1-ll-c1-fx,0f8b52a2ab1902808ea3f6f5519340c02c7737707b74b6235b53bf511b0326fa,50f224a7ce8e34ad227dfa93210aab515e5eb301e111b8ce84c428716f32ffb7
ar-ar_logformat_service-i4-ar-o1-ln-c0-fe-50566148aa7d,ar-ar_logformat_service-i4-ar-o1-ln-c0-fe,50566148aa7d06b401b988983621b87bf333f28dad8ebf18dc0d7955c8e675f5,32d0462aa504355fa2a585fc29c1fd4efb2aec8535d046cd4ed90d4e757b4f0e
ar-ar_logformat_service-i4-ar-o1-ln-c0-fh-ca7759c85f92,ar-ar_logformat_service-i4-ar-o1-ln-c0-fh,ca7759c85f92e9c12214cc7e7ec7f321ee73a5d447a3d974e101689bd7fc7d5c,4141811b44df17a820edc2a14e1da5f54b941407a93f84931b310963fd507df9
ar-ar_logformat_service-i4-ro-o1-ln-c0-fx-c328b2f3789c,ar-ar_logformat_service-i4-ro-o1-ln-c0-fx,c328b2f3789c3744bf982cbf03e5f858fdec41b61062010d454978001a6a69ab,a06ad1f9ead9669db324f2d2edfb484df76f42bf021cbdaec0ff249b2bd92607
ar-ar_logformat_service-i4-ar-o1-ln-c1-fe-34c591e4c0fa,ar-ar_logformat_service-i4-ar-o1-ln-c1-fe,34c591e4c0fac9d9da5c6fb90ff204b483b081a29c852a339f169c7bb190b0b5,81268b74c1d224fb3bd5d09ae50715f390f5939efbee6a026d29ee2474b4311f
ar-ar_logformat_service-i4-ar-o1-ln-c1-fh-530cdfdc1be8,ar-ar_logformat_service-i4-ar-o1-ln-c1-fh,530cdfdc1be8e1d21a5199316ec9d4dbd3b42edb48607d51aecc1e577014f368,e82911cefd5082b779eddfe855fcfb06200abf7c2d79de4269ee29a3c39172eb
ar-ar_logformat_service-i4-ro-o1-ln-c1-fx-a4f8d2e30e18,ar-ar_logformat_service-i4-ro-o1-ln-c1-fx,a4f8d2e30e1873a2afb2c879664af1ffd03e5f421d5e0bc371a8fef19a1a7ef1,4dcef4ec615e4e1ff3bce5b2f477ade69cd6d2a182e1ac653d91331221b5921f
ar-ar_traversal_indexer-i0-ar-o0-ll-c0-fe-90fc54d03ff0,ar-ar_traversal_indexer-i0-ar-o0-ll-c0-fe,90fc54d03ff0051ca804757dd42b61458e2a8e00caba12abb6cf8c6968c0cbf2,bebafe567dd983055f93f3567c772a0de97212065858a9725176f7f9b8d52f5b
ar-ar_traversal_indexer-i0-ar-o0-ll-c0-fh-07e937b778a8,ar-ar_traversal_indexer-i0-ar-o0-ll-c0-fh,07e937b778a8774f6a014f7cb65be505cb06bcce94f1767c26089212092a58c3,6e47dae1f7340d38081e550db6d74f916dbfa6f3bee46c20c5649940f9323df6
ar-ar_traversal_indexer-i0-ro-o0-ll-c0-fx-56396d53939a,ar-ar_traversal_indexer-i0-ro-o0-ll-c0-fx,56396d53939ac42bc9a429e2bc3ce4d66a46b90019f5e995b72047fc5dfbed7e,3c79d7c60dbc39c1045e36c99f908d0e0efadf80167606b42e3b41c8512cdd42
ar-ar_traversal_indexer-i0-ar-o0-ll-c1-fe-ae3315f1f0bd,ar-ar_traversal_indexer-i0-ar-o0-ll-c1-fe,ae3315f1f0bdb0a2050cebfdf25ef6fac474221a47c0085ff832075b093513da,70b3cd35916ef49bbbab06da06225e58be81a5baea7b81ad1140e3c2dd506a7a
ar-ar_traversal_indexer-i0-ar-o0-ll-c1-fh-9b0200bc5cb7,ar-ar_traversal_indexer-i0-ar-o0-ll-c1-fh,9b0200bc5cb7ec475f2ae6bb1c6e115f94897eaa42790ec564d94dbde9ef71f0,73990e79e17defdc2c6446b8565315b4d1362c4564c50caecfb5ef04f12afd71
ar-ar_traversal_indexer-i0-ro-o0-ll-c1-fx-3b1fddd504de,ar-ar_traversal_indexer-i0-ro-o0-ll-c1-fx,3b1fddd504ded2c8429886d52eb49560215b26432ac5318a00c5bcfa67db4f3d,42acc4e50421d66cf2f2147b332ecab40058d136b86783a7d0ca4716b3b60dde
ar-ar_traversal_indexer-i0-ar-o0-ln-c0-fe-be408ff58510,ar-ar_traversal_indexer-i0-ar-o0-ln-c0-fe,be408ff58510a255dfe8c6e178449b138fccada553a2565d3edebc25b6a7dbe0,ad5511f75077f35e0d3e5f81d6e1517e7e70568907b296a0fa09816a23cb9489
ar-ar_traversal_indexer-i0-ar-o0-ln-c0-fh-5a5e05c9bf91,ar-ar_traversal_indexer-i0-ar-o0-ln-c0-fh,5a5e05c9bf9126a77f8c3a4fe6a19e50f0c0355f3d5b2def313346da801fbf57,c3bacf85746c9364aa62c7e55bd19f5120c1118b241849e2d31594ed150a105c
ar-ar_traversal_indexer-i0-ro-o0-ln-c0-fx-a85016b3e9fd,ar-ar_traversal_indexer-i0-ro-o0-ln-c0-fx,a85016b3e9fdb5dfed30daabc1f794884475b0cf8727388564b27249672f3bd8,3253f780e69444670f4b8b9821f001347fdb4ad0f19061317bca8bd85e72d36d
ar-ar_traversal_indexer-i0-ar-o0-ln-c1-fe-36e73620f40c,ar-ar_traversal_indexer-i0-ar-o0-ln-c1-fe,36e73620f40c0565483452daf5e0f0a53a354969ef4e4f172a8ded8cc8ca8e20,f14435429983dff3ebb9e27be066ee9c313b6f8d28e641f3890085eafd739406
ar-ar_traversal_indexer-i0-ar-o0-ln-c1-fh-f60314ec3f32,ar-ar_traversal_indexer-i0-ar-o0-ln-c1-fh,f60314ec3f32430baa87d5f1ce69e8872e161f04e58e6a23be6d66cd9b114bd3,08e84efe326d81d12ef7cc45349a1e700c73c34be0fcf1fbe847102a75de6d92
ar-ar_traversal_indexer-i0-ro-o0-ln-c1-fx-62816ca31531,ar-ar_traversal_indexer-i0-ro-o0-ln-c1-fx,62816ca31531595619738618a39e8869658046ea2a5ea43b8aa7026c57f68f9d,a51b399648d2743f947449284fd2d72306e4b6d547e553917e8312e56fac540a
ar-ar_traversal_indexer-i0-ar-o1-ll-c0-fe-7db2bf713bf2,ar-ar_traversal_indexer-i0-ar-o1-ll-c0-fe,7db2bf713bf294f206b4096c7772684e0659002a68fdaafdf22c8bb091f2271a,d5650eb8bb86abf2ea7c75ed64ae623e3edb689703847854a6c36566b1bb70b9
ar-ar_traversal_indexer-i0-ar-o1-ll-c0-fh-5250c8e65016,ar-ar_traversal_indexer-i0-ar-o1-ll-c0-fh,5250c8e65016827d3484ae457ad98802ab66d208bfbd0058d814b6923378c4c4,cdbcb4ae4cf802b3bf51e8d1e6e875386467a3905db1b98d3c62e515ba80399b
ar-ar_traversal_indexer-i0-ro-o1-ll-c0-fx-c1e097f4ec75,ar-ar_traversal_indexer-i0-ro-o1-ll-c0-fx,c1e097f4ec75350a06492b660da8e7287350046678fc4bc72f291bd9e147e901,4ba9696fc9faabd453867b7df654564d77a13d02b0bd1334ad54a06fefca8e82
ar-ar_traversal_indexer-i0-ar-o1-ll-c1-fe-59a222fdf891,ar-ar_traversal_indexer-i0-ar-o1-ll-c1-fe,59a222fdf891e743b70aa01fdf5f2a1d83ee61170a8373a272201f16cef463a2,212cbe1276ec4f50c48fcb93f0806532b5270b7d70d4021771d220c5b3bc9812
ar-ar_traversal_indexer-i0-ar-o1-ll-c1-fh-7d1594f5bed3,ar-ar_traversal_indexer-i0-ar-o1-ll-c1-fh,7d1594f5bed33aadc70970dc335a565adbb6717bc97c4e3ec8b6f0cfa21ec6b6,cb9e459b78689115d1e0ccc83af0c9de9b8cc22ec598c43cc163b8104765c4c3
ar-ar_traversal_indexer-i0-ro-o1-ll-c1-fx-8bbbf54a111d,ar-ar_traversal_indexer-i0-ro-o1-ll-c1-fx,8bbbf54a111d4d522f777338d4cfed49adc58c03065a835b2811c40eb0ce1b35,53edc10223fc3fa8a22466d7d095fe400d7844ea5a6f191f4778edbfefa355b4
ar-ar_traversal_indexer-i0-ar-o1-ln-c0-fe-2dd5a56a7dcd,ar-ar_traversal_indexer-i0-ar-o1-ln-c0-fe,2dd5a56a7dcd0029592bbd383ba8aef15685133f5ec768034a6e3e6dd513476e,da3f0354786c09be73c254b100eb1e7aa748ce5ca10153a1a1721e5d8b3aebbe
ar-ar_traversal_indexer-i0-ar-o1-ln-c0-fh-ffbfaa594600,ar-ar_traversal_indexer-i0-ar-o1-ln-c0-fh,ffbfaa5946002a4fc8fdea41da0004a2f78c4942bc412d1b19d0727a1fa17490,918b5863d5821f6d41d073d4324b2c758464b2a1d71c92731416c3e2f2fe261e
ar-ar_traversal_indexer-i0-ro-o1-ln-c0-fx-34712d2efd87,ar-ar_traversal_indexer-i0-ro-o1-ln-c0-fx,34712d2efd8741a8734e2e60d30dc7dff0f00065be9aaa3e17007f0bba7f176a,3993d34f5746709c4d4728809501006db63d580f3665f0c3163dddca80b1f4a8
ar-ar_traversal_indexer-i0-ar-o1-ln-c1-fe-79f8d74f6b23,ar-ar_traversal_indexer-i0-ar-o1-ln-c1-fe,79f8d74f6b23d8a9e42414a641097a9523fb7afa8fc5b8002c25064af34c35a0,19929b9b5e2cb7fd88b7813d041212bbfa64ec7d3051042732a6d6ef9c0b2319
ar-ar_traversal_indexer-i0-ar-o1-ln-c1-fh-d7b09fb9a32d,ar-ar_traversal_indexer-i0-ar-o1-ln-c1-fh,d7b09fb9a32d268ca4d8904958cf8a42b74b9155caf75e9032c6f9eba1fd97a8,88a73f382032541cff4497eca8e19fb0111a4e12753006269337b9f4dab51b2e
ar-ar_traversal_indexer-i0-ro-o1-ln-c1-fx-d70ce615e1a2,ar-ar_traversal_indexer-i0-ro-o1-ln-c1-fx,d70ce615e1a2a7f7283ccea98ff44a866c018b839216e69e4669f10e76f9ceec,52369283443f68e524ab140d410c539845185d18af8b2ac3f5fb1315830da73a
ar-ar_traversal_indexer-i1-ar-o0-ll-c0-fe-d94b480c882b,ar-ar_traversal_indexer-i1-ar-o0-ll-c0-fe,d94b480c882b696093d25506363fc7daa685c6af1dad49543fd549523c68a16f,8f39bd263cc33ed5a0309eba2ed8913277f0b9c1a2e8feed1564022771197cd1
ar-ar_traversal_indexer-i1-ar-o0-ll-c0-fh-5ecd732386df,ar-ar_traversal_indexer-i1-ar-o0-ll-c0-fh,5ecd732386dff264720adedbdb15b4edbf241b3f45f7b9caf8cdefb9af58e885,481caeb12a3b95a0e48b0187577a790803bcfe7469e263bb4fcf9d2a26b49fe4
ar-ar_traversal_indexer-i1-ro-o0-ll-c0-fx-5aa72604465f,ar-ar_traversal_indexer-i1-ro-o0-ll-c0-fx,5aa72604465f22a786adc7c777ba33d8c218b4df042b90b9b2e83d470e49869c,d66dba4a6d8a2bd8847fa9bb7db75a4d91cde4d2dcfeb16aaf9933bd40975466
ar-ar_traversal_indexer-i1-ar-o0-ll-c1-fe-a73abde551e3,ar-ar_traversal_indexer-i1-ar-o0-ll-c1-fe,a73abde551e3962b4a985ffd7d0307c8cd368f0dc770f55d0a3fbd2a525bda4b,267fcfc2b6ccca46fad59d5a41f27fd20d3acb425ab56a033e23c2c210d319b5
ar-ar_traversal_indexer-i1-ar-o0-ll-c1-fh-554edb9e8349,ar-ar_traversal_indexer-i1-ar-o0-ll-c1-fh,554edb9e8349614e3e429a989e24754d5bb199d977a95a035dd733840117170c,c1a772afb5d4c62de4d4249dcef66e9a88a6959c3e3ce9e10dfde552de4b635f
ar-ar_traversal_indexer-i1-ro-o0-ll-c1-fx-5c78ebc81932,ar-ar_traversal_indexer-i1-ro-o0-ll-c1-fx,5c78ebc819329dca6f9222a20ed2b0c29cbc95919e9f0403fd7ec6ec73a9d1b5,cc9e8a8529ede4be13aed9210ead7d06ba01dda71d63a007a46eaf7c406fcd4e
ar-ar_traversal_indexer-i1-ar-o0-ln-c0-fe-edc4b6316f19,ar-ar_traversal_indexer-i1-ar-o0-ln-c0-fe,edc4b6316f1991792f6dd381ea46c95766860498931ecdc1638d4ea2c4e81324,6a8931dbce767b53081a0bf406493f18502b56deb511a6aebfa32808387d00fa
ar-ar_traversal_indexer-i1-ar-o0-ln-c0-fh-911a886ec812,ar-ar_traversal_indexer-i1-ar-o0-ln-c0-fh,911a886ec812531a005475ab735c90ac01ed236125a873ddea2aa12c1b9f31b7,b81091984ef8386b020f6fac269b8c2aea2688f730482dc705b7f62ffe3ceaa4
ar-ar_traversal_indexer-i1-ro-o0-ln-c0-fx-d22ff69d8c64,ar-ar_traversal_indexer-i1-ro-o0-ln-c0-fx,d22ff69d8c641069904ddd612da4836767f297f9c45275be20023a05e0dde957,216ae0111bd9eb3de340c7df3a3b8013967d7a6c76cfec75ac43ec7d6d825745
ar-ar_traversal_indexer-i1-ar-o0-ln-c1-fe-ba2d9e864e4d,ar-ar_traversal_indexer-i1-ar-o0-ln-c1-fe,ba2d9e864e4d88e536ddcfcb89085f33beab402da1c64e3faf2a74232f19e09b,1750005ecac04406b777647803cd3dd006612bd0a4f751a3f0a2afe8f2a910f4
ar-ar_traversal_indexer-i1-ar-o0-ln-c1-fh-fe654823be5d,ar-ar_traversal_indexer-i1-ar-o0-ln-c1-fh,fe654823be5d36e7bcf0aeb6de74d0785d2a236af4545fc1afe4c93013c99bb1,1906af18e3d4a15e6c7e13ab0e54fd75de912d9573c870ee6ff4849553ab127c
ar-ar_traversal_indexer-i1-ro-o0-ln-c1-fx-da825d5f0d7f,ar-ar_traversal_indexer-i1-ro-o0-ln-c1-fx,da825d5f0d7f1ad78afea50df9fb84968bbb4fd03da52bcc638ab91acdcaff48,9565c8df93bb4f3db99ec8b555cfbffbd2dced0585854a6ab1d1cb4f7171073b
ar-ar_traversal_indexer-i1-ar-o1-ll-c0-fe-a6cb42dfd3ce,ar-ar_traversal_indexer-i1-ar-o1-ll-c0-fe,a6cb42dfd3ce4e5ed5d67a92519bcba54b538d2f6e332e31d460328ce166aa83,b774e1974f3c4dc5b377e8fea04d9cbb7f6b63d635973b07d4b26b360b4d1a9b
ar-ar_traversal_indexer-i1-ar-o1-ll-c0-fh-009bf08bbc5b,ar-ar_traversal_indexer-i1-ar-o1-ll-c0-fh,009bf08bbc5b6bbe9fc31f5f0cf6550b65b44ebc8b8ae69c03203bef104b71e1,529ccf3a750aabff3e851824b6830282e20900df550dbd0e651b92af92ea0706
ar-ar_traversal_indexer-i1-ro-o1-ll-c0-fx-634923a5f7da,ar-ar_traversal_indexer-i1-ro-o1-ll-c0-fx,634923a5f7dafdf1f6e2179d86bc47ef3dd590d3771df97dbd31f36878f4babf,b31a1556a94782adb62c52da4c6ec425df22c85b52364dddb87f76c88806b3a0
ar-ar_traversal_indexer-i1-ar-o1-ll-c1-fe-ad937241b7aa,ar-ar_traversal_indexer-i1-ar-o1-ll-c1-fe,ad937241b7aae7893c879f7b995a79d9c14691dee892c8bdb47cfab91baaf375,de7bfd9071f5b8d7c479052561cadbbd40150a6de52dfaf96c1333fe1e65b055
ar-ar_traversal_indexer-i1-ar-o1-ll-c1-fh-167984a79408,ar-ar_traversal_indexer-i1-ar-o1-ll-c1-fh,167984a79408f42d3e66a23af45c50f47d92539c6138291fc3c98496e59d49e5,bbf95da94cb666a0ea647964205b08bc42d283bc7f43ed41e4e9d302f0701c98
ar-ar_traversal_indexer-i1-ro-o1-ll-c1-fx-66f1b8301faa,ar-ar_traversal_indexer-i1-ro-o1-ll-c1-fx,66f1b8301faae93b4ab9836999e9e2cd3e8e970890d0264dcffa88d273865f15,a8218f0465a93d6ce7a09a1616e8314c4df1eb9cfa6ba03d89eeb5ebbb5278cd
ar-ar_traversal_indexer-i1-ar-o1-ln-c0-fe-3f3436fad5b1,ar-ar_traversal_indexer-i1-ar-o1-ln-c0-fe,3f3436fad5b12341964be3593ffb0b8635655a9401c72d7ce19e48ec8b19d642,162a5a3f9f01fda6bb56d7063f16e7597a41e9a161c198285386885df1920742
ar-ar_traversal_indexer-i1-ar-o1-ln-c0-fh-0aab4a6f02f9,ar-ar_traversal_indexer-i1-ar-o1-ln-c0-fh,0aab4a6f02f9d4941605c96c2f01553a18104748d7158772abc4e51e737a4a0e,e9d930eb7555ec45948d6bf18051d2f08af14b93782726d9e39fd034dca90a9f
ar-ar_traversal_indexer-i1-ro-o1-ln-c0-fx-c49812781d3b,ar-ar_traversal_indexer-i1-ro-o1-ln-c0-fx,c49812781d3b3c920233f0bd7e3d230d8b22a9629426881cd1ef69fa67adcf46,ab07479e39a11dfc947745d0b681bc771106fb684e5b09e277688e4c076a4b65
ar-ar_traversal_indexer-i1-ar-o1-ln-c1-fe-d5f326903619,ar-ar_traversal_indexer-i1-ar-o1-ln-c1-fe,d5f32690361946ae9b4e6ba81c64a9744f79eaef74d89f46e17bd8a3dd4bb610,7f82594aceeacf20d043d4d2f88b755c664936aa9b0aa9379669a32237f3d9a8
ar-ar_traversal_indexer-i1-ar-o1-ln-c1-fh-36c25ba1adc4,ar-ar_traversal_indexer-i1-ar-o1-ln-c1-fh,36c25ba1adc4d3ea358b320400e615238b5d243a71aa196a27ca0e3a1ac5f151,a28ff52d24b0226d1cdc2e9fbbeaf12aaff92540cbe032c674e8072e64ccd655
ar-ar_traversal_indexer-i1-ro-o1-ln-c1-fx-28ddc976d784,ar-ar_traversal_indexer-i1-ro-o1-ln-c1-fx,28ddc976d784e2a9ccf485b720096bcd789e1002cc525d0badecabe6e30a22f0,15ac2bc261c9e866225e213fbd517fd33d1bea4fde8f76e709413f58981dd8cc
ar-ar_traversal_indexer-i2-ar-o0-ll-c0-fe-7764cdd204db,ar-ar_traversal_indexer-i2-ar-o0-ll-c0-fe,7764cdd204dbf8ba338bcc9bd94d354c1b7c21885b166112231f779125bd40ca,6461ad099e5e6b7aced67211dbc87f49f958830254ad84a6fbc36f7f3d202bcf
ar-ar_traversal_indexer-i2-ar-o0-ll-c0-fh-7a0dbc23338f,ar-ar_traversal_indexer-i2-ar-o0-ll-c0-fh,7a0dbc23338fd99bb0f313602fa17ef5f679d1c4f3818c9b8e71c664f8defb00,4db01a3e95b58a747326b82f3334704b0495b44c9be317116592b816717346e2
ar-ar_traversal_indexer-i2-ro-o0-ll-c0-fx-ca36ea6a64ce,ar-ar_traversal_indexer-i2-ro-o0-ll-c0-fx,ca36ea6a64ce6fcefffb6ce24c8b817f228abb44904991ca5d8f646b8416961d,ca35eaa83e1d2181e6edd43fd9676bb7646ca0c6e9c934adb2d0a7b3bb8b384f
ar-ar_traversal_indexer-i2-ar-o0-ll-c1-fe-b25fc1e053cb,ar-ar_traversal_indexer-i2-ar-o0-ll-c1-fe,b25fc1e053cb7332f81371700e26b231edac48e5b045f9a8bfceeddba776bcde,87fb31dbf8683af3cb4f4c14881727266333c331881b2925e6468d2f95292dd1
ar-ar_traversal_indexer-i2-ar-o0-ll-c1-fh-a8b15566dddf,ar-ar_traversal_indexer-i2-ar-o0-ll-c1-fh,a8b15566dddf3748c5ca38b796db121faf5c8f17ba20f48d4c805b79da6a96e5,a0113c0e42f73e6a94bbebaa85fb3fe612f32d3cef4fa9be9a5fb0708aab7d1e
ar-ar_traversal_indexer-i2-ro-o0-ll-c1-fx-41a75f5f8fb3,ar-ar_traversal_indexer-i2-ro-o0-ll-c1-fx,41a75f5f8fb39faeea5a914b10fb2420042db6ef4ba53c50b84df39f2ac5fb6f,40d759d7eedbbfa3341431b932265717841e5e0160b4b3ac7068a3e7423d487d
ar-ar_traversal_indexer-i2-ar-o0-ln-c0-fe-9d37ae2877dc,ar-ar_traversal_indexer-i2-ar-o0-ln-c0-fe,9d37ae2877dc262ab386f575263961d055ab60bf93a6280e97b9d03e536a46e5,35a7887a098c896f5686c73631626d259a64f3059b17e728b5217b4bf43c1f53
ar-ar_traversal_indexer-i2-ar-o0-ln-c0-fh-4f3407c9308a,ar-ar_traversal_indexer-i2-ar-o0-ln-c0-fh,4f3407c9308a40cfaa261cc8c9738b8f3b385cecc2c7b52ca56e8cd7037a11c3,3c067ba66a2593e00bcaf6b18a07c6f49e1820413917e57c3ab0a54d9cd81a8c
ar-ar_traversal_indexer-i2-ro-o0-ln-c0-fx-13396e791231,ar-ar_traversal_indexer-i2-ro-o0-ln-c0-fx,13396e79123189143c81c599efdbab86341689974765088f156c83a0a76cc5fa,7b0df3716436755a9dade6d27c36453b8581c41c0e51dc2296e9aef4d230a1c3
ar-ar_traversal_indexer-i2-ar-o0-ln-c1-fe-4b78c52d76d4,ar-ar_traversal_indexer-i2-ar-o0-ln-c1-fe,4b78c52d76d476275039ab86b85e992bfd4364f27a13eeb32638fb00fc26fe72,393355fd2bf693f2db42482a453bbb70659dc36bf7a7e894f4500cbe09ac5e4f
ar-ar_traversal_indexer-i2-ar-o0-ln-c1-fh-ec49dd2ccd36,ar-ar_traversal_indexer-i2-ar-o0-ln-c1-fh,ec49dd2ccd3667de12c060c38c6fb6644273dd3dc640e705e36bb5b6e33a014b,3e68cac37672066d10c0bc6b94ab988f1a6e8d6203ce21cb1e15da4219cc613d
ar-ar_traversal_indexer-i2-ro-o0-ln-c1-fx-5f31eb7c6836,ar-ar_traversal_indexer-i2-ro-o0-ln-c1-fx,5f31eb7c68369ad03bdcc53f91177c466b567e2ae336362320b995f916ff7cbb,bec777e105964207fad4078b716926452b358cc41f342bf9135c0ca035b69a97
ar-ar_traversal_indexer-i2-ar-o1-ll-c0-fe-0f618fb843d3,ar-ar_traversal_indexer-i2-ar-o1-ll-c0-fe,0f618fb843d37d47aa9962c2c0c31e282d6202b148f05acd3b8221d6c1edf4c5,e42d9a71b2420e576072e1b0a1b41433cb0cab57ed7a8e6a4583d69ab44b8ed6
ar-ar_traversal_indexer-i2-ar-o1-ll-c0-fh-f58cb652f402,ar-ar_traversal_indexer-i2-ar-o1-ll-c0-fh,f58cb652f40203433b29a79f886944fa0f90838f61394b80dec05f02dabb2b97,308028cdb47fdff607eb219d11e3c362be301db11beacdb963c902ffac5617be
ar-ar_traversal_indexer-i2-ro-o1-ll-c0-fx-7d8627c21361,ar-ar_traversal_indexer-i2-ro-o1-ll-c0-fx,7d8627c21361c70d64153588b0b4c2038e05bb51dc90dc6f70cad7383c51aac2,02d73716d709640aef88d426288ed1bc775a47e215b1d05ce9e8d6e76738aa34
ar-ar_traversal_indexer-i2-ar-o1-ll-c1-fe-604074e68342,ar-ar_traversal_indexer-i2-ar-o1-ll-c1-fe,604074e68342632babda5ec8e5d2c365f4a597777a4b4abad39f092005bfc205,51249ae5307ae0638620c38c855accf4a58855597681db2e4ed0701f50a6c383
ar-ar_traversal_indexer-i2-ar-o1-ll-c1-fh-f17ded2b6ed7,ar-ar_traversal_indexer-i2-ar-o1-ll-c1-fh,f17ded2b6ed755bcf99ca125a52c2f3404efabc6de568743f4e817f9a4535b38,e4aaf2e2db66c2b3dd87bd656ecbb64bbd12420d5d7ebb87d03658496d94e731
ar-ar_traversal_indexer-i2-ro-o1-ll-c1-fx-9c3e56a90d69,ar-ar_traversal_indexer-i2-ro-o1-ll-c1-fx,9c3e56a90d69b6ea26b937c3696edb0b0e8c0d3e03313e8fe34a5f4fdc74705f,1aa90caf8f898c76d74224c0ccc86a421ad77242aa3721806ed4b2ef56050e20
ar-ar_traversal_indexer-i2-ar-o1-ln-c0-fe-ef24fca97994,ar-ar_traversal_indexer-i2-ar-o1-ln-c0-fe,ef24fca97994d4371bc25f170a89e66549d0c5f9f814a8d8a1d8e22d4ca47656,b2075ef025cee6f7fbe42d61d8959a44b6f4dca7b41c7500ba545536586edb23
ar-ar_traversal_indexer-i2-ar-o1-ln-c0-fh-ff37c45c739a,ar-ar_traversal_indexer-i2-ar-o1-ln-c0-fh,ff37c45c739a604eb186c87153600d1643cbf1351f06736a96d78ea3c3225066,5a8a192abefc95d9308e858b4851c9152e747561ef5374d329bcf374e19a8cae
ar-ar_traversal_indexer-i2-ro-o1-ln-c0-fx-00c7e58a7e4e,ar-ar_traversal_indexer-i2-ro-o1-ln-c0-fx,00c7e58a7e4eea71ea23113a0c4de2eaea77dfe7091baf5d707952d0fe510260,407c595b448a433269c3ceb0a7636f8124fa14d61665e7259e19f98f5232e38d
ar-ar_traversal_indexer-i2-ar-o1-ln-c1-fe-03a4acd56d03,ar-ar_traversal_indexer-i2-ar-o1-ln-c1-fe,03a4acd56d03b3e88a43d75793dbc069d02b4ff978627acb09ece8e9ff1a1579,148ef313fd717d034a8401326e5714a1aee6c4aa123f5db6706adf73ae76f79e
ar-ar_traversal_indexer-i2-ar-o1-ln-c1-fh-c35d5a144bc3,ar-ar_traversal_indexer-i2-ar-o1-ln-c1-fh,c35d5a144bc30e9333dc2304e8a382a2251d40f7b312514e9f4f8604fb43900b,058afda8dedae2f21c36b8e549b5f857529034c4ecb213d616f48392c431af6b
ar-ar_traversal_indexer-i2-ro-o1-ln-c1-fx-03a0287b5f32,ar-ar_traversal_indexer-i2-ro-o1-ln-c1-fx,03a0287b5f3269c2f1c47acd3a3431f5a9c4a892ac180565529c7c3f6ae89ea7,8a0a0db63c238a201b7556d5c0d39edad55174a338d89ca5ea76efadf451c837
ar-ar_traversal_indexer-i3-ar-o0-ll-c0-fe-bca16b42003b,ar-ar_traversal_indexer-i3-ar-o0-ll-c0-fe,bca16b42003b679ab243e55188a2642fed76163a28c9c5d3799110013875d5f1,d0cfce2a073229feb4dbfdd7925624394dd60ed5941f5ae38650e2ec0e4be1b1
ar-ar_traversal_indexer-i3-ar-o0-ll-c0-fh-29759a5d25f2,ar-ar_traversal_indexer-i3-ar-o0-ll-c0-fh,29759a5d25f29d7e20c1eed9cabe3adde5af7d9a7105bf0467d0a376157cadf1,c00524913b9f9a3e052f5765579d2e83a2815db67fa442616f3f67599559fc89
ar-ar_traversal_indexer-i3-ro-o0-ll-c0-fx-d8ef491c0ec8,ar-ar_traversal_indexer-i3-ro-o0-ll-c0-fx,d8ef491c0ec8f19efb44eeda809bf32f15aa6dc617e3258a99c1d5f439838ada,23e1772f6c7a9da0b72e75f42856139da92292f01776af5907d245c3f4452b23
ar-ar_traversal_indexer-i3-ar-o0-ll-c1-fe-1b4e548d2244,ar-ar_traversal_indexer-i3-ar-o0-ll-c1-fe,1b4e548d224425c7152c0301492b3519c542ce25922a0c73f20de045bc1d1664,7618ea8285488a16dbc2e734f7616dbcb191067a1645d2096caf7577f2b929aa
ar-ar_traversal_indexer-i3-ar-o0-ll-c1-fh-440f66c8f601,ar-ar_traversal_indexer-i3-ar-o0-ll-c1-fh,440f66c8f60191130aabb1a054866576ed4260e17ec8136f216e3393de6846c2,ea351a89f97d96f9ba75c12ea485e6f0b9c4d956ad54413855914b4c258fcd34
ar-ar_traversal_indexer-i3-ro-o0-ll-c1-fx-187e06a61481,ar-ar_traversal_indexer-i3-ro-o0-ll-c1-fx,187e06a614815345bd1a2f5d8d6038e37bdb4fee2d4f7e09726354307f16b844,eaad143f7cedc13cc209e406f65d6131e19433b38754a9c2d268738ccc13587c
ar-ar_traversal_indexer-i3-ar-o0-ln-c0-fe-348c5f2de6b5,ar-ar_traversal_indexer-i3-ar-o0-ln-c0-fe,348c5f2de6b5c73f123476cda431a61fb7927e4b84110a0be09bdefea6c312e8,21028b4a708d297b7809f57cdb41b2fc71e147e7b37eb252380a8c20289cb285
ar-ar_traversal_indexer-i3-ar-o0-ln-c0-fh-f46cd8d09afc,ar-ar_traversal_indexer-i3-ar-o0-ln-c0-fh,f46cd8d09afc9ab5c65fc780afbb8531d2db46f78000ec107c05d7cb1b3a34fc,7fadb42f9fdf4e0317f91848e99d89c500c2689d3563e546fdc14eb900943b78
ar-ar_traversal_indexer-i3-ro-o0-ln-c0-fx-07e63990603f,ar-ar_traversal_indexer-i3-ro-o0-ln-c0-fx,07e63990603fc06b7edab6f14cfef70be46014c8deed61886add939e08abcc98,547af97a718cba1cc3b9084319cf92b6f0713d3dc0429ba01484525cd3f8af2d
ar-ar_traversal_indexer-i3-ar-o0-ln-c1-fe-23c9110c0ca1,ar-ar_traversal_indexer-i3-ar-o0-ln-c1-fe,23c9110c0ca1007f4945bac550dd891c4b75be57e2154e923985abc9f5cc89c9,b4c9b7f136140a7010750e6cd0afe60ae4d65e730a5dff6ad24c3b73eed6c905
ar-ar_traversal_indexer-i3-ar-o0-ln-c1-fh-5997cad1c5ad,ar-ar_traversal_indexer-i3-ar-o0-ln-c1-fh,5997cad1c5adc6b720043f4c71883db5b1cecd738ab321c55f498cdf92540dc6,11ef694c86cd9e8fdcf889bfe6765e9451700ec6495ed7087dd6ca918a35eb64
ar-ar_traversal_indexer-i3-ro-o0-ln-c1-fx-3fcc3c8a2a33,ar-ar_traversal_indexer-i3-ro-o0-ln-c1-fx,3fcc3c8a2a333de7251995cd11a9f51a06dcef41685cc71a97bfaef03992f19b,e7316a25fe626a77b897c1267c2a6a6bf6808895f43e89ddeddd781fae89e9ca
ar-ar_traversal_indexer-i3-ar-o1-ll-c0-fe-309b186227bd,ar-ar_traversal_indexer-i3-ar-o1-ll-c0-fe,309b186227bdc29ab45d2fedff994922b838bfb537cba00a78590a4273bac524,f907ab19c6613b28e336f10702b7cf43ede26b4ab18a780103399bdb20f4fdd9
ar-ar_traversal_indexer-i3-ar-o1-ll-c0-fh-53a17e99f55d,ar-ar_traversal_indexer-i3-ar-o1-ll-c0-fh,53a17e99f55da761cbe712803c1b93f6830d55f78efd4c328875164cbfdb671e,66eea92568c61baf13d7a4574cdb53b37b6a86eb4d085aadfc689f58535118de
ar-ar_traversal_indexer-i3-ro-o1-ll-c0-fx-49d11bad064e,ar-ar_traversal_indexer-i3-ro-o1-ll-c0-fx,49d11bad064e3d60059c1922c7a267f0f7a3ebc9733e04bfa3d39ad7d922d4e9,287142036feed11bda0846c7593724e2769a77c786a46f86a1a90afb2721e739
ar-ar_traversal_indexer-i3-ar-o1-ll-c1-fe-b00a9696006f,ar-ar_traversal_indexer-i3-ar-o1-ll-c1-fe,b00a9696006fe354fca5885652d939ee5f82bc41eba45aeae23b98159be7adea,b8694cced0122ab2511ca075157fa96acd28f0f02e69f2ae3a5cfd27e059a100
ar-ar_traversal_indexer-i3-ar-o1-ll-c1-fh-e1c9921549a6,ar-ar_traversal_indexer-i3-ar-o1-ll-c1-fh,e1c9921549a657d5d22d94f64f614e5a9da4f3227085ee036a0a4f57e6a3446e,704dad5e83ca84b826140b47a949243600e893fdfdbc5b1527facdc96956d12c
ar-ar_traversal_indexer-i3-ro-o1-ll-c1-fx-e6eff142c67f,ar-ar_traversal_indexer-i3-ro-o1-ll-c1-fx,e6eff142c67f045dfa869c90e7a3c3e1acc3c51de5d9ca869dad7a9897462528,1846b2573b8311efe907bf1d4bb6bc6b0796cb8cb5975462f8945176c574e71d
ar-ar_traversal_indexer-i3-ar-o1-ln-c0-fe-5f66aa61496b,ar-ar_traversal_indexer-i3-ar-o1-ln-c0-fe,5f66aa61496b3ed103fbdb2c9a59dab0679541885fc1ab59ac68075435df1b54,feaa914fa399cc2342abb44838ca730956a0403cca6044be257d2cd3222fe50e
ar-ar_traversal_indexer-i3-ar-o1-ln-c0-fh-d6e1e66b1fae,ar-ar_traversal_indexer-i3-ar-o1-ln-c0-fh,d6e1e66b1faeab5dbe080aa7b29f03eb79ada98f67bf86f386d80f7c3c2d22ea,2ebaa3eaea9fed2fe2e8fcb6929f53bb2838989a9a3b071e0aec6465f92908c9
ar-ar_traversal_indexer-i3-ro-o1-ln-c0-fx-7bbd40752803,ar-ar_traversal_indexer-i3-ro-o1-ln-c0-fx,7bbd407528037a1deadd384393bca67e049fd9dd46ac7095462ab0460b24e339,0eb5c5ba10f0ca3fbd6dcba743e5bb1a41090ece11c7070db869d66553f819aa
ar-ar_traversal_indexer-i3-ar-o1-ln-c1-fe-8ed9b3b2cfae,ar-ar_traversal_indexer-i3-ar-o1-ln-c1-fe,8ed9b3b2cfae928d3ed0b44c836c7b2533585e7ceb9797ddf0fe8ae1bd5efdbf,b21507a6d08753aafaae4513e63453e9f20087598b1eb162c8fee3aeed590db6
ar-ar_traversal_indexer-i3-ar-o1-ln-c1-fh-829fd45cde46,ar-ar_traversal_indexer-i3-ar-o1-ln-c1-fh,829fd45cde46a71bb442343e3b49d1bb8b857d058c9942810b497cec2e34f520,dc0e606b79986d76098b441144e95b1bf05b65c6e5f5c1593708b3965e956f80
ar-ar_traversal_indexer-i3-ro-o1-ln-c1-fx-b2fecd1f2a9e,ar-ar_traversal_indexer-i3-ro-o1-ln-c1-fx,b2fecd1f2a9e2b1a73c441ca93e8954244dde0af2f4bfc168ab1b831faded4cb,a25c2556b589adbba83679c086275e147360706ffad108e0fce8e0e6c2f786b1
ar-ar_traversal_indexer-i4-ar-o0-ll-c0-fe-2c8717d2a990,ar-ar_traversal_indexer-i4-ar-o0-ll-c0-fe,2c8717d2a99090a0c2ec4d55ffd91192249002e0fdafa032dbd04dddf9edbef2,7887911f7ccb94e1b2aff3466c95f4ded3bb137dd6988811caf6117d63a2be7e
ar-ar_traversal_indexer-i4-ar-o0-ll-c0-fh-372e8e89a5b3,ar-ar_traversal_indexer-i4-ar-o0-ll-c0-fh,372e8e89a5b381812ab13bed21df16b4ffc297ecd7eb487098dd46cd5a930ed6,88c32c6a4063d92686ab7f9a86f22deee9746ce7c3e31b821b6be6a6397199ce
ar-ar_traversal_indexer-i4-ro-o0-ll-c0-fx-3bd5effbac83,ar-ar_traversal_indexer-i4-ro-o0-ll-c0-fx,3bd5effbac83824a00476d157b5ea598e1b0dcb144194a96fa520b2bc236d1e3,04844926af54fdbe7504d5eb3582d177cc71ac15d2f5590f6777984f173f3fb1
ar-ar_traversal_indexer-i4-ar-o0-ll-c1-fe-a5bc37f5e501,ar-ar_traversal_indexer-i4-ar-o0-ll-c1-fe,a5bc37f5e5018405f0b0e3394bd87346f4722a624eec0a557de11fdadd3b8e28,b912a2df15c28640be141d64da6f406955bf1a048d65eefe134f67f44fa7a183
ar-ar_traversal_indexer-i4-ar-o0-ll-c1-fh-2b61520fb08a,ar-ar_traversal_indexer-i4-ar-o0-ll-c1-fh,2b61520fb08ae74523f3a4f988bbc625487516217ac63dcd89e7f608b7b869f6,eee0f57ef9259a40a8d5e41ef17f21f2814ce192a6957804a72abca072580c8e
ar-ar_traversal_indexer-i4-ro-o0-ll-c1-fx-bf5442de3472,ar-ar_traversal_indexer-i4-ro-o0-ll-c1-fx,bf5442de34727bfe4d3f73904eae8804c9c00d36a72d1485e4794de848efd2a6,fb07509c094452f956c6b4d5ae96faa84fe2515a2ba1abc0afeb926e09bb8ce9
ar-ar_traversal_indexer-i4-ar-o0-ln-c0-fe-903816e81ce0,ar-ar_traversal_indexer-i4-ar-o0-ln-c0-fe,903816e81ce075ecf42cb4802fb59743cc77a68da11a47158892af551a7fc3dc,ebfc52ae7f11edc0ef46ab468a8d072a16034e623eceafaf3e5bdbf756c63bae
ar-ar_traversal_indexer-i4-ar-o0-ln-c0-fh-52a24a142aab,ar-ar_traversal_indexer-i4-ar-o0-ln-c0-fh,52a24a142aabc3414d2b7196d3d1e16f1ee2f570746f73e28f75f7b3d93b8b5e,210108b43352644a7fd1d24058afea7e67542c08d17493add6618d5511f6f41e
ar-ar_traversal_indexer-i4-ro-o0-ln-c0-fx-07d4299a09a1,ar-ar_traversal_indexer-i4-ro-o0-ln-c0-fx,07d4299a09a10fe349cdabb7f1662fe3e84c699fab199bfe42e83e02d37af149,d1b64735e91c032a8d5a9faedfb9e1297379f7e3dd063f2c695975ebc4c15e55
ar-ar_traversal_indexer-i4-ar-o0-ln-c1-fe-b146ca014cec,ar-ar_traversal_indexer-i4-ar-o0-ln-c1-fe,b146ca014cec061095f5d4a9b6ff2c1b90d5475b3973e9189a48428b47fe4ad6,fd15ae25b239ff30fdccfee5f1a1b3f9c3b953f65b003cf8f44cb359d230abd6
ar-ar_traversal_indexer-i4-ar-o0-ln-c1-fh-aa48852ab6be,ar-ar_traversal_indexer-i4-ar-o0-ln-c1-fh,aa48852ab6be83591657cbaf193ac55454b19d95e9a3dd8fbb0e345213d11d87,7513730d4282559c23355c8cd155d7e406859f19a52de7c547d69ec096790305
ar-ar_traversal_indexer-i4-ro-o0-ln-c1-fx-40a4802ce95f,ar-ar_traversal_indexer-i4-ro-o0-ln-c1-fx,40a4802ce95f9226a6091ce0517642ebd6c76fb5cf8d9a9526aaa06fd6e570c8,d502e17b0df899b36572131360bb03b88fe8be42e12fa742f842f4f84b8eb70c
ar-ar_traversal_indexer-i4-ar-o1-ll-c0-fe-caf28dc80afe,ar-ar_traversal_indexer-i4-ar-o1-ll-c0-fe,caf28dc80afe565813445a3681c771d2a1aafee62cf1be6272e95442db48f0c3,9978d4b3a1eb4a57bcc9b295c58353c9dd67f2d8ef464c45ce7e4c66aaf983bd
ar-ar_traversal_indexer-i4-ar-o1-ll-c0-fh-fd30fe86f5d7,ar-ar_traversal_indexer-i4-ar-o1-ll-c0-fh,fd30fe86f5d73488576b0fc100d88616f85b4bd67fa6d797c8cd375aebf8a058,bc730b556bb818bebb44b30eda2db62368afc8b79f8888832c8021084c0e1322
ar-ar_traversal_indexer-i4-ro-o1-ll-c0-fx-604ab6b5a870,ar-ar_traversal_indexer-i4-ro-o1-ll-c0-fx,604ab6b5a870e511f4f7e7a8c5a9de295a6c120b64473d7d93b26c1835727172,ebe55f8c859dfa93fb4aa87cc640bc72194958a7dba695d5366b729159fdda91
ar-ar_traversal_indexer-i4-ar-o1-ll-c1-fe-650eae2baef0,ar-ar_traversal_indexer-i4-ar-o1-ll-c1-fe,650eae2baef03ec402ac662e35f469a372d45ec779c3d4bc4b919b7c3084a0a5,a0e86466e431010b81bf869228d45baa3f6b093765877944a3c79c37cd0cc43d
ar-ar_traversal_indexer-i4-ar-o1-ll-c1-fh-1749892c7b6a,ar-ar_traversal_indexer-i4-ar-o1-ll-c1-fh,1749892c7b6a9cab66e8fac2eba4ac6e58482c74f52499287234573b353f2636,f932c13b265ff365a39b03c738a122213b124fdf5b6e37f8958fb380c65a16f2
ar-ar_traversal_indexer-i4-ro-o1-ll-c1-fx-9bb4537ad02f,ar-ar_traversal_indexer-i4-ro-o1-ll-c1-fx,9bb4537ad02f58083fdbeda981255f06b963a3a58d98531377593aa96994ec52,10bab6b55d3208c42c01591ee5dfcbe9c5680a02fa0b55d031fa64c7adff1d4d
ar-ar_traversal_indexer-i4-ar-o1-ln-c0-fe-af2e250a50bc,ar-ar_traversal_indexer-i4-ar-o1-ln-c0-fe,af2e250a50bc1b8f784dcbb6c2c9330a686d2507015bd53e8b6444cd8913fe19,292c3e1c9c6e80e969de120939de09eb292bb2772cc6e41d77cf029c8c9890e0
ar-ar_traversal_indexer-i4-ar-o1-ln-c0-fh-e08345994a77,ar-ar_traversal_indexer-i4-ar-o1-ln-c0-fh,e08345994a77e09416de93481af6ebb87d68f91be10de28e5a09e7587eb1630a,0573d120ee3236f48a11f25a6cc794002e8e63a16012bdacad166dff5e676d77
ar-ar_traversal_indexer-i4-ro-o1-ln-c0-fx-17306280a609,ar-ar_traversal_indexer-i4-ro-o1-ln-c0-fx,17306280a60910a1197b6e0a69ffda0ed93190e0ebb2749e0fd5c81b452f95a2,77d4a8b9564148f726ed764975f269ffa91d3e505c4fc5ff072731beb91f9f59
ar-ar_traversal_indexer-i4-ar-o1-ln-c1-fe-553c13c149bf,ar-ar_traversal_indexer-i4-ar-o1-ln-c1-fe,553c13c149bffd433b88ec6d8f59596f7714034d7a2734b16c0c1b047f65ff11,f03845a1d6ef6f414c1d81e0a1584039e9de76da6d79f7a3ccb2e4e33319e6eb
ar-ar_traversal_indexer-i4-ar-o1-ln-c1-fh-dda18c379663,ar-ar_traversal_indexer-i4-ar-o1-ln-c1-fh,dda18c379663cba0ba4eff6f5a7c4c95cd9813e46d0720e22d3e1bba0eddd5cb,9ce69e364a61bb6a02076b5da1bedec77e2d41be03ed282f6070eaf4a9b569e2
ar-ar_traversal_indexer-i4-ro-o1-ln-c1-fx-ae92d76531b7,ar-ar_traversal_indexer-i4-ro-o1-ln-c1-fx,ae92d76531b7073ed6b21ee1a4d12f72ddfb9c72e714497346308ced04b8f64c,b607fbdd2279e72281fc32a234a2aab7c3c42d41e4c0b29f26005a0d5f25f1ad
pc-pc_quality_config-i0-ar-o0-ll-c0-fe-f48acc86d03f,pc-pc_quality_config-i0-ar-o0-ll-c0-fe,f48acc86d03f7c1289ef8980b4b3399bab98a554066c64638e7d0d980ae2cf32,c103b348510ce08915849782355adb28190efeacf7cd3bf32624bf248fde5fe9
pc-pc_quality_config-i0-ar-o0-ll-c0-fh-6f0d521cde05,pc-pc_quality_config-i0-ar-o0-ll-c0-fh,6f0d521cde05b375ca9009b02080b32f64997150bb12d3a7e4771825a8d2e4a1,a8f6c7e1e342acc9dcd492df048173a882a8fe2af0b488e6522615390a531b53
pc-pc_quality_config-i0-ro-o0-ll-c0-fx-09bf56d835ed,pc-pc_quality_config-i0-ro-o0-ll-c0-fx,09bf56d835ed213164f1f98ae812edcceffa524cce717be7a2122aaefe68e68f,a75b9298254e4638052a4f7282ef0ec55648e84cf58c45664d24d5e6a4f16c91
pc-pc_quality_config-i0-ar-o0-ll-c1-fe-6d5c1001e88e,pc-pc_quality_config-i0-ar-o0-ll-c1-fe,6d5c1001e88e5fd9b82ff51a609651e9b888b030eb78efff6b54ed11cfa354b6,b3fa30e83f16686e71546ea5d87294738294adaf302878edc1f8d7be9c0f558e
pc-pc_quality_config-i0-ar-o0-ll-c1-fh-17279bd56ad8,pc-pc_quality_config-i0-ar-o0-ll-c1-fh,17279bd56ad8d30164470bac4082c20b66cd1d979508c93e53c483e40340054e,ab36c5565b9c1c5de3c4be4f38cb81bbd9ba77840f1606403fffcea02c3f7f33
pc-pc_quality_config-i0-ro-o0-ll-c1-fx-185a1e34e82f,pc-pc_quality_config-i0-ro-o0-ll-c1-fx,185a1e34e82fddf6e740e41f16d1f839e409fc6fd9ef4ce4ff380a31a37f2bd6,b31f4f85d47c6d5f992bfabff93d795332305c05a9d0d891cf11c78f45b216c9
pc-pc_quality_config-i0-ar-o0-ln-c0-fe-bf38d2ce20c9,pc-pc_quality_config-i0-ar-o0-ln-c0-fe,bf38d2ce20c9529c80fd58ac0e94660bc581cabec9dfa4cb0296f6fff446e016,d6fb046dd7a8fb3a6884d71f55f6b943bbb9b8f6b7aa0646ad0241916633e355
pc-pc_quality_config-i0-ar-o0-ln-c0-fh-ae1161e1476f,pc-pc_quality_config-i0-ar-o0-ln-c0-fh,ae1161e1476fbf64130754c367596db077c6b4723f2ce5cf514969ca40964771,3d9348d073e5f992136770e336f38ef5a3a6b9141451b03d5d9f74ada48627d8
pc-pc_quality_config-i0-ro-o0-ln-c0-fx-f2026572222e,pc-pc_quality_config-i0-ro-o0-ln-c0-fx,f2026572222ecc58129771b0d6db2650e72637c16e5376aed585108e27a9dedb,3b0fd5864c0f10fe526ff20a4bd0576f74dec2bbe0397cad78295addd1089950
pc-pc_quality_config-i0-ar-o0-ln-c1-fe-82cca958dfd9,pc-pc_quality_config-i0-ar-o0-ln-c1-fe,82cca958dfd973a00b2ccfee55cb2e02d5964834dfd7bb2aa45d0dbc5ee90724,947bc2682c4c7e54c87e7f65fdacc720c871446b2a98ab6d557994283edd04be
pc-pc_quality_config-i0-ar-o0-ln-c1-fh-6cf04d748ca8,pc-pc_quality_config-i0-ar-o0-ln-c1-fh,6cf04d748ca80210b328dcaf99fe62daebbf987e0c9d5e664cd66822770b0343,2d9d25c1ef76511d61e7222c8460976f65fde8cca7d304a65291e99f6a3e9586
pc-pc_quality_config-i0-ro-o0-ln-c1-fx-ec3d59ca52cd,pc-pc_quality_config-i0-ro-o0-ln-c1-fx,ec3d59ca52cd034ad5cc6e0c10ce7eb64466adb8b333e619274275db6a4578ca,d633aa7b4f36eb80dddd984cdb04fc08df439eac7d3cac885b1d6d71758673f0
pc-pc_quality_config-i0-ar-o1-ll-c0-fe-27faaed49cc2,pc-pc_quality_config-i0-ar-o1-ll-c0-fe,27faaed49cc2a8b448c27cab2b1d39aea891be799b6e3b2fa494f3caf9bc7e48,e18a89e230380c1ffbedfa0107298fe574afda09bb29472565a7afc249f68cfb
pc-pc_quality_config-i0-ar-o1-ll-c0-fh-c64af43e3d1e,pc-pc_quality_config-i0-ar-o1-ll-c0-fh,c64af43e3d1ebde0cfa201e55b240c866e8743e0a3adc187311aa4b0db410557,9b0d432707b998b7cbd99a4812e9a3acfc3a5f9c3be960c5867f945452b6d492
pc-pc_quality_config-i0-ro-o1-ll-c0-fx-f5282baf258d,pc-pc_quality_config-i0-ro-o1-ll-c0-fx,f5282baf258de0965a0db8a8ea7c266b8450b8f531ddffd3994af1879b55b6a7,54471ee8300c128cd283153a49ad8c258f5b8b46a7e84c7bea7aa747dd6a8fe4
pc-pc_quality_config-i0-ar-o1-ll-c1-fe-95aec11342e6,pc-pc_quality_config-i0-ar-o1-ll-c1-fe,95aec11342e6ea13ece79b880f74ca09979699714eaf51cb409be8988f574c5c,d89c546288c1eea124611319a4fe83f4ee0033a662c1f02f1c4350d39f0b1a7b
pc-pc_quality_config-i0-ar-o1-ll-c1-fh-b4d8393b5297,pc-pc_quality_config-i0-ar-o1-ll-c1-fh,b4d8393b5297b58ee0c80d67db47c3460bfabc71864d7336838263713121abf1,1e3d3589db30886088845d3e94da1bcb6b092e7f66083afbd56adfdb9293ebab
pc-pc_quality_config-i0-ro-o1-ll-c1-fx-cd2cbc0aa11b,pc-pc_quality_config-i0-ro-o1-ll-c1-fx,cd2cbc0aa11b7431d665066c1a53dea2dfa506e27e9dc1a65d0b1d039fce80f7,4b467d09c01a741475e82887db163f9d54fcd14b43222971931e0ef27681498a
pc-pc_quality_config-i0-ar-o1-ln-c0-fe-0326a1613966,pc-pc_quality_config-i0-ar-o1-ln-c0-fe,0326a161396642e85194ad0fabeb2c9d22f76e9112e482ad05efae074926f0e8,b66dce172b24bb9a3ebd0e6a442b42aad5b84d2f14926a046a1b9121f730ba4a
pc-pc_quality_config-i0-ar-o1-ln-c0-fh-d99e62caeebd,pc-pc_quality_config-i0-ar-o1-ln-c0-fh,d99e62caeebdea9e11028119c16ad1c7af9345f856a620d25261647c44b072cc,63fd9fdc0f1218e5acdd6fa7a635b28bf080ea989c94508757da9592230f69c5
pc-pc_quality_config-i0-ro-o1-ln-c0-fx-66861daada0c,pc-pc_quality_config-i0-ro-o1-ln-c0-fx,66861daada0ccd226548cc8a9bcd21da44dcf1f42762d43cf31fdf74755d39f1,9aea9a491e407ab784e3436a532307f6e529216cdda5a96e5da4abf11b17f869
pc-pc_quality_config-i0-ar-o1-ln-c1-fe-c09889bebcf9,pc-pc_quality_config-i0-ar-o1-ln-c1-fe,c09889bebcf9e008d366ceaae0e7c390d9b5e914866610045dcac77bae5ebb01,4c8c7e924c20b631e24c1be6c519de99e764bfb78eabed3c276da45d88535afb
pc-pc_quality_config-i0-ar-o1-ln-c1-fh-e27e60436099,pc-pc_quality_config-i0-ar-o1-ln-c1-fh,e27e604360993944305f0fb9cbe4ecd1cdcc4938797779588732540d695dc540,005d9ccb686e7965e3c29094cbc2c6cf81dc8d16c8e3b474f0a7517ca6a1428a
pc-pc_quality_config-i0-ro-o1-ln-c1-fx-118ffe5bd648,pc-pc_quality_config-i0-ro-o1-ln-c1-fx,118ffe5bd648b4e8492cde93252170122e24503e4074a614d2c243f66e0cad85,e8be961aa6f8ea4a0980f0b59e32c00ad4d1e72048b15c3b7c1730730fe10bed
pc-pc_quality_config-i1-ar-o0-ll-c0-fe-8cb18285a896,pc-pc_quality_config-i1-ar-o0-ll-c0-fe,8cb18285a8964f10aa834e9ec9724535b3cf8119afd20c7d3d23a74086979ebe,82fdae86e9d9c5566bc9f1d5847331a0a576faab4844afd959d9a767e2059427
pc-pc_quality_config-i1-ar-o0-ll-c0-fh-7a0cb765cdf7,pc-pc_quality_config-i1-ar-o0-ll-c0-fh,7a0cb765cdf75f0f0cc58560c95a8579b3ffa9e5da3f4855a6ac2ef4143541e9,20fbacbcc84ea3012cc3f338ed7b9ff52fd1f7ea4e5c9892deee08f76a7b6527
pc-pc_quality_config-i1-ro-o0-ll-c0-fx-0db3b4e49bc9,pc-pc_quality_config-i1-ro-o0-ll-c0-fx,0db3b4e49bc9f6a20ba876bb527e6e9ddef493c61d8188dfee2c559965ba7157,9940a65138c059eb5b89512381af3205d866299731356a5ef396720fd9fc2ed1
pc-pc_quality_config-i1-ar-o0-ll-c1-fe-e96b02a4bc28,pc-pc_quality_config-i1-ar-o0-ll-c1-fe,e96b02a4bc2835c1b5617a690a1ccebb88dcacb7634a83d27f49ffbac108422a,861e41185546a0d04e8bc883c66f4abfac9dfef3d3a0cce2ad41c19c550bc60c
pc-pc_quality_config-i1-ar-o0-ll-c1-fh-dfd43f5703c5,pc-pc_quality_config-i1-ar-o0-ll-c1-fh,dfd43f5703c5cad64e0d5b0db84390451aa3ff0a975085f6d015879441187943,3ef6eb1c152c070e1c69ef232f98d8d1a010a95348e9a478201c69b835b6ce2b
pc-pc_quality_config-i1-ro-o0-ll-c1-fx-65355a11d9f6,pc-pc_quality_config-i1-ro-o0-ll-c1-fx,65355a11d9f6a70a9d8bfe703daac3a5334eedd9fa10837807617da556ce89e7,2b38d0fc4156a1415daca1fac29d00e30e40aca6c93cabc5ace074cd2ada9d92
pc-pc_quality_config-i1-ar-o0-ln-c0-fe-7c1e7887b732,pc-pc_quality_config-i1-ar-o0-ln-c0-fe,7c1e7887b732514c5e0e1d5a7333df096e43492c7256ffd353bcb9468ad2eda2,ae02f284e6a7d400255bb13b524991248a63eb57b0555d5ee6c6ae4e20907d2d
pc-pc_quality_config-i1-ar-o0-ln-c0-fh-9928db77172b,pc-pc_quality_config-i1-ar-o0-ln-c0-fh,9928db77172be05ac5d67c6bb2c0fd65be182be1f4f5ee88139c60267b8f43c8,47162b91501a7af31efc3cd43da73f77feef18a5d891b877d92eb2cce9af8893
pc-pc_quality_config-i1-ro-o0-ln-c0-fx-8d4fce246052,pc-pc_quality_config-i1-ro-o0-ln-c0-fx,8d4fce2460520aefeda60b4e211284f413062a0c8dbe573cdcfac8ae06f97bb8,c845c89f694b56052eb7ddb6d515b0fcf2ad816c3a1ef6c869eba0d2d15e35fb
pc-pc_quality_config-i1-ar-o0-ln-c1-fe-0f829584c287,pc-pc_quality_config-i1-ar-o0-ln-c1-fe,0f829584c287701f059a1b7c65526c8191f8484fa0b6904e008584d7170a2a43,81e31378432cd5bbf1eadcdf534306505152ab32cfafdf64b00a35222395e941
pc-pc_quality_config-i1-ar-o0-ln-c1-fh-69586f5d82c7,pc-pc_quality_config-i1-ar-o0-ln-c1-fh,69586f5d82c74b40dd2f66c01775d62032ce6704e54b4210aa01ad7422f738c3,767497696be3822270c3ea7303683e3fdd1fe602bea9772dd738dfac9ad09cc0
pc-pc_quality_config-i1-ro-o0-ln-c1-fx-c920f4614abb,pc-pc_quality_config-i1-ro-o0-ln-c1-fx,c920f4614abb8b09a46e4f28a193a03a3e9f68b0010e8608c56ae192e3b738a8,e3f6b93acc14d80d7313683d2e873112f8045225548a189cac0a8a758879f9cc
pc-pc_quality_config-i1-ar-o1-ll-c0-fe-a7514a9b0dbe,pc-pc_quality_config-i1-ar-o1-ll-c0-fe,a7514a9b0dbe7a3436531b54babae5e0f52a306bae622ef8642fa029c2bdefd5,4618440760e38922310631cea8839b2788f0913e385212ca9bf1b7b80b027a86
pc-pc_quality_config-i1-ar-o1-ll-c0-fh-610ca75859fb,pc-pc_quality_config-i1-ar-o1-ll-c0-fh,610ca75859fb01b5549da21cd6f7ab4fa69d16f4c485a28ce6b217f359a69926,59564c807d62ba826d49f6870f850a03b4af251aa102fc082af25ed98ef01ea5
pc-pc_quality_config-i1-ro-o1-ll-c0-fx-a5c3398d3956,pc-pc_quality_config-i1-ro-o1-ll-c0-fx,a5c3398d39561217611119fc9239867a76eb0a80d54d171cbfdc3f23c6e8f88f,9fcf694d22afc7eb847f86dc7fcfc1e096978b3df4bee31f21cbbf442862d27b
pc-pc_quality_config-i1-ar-o1-ll-c1-fe-b7c4c7ac7f0f,pc-pc_quality_config-i1-ar-o1-ll-c1-fe,b7c4c7ac7f0f3a62395ec733c17fa7278c2d98af4905a1f82520a65408860551,eee6edf8c08c7d77cc5eba3e8b7ff258f2f27e7e66d1def827c447f083d1841b
pc-pc_quality_config-i1-ar-o1-ll-c1-fh-d2a6bd363fba,pc-pc_quality_config-i1-ar-o1-ll-c1-fh,d2a6bd363fbab0e3adb30c5fe7e564b610791f1a7c68334f97e95e55b972ebe8,3f4cc6e627faceef4745cdedf42035b0df682e351a4f8c4b2bb0dbbb5b2b56f9
pc-pc_quality_config-i1-ro-o1-ll-c1-fx-5e143c459db0,pc-pc_quality_config-i1-ro-o1-ll-c1-fx,5e143c459db027727cf732be0afd62f36c3ebf31c0a90e23a72c52f91489e12c,47b22d3f85b4febd782788d84b3db224591e0a59078eb17bd65fdd2166434a61
pc-pc_quality_config-i1-ar-o1-ln-c0-fe-464991c0ed3e,pc-pc_quality_config-i1-ar-o1-ln-c0-fe,464991c0ed3e0bc006114665f76323c9f9a98efbd53dc139735c4ae0ce495992,f97fa7eda1de579c0b15ee5c337670e9bc0070b29716fe44882ad5e12d16adbd
pc-pc_quality_config-i1-ar-o1-ln-c0-fh-bc88fd3002e8,pc-pc_quality_config-i1-ar-o1-ln-c0-fh,bc88fd3002e8b33bc4575981f0cfe4d5b0d3daee3a28aabed724e6ec760e091a,0c93667410bad2ec094a0a2bf31ff49c27f3956523540da381f1ebf87a9c714b
pc-pc_quality_config-i1-ro-o1-ln-c0-fx-c8f4d295708f,pc-pc_quality_config-i1-ro-o1-ln-c0-fx,c8f4d295708fb09408793163e8d543869e88075729295fa804ac3cd860dc6f96,26a639c5afb1e7626ef08762bed12718f0dae061cd7480088db17bca65eb3681
pc-pc_quality_config-i1-ar-o1-ln-c1-fe-97ab8eb6ab02,pc-pc_quality_config-i1-ar-o1-ln-c1-fe,97ab8eb6ab02eb69c82dee086fdb05ad79950d1f16584537f56ec2ed6720da51,ebff1818e1f025171b8619600ff124d915c32b0f919278215734e881a99696fd
pc-pc_quality_config-i1-ar-o1-ln-c1-fh-f0f9b7125e41,pc-pc_quality_config-i1-ar-o1-ln-c1-fh,f0f9b7125e41a7c248b693b57628bcecbb2e32695c21ca0e28a8f96786690832,8a3d3de512e6cb35a52ad304093282ff8ae8877acaefd4ed60049bc58e1c4d9d
pc-pc_quality_config-i1-ro-o1-ln-c1-fx-358344f07a2d,pc-pc_quality_config-i1-ro-o1-ln-c1-fx,358344f07a2dbf2f285c7d911ed7bd321d690074cbc80157097b9aa1f91f6fae,094d7e53fb9a4e8640c1a96352d130ec2bd16e25c32b237cef11547cfff94aed
pc-pc_quality_config-i2-ar-o0-ll-c0-fe-d82faa5c8216,pc-pc_quality_config-i2-ar-o0-ll-c0-fe,d82faa5c8216b6959eeba4e3c4f5d7ccfe1861d82ecc194d0a1e9556f773d21e,dd472fddeda2d5b860b5656f253025743da21d63d3f1dbb4edb28b4e87618208
pc-pc_quality_config-i2-ar-o0-ll-c0-fh-cabb4478c04e,pc-pc_quality_config-i2-ar-o0-ll-c0-fh,cabb4478c04e6aa0ab71186bdaabdd4c97d4dd2a43306b044df5fc995fc0f672,538579c5785fc1112ad78a599c2c961968075542c9452f977d59d8d3c0253c07
pc-pc_quality_config-i2-ro-o0-ll-c0-fx-e0048b490de4,pc-pc_quality_config-i2-ro-o0-ll-c0-fx,e0048b490de4b3c248a514a212f01d8aee662db7d2e1021217c59166e50f9667,3290c0c1338ecd4a7c498b555426e829e08303641d51ebe2d020cd31b4d19ca7
pc-pc_quality_config-i2-ar-o0-ll-c1-fe-b044aef62d0d,pc-pc_quality_config-i2-ar-o0-ll-c1-fe,b044aef62d0d68890794abbd0f2394d389a05f2156ee977cec45eefb946c2f9c,d82396670035d35e342ae4c135e51cb1fa51200bdd93f216bc82ac138ebc6f0c
pc-pc_quality_config-i2-ar-o0-ll-c1-fh-f4a30c52c00b,pc-pc_quality_config-i2-ar-o0-ll-c1-fh,f4a30c52c00b8de53a0334840133a2a33349fd9960f4494e89c2ac11329d4748,b6bc806e3e174ba9ade45c08664880176526832f6a076999ebd19bf3b27812ce
pc-pc_quality_config-i2-ro-o0-ll-c1-fx-2a907a0a8da2,pc-pc_quality_config-i2-ro-o0-ll-c1-fx,2a907a0a8da2e38147471100210bd1348807ed5d6c443f2b3816603000ebd3ee,cdc00e9a230a3e3a4c18658052a5b6a3ba34be48e1802c5bf9a96705af77bd5d
pc-pc_quality_config-i2-ar-o0-ln-c0-fe-18ee986f03db,pc-pc_quality_config-i2-ar-o0-ln-c0-fe,18ee986f03db82054411fa55895adcff992db58e4cffce4096b0a57f158c45b1,13c3020af71412ff4e5a84fc222cf9e82ec241f3c509c61016abf31a754acd88
pc-pc_quality_config-i2-ar-o0-ln-c0-fh-face0d236ffd,pc-pc_quality_config-i2-ar-o0-ln-c0-fh,face0d236ffd1bab1c3b407de646902b5291377c91336de18e4894c1915b8825,e6e49ad32342d02c31c95bcc65739ba338014d8ceac6f2d186a7aa24c36762fa
pc-pc_quality_config-i2-ro-o0-ln-c0-fx-763e36e1d2a2,pc-pc_quality_config-i2-ro-o0-ln-c0-fx,763e36e1d2a2d2bcb1a55e515c7f62311d47e459013b47077292cdc475d39487,b1828bf6a7a747570b28723479755e3271bb5105ae2de59f010924ada51a7b9d
pc-pc_quality_config-i2-ar-o0-ln-c1-fe-6b3bd66c01fc,pc-pc_quality_config-i2-ar-o0-ln-c1-fe,6b3bd66c01fc9b5c26808354f6428e571d58008bf1e6f967088b72bc8021f873,6ae2a746d0e948cf13c290b23eab82a77ac5f8997878d6b5a50f430b838cd8cc
pc-pc_quality_config-i2-ar-o0-ln-c1-fh-d366178c619e,pc-pc_quality_config-i2-ar-o0-ln-c1-fh,d366178c619eb9495afbe1d942ed6877305bc4fdaebdb93fd4931001ca88f05f,9ccf88ad51561885ef056a616128aa5ee1a7aa4b6cf86be271c3b58ba254b54e
pc-pc_quality_config-i2-ro-o0-ln-c1-fx-b045636e0725,pc-pc_quality_config-i2-ro-o0-ln-c1-fx,b045636e07251af0b4ae7da38e93ca50ef5a95fb15036a6919b830f07c34b2f5,254e0116a21e3bdc9d7dc9db1dd8ad342bf239e6d94bea22c013955cfcd5153b
pc-pc_quality_config-i2-ar-o1-ll-c0-fe-43ed008fb0e6,pc-pc_quality_config-i2-ar-o1-ll-c0-fe,43ed008fb0e6ffe98b57c34dd3ff84cf9d09070683cfc53f4dde2997f532132c,9c363806f079f3653776a80b9a62dd6daf98413a8ef6b157ed5f3347bb331839
pc-pc_quality_config-i2-ar-o1-ll-c0-fh-08b2ab7e2136,pc-pc_quality_config-i2-ar-o1-ll-c0-fh,08b2ab7e213653adaccd21bb401a2a1d5201cb4676ff1154869dba58d87dab21,b122bd5ba563e8db05afa871f15c4d78327fc41daafaa69cd76557af96402cc3
pc-pc_quality_config-i2-ro-o1-ll-c0-fx-d82a7e2b5521,pc-pc_quality_config-i2-ro-o1-ll-c0-fx,d82a7e2b55218413bdd11066de929070a54dde20938607334349e2ffe98a3b48,6c2970881343b7caeb198a8d1318d6339fa52c45b65bfe5af3f149deb2f0365b
pc-pc_quality_config-i2-ar-o1-ll-c1-fe-59af72803cbd,pc-pc_quality_config-i2-ar-o1-ll-c1-fe,59af72803cbde6bb06e29c9fcf3be1ad834d834bea320883684430dac1b151a5,4e2bdccbf20d305a67d598ac6f8a07c7a67724ea20e2507cb3557de47a94a732
pc-pc_quality_config-i2-ar-o1-ll-c1-fh-1ffda6cc0cc2,pc-pc_quality_config-i2-ar-o1-ll-c1-fh,1ffda6cc0cc2eae89f003d85a4364231c64a00221dbc90606275d0b95b75931c,86fc9457fd0ee30f587e72a0d12afe4e8f90b8c58886ef08db5444b739bc07ea
pc-pc_quality_config-i2-ro-o1-ll-c1-fx-699a50a2c1a9,pc-pc_quality_config-i2-ro-o1-ll-c1-fx,699a50a2c1a9e95e7874053459708092962df2a551371e82496978df8553b18c,eacb1098ec7adfa7eeaed8b4741523b23d5998956517ed1e542481ed1c6dda9b
pc-pc_quality_config-i2-ar-o1-ln-c0-fe-bf6e1176585a,pc-pc_quality_config-i2-ar-o1-ln-c0-fe,bf6e1176585a54df47e39217c0aba3da4dabd51ee10c8f72e1b1d4797aafd998,3337b1cfc78e0ffb7630ac4d31bb1dc951a5dbbc0a148f696b42ef04e18ef91f
pc-pc_quality_config-i2-ar-o1-ln-c0-fh-b1d2a11cf891,pc-pc_quality_config-i2-ar-o1-ln-c0-fh,b1d2a11cf8919990f050af94045a00909100ceac8457434049eaec8e9f17767e,77254adc556b194717ec61ea059216177be4ac3689b290dbc448a69bccbd07d3
pc-pc_quality_config-i2-ro-o1-ln-c0-fx-44f7f8810f0b,pc-pc_quality_config-i2-ro-o1-ln-c0-fx,44f7f8810f0b19ff0123a7b070b86f675b928b2dc8fdbdba6515eeefac1fc50b,3ed636d2293b86c1310213d604a2e5244edbc9875fe4fdc499ca10df1447c852
pc-pc_quality_config-i2-ar-o1-ln-c1-fe-b373671012d7,pc-pc_quality_config-i2-ar-o1-ln-c1-fe,b373671012d726d0eff8a577114add72c99bfc0e99e8e302167940b7da2ffc60,687f9887e67d72bf0eae2506a89bd0ae5b33b3169dba45d1a2026bf26915c32c
pc-pc_quality_config-i2-ar-o1-ln-c1-fh-f2ef3d6f1ec2,pc-pc_quality_config-i2-ar-o1-ln-c1-fh,f2ef3d6f1ec2ed6f07f4dad1e1bbb532d2f147d6a8cc0ea29d5746693f336d70,fb22aef7e81b30861cc63bf880f85277340c7d0f7c29ec78aa9c29e9f26e4ae0
pc-pc_quality_config-i2-ro-o1-ln-c1-fx-65582142aeb0,pc-pc_quality_config-i2-ro-o1-ln-c1-fx,65582142aeb0f2b7951c4e9ff76ca5a301b6c04b89823764a72177c2a5243526,88741b83f530f68531f899fe0237398153b24896e98f12e685214c4d6d6ee40c
pc-pc_quality_config-i3-ar-o0-ll-c0-fe-37b6e8228334,pc-pc_quality_config-i3-ar-o0-ll-c0-fe,37b6e8228334a05844eacca206c309f62a5161996df135ba16c0b09a05eec9a2,a29f575e241402672457aaf28cd6638d3fa606b8b175887cf85440d634d35d12
pc-pc_quality_config-i3-ar-o0-ll-c0-fh-4cd27cfc54ac,pc-pc_quality_config-i3-ar-o0-ll-c0-fh,4cd27cfc54ac60e5619e9f0dbd640e897a37558423914bdd3166de171ab4b2db,6b12626bf9f70f9e32873bf92b2d5a9862126bf77f112bb6c56b414d90850c2a
pc-pc_quality_config-i3-ro-o0-ll-c0-fx-b2f862191ab1,pc-pc_quality_config-i3-ro-o0-ll-c0-fx,b2f862191ab12b25445daed8494d4fcf7e28f9e3114ffd9e3fb0e7dc9eb8d337,7f7d3af2cb8de5506a47d0101dd231aaebc7eaa77c4ea1b7c5b9229f5b168c79
pc-pc_quality_config-i3-ar-o0-ll-c1-fe-c4c0ba2a8a2c,pc-pc_quality_config-i3-ar-o0-ll-c1-fe,c4c0ba2a8a2c593dbc02790ed9e104e97b4a3cd4aefb0e220c69e1590a08636b,4277561dcd4681bf41db037d1020d82beeced7fee14cf39940b004339b99b4f5
pc-pc_quality_config-i3-ar-o0-ll-c1-fh-289a1f1581e6,pc-pc_quality_config-i3-ar-o0-ll-c1-fh,289a1f1581e63a27298d63982c2e0727db75151e4c5e7056957fc81563fce039,75a15dd5806c1415f494e482c92482db78ed2771c5dfab0bc0859a06089f0790
pc-pc_quality_config-i3-ro-o0-ll-c1-fx-d9958b405955,pc-pc_quality_config-i3-ro-o0-ll-c1-fx,d9958b405955902cb4e1833eb82de0143a577beeb2e16d88f58650e1037bbcb3,2c8ce8fbc546613cca79cc7f82455c06d3565483f080b13b6286ae9a28ca941e
pc-pc_quality_config-i3-ar-o0-ln-c0-fe-198bbebcca57,pc-pc_quality_config-i3-ar-o0-ln-c0-fe,198bbebcca573e0a24081960f0101bd563324fd0f91a1da073e13252d509f30b,1e3a48861b78136d21ff76b80f90c8f2bea6a5a1132828c19b384ee43cd2cb8c
pc-pc_quality_config-i3-ar-o0-ln-c0-fh-d956e8e8a943,pc-pc_quality_config-i3-ar-o0-ln-c0-fh,d956e8e8a94360bbb09e7e3f0d1098864b88505cb19d27830a49e59bdb838bf7,ef35b35f9fb9e4ef55ed9f2138e348ab495a183f52f056ce228a16e8b469d375
pc-pc_quality_config-i3-ro-o0-ln-c0-fx-aab18082b753,pc-pc_quality_config-i3-ro-o0-ln-c0-fx,aab18082b75382d5ca31d49c4dc9267a00796df48458d74696a3a042cf9d837c,ca783cc17b4186ce74893de6b1a78433ef109136137d99446ec5aa8c03e163c1
pc-pc_quality_config-i3-ar-o0-ln-c1-fe-07bd195420d3,pc-pc_quality_config-i3-ar-o0-ln-c1-fe,07bd195420d34d4bc9816151be47dd2e796e0a6f035c99a4840a0c36ee56c788,581d1385e11d6304583416d8f1e5e302e85e70a7f3302b356da18abc72b6154f
pc-pc_quality_config-i3-ar-o0-ln-c1-fh-22617e9b7660,pc-pc_quality_config-i3-ar-o0-ln-c1-fh,22617e9b76605c5a2a8f72a27f92af6822b1ee8d152c6b4539e14bdd8918ba28,e0f45ed2eff173c7614856dd3195d2c8ef3acdfd0fa509063dd251bcd92415c1
pc-pc_quality_config-i3-ro-o0-ln-c1-fx-b8044b4686a9,pc-pc_quality_config-i3-ro-o0-ln-c1-fx,b8044b4686a966e04f0519cca6d90b8742dce4bc5888852456f1b59fa55582ea,b66d4d2c5fb5cb640093ce942db5d90ad008c85a16a6f3cffe3835335403ee77
pc-pc_quality_config-i3-ar-o1-ll-c0-fe-b7b2901e03d7,pc-pc_quality_config-i3-ar-o1-ll-c0-fe,b7b2901e03d7b42bc97fcda54ec27fc74e1d851940414cd69bb8dc960be1d16c,804b28a93ced130d08bb6a7f69dccbeb7e85584e7dd25d399f32e527d84099d8
pc-pc_quality_config-i3-ar-o1-ll-c0-fh-bf6f1543b51f,pc-pc_quality_config-i3-ar-o1-ll-c0-fh,bf6f1543b51fd45403afd8661949ceaa24eacd7a98d2802f48dbba73e454e5bf,29f76e2ac3d75b1c05b78a4e7f80cf1b63ef51fc3d6d4b313e1fb4e8a0f9817e
pc-pc_quality_config-i3-ro-o1-ll-c0-fx-bc0a00c06642,pc-pc_quality_config-i3-ro-o1-ll-c0-fx,bc0a00c06642cedc4a463ff0a5e90760c90ae91bd06885e19e705fa0f02ddc82,995f76cc078d21891e3506781a44b56b2465bd698d765f13447324e1276b3663
pc-pc_quality_config-i3-ar-o1-ll-c1-fe-7ade442c6692,pc-pc_quality_config-i3-ar-o1-ll-c1-fe,7ade442c66925b49d5844e4b00d30fdf8995cd85d41f85ea5bfa1c9b84e70c95,1bf88245af9a46a8155bf84b301cab8eb2fd52c42079d51b5796ad541335b74c
pc-pc_quality_config-i3-ar-o1-ll-c1-fh-cc0863a9a7bf,pc-pc_quality_config-i3-ar-o1-ll-c1-fh,cc0863a9a7bf11d628f4dd324386e77ab2fbc005b703f151fececd0abb9ccca4,92c8d77c8d1da63b4613a7850adb5ee613380e4a8ac71bfa11fbc917e3e3a31d
pc-pc_quality_config-i3-ro-o1-ll-c1-fx-abc9f6400163,pc-pc_quality_config-i3-ro-o1-ll-c1-fx,abc9f64001634a034d1f2bb1b69c13579a35388b4a89b502caeb9401d9eb1b18,32f646e1f1c8254d43c6e7cac08371c0298966a85008c32d836d1eeb88e6e481
pc-pc_quality_config-i3-ar-o1-ln-c0-fe-776a47d81fe0,pc-pc_quality_config-i3-ar-o1-ln-c0-fe,776a47d81fe02684f270cbb63249441d56db56d984c8ef6cdac5bbf71ef8e72a,5b390f528ab40748b14c2d79d6bbacdb5e29b06a2712d867a5e4123d623609a3
pc-pc_quality_config-i3-ar-o1-ln-c0-fh-2c3c6ea45c5e,pc-pc_quality_config-i3-ar-o1-ln-c0-fh,2c3c6ea45c5e88a9ce38fa77d3374bd78a8365c14b18411e19d272682bc068ad,b5f30380cb5d4035adf3692d0151aba467c9963409d543d326ac0b95d3206a48
pc-pc_quality_config-i3-ro-o1-ln-c0-fx-c8969eac44ee,pc-pc_quality_config-i3-ro-o1-ln-c0-fx,c8969eac44eeeaf29b54f23da49943f3cf064430b44d779a3623a258c6c8909e,223f79e45ff7be51fade43e9d68a13a74c038df042fb558ab53550a4c1dac454
pc-pc_quality_config-i3-ar-o1-ln-c1-fe-62d92fba6d1e,pc-pc_quality_config-i3-ar-o1-ln-c1-fe,62d92fba6d1e2465bc3234acabab348f4ae79f166a3b74133466fcc2972b1be0,9fccd0fb6045fa70271fd4fa38ccc324abc3573772243556591230850d77201c
pc-pc_quality_config-i3-ar-o1-ln-c1-fh-0d5213c963b6,pc-pc_quality_config-i3-ar-o1-ln-c1-fh,0d5213c963b622e56f8096bf9970d91bc4273bf6a679a9e27b05fdd4286ec168,9ae4a3635dee6b076570d9f03c8269a29a4ae60567a6cd0328b51f4126ac75a0
pc-pc_quality_config-i3-ro-o1-ln-c1-fx-07aa19548ee8,pc-pc_quality_config-i3-ro-o1-ln-c1-fx,07aa19548ee8e146a4480731d5ab60e3a64beabec818c0023f8b87b807bd3cae,b1712fdfd85b1e9877ca06c88703c6b2bfec99dfe7a3f289958dad7af9ccf4ef
pc-pc_quality_config-i4-ar-o0-ll-c0-fe-d44cc5d2a1c9,pc-pc_quality_config-i4-ar-o0-ll-c0-fe,d44cc5d2a1c99e799dbd7d5a03d73962f47c81a60ffe0c26f23d43a895aaec55,a3c8c0bb391f7d663bf555b3ee07d2b377047e88a126f865f46f9ad659e20a51
pc-pc_quality_config-i4-ar-o0-ll-c0-fh-748ce518726f,pc-pc_quality_config-i4-ar-o0-ll-c0-fh,748ce518726f6a75cfd0cdbdcc57bdab7c12b16f8dd5db9f21617f7496b29c61,c548a613b2c5cddb0659ea5655cbf7b4413a5a3e1c332182937bf4cfef10219e
pc-pc_quality_config-i4-ro-o0-ll-c0-fx-b467f5292f4d,pc-pc_quality_config-i4-ro-o0-ll-c0-fx,b467f5292f4dfe0493e96c969d79d5e2fb99ac477c99f1c538d9a6586357cdc6,e2a2e22ec90a515c3315213f982b210300e4c59c3be9a4116d25571602b9c598
pc-pc_quality_config-i4-ar-o0-ll-c1-fe-562950fd744b,pc-pc_quality_config-i4-ar-o0-ll-c1-fe,562950fd744bc5c8e8e19b8be6eb31e1263318f43ef8a0aa5f568538a19a34b1,dc2e89b3e65a4d5cac8672ddcc5a70c2f54e966e187b92bb70aa56aebac08523
pc-pc_quality_config-i4-ar-o0-ll-c1-fh-27293beba19f,pc-pc_quality_config-i4-ar-o0-ll-c1-fh,27293beba19f732176be53dfc22abbab6af20d1c7dab69f9f7741af0adda1386,779b52edccfdfc9b1f1d5ede4a1d924e87e4ef39b8ba04f1bb5285fd80d07670
pc-pc_quality_config-i4-ro-o0-ll-c1-fx-e54229e7fb78,pc-pc_quality_config-i4-ro-o0-ll-c1-fx,e54229e7fb7841644d4c124ac04ecfe34800209f99f97037574e4e3e3b62d8a8,be4727ad634ee5f1c897637f50320fb3a1be9a85a91c919754dd3245cff7e6e8
pc-pc_quality_config-i4-ar-o0-ln-c0-fe-f4cdf4b7cf6f,pc-pc_quality_config-i4-ar-o0-ln-c0-fe,f4cdf4b7cf6f7fea245f551af038d899115193a7738abc7d1eb3ea9868b6b663,88195eb9f91c0a9c6431d80859421d3cb0c13b44b14e4963beb7dbfd2b104c2b
pc-pc_quality_config-i4-ar-o0-ln-c0-fh-e75eecf4c17f,pc-pc_quality_config-i4-ar-o0-ln-c0-fh,e75eecf4c17f8d2d06d484715ba65b7b900da5e5fe1e07e4e15c267507352590,225226aa974d760ff4e70b7272c5c3c6fcf9d224ebedbaced53549050d88fd8a
pc-pc_quality_config-i4-ro-o0-ln-c0-fx-a0dbd580400b,pc-pc_quality_config-i4-ro-o0-ln-c0-fx,a0dbd580400b1f15b363eb526bec8ccc7d3cec6b7b6600451bbbcca4d9349a22,ce99e6be28592c3dd4c154e5bd2c2c8d9cbef700447e0c71602b50db2bb2cb59
pc-pc_quality_config-i4-ar-o0-ln-c1-fe-583fcc4f3fc4,pc-pc_quality_config-i4-ar-o0-ln-c1-fe,583fcc4f3fc4039a1f4c0d44422f57f4f2e84ef4a001f3e706b50313658c47c9,ff4dad805545f02cdc003a17f7b18a3e35439b6c5923a60145a8ef5e0c737ed6
pc-pc_quality_config-i4-ar-o0-ln-c1-fh-bcabb970bac1,pc-pc_quality_config-i4-ar-o0-ln-c1-fh,bcabb970bac10fdf30fbfc5b79f4e55b94b3c9670ecb21f9055e947f016a3ba9,2bfb9ec90449a4f1d6d29b9001b15fd695fb5b5db4568e4a5552682eceacfa92
pc-pc_quality_config-i4-ro-o0-ln-c1-fx-aa755780a1cc,pc-pc_quality_config-i4-ro-o0-ln-c1-fx,aa755780a1cc75b5cc22a75554f4781cda92a20e1a833bc60d525cd0473aa148,39ec65d11784993d0e492001cf11c05098e84ec155aeda72dd0137820d45a19b
pc-pc_quality_config-i4-ar-o1-ll-c0-fe-5be1a42f38dd,pc-pc_quality_config-i4-ar-o1-ll-c0-fe,5be1a42f38dd57a7adc28d4bc4e25c0f7554a47a226462bd148e600cd48333a9,6031f37564bbf72713c9058a62bd2f36f2e787e41bf1063c481b2913e7806410
pc-pc_quality_config-i4-ar-o1-ll-c0-fh-ac6527d8ed86,pc-pc_quality_config-i4-ar-o1-ll-c0-fh,ac6527d8ed86c888ed9831eee568c2046fc1858f2c9984993b3cbc4ce3a6a2a1,85f8268051bc39297b487f6697ef45eb3cef799398e5825ba62a6aeaa15c92f0
pc-pc_quality_config-i4-ro-o1-ll-c0-fx-5cb2b6b5f6c4,pc-pc_quality_config-i4-ro-o1-ll-c0-fx,5cb2b6b5f6c4d78e0d245227cf4e420773b55a6197a5a8cb7f3a670ef597a1fd,ace88080ef8d36e8c7fd745703485494c140dc390823d533dead0f83c29f1c07
pc-pc_quality_config-i4-ar-o1-ll-c1-fe-4844e4b1dfe5,pc-pc_quality_config-i4-ar-o1-ll-c1-fe,4844e4b1dfe5c19fa7aaf4c79c6169fb8e279ec7352d39d5408581c0a2b6c0af,abc1ea8f1488a2b976bfcf24b68e056cca6c99a03fb335d8410b36efbd979538
pc-pc_quality_config-i4-ar-o1-ll-c1-fh-85769dd9f784,pc-pc_quality_config-i4-ar-o1-ll-c1-fh,85769dd9f7849dc4e6ce0919402ab65311b4c6026c3465e1b4bc370e74d1e5e8,f2d87a6d713cf933f5525da7ad5f7fa0a817133026eaa5c39d40ca42e5cc173d
pc-pc_quality_config-i4-ro-o1-ll-c1-fx-47212c0f6e3b,pc-pc_quality_config-i4-ro-o1-ll-c1-fx,47212c0f6e3bccd7d4fd1897a22fb2ca1a7abc3808e5eeb8f088545eba6816c6,7a9ee5ee0a85ad4ed035baaefaec8b599b2ce0fca993955e90ec50f133f184de
pc-pc_quality_config-i4-ar-o1-ln-c0-fe-a1d283443370,pc-pc_quality_config-i4-ar-o1-ln-c0-fe,a1d2834433709559ae195335fc9f093a40bda9b782e2f988eea67229780d9a9b,72aa46c74da9ba57020df26a7f50146e4071b6f6b23c48b51449b9964b55f5a8
pc-pc_quality_config-i4-ar-o1-ln-c0-fh-fc7ef5f8049a,pc-pc_quality_config-i4-ar-o1-ln-c0-fh,fc7ef5f8049adc77870dfc5f8cc9e6cad61f75d7d281b009827dc9ea6cfcc720,a4b935c361c305f16e8f67b1d44226a795fc73cc7dd30abeb53748e3dc9ddd01
pc-pc_quality_config-i4-ro-o1-ln-c0-fx-8a4e8a3a2584,pc-pc_quality_config-i4-ro-o1-ln-c0-fx,8a4e8a3a2584b438aafccc44a8bd97e63dbb889455c472a8087f0a88a389eb72,27c2b81f3a73deec406379fab16a366349e407d3a4e06cd8ab3d1a461dca75ac
pc-pc_quality_config-i4-ar-o1-ln-c1-fe-5bce7a81e4d7,pc-pc_quality_config-i4-ar-o1-ln-c1-fe,5bce7a81e4d7bcefc0fe4c8ce1b8263112c21239343f2b076c9610aadcaaa8d6,4373da411529c820c48b2562914140c2b8c06d2df1033a335a22b473c8691172
pc-pc_quality_config-i4-ar-o1-ln-c1-fh-88c295782036,pc-pc_quality_config-i4-ar-o1-ln-c1-fh,88c295782036237c31c1c120fb75e2d236a899d90f8516383569b840629e30b0,fda3e38ad01b0cc673c1445b770de24d9084e32f0afbc5a46b52073f58c553b7
pc-pc_quality_config-i4-ro-o1-ln-c1-fx-300a2c5f4796,pc-pc_quality_config-i4-ro-o1-ln-c1-fx,300a2c5f4796e7f84709b1b1040c1c772c49d02adc06b38059bc2ec40f726b8f,0db3b52678a30eea6b6a6b3d298f127fa9203697d7d7605af4e5449c4bd5ced6
pc-pc_quality_tests-i0-ar-o0-ll-c0-fe-752c76e594c7,pc-pc_quality_tests-i0-ar-o0-ll-c0-fe,752c76e594c70996eb15fc899ae5a7776b4a1a3417af81b939a9f13f57aaa5ff,c528f7d784523198eabcd64fb7661c4d2db98a9d0d19acd20a06c0a9e17a8be4
pc-pc_quality_tests-i0-ar-o0-ll-c0-fh-6f80ec4464b2,pc-pc_quality_tests-i0-ar-o0-ll-c0-fh,6f80ec4464b2475abbbda03b8f4584bf39c343cca866c549aef6ce15115bf42f,07465e60b6c186b10dbcc15ddab8f25c8e5db5ba31e6c5214e7505d8a8fa81ea
pc-pc_quality_tests-i0-ro-o0-ll-c0-fx-86ddd75d8a97,pc-pc_quality_tests-i0-ro-o0-ll-c0-fx,86ddd75d8a97928ace409d4709e386b99d291caa433e4264698050996e8cf6be,0b89cf120148e324b23fd411e5cc3638fee296cc08f9d682534faacd4726a73f
pc-pc_quality_tests-i0-ar-o0-ll-c1-fe-9d6864ead571,pc-pc_quality_tests-i0-ar-o0-ll-c1-fe,9d6864ead571e235eaf98a1db55b9e4d1a1b028f5ffc69273de0f1840d5079ed,9770fd9c637b609298c16cbb39505800c33d35e9fa43ae6361f5985824300754
pc-pc_quality_tests-i0-ar-o0-ll-c1-fh-15ecaec394bf,pc-pc_quality_tests-i0-ar-o0-ll-c1-fh,15ecaec394bf100599bc3938dea5d5108081e57dbe74ecc36a54c275f360f630,1178e825061f12560be87c2f410de0d77a261197de05268a1a1c8f4ce476613c
pc-pc_quality_tests-i0-ro-o0-ll-c1-fx-9c3374d1e7e0,pc-pc_quality_tests-i0-ro-o0-ll-c1-fx,9c3374d1e7e05175fdae68dbba4fe3081a62447cbaff7a931f475286a3d23968,7e8b6db8f4146adc54c0f7538a13a75e159a1815190662d3c0380507f6305dc1
pc-pc_quality_tests-i0-ar-o0-ln-c0-fe-d695881de0f8,pc-pc_quality_tests-i0-ar-o0-ln-c0-fe,d695881de0f8e5d74214ee14831341b1b56da5e09a8d2c9d8dd4c4aba990b8a1,84969108737c9b97d3d7e6b8939368d60d80943cedde6fc56835ae1b037449ec
pc-pc_quality_tests-i0-ar-o0-ln-c0-fh-2b6774979a8a,pc-pc_quality_tests-i0-ar-o0-ln-c0-fh,2b6774979a8ab775db0cdaa2d4c988e381db6062629b5745750fc110a7016274,43914f2ef46f19a4db3058cbc52e2aedaab232c25d9393d5fa572a37f9be8ed7
pc-pc_quality_tests-i0-ro-o0-ln-c0-fx-d2087f6a4698,pc-pc_quality_tests-i0-ro-o0-ln-c0-fx,d2087f6a4698a1baacfd6b7a6c1af86883d3263d649c586f50ca9fb3c630369a,9c735b3964eda7b61f119e95901f51d5a24ed085ce076087f54b198dbd5f4c69
pc-pc_quality_tests-i0-ar-o0-ln-c1-fe-1d459f95a3d2,pc-pc_quality_tests-i0-ar-o0-ln-c1-fe,1d459f95a3d208aadd7857e2004f04211470f4057f8a9afeff60454580f7fe53,513d003cb0290562534befd1963012e2a40890d9eb702cb2e72613c139859a37
pc-pc_quality_tests-i0-ar-o0-ln-c1-fh-3871fa10ffc4,pc-pc_quality_tests-i0-ar-o0-ln-c1-fh,3871fa10ffc45cfff4bb7f6aca71c30ca92bb6c6abce9cc70d7efbbf02c46222,3bb6d625a206ca7940f89466e5b6bb006347059cfc7b30a749455c52c7859331
pc-pc_quality_tests-i0-ro-o0-ln-c1-fx-4e01b87ea03b,pc-pc_quality_tests-i0-ro-o0-ln-c1-fx,4e01b87ea03bb41505f3f04a8903dda172941616341c17308bc29dcef2505340,f3ff635a103f46de205b8346b57173459834829630f2225b3a9028ef9e55a36d
pc-pc_quality_tests-i0-ar-o1-ll-c0-fe-430afce18b60,pc-pc_quality_tests-i0-ar-o1-ll-c0-fe,430afce18b60c13eeeacb442299200b575472fd10af1ba3a87c07277eeef0706,3bac88c6e725abbe097463092e631e65a241b69eee51c8b5b1d144b8e6d87d49
pc-pc_quality_tests-i0-ar-o1-ll-c0-fh-aee52d1d60c5,pc-pc_quality_tests-i0-ar-o1-ll-c0-fh,aee52d1d60c51e271014d721ade9506cd2bdd9f974253d48b9da5475f3c0c09b,61cd11359f2635e019d638585a56966f8fc166aa75c3c5ffbf720e4600bf931a
pc-pc_quality_tests-i0-ro-o1-ll-c0-fx-76df76fa1f5b,pc-pc_quality_tests-i0-ro-o1-ll-c0-fx,76df76fa1f5b96626ade4c1b679f8618086eb6e15ee629f2b3e52147aad85501,170e100c4e8166040446af3245bc071cc13313d5db3f70b3e2844a9f0ad00c30
pc-pc_quality_tests-i0-ar-o1-ll-c1-fe-7ef2a8512d11,pc-pc_quality_tests-i0-ar-o1-ll-c1-fe,7ef2a8512d1122ec717569e7915762ea6088664db94a5da9b262c8cf7507df29,47b0f8518458c31651a7e0e89bf5f33874619647754884672f177521ac0d7096
pc-pc_quality_tests-i0-ar-o1-ll-c1-fh-650a25133614,pc-pc_quality_tests-i0-ar-o1-ll-c1-fh,650a25133614cc6d43b21310a0aef765cbcae9f390ab61d52851b2ca374983df,ad65e9d7536f0bcbcbdd3baac7e78516c9e7ced7e6edd0ad3ccacc6222937010
pc-pc_quality_tests-i0-ro-o1-ll-c1-fx-f169b09aa12e,pc-pc_quality_tests-i0-ro-o1-ll-c1-fx,f169b09aa12e7b9435b3d266cfbd75943a36f2dccd754c766be3e35efce6cb7d,5cc29b81af5092a34ace68be2ae5b030ec8ff30b382f7def6d669442226a3da6
pc-pc_quality_tests-i0-ar-o1-ln-c0-fe-7ce28750cb31,pc-pc_quality_tests-i0-ar-o1-ln-c0-fe,7ce28750cb317eeeab7c281b6dde41e11d211b989950ce3e306f793e79239c4e,5ae861b8a4fb0551a21123b52fb96251f1f36860a4b6489c93032d122534626b
pc-pc_quality_tests-i0-ar-o1-ln-c0-fh-8d610a68ce15,pc-pc_quality_tests-i0-ar-o1-ln-c0-fh,8d610a68ce15292abe8bad2dfbad6e25fc117a8510e901255c9f17d9d93c590a,0df303aa36ae156062e66b8f2c7a21654809c8b7b54e88a190acf4e8bc0d33db
pc-pc_quality_tests-i0-ro-o1-ln-c0-fx-385dc7666dc3,pc-pc_quality_tests-i0-ro-o1-ln-c0-fx,385dc7666dc36aad3cb07ab1abf9924a8722e68f5b149b7388e4746e720e1c97,e569102010d9915198e797c57232adbefc2e3658437a89f499e05f6a37c39854
pc-pc_quality_tests-i0-ar-o1-ln-c1-fe-8c80fded40b1,pc-pc_quality_tests-i0-ar-o1-ln-c1-fe,8c80fded40b1dbbb1668aa607174f4334e8b4d5d253e4e1e6c40c3d773953569,3616f3129cca1e5e956466e157f18a64f088abaf4b85aed6ca4b3ceb0e0ab3f6
pc-pc_quality_tests-i0-ar-o1-ln-c1-fh-9a9dd0695dac,pc-pc_quality_tests-i0-ar-o1-ln-c1-fh,9a9dd0695dac047c26210c3aae51cd77a679d9f6429391c30897f6b314459071,ef302df4263bae9c3e1845df68a6acc0e0138be8c9d087311db991b40e2f3254
pc-pc_quality_tests-i0-ro-o1-ln-c1-fx-f25c0a7001e0,pc-pc_quality_tests-i0-ro-o1-ln-c1-fx,f25c0a7001e079bf14185555657f2a9efc3d2c2df6dc5818c359f2401c84d0d6,8b7bbd455ac418663ef7940acba552c7fa865634404c1690d492e75cfbc1af5f
pc-pc_quality_tests-i1-ar-o0-ll-c0-fe-c78d4b3c437b,pc-pc_quality_tests-i1-ar-o0-ll-c0-fe,c78d4b3c437b8af66ac5a25a650f17e655e4b5797803cc7ba1d18597add12bcd,fde6b0a116ba8d4a950ed5ba2494d93a691acadfb93952a428e112450bdc4697
pc-pc_quality_tests-i1-ar-o0-ll-c0-fh-bfa077852e67,pc-pc_quality_tests-i1-ar-o0-ll-c0-fh,bfa077852e67e4e6bf8a5cb8af39977454101d616c6e85ce3325cef8665280d2,b8611490da820fce501cff47afebb5d23048305089fe05e340c026e5e6a2c3b4
pc-pc_quality_tests-i1-ro-o0-ll-c0-fx-d909c5573163,pc-pc_quality_tests-i1-ro-o0-ll-c0-fx,d909c5573163d3047a0a7a4eba868ba8cea57a0b2c8301b8b7bc9b8ff972fecd,2f2597ce24b9cd7c0558d6a5aa4b10c6c160e2c3559238b936d07963c6efbe4d
pc-pc_quality_tests-i1-ar-o0-ll-c1-fe-904fe47b1e04,pc-pc_quality_tests-i1-ar-o0-ll-c1-fe,904fe47b1e047362fb42837e54115e52e04e1942c3b6f9d663d415146b7a6255,945b923152e8fc07f1b8844e095f54e48556d501965ecc2477d22d0a624a6261
pc-pc_quality_tests-i1-ar-o0-ll-c1-fh-a01e8b70492c,pc-pc_quality_tests-i1-ar-o0-ll-c1-fh,a01e8b70492c309429bc10905d71f67fe04413288ec0cfa0e04f270c2ba59a14,259e42adc64badf3e6357e6e2c99b2e4f588209c9e134b6f2e4282a8c174536e
pc-pc_quality_tests-i1-ro-o0-ll-c1-fx-9c70988387b4,pc-pc_quality_tests-i1-ro-o0-ll-c1-fx,9c70988387b432626a0829ee3a46d74d1453acae4441cce36ecdd534b75aaee6,328196b07cc07fff85ca2e0c9b8ff2ca5e66e6e4e94c1d609442291c347f5c72
pc-pc_quality_tests-i1-ar-o0-ln-c0-fe-1dac09b5d2da,pc-pc_quality_tests-i1-ar-o0-ln-c0-fe,1dac09b5d2da609029bde67765749e27e410dd09192d12d46baefa0a753ed0aa,7b3b124c8314cf8aa6ee081957db93aca905f795e7dd2b274c4b4de01a57f8cf
pc-pc_quality_tests-i1-ar-o0-ln-c0-fh-4d36c29430d6,pc-pc_quality_tests-i1-ar-o0-ln-c0-fh,4d36c29430d6a734d33f486aec0ec0181a753db0cf22437826f5ddd878b48f1c,c6c6ad5c7cb229e5365b3db8bdcb33192340cab63ff71bd463350d856e995e23
pc-pc_quality_tests-i1-ro-o0-ln-c0-fx-8f1cfcf432f0,pc-pc_quality_tests-i1-ro-o0-ln-c0-fx,8f1cfcf432f0239efc782e443628593215f2f19f22d7ab43153fbcc1a0474fdf,a85ced212494c9a975375964753c6e82167c08af58de7cc8ac36e4f8c52c5bfe
pc-pc_quality_tests-i1-ar-o0-ln-c1-fe-246e03f12692,pc-pc_quality_tests-i1-ar-o0-ln-c1-fe,246e03f12692f4d0699583c334d6e218b90b67542e27ae9b3761864a8b9cf8a4,ef2d00e45fa06869fbdbff7afa1d1012816386bc10168e39ce33614d74d159cf
pc-pc_quality_tests-i1-ar-o0-ln-c1-fh-5e8c0ee7b634,pc-pc_quality_tests-i1-ar-o0-ln-c1-fh,5e8c0ee7b634d2b3c4622cbad24761e0c618132caec1e1295acbe56cb86d25c5,3d6cd0cc3a961e7ece03d58d9d8dc7a93d9ec225714fbdefae6b7dfc9b0524ac
pc-pc_quality_tests-i1-ro-o0-ln-c1-fx-4d62adcece84,pc-pc_quality_tests-i1-ro-o0-ln-c1-fx,4d62adcece849385e9f326f5f63a0305c810eec8b32a6042bac54af1128e636e,3c9b930497b294a4b5fa3f4601448d13def65d81524728fc5f8936e9c2fef05d
pc-pc_quality_tests-i1-ar-o1-ll-c0-fe-c4279c15a6e8,pc-pc_quality_tests-i1-ar-o1-ll-c0-fe,c4279c15a6e82d93eeff3ace6bac47ae0cf06afba017ac4b2b65c49e49e59ebd,c4c33adab7f5a0ce14cd9a6235926cb7c8b6dd800dc7c34b97c5e5589150c3b3
pc-pc_quality_tests-i1-ar-o1-ll-c0-fh-a650fa5fefd5,pc-pc_quality_tests-i1-ar-o1-ll-c0-fh,a650fa5fefd5893efdbe02f1e91490a883ccc44d03665e581cf3d3eee9c11acf,e6c59719fd6ffd3a5dae5c8479516d01180cd5a2471aa642462221ba1a668779
pc-pc_quality_tests-i1-ro-o1-ll-c0-fx-064d5d0ebadd,pc-pc_quality_tests-i1-ro-o1-ll-c0-fx,064d5d0ebadd8ba235254b998943ba3baf36975f1253da7da7d4383fd6570edc,c225454801f632fe79ec915f25f3f84863eeb9fcf3c2950e9d2dc94c6875b26e
pc-pc_quality_tests-i1-ar-o1-ll-c1-fe-0a2dc141709f,pc-pc_quality_tests-i1-ar-o1-ll-c1-fe,0a2dc141709f24328d15f553e0d2c2b1d6fc503833ada0921714a670ebab995f,13dd64030f369dbaee4635c4dcf094e200bc020e8cd1ad71c7b3498a897e1bd5
pc-pc_quality_tests-i1-ar-o1-ll-c1-fh-3a3ecb65fe0c,pc-pc_quality_tests-i1-ar-o1-ll-c1-fh,3a3ecb65fe0c8b9cac7d2c7a0ae232a2cce6f4418088fab8f71ae10beb2293de,7d65c1d63b7da3ba0f611aa5a8d7a6a139ea0231ed7491ed19e32ef3d1d2f9c5
pc-pc_quality_tests-i1-ro-o1-ll-c1-fx-b8befe4b360e,pc-pc_quality_tests-i1-ro-o1-ll-c1-fx,b8befe4b360efcfe25a252655431931438362b1b5ae4ef01ee14f69c585cdb91,8e5917c35aff5e6a50dbe93264ddbf5bb6413ec7b6b7b06ffafb42929c82afaa
pc-pc_quality_tests-i1-ar-o1-ln-c0-fe-9cfd5d5059d8,pc-pc_quality_tests-i1-ar-o1-ln-c0-fe,9cfd5d5059d8947c16c352fd1f6a28822ba35fcf9f73ecdbfe221e45d23992e5,9c51c74eb4c6917986268c1369bb53cda8cb3fac5009dd223e536db4de91f819
pc-pc_quality_tests-i1-ar-o1-ln-c0-fh-9ef10de31b70,pc-pc_quality_tests-i1-ar-o1-ln-c0-fh,9ef10de31b7010e299d53e7fd257964b33ba2a2e546e0451812ed43798e8f834,8b7a7429e73e2c28d58be77e3b9c80884364702ab6898a7a4e01a98aa758a9e6
pc-pc_quality_tests-i1-ro-o1-ln-c0-fx-156ce0cc6f23,pc-pc_quality_tests-i1-ro-o1-ln-c0-fx,156ce0cc6f23485804ed2d5ca761f9401929317c237ebb9101af126724f89759,0146e1ed22de15e8cb1f01827b39359c2108ea4bb8fa14e39b2952206bcb4359
pc-pc_quality_tests-i1-ar-o1-ln-c1-fe-95ad7202f4c3,pc-pc_quality_tests-i1-ar-o1-ln-c1-fe,95ad7202f4c3ba6fcf5cbb4ef0753590e923327a43111fb00a984a7b175a933d,14f35c9816f81314b46f170ac25f817a121b3a61227321845a65f7d6a467f117
pc-pc_quality_tests-i1-ar-o1-ln-c1-fh-432d7c48efea,pc-pc_quality_tests-i1-ar-o1-ln-c1-fh,432d7c48efeae9fbde06efddba5cfb30497ad4256f60cc43d8168b61f751acd5,c793bef76548fb3050beb7fe367c30734330966abd71539f746e1fdf5be11875
pc-pc_quality_tests-i1-ro-o1-ln-c1-fx-ffbb898898cb,pc-pc_quality_tests-i1-ro-o1-ln-c1-fx,ffbb898898cbe42b6b869d23cc646e2d5e2502688c6a240b72985bd7988caf70,64eb0c31cfdabdcba9ac852d772cae940e3f75946f50a501b7734c26696bcefa
pc-pc_quality_tests-i2-ar-o0-ll-c0-fe-9a74171f0864,pc-pc_quality_tests-i2-ar-o0-ll-c0-fe,9a74171f0864f53e0478d0c73e8c77e45bdac18f3c91fcc113438f97b34e5cc6,20859d210a59b6b337163ce43f5dcfbc34a1795839d1919a441ed9d9cba6106f
pc-pc_quality_tests-i2-ar-o0-ll-c0-fh-90efc6d3d79f,pc-pc_quality_tests-i2-ar-o0-ll-c0-fh,90efc6d3d79f59cb40bda770b2c4945b06850c1a0cbbbf1338c67c42b6622bc5,568fc4c35b3db8016385e551033bb4d0f734a8bb7cc5eed5e6e38a5f5e773e18
pc-pc_quality_tests-i2-ro-o0-ll-c0-fx-3ad492468474,pc-pc_quality_tests-i2-ro-o0-ll-c0-fx,3ad492468474dc55ebd335ff0e7844cbeeadea474dcbc684a0d40e866c592bec,03b9e9ce0a4dc2be37ddb141815ee431e1f12c6ba91343eae085d3d250209a68
pc-pc_quality_tests-i2-ar-o0-ll-c1-fe-49bc0cd67d76,pc-pc_quality_tests-i2-ar-o0-ll-c1-fe,49bc0cd67d76436660ae526f7355ea83c16c96ee4bc9fc1ecc26b6eaf0b92381,18699c13f376f77cbc807d6f1cb9321ef7e2979d2f3b759e3aaf0dccef6ffb81
pc-pc_quality_tests-i2-ar-o0-ll-c1-fh-b5a466acc8f4,pc-pc_quality_tests-i2-ar-o0-ll-c1-fh,b5a466acc8f4802c67fba2959b4d013f1981b56b7aa4bbb12dc14727b4e06e10,5f79d73d49b1ac2d131c1f5044727fca3d56f07b00c535e213dd5ab7cfbb10e0
pc-pc_quality_tests-i2-ro-o0-ll-c1-fx-753930523b2c,pc-pc_quality_tests-i2-ro-o0-ll-c1-fx,753930523b2ca7e054dacae9ef3e894a48d12274c7d3ac318ac8a334bee95cfe,96bbd935d98ad7d03025fd12199e6eff922890cb528deb5440f059f2708feb91
pc-pc_quality_tests-i2-ar-o0-ln-c0-fe-a827b099fd37,pc-pc_quality_tests-i2-ar-o0-ln-c0-fe,a827b099fd3770d8ae6218fe2e800dad2343072ba67b400bd918ac01e0a64805,3e50168a0c84339c8d4ae439ed3d0029cd64eb422d84b12c4c83d788031b3932
pc-pc_quality_tests-i2-ar-o0-ln-c0-fh-e474b986a018,pc-pc_quality_tests-i2-ar-o0-ln-c0-fh,e474b986a018dc78e41d8017d5290a734694bfb3f78968151cfbdb48b83f4e60,0cf865eaf7ced29317de8a7156020bcfdf1ea516079d7b0caa9efc0d239cc3e5
pc-pc_quality_tests-i2-ro-o0-ln-c0-fx-3876401b0dc3,pc-pc_quality_tests-i2-ro-o0-ln-c0-fx,3876401b0dc3caa61cd071bc070e7f9e24730cc1e5ebe0dd56d40251e6ad3b3c,f675fce934fb19080c2988a8bda95e2ddad6e6bef1eb6d54a6cf974dce19c891
pc-pc_quality_tests-i2-ar-o0-ln-c1-fe-a2ae2af0547c,pc-pc_quality_tests-i2-ar-o0-ln-c1-fe,a2ae2af0547cd2b77bd2760a1f43c2a9c1b6ece008dac2a5f8815a63e25a17f6,4b911c4e4b661c94d9e8e7837c58f108cbba72f5d865e4b431b5aafe5fad2a71
pc-pc_quality_tests-i2-ar-o0-ln-c1-fh-2fc1d9111f3b,pc-pc_quality_tests-i2-ar-o0-ln-c1-fh,2fc1d9111f3b37ea30cef7c9d9fa10fc6c5b8f1f629ba6fa6f4aba0ee58e1514,1b4a6200088a16dca853c4a42cff629fdefaa0e288c57bef0707cdb418bec86c
pc-pc_quality_tests-i2-ro-o0-ln-c1-fx-de027bdff8f1,pc-pc_quality_tests-i2-ro-o0-ln-c1-fx,de027bdff8f17f3a980cacb952b7f78067284de07b0473c81d0a2b3220411a64,bdaeaef6d82ed796e9baa15fac3e25f93ebccd98a3213775d11ac161f53df2aa
pc-pc_quality_tests-i2-ar-o1-ll-c0-fe-265305c7489f,pc-pc_quality_tests-i2-ar-o1-ll-c0-fe,265305c7489f1375519e6df23859e5a31527ebc7c632b0d9b7f9d7e5b41a27c2,30a4029ea1a2a4c2c0702643770a6294ee3a898779df02403cab4708ab6359db
pc-pc_quality_tests-i2-ar-o1-ll-c0-fh-466d11c64ff0,pc-pc_quality_tests-i2-ar-o1-ll-c0-fh,466d11c64ff0f47780967c54685e04d9db38bfa098eb9f6aba51598776a64c1b,2e60664e68c3e1820178f09a528c83d59dbdde487f0d3d9351d3caa1f10bb8db
pc-pc_quality_tests-i2-ro-o1-ll-c0-fx-383a965d363e,pc-pc_quality_tests-i2-ro-o1-ll-c0-fx,383a965d363e640c26cef53d05e51084c43bdd2a69024ac55f4b118a22741bc4,677e21f163dc0959b1b0b0411213b5eefca72d7dc83cf97b98008518592bd98c
pc-pc_quality_tests-i2-ar-o1-ll-c1-fe-6d6b0ef24d4e,pc-pc_quality_tests-i2-ar-o1-ll-c1-fe,6d6b0ef24d4e5d778ccc314ce3b52d5b21a6c6d1148642a0fa590403701654d9,2f06dae06723fa77f70b72ccc69d4c574683fa170d4fb301e955b39b0aff58c5
pc-pc_quality_tests-i2-ar-o1-ll-c1-fh-ec47e83a2dac,pc-pc_quality_tests-i2-ar-o1-ll-c1-fh,ec47e83a2dac1ae596379c92222cc5fd4014a64aa48eb8adcc5c775e2bbdc0ce,d26bce64909007064782e0fb3c0b62cab859d76f284c30ee09f02a27a24e1830
pc-pc_quality_tests-i2-ro-o1-ll-c1-fx-d4fc774d865f,pc-pc_quality_tests-i2-ro-o1-ll-c1-fx,d4fc774d865ff21585558b39b940e7b814c8ef4183db2c0834feea8f2292b4cd,729d1ab1c91d48bc0ee34c5aa3ccd54fc6b9b2d07a2b532f62f8465ba70156b6
pc-pc_quality_tests-i2-ar-o1-ln-c0-fe-3e7dc7b79926,pc-pc_quality_tests-i2-ar-o1-ln-c0-fe,3e7dc7b799261600ed163a81113d1930134e5cd44c189481e47e86c417e64a3c,10094180b0540e3e0ce7ecb4f148b027abc9a26b5e84d85c62830a52c13bb631
pc-pc_quality_tests-i2-ar-o1-ln-c0-fh-9e14f43b7bdb,pc-pc_quality_tests-i2-ar-o1-ln-c0-fh,9e14f43b7bdb589631cd0581e30a7726cc9cc2d6c9dd00f01fa3672dfddd2735,956731ab242afe45c5be9a9b005edc07278ae31943a4cd2733d8579bced800ed
pc-pc_quality_tests-i2-ro-o1-ln-c0-fx-f97c8e02eba7,pc-pc_quality_tests-i2-ro-o1-ln-c0-fx,f97c8e02eba77f43c8f003b2b1ce688e9043a24690017ca2347febb0719f77e3,03f2e058e66c72c62c21b55c834fafe78a2ad29758bf07373f9ddf67193e8c11
pc-pc_quality_tests-i2-ar-o1-ln-c1-fe-b9f7282fb75d,pc-pc_quality_tests-i2-ar-o1-ln-c1-fe,b9f7282fb75d2c3373f4f6b9a7d6f64c69bec13230b085dcd4b7190c111e71c9,08dc144f8d1e05c7b343095f13b122ddef3970b57bfe06f5a7e80759966c0418
pc-pc_quality_tests-i2-ar-o1-ln-c1-fh-7b79d6f33e26,pc-pc_quality_tests-i2-ar-o1-ln-c1-fh,7b79d6f33e2667472bed633ae9e0271a63c5ecb82a37f6cbfb9719881c54dff1,c916c4fe4d51306a12195a433ebce0564bfc0a929daa7b75e865775be77ca23b
pc-pc_quality_tests-i2-ro-o1-ln-c1-fx-35223fc83362,pc-pc_quality_tests-i2-ro-o1-ln-c1-fx,35223fc833628755764e8cb8b4958c6a9da5c038f732c7f306707582b4ddb1ee,3c633f7bf8a553bb8fdf38822e11d4489e5a0bee4131203d928c105ff725ad19
pc-pc_quality_tests-i3-ar-o0-ll-c0-fe-cfe3ad23ef05,pc-pc_quality_tests-i3-ar-o0-ll-c0-fe,cfe3ad23ef05a5b68fcdae2e48c0dd4fdd0ea91ab90c2536d38ebfb4a8fbc645,3312f16e9937a474cd142e02524f38207b98f7e985ee546755a7ab7de9191203
pc-pc_quality_tests-i3-ar-o0-ll-c0-fh-c32843bbc5c9,pc-pc_quality_tests-i3-ar-o0-ll-c0-fh,c32843bbc5c93b50f945b2897b79e7769b626265ad21d93997e0147ee2008d42,c4277bc5bfcdfd5f19d5c20c83b8fa6e3025b626585540f5aae5afcdde9ce305
pc-pc_quality_tests-i3-ro-o0-ll-c0-fx-c5595827842a,pc-pc_quality_tests-i3-ro-o0-ll-c0-fx,c5595827842a2c3b118825fd89421a7ff82c69004c2dd861d22b125f9158d9f1,f539dfde906f3e2b388638ef9c3575503d3e7926e5644fd6052cb388e19e80ea
pc-pc_quality_tests-i3-ar-o0-ll-c1-fe-1a1bca766bbc,pc-pc_quality_tests-i3-ar-o0-ll-c1-fe,1a1bca766bbc41721f33c2e2d9e2fb01e5a5c75877face28aae337c26dacef88,3a7075c5ee97291c3eb5cf0a905a203f66553f56aed687365a3acf2f2316350f
pc-pc_quality_tests-i3-ar-o0-ll-c1-fh-d9394ec65beb,pc-pc_quality_tests-i3-ar-o0-ll-c1-fh,d9394ec65bebac3bf973f75fc4dedce08c1fdab08f070cb460174f3edd542fa3,bc09f756061771b30ffa83c35a8a848fda9d9f22bb19645e813b27dc19953286
pc-pc_quality_tests-i3-ro-o0-ll-c1-fx-71a9874d14fa,pc-pc_quality_tests-i3-ro-o0-ll-c1-fx,71a9874d14faffc401fde359d2d25e9c7411dcd2a0c33733b4f63a3aa2f578c4,a10ab0786f975122e0d9961d5a57d5492ef33c1397eebaefc79cbe272de4d9a5
pc-pc_quality_tests-i3-ar-o0-ln-c0-fe-8b9cf17625dc,pc-pc_quality_tests-i3-ar-o0-ln-c0-fe,8b9cf17625dca4ecb65c7644b39fbef60ceb8314b96592f5e2d8e1be7534eafc,e1276e49482db994547273d3a1ec412690fc301cf295fa802726b56a9dd75434
pc-pc_quality_tests-i3-ar-o0-ln-c0-fh-e6e28c093af3,pc-pc_quality_tests-i3-ar-o0-ln-c0-fh,e6e28c093af34088089298f77d7a05bfb477a6234c096ddd8e324e68e1734e43,5556ceb211d8c695974858a9eb629bcfc13b388bec94bcdcd83f8ded164e52fb
pc-pc_quality_tests-i3-ro-o0-ln-c0-fx-d55692045a4d,pc-pc_quality_tests-i3-ro-o0-ln-c0-fx,d55692045a4d3fcc52ce5e88f4932dc918e75ea9d51f5e3b5d7323142041e0c9,43f64f97f226edf13264b4149059f3a1e885e22359a5a65fe19dd40cfc2f7e74
pc-pc_quality_tests-i3-ar-o0-ln-c1-fe-066d7c555442,pc-pc_quality_tests-i3-ar-o0-ln-c1-fe,066d7c555442af79067e24d8aeab5a19d30919325683576530fd72e45d5a4277,649ace1a2f238345650991b83c0ba90615301c3a2678a5fec98546c26a0caef3
pc-pc_quality_tests-i3-ar-o0-ln-c1-fh-ceacc3e50e29,pc-pc_quality_tests-i3-ar-o0-ln-c1-fh,ceacc3e50e29494645cfda05d41cc5c275fa867e5ca57cd18fe178109aab58b6,6f17448811e5bda3d2250c0fab0ce33abd58359a9d97d079dd470c8aa70c993c
pc-pc_quality_tests-i3-ro-o0-ln-c1-fx-b60b5a9ddc5d,pc-pc_quality_tests-i3-ro-o0-ln-c1-fx,b60b5a9ddc5dc7ab108ac24c9f3da5f3b5f5da885a8b664c7ddc4d9a9fb8a87a,56739a5b5faab2bce46c61976d84b9ed1eeb452326379c2264256fea9c567566
pc-pc_quality_tests-i3-ar-o1-ll-c0-fe-a3cdc6443e18,pc-pc_quality_tests-i3-ar-o1-ll-c0-fe,a3cdc6443e18a85d45981a480856c47c2213f4221c4af4ba069274dbf177c75c,e6f2236ad4acef60a54610dee7580b176f46d659ced1a906d67a7a98b03dbe0b
pc-pc_quality_tests-i3-ar-o1-ll-c0-fh-85118e1ace8d,pc-pc_quality_tests-i3-ar-o1-ll-c0-fh,85118e1ace8de5ec74a15358b6479fb6e093359ce2d466cf24e5e1392997970c,786c8c94dd009573bd6c7b92da6a727c3ddab2229fc80272afdd30b74e414b7b
pc-pc_quality_tests-i3-ro-o1-ll-c0-fx-b7977f7122e2,pc-pc_quality_tests-i3-ro-o1-ll-c0-fx,b7977f7122e22b2d63c74d62acbc829aa8249a6ed85d0b25c1b38068e2bae736,eed70f025874fb2a344bec21c2d68181fa20bb2578e600e463d47feda4d84a16
pc-pc_quality_tests-i3-ar-o1-ll-c1-fe-12682b55908a,pc-pc_quality_tests-i3-ar-o1-ll-c1-fe,12682b55908ab4eb375971d17f78598cbb457cc3c8aa8fc8e19f60521167ddaa,e51eb29eb8900f3f41e33eb2089f8ef3df58bd2a4263b18e4707b84e790b5647
pc-pc_quality_tests-i3-ar-o1-ll-c1-fh-0523dcf25da2,pc-pc_quality_tests-i3-ar-o1-ll-c1-fh,0523dcf25da2f61f55e661f1a0f4c4c459bc2f3ff58dfa422266f10e340b5daa,a1bee18536af5bc33f0be52572a2a8fcedfc948f0baa767c0b229f214990f959
pc-pc_quality_tests-i3-ro-o1-ll-c1-fx-0d8050cd983d,pc-pc_quality_tests-i3-ro-o1-ll-c1-fx,0d8050cd983dce6bac721f684d8c1e52aca301452c3bbfb0898945e6d4c42e98,c312b0c3079c65ad9e15b0bcc1a389d98268d818e2b18257b81eec142b60d7c6
pc-pc_quality_tests-i3-ar-o1-ln-c0-fe-34a122cf29a1,pc-pc_quality_tests-i3-ar-o1-ln-c0-fe,34a122cf29a1aecdd6b4d17efa7c21ecf6428c0a0066820ed6eb994bf117b1f6,3a37e116706685a41e3a174e2456649baa9741cab027646a8446e3ccc3e55c19
pc-pc_quality_tests-i3-ar-o1-ln-c0-fh-a14dbd42d462,pc-pc_quality_tests-i3-ar-o1-ln-c0-fh,a14dbd42d462f1abd5d0defe1235365c903912413f38d2127245ef46d03999f5,62daf936f397e616e34af4720ba49ebc0d4989342677908b0fff010eaecf9a8d
pc-pc_quality_tests-i3-ro-o1-ln-c0-fx-a238591c62b8,pc-pc_quality_tests-i3-ro-o1-ln-c0-fx,a238591c62b809644dff4ee6df54ad76f7f1b34a6526fbd3c1c1cbf110b4eeab,cd515cc9c2c0c5eca33a86cc1296724a3e237248f28f338c557f6dbfc8be2d56
pc-pc_quality_tests-i3-ar-o1-ln-c1-fe-1074da18b6df,pc-pc_quality_tests-i3-ar-o1-ln-c1-fe,1074da18b6df763b19d0adcadccc1625c115f07cf983f304af8f3e919958be97,13fad0ea3ef3e19128518d1a018b088a2e8d859d84a2252578651654d43a8f6c
pc-pc_quality_tests-i3-ar-o1-ln-c1-fh-df186529e714,pc-pc_quality_tests-i3-ar-o1-ln-c1-fh,df186529e7146ea195d1815b18a17fb54d0cd31e07ab7b0652db681ffd4623df,c0865db77f74d70f03f81b7e4e0b7279d9be76dd1b0051e72f89b15362efbd8f
pc-pc_quality_tests-i3-ro-o1-ln-c1-fx-c1b607f253bc,pc-pc_quality_tests-i3-ro-o1-ln-c1-fx,c1b607f253bc8163c911425671a83728805046e5f4e61ce8ceb38903a6b6a099,6126e2c2450bebdb6bb19498780c27450cdfa303e8d824dfeba77e0f49a0faae
pc-pc_quality_tests-i4-ar-o0-ll-c0-fe-4498e3242293,pc-pc_quality_tests-i4-ar-o0-ll-c0-fe,4498e3242293e5306a3c8ca0c9b0585bfb4666b701a2fe9c59af15a6b310ddfb,420e615d16f2d823946db993882ba0fa36f47e4e41e362af135cee0041f8f7c8
pc-pc_quality_tests-i4-ar-o0-ll-c0-fh-6f2f712f3b72,pc-pc_quality_tests-i4-ar-o0-ll-c0-fh,6f2f712f3b7298859a85cb115c552f533aab7f09fbb02101357b6e9f4d1a26bc,ffe1be31bfb834c2d2f01c1f63c733c9bcfa792e09afa4e2067921face95e3a1
pc-pc_quality_tests-i4-ro-o0-ll-c0-fx-8f50831822a2,pc-pc_quality_tests-i4-ro-o0-ll-c0-fx,8f50831822a2cb2dc3fed8851e83f3dd0da437816139d6300c8503db5bf65983,a8e1596d3e0f006c141d5b21f096ef4af8b28b3767a40c6724e996435cdd8888
pc-pc_quality_tests-i4-ar-o0-ll-c1-fe-ad44657ad1fc,pc-pc_quality_tests-i4-ar-o0-ll-c1-fe,ad44657ad1fc26741fa01afcb0d604dd59beb8e2bb8f318cd50f75f499e6d2a2,d475b7ae2a1ea795ea960c1790cbf005bc04bc4d0d54f94434defa060010239f
pc-pc_quality_tests-i4-ar-o0-ll-c1-fh-59f3b1ce04cb,pc-pc_quality_tests-i4-ar-o0-ll-c1-fh,59f3b1ce04cbf53a92cf1c2b238072fe1e0d4024bf307ec8f46901794fdd2471,fbd4abced9268614f19e1300a3deef08c8dc22f1d2b118bb15cf3cd25d455a54
pc-pc_quality_tests-i4-ro-o0-ll-c1-fx-b9171865e5fb,pc-pc_quality_tests-i4-ro-o0-ll-c1-fx,b9171865e5fbd426fe3e3ba87969a5b94c471fd4474b1f0530597b5a4b77148d,d797025df7aae9509e26a4327cc59ed16286811459b75b45611d4b5882903f32
pc-pc_quality_tests-i4-ar-o0-ln-c0-fe-0c88e50f372b,pc-pc_quality_tests-i4-ar-o0-ln-c0-fe,0c88e50f372b9f531acd3aea61082bd79ac60291a36c492c8fb7c1689a9415be,8c99d4d6346bba785b4151228ca87ebe86a045026ae67e6dead5b8bfacc174e2
pc-pc_quality_tests-i4-ar-o0-ln-c0-fh-f99e445d3c65,pc-pc_quality_tests-i4-ar-o0-ln-c0-fh,f99e445d3c6533e0cb54f6e9a2b1149cd6f84d53189041ec5dc3f0ca28878078,8b17e4bac7b6a2508c6d219039f77f43ec26ee16299d297a10e0204d6303cc64
pc-pc_quality_tests-i4-ro-o0-ln-c0-fx-1cffd39b35e9,pc-pc_quality_tests-i4-ro-o0-ln-c0-fx,1cffd39b35e9b192b6afb247d2c1a9422c29ce2bef7289e8ceeb0989876e2168,ab77527b827fb3d881092021762b37a350c055858475b263493f36b9723b0916
pc-pc_quality_tests-i4-ar-o0-ln-c1-fe-2201fd8ab5d8,pc-pc_quality_tests-i4-ar-o0-ln-c1-fe,2201fd8ab5d8b7aa72dcccec71903764949a25988ef28aea2a01c5b4c718ef6a,c529c2d2bea5390ea18a5d68ad5c7618df841cd5af064e7e0541fa4ce94e8b55
pc-pc_quality_tests-i4-ar-o0-ln-c1-fh-deff789bdc27,pc-pc_quality_tests-i4-ar-o0-ln-c1-fh,deff789bdc274144f74d960ed886a185b32df5c7362ec96c375c3c3b104cc242,5bfa6569a7bc5d7fe367094f4a4133a50ee5ae403311fad7686a79c302fcedde
pc-pc_quality_tests-i4-ro-o0-ln-c1-fx-d514deed286e,pc-pc_quality_tests-i4-ro-o0-ln-c1-fx,d514deed286ee8d4c8b8c6eefe23334f041fb34b888f5a0a08e79ff79ca4dfb0,0bbba6ef859c86d17b5cf42cec2e72598c6f3e020c5f83ddaa9a3df166acb450
pc-pc_quality_tests-i4-ar-o1-ll-c0-fe-07187a0a97a9,pc-pc_quality_tests-i4-ar-o1-ll-c0-fe,07187a0a97a912ac2d5e844c4c139bd76f3dcbe192d06c782c228aab55b9ffd4,3fcfb5ec7511df17d8d8fcd331cab6305d0fc16e0c3c5d48e905a1b039368dc7
pc-pc_quality_tests-i4-ar-o1-ll-c0-fh-5f8d7d5b5126,pc-pc_quality_tests-i4-ar-o1-ll-c0-fh,5f8d7d5b5126199e1d9b7657c634f5238216b66fbcbcaaa0a0a3de36c54b089d,15958b610992b33a932dd8e69d86f62301d684a7e39417d506d023db11525e3e
pc-pc_quality_tests-i4-ro-o1-ll-c0-fx-73c951b3f0cb,pc-pc_quality_tests-i4-ro-o1-ll-c0-fx,73c951b3f0cbb7cde881f529b23be0ca215275ecccca76ad9123e6ab5168c6dc,ff52f982eb6a30d5476e837e54f58d3e0ff6a8941edd26d859fa674577866325
pc-pc_quality_tests-i4-ar-o1-ll-c1-fe-6987796978a6,pc-pc_quality_tests-i4-ar-o1-ll-c1-fe,6987796978a60d062f76a54c95dbf72f22b336e5c2b3245981ab01509ce8db5b,7ccf804f9765556fa8814db4b9d9d1e7dab5575504f5943daaea71f82be330a0
pc-pc_quality_tests-i4-ar-o1-ll-c1-fh-8151cc181a46,pc-pc_quality_tests-i4-ar-o1-ll-c1-fh,8151cc181a46d297fd4be8dd7ac09e8b919c7f167947e70aad7f93951c3c7952,88b23d6ed0cae8d834e4a0cd5430574d564ba8e18a8e7a2b374c99407e156158
pc-pc_quality_tests-i4-ro-o1-ll-c1-fx-8d49b899de4c,pc-pc_quality_tests-i4-ro-o1-ll-c1-fx,8d49b899de4c5d1e2bae11f42950ed3b4eda7e861269c6978ab1cbb5675c71cd,f51944d06640fa687a9ccc53c23a81ab6a79c1e86f0bdb7b4be6dc5fe288388f
pc-pc_quality_tests-i4-ar-o1-ln-c0-fe-4f36544c8f24,pc-pc_quality_tests-i4-ar-o1-ln-c0-fe,4f36544c8f24f84eea3f9be10e1b93fd26bee1fd9ca8b8b876dd4637418de84f,1d02b68bbf59fef7e441784945f1e5aaab0e69baada01289b7666d9945d06f2c
pc-pc_quality_tests-i4-ar-o1-ln-c0-fh-86e11b83ff09,pc-pc_quality_tests-i4-ar-o1-ln-c0-fh,86e11b83ff099cce17261da817dd826b3dcc15649c5a2c5256a276b727dc178b,d7cd2354a7bec182dd9f2df8bfd7babf4ca3409edbf58f8dcb10ac7df0fa9f7e
pc-pc_quality_tests-i4-ro-o1-ln-c0-fx-e66fd2cdbf80,pc-pc_quality_tests-i4-ro-o1-ln-c0-fx,e66fd2cdbf8028ec0d7095c91366630bf174630e60ee12c1c0ef701cf245d998,3748592d0ca5306bbb50eda02420f8206c454d856b4996cf277f2bb79439f4a5
pc-pc_quality_tests-i4-ar-o1-ln-c1-fe-2586ce885779,pc-pc_quality_tests-i4-ar-o1-ln-c1-fe,2586ce885779718b4b523a687545232afdf54a5468d48215f438e5f618fe6b3c,512a228ef540026bb71ab45a52492e8f1efa63cf7040edbd1b122bdcb0c2c9d5
pc-pc_quality_tests-i4-ar-o1-ln-c1-fh-9cd4cc7dbf77,pc-pc_quality_tests-i4-ar-o1-ln-c1-fh,9cd4cc7dbf7741961e09711426b5fb2c8357cbe0eb2c029cdf13dea59611181f,e827afce80796ab3be106f4d05bd971ae22e0e61e670d3cc26205f19220fa4c3
pc-pc_quality_tests-i4-ro-o1-ln-c1-fx-1b8890596877,pc-pc_quality_tests-i4-ro-o1-ln-c1-fx,1b8890596877c41a63fb57ffba726678dfc70cb6ad4e96ded2ec1e6c170543ab,cf9f58186f2513a6e73a00b3c0e144c3fff2398d1e4528b3a65b5b1df04a04f0
pc-pc_social_ack-i0-ar-o0-ll-c0-fe-9660513514e8,pc-pc_social_ack-i0-ar-o0-ll-c0-fe,9660513514e8c911aef34e452012bdfc9b7634623b096916760756468c852993,3f5e42470a7d34ad7c40f8f416b93b84049bec0ba32a49a35e20b3d366fa73d7
pc-pc_social_ack-i0-ar-o0-ll-c0-fh-e4ac70c45b23,pc-pc_social_ack-i0-ar-o0-ll-c0-fh,e4ac70c45b2381e62746bd30e3cc3d962daca335ed06bb33eca1b43f3be531f4,2ce6e2db2fdd8008a66db2e766fd137f7dc3db190c5f5329f8d91ace56dc8ae3
pc-pc_social_ack-i0-ro-o0-ll-c0-fx-4bd77d89970a,pc-pc_social_ack-i0-ro-o0-ll-c0-fx,4bd77d89970ad20687c6e10960f3e8ed1f7d0f16ccecaed96309f5192ab709c6,d1ccf77c4f93ecf6ad58dcfc8db409e69fe901c439c8dac9a7a67dddc07cb942
pc-pc_social_ack-i0-ar-o0-ll-c1-fe-b78625c37b4d,pc-pc_social_ack-i0-ar-o0-ll-c1-fe,b78625c37b4d9fc838403f97d8ac1d046b761c65d6c7658cf348376e9de2d136,3a8075ef78ed9e6e6dd51b7028ba302cdf0e49089a12433a6355bd7885bd555b
pc-pc_social_ack-i0-ar-o0-ll-c1-fh-28e679ba459e,pc-pc_social_ack-i0-ar-o0-ll-c1-fh,28e679ba459e89f7aa77068490ab027174dd04c1e6ea87fea4e0baa5283f7294,e4aae1e532657711e7ed64039d1ee18dab534f767f6ca06b13734d3459768edb
pc-pc_social_ack-i0-ro-o0-ll-c1-fx-cb01784d4a5d,pc-pc_social_ack-i0-ro-o0-ll-c1-fx,cb01784d4a5d086bcda932b5e562fd0663f5050d1a0bdfff7348f20b818f153c,722e8a4f7bd222effd0bbd4249dedbf7b15703bfe173e1a1092e89dc88699ed3
pc-pc_social_ack-i0-ar-o0-ln-c0-fe-894e1122bbb1,pc-pc_social_ack-i0-ar-o0-ln-c0-fe,894e1122bbb1634caa13a914e4d5a2c75f62f955cd316533fa7176fcd123952f,301c9af31b0fbb8e5b96767cd26a64932454abd6ddfca29071a0791dac43aa4d
pc-pc_social_ack-i0-ar-o0-ln-c0-fh-d0f46d4e9e2f,pc-pc_social_ack-i0-ar-o0-ln-c0-fh,d0f46d4e9e2f8df9c8aa06188a5fea73131a338a474c5e731432ff84f568c2d7,0f667c04849c67ba260d0249e1322427630978ea5caf176cd82f94a4ebc0aa65
pc-pc_social_ack-i0-ro-o0-ln-c0-fx-628981cbe26e,pc-pc_social_ack-i0-ro-o0-ln-c0-fx,628981cbe26ea5b77ffe98be490671133901abdf87199f449e65687928cbd958,bb1cb0acaf877dc32ff5a4107c870178ad08f7a816f77c7c67fe6f23bd58f753
pc-pc_social_ack-i0-ar-o0-ln-c1-fe-839e1682c67e,pc-pc_social_ack-i0-ar-o0-ln-c1-fe,839e1682c67e24ab2d30b2bbe73263303bfdfe1a8246cd2a0c96c309e753442e,b3e7c6bcd3c58daaadec62aa61e65ac00f27dd7f2871c7e5438fffecd5a8be58
pc-pc_social_ack-i0-ar-o0-ln-c1-fh-95a5d7f8512f,pc-pc_social_ack-i0-ar-o0-ln-c1-fh,95a5d7f8512f708e644d8ee49e8aa02caba207eb685e29aee9a5fc5d86bfbb89,1e5139333d6ee3fa3f9fa0f695f96b6a08f0c6f9c58a4dedfde0104bda6e341d
pc-pc_social_ack-i0-ro-o0-ln-c1-fx-a2eb29426e1a,pc-pc_social_ack-i0-ro-o0-ln-c1-fx,a2eb29426e1adc37149fb56b0b6821d0bcf6930ade0fd94d66bbc88d88b05628,61b2a01b564129adf98f28b72027d3f2551c331f1de7cf2450d97ca43f897116
pc-pc_social_ack-i0-ar-o1-ll-c0-fe-ce8b667d7285,pc-pc_social_ack-i0-ar-o1-ll-c0-fe,ce8b667d7285d4e236c73433ecd1d5fe5705e70e0e1fd69f7a2c81283982bb4a,8ead1efe04136503c26560e53526b1d9a1e67a83e41b7a5b818686d89f9808b0
pc-pc_social_ack-i0-ar-o1-ll-c0-fh-a9b7e8ffbbbd,pc-pc_social_ack-i0-ar-o1-ll-c0-fh,a9b7e8ffbbbda3cd56e35028a02987c2e9229507feee1e5807505f37338f957c,2931e034c444d0d908c7d87c4ac25f5d98a8ba776cfe7b95137915a8bd19df2d
pc-pc_social_ack-i0-ro-o1-ll-c0-fx-081bd9377186,pc-pc_social_ack-i0-ro-o1-ll-c0-fx,081bd93771866e30e521443663c484faadf61cf6b2b522d61b3f05712e4711f2,71f26f9b5906a64d8d1df6391d3f818a82037d5083f545a365f9f9519724e4a4
pc-pc_social_ack-i0-ar-o1-ll-c1-fe-ad7347f75e9f,pc-pc_social_ack-i0-ar-o1-ll-c1-fe,ad7347f75e9f662df8b1e69fa461d77997aad0962f610914dac6e947615dc5ff,49dc9f4552284607664e4850b0984edaec6ad9900c18beef739d9ab406e70781
pc-pc_social_ack-i0-ar-o1-ll-c1-fh-f7e011119a6d,pc-pc_social_ack-i0-ar-o1-ll-c1-fh,f7e011119a6dc7e295b566866489522088d9908dfac2f6dee54edd96b7366aa6,ed00a1faa1b323f61b77e2b6e0a2184a2f314f8c095f5cd1e386dd05f9224e84
pc-pc_social_ack-i0-ro-o1-ll-c1-fx-f0e1fd5c4855,pc-pc_social_ack-i0-ro-o1-ll-c1-fx,f0e1fd5c48550c01c0779c23f1325cd888140af118312b2ff001198cb7809b67,ff5af85a5afcabcb805968eed22d12d04d2ccc0705d76f8db84908c8055a15b6
pc-pc_social_ack-i0-ar-o1-ln-c0-fe-84d1cf232a8b,pc-pc_social_ack-i0-ar-o1-ln-c0-fe,84d1cf232a8bfc8b8043ca5aebebe0550fbbf089fbf40642e9be5015062018ed,63bde22b60e073d3e1ab4edd8d8640fd91fa75a4f5de2a188d2560a4e290bc4e
pc-pc_social_ack-i0-ar-o1-ln-c0-fh-b84db4ed3b7d,pc-pc_social_ack-i0-ar-o1-ln-c0-fh,b84db4ed3b7d282303732483ad4dfae40c17dd468952eb51fa86361ccdc85fb6,91d254eee5c7f175d6778a28a5a0a8f9e65a4157c2276175372456232c71944f
pc-pc_social_ack-i0-ro-o1-ln-c0-fx-2e9aecab9749,pc-pc_social_ack-i0-ro-o1-ln-c0-fx,2e9aecab9749f1db94f0ac4863d84d25ae4ce83618d40d49b42e3693d75e46e3,9d9589fbfbd551e7a774d83f27e465786d90cbca45079f3b500e82a45bcdc71b
pc-pc_social_ack-i0-ar-o1-ln-c1-fe-b854e3b54ace,pc-pc_social_ack-i0-ar-o1-ln-c1-fe,b854e3b54acee9d67293c211d0994b4639d83b29985dbfd9281c8454ff4bfbde,95b16fcfb7882a2e0ef2a8677166ca443f0fc5699ebd591edfa47282c7a7a38d
pc-pc_social_ack-i0-ar-o1-ln-c1-fh-01d147af7bf0,pc-pc_social_ack-i0-ar-o1-ln-c1-fh,01d147af7bf0c6aad7b821e7d2fe74827be4670c5c31c5c0ce88edeee5579086,04a875e710a1bb666fbfbd85e522e3c2881d820926a8c347d3eab1b5840ae631
pc-pc_social_ack-i0-ro-o1-ln-c1-fx-b226817f062f,pc-pc_social_ack-i0-ro-o1-ln-c1-fx,b226817f062f6071e7461ee9b2381d76df29041d97a78bbb6112b5f487cd5508,4448030163da11ea178db2fb17983e57e6d95ec8a33a8bf1ed9148e07f1dfdee
pc-pc_social_ack-i1-ar-o0-ll-c0-fe-5fc1b406d907,pc-pc_social_ack-i1-ar-o0-ll-c0-fe,5fc1b406d9073931a70ba664d519cd619e758233acae4a3605f87065cf83bc0c,0a32e02ace17f98d20ec9da6597a3eda85973ecf35ae1102ed53fecab4504f96
pc-pc_social_ack-i1-ar-o0-ll-c0-fh-6931084fdece,pc-pc_social_ack-i1-ar-o0-ll-c0-fh,6931084fdeceb3b357551b3a7b3af432b1c10dce18853c2f06553aab75fdb271,aecab46236063b31547e80d76a41f20dcd8cfc982d77da30be490b37f5b144c7
pc-pc_social_ack-i1-ro-o0-ll-c0-fx-9e29611942d9,pc-pc_social_ack-i1-ro-o0-ll-c0-fx,9e29611942d910e37174e6a964d75e4f1c8ff1c390f201ab3204edeccd94c27e,92feba1b41b8bd9fbedcaa427e945cf2a564be0c04d67c20a4ed88344e63c1e5
pc-pc_social_ack-i1-ar-o0-ll-c1-fe-838b4cb383fb,pc-pc_social_ack-i1-ar-o0-ll-c1-fe,838b4cb383fb0f72bb4171f29680fa6c218684726f4e5e19b205699e3fc10266,3ac06d17824bd641f59dfd8c3d2ef4fc25c73f33a376e9dee81ef406d5bab262
pc-pc_social_ack-i1-ar-o0-ll-c1-fh-f7bb6861f804,pc-pc_social_ack-i1-ar-o0-ll-c1-fh,f7bb6861f804314d45d6e03af7bd91fe5e6923ba36b9807b14639b82a739e630,09be81d5a05467c2de83791ed46248f4f57cbb588decebaa1d836079a38fb2c1
pc-pc_social_ack-i1-ro-o0-ll-c1-fx-76104dcbe0cc,pc-pc_social_ack-i1-ro-o0-ll-c1-fx,76104dcbe0cc53ab26d95bb3866987df91bcf7488188ef830d0b355dde011dcf,603d722b071389fe11bca0a0709f3cdd653cf23bf7cb70a33d058b40c60a294a
pc-pc_social_ack-i1-ar-o0-ln-c0-fe-439c1ec21f84,pc-pc_social_ack-i1-ar-o0-ln-c0-fe,439c1ec21f847ed5c25638a95072e32419170f9589c570d37cfd4cc700f00ba1,e8ae5365fbf15b5d377a4d05ae702b0c1bbea0fbc8ef125828163203b8a20975
pc-pc_social_ack-i1-ar-o0-ln-c0-fh-b550dfcf5c3b,pc-pc_social_ack-i1-ar-o0-ln-c0-fh,b550dfcf5c3ba7656d4e4e3fac7e3f93ce76baa8999ba422184d4ae58531807a,1c0dcfd6af8670816b1721f3023ef22fbb5df75b677f74db863a793b5841dbf9
pc-pc_social_ack-i1-ro-o0-ln-c0-fx-ab45abe6e14c,pc-pc_social_ack-i1-ro-o0-ln-c0-fx,ab45abe6e14c4bfd1e7e5abc6101d0cd3b7db0d03c9e88e57b52f39e9e009806,cfdaa9a41e90d6fcafbb5c77394fafbddb53c1e4cfb088b6a6b73a841e5f27ca
pc-pc_social_ack-i1-ar-o0-ln-c1-fe-62c077a4f025,pc-pc_social_ack-i1-ar-o0-ln-c1-fe,62c077a4f02557489a760f781085def36d3cb50b07970c976e2c36d5643af8bd,292788b9083dd034deffef4c34c3da16501291e573e3dfd6a3fc087789f5739c
pc-pc_social_ack-i1-ar-o0-ln-c1-fh-20eaaaf20c41,pc-pc_social_ack-i1-ar-o0-ln-c1-fh,20eaaaf20c410c00efedc23eefd94db41325cf10cb3c13fac9ea48f19c911817,0b2a7f6c9740ad39a79b0b83f16fbda6ea1c00e1def8b02bfa4ed0fd1dcd264d
pc-pc_social_ack-i1-ro-o0-ln-c1-fx-314ea6a711f5,pc-pc_social_ack-i1-ro-o0-ln-c1-fx,314ea6a711f5117e8eba47ce49049b2ea8461ba23e44596cc70d8754908c0a37,051d86cb20ac361a5826e592c9d4b6bebfbb773897fff2c9c7aba653e14bd95d
pc-pc_social_ack-i1-ar-o1-ll-c0-fe-58f1586bef07,pc-pc_social_ack-i1-ar-o1-ll-c0-fe,58f1586bef074cc5945c7058ea1b500a8d72a4af4a4e9aeaf30cbd80204926bf,1aa3e77b294a5d2e46c7174460b94ea3cd8700b1e9efe488d55972a4e6b4b6e8
pc-pc_social_ack-i1-ar-o1-ll-c0-fh-dbb8e04cab70,pc-pc_social_ack-i1-ar-o1-ll-c0-fh,dbb8e04cab70d0a843ed258aeff89a13882c20482268542fa25b4ab9fe48d597,6cf85d5bb37bd5605b140b42347e9ada55844156bb0d2c5b180d7117603916ae
pc-pc_social_ack-i1-ro-o1-ll-c0-fx-72bfc70935c8,pc-pc_social_ack-i1-ro-o1-ll-c0-fx,72bfc70935c8713f37b2c1dd9f41cb36fd61564094dc5923bfa957c92aa196ff,70764e1c7198d89b169166574aeb37c5c844e4f3aa3c8bc4a1a2ef174d9665e8
pc-pc_social_ack-i1-ar-o1-ll-c1-fe-2b278a6c280c,pc-pc_social_ack-i1-ar-o1-ll-c1-fe,2b278a6c280c884b17a1872159f5b85f1c6e0c33b5870b325805f6056419564c,1d3cfd7318184b9b8d44d9869343644eb01b95530743dc5ec38ff0597df30e3a
pc-pc_social_ack-i1-ar-o1-ll-c1-fh-4ea0fcca1a9e,pc-pc_social_ack-i1-ar-o1-ll-c1-fh,4ea0fcca1a9e8ccbf41288c8bab08a14c5dbeca312b4dafcf4315606377d1527,baf79ca0ab84c783bb32dfca130a97df0a99fe39edeb1a4b628a9ba4f6425d58
pc-pc_social_ack-i1-ro-o1-ll-c1-fx-b5b82797e71d,pc-pc_social_ack-i1-ro-o1-ll-c1-fx,b5b82797e71d68ce56b0c2ba4777f294bd8b00937b1a1a9e5b2eb3e320738bcd,7dfdccffcd90fbd604a584d622927280e137f9155a77a1be323810f96aeccc26
pc-pc_social_ack-i1-ar-o1-ln-c0-fe-a7f4cbd941ea,pc-pc_social_ack-i1-ar-o1-ln-c0-fe,a7f4cbd941eaa41dcab4d12ddd0cbc0823598d28600b3a5da19d6c9d8ff893e3,6fafa0004c4aa7a2d47d302c7b24310e35e2dd1f91b357802fc1064a32d7de7a
pc-pc_social_ack-i1-ar-o1-ln-c0-fh-d35dbb036995,pc-pc_social_ack-i1-ar-o1-ln-c0-fh,d35dbb0369959b0c2282f08c0cf90b808b8a987af7c24062da47e268d7f1da2c,beca73a8e7d269c5b543e6b533c7c2e5e20de6c4b41562506075ae14e6c987a1
pc-pc_social_ack-i1-ro-o1-ln-c0-fx-c68e96502796,pc-pc_social_ack-i1-ro-o1-ln-c0-fx,c68e96502796796276ead0e9f668c19c79e365ec1ed62e0f12eee95e32014d1b,f4f011fea70de7b38104fcd8e88e52b031c6d3cfad3899c08b947792df90dccf
pc-pc_social_ack-i1-ar-o1-ln-c1-fe-a47c1fcacb7a,pc-pc_social_ack-i1-ar-o1-ln-c1-fe,a47c1fcacb7ab2c94bd0a99d2ca6e3bdf52a029e385bedc02f725e8f5c003059,e46a673684bcfab9d66bb42041e8a3feea4bfb22f9c7e02cf181d3fe0f2158b7
pc-pc_social_ack-i1-ar-o1-ln-c1-fh-125916e410ef,pc-pc_social_ack-i1-ar-o1-ln-c1-fh,125916e410ef853f8a8996c71f2a600004c61619ad0e2a4e330a731e679bb482,78a7c81665fdb15719b62265fa9efa759843fd626ecb666d7737b54544bf5b9f
pc-pc_social_ack-i1-ro-o1-ln-c1-fx-ee2124ec49ea,pc-pc_social_ack-i1-ro-o1-ln-c1-fx,ee2124ec49eaaef5c05a678bed4f2d762a659323dfec33f57a22e73cedfcb4cf,710ca23acfa8af4ed0b8af1c4bf9b47d13fb789955cd32360451d681e4e6b39f
pc-pc_social_ack-i2-ar-o0-ll-c0-fe-5616f21992f6,pc-pc_social_ack-i2-ar-o0-ll-c0-fe,5616f21992f63c0bd6b7d95092f5ce7258ac6a77787f9c75f87a9722e7827a3a,dd443347d35fc61b9074988215108ff30d38056ba00c487a3c8a040200923b3a
pc-pc_social_ack-i2-ar-o0-ll-c0-fh-8125c2a92304,pc-pc_social_ack-i2-ar-o0-ll-c0-fh,8125c2a92304d158cec2ce332c8aadeaf35986310c6a72651594931636f52586,99a8ec63152263cc23ddf63da15e046b6e90aaf80f178c4c17ce7c76ff25e655
pc-pc_social_ack-i2-ro-o0-ll-c0-fx-1148646165fa,pc-pc_social_ack-i2-ro-o0-ll-c0-fx,1148646165fa4cf3f3da881d0fbfa65373f567c5c18d341f39583a530003d925,a74fc2d6f47478e1f73ca56929e0041a832430d3689f33cf14eba1f9908f5ec2
pc-pc_social_ack-i2-ar-o0-ll-c1-fe-df148926de58,pc-pc_social_ack-i2-ar-o0-ll-c1-fe,df148926de584b37f38613f4ad12217a1dcd461f94c9dab6fbf2506170f5689b,cfb59b4cfc62d9f87f2ca85b6bf3b10833dcba7427cc201dffb3d1d025a68980
pc-pc_social_ack-i2-ar-o0-ll-c1-fh-3f1886f24089,pc-pc_social_ack-i2-ar-o0-ll-c1-fh,3f1886f2408917c524014ea6c8f46bf9fac1cb1e8f7228cb5c96f06e6368f0ac,ee2792ed3fe85a1ee67a063bf624b393fbd22a304d526a67326ff6b1c12d89a6
pc-pc_social_ack-i2-ro-o0-ll-c1-fx-2d160144e137,pc-pc_social_ack-i2-ro-o0-ll-c1-fx,2d160144e137f0bc38d9aa839e9726d9f5a50e501eebd31758cbbc73fdb95af3,2833486772f82879cc7b7830ce262b23e99edc6768374610d5db65003bb8ec18
pc-pc_social_ack-i2-ar-o0-ln-c0-fe-85f64aebcc4d,pc-pc_social_ack-i2-ar-o0-ln-c0-fe,85f64aebcc4dd3259a594b42f8af250300231eb68ec0343051ad629b2ccb725e,c9753ff14dc642cfd5febd33d05ec7c388b5ec96e8975c30734b2b17b7b90524
pc-pc_social_ack-i2-ar-o0-ln-c0-fh-437122d351fb,pc-pc_social_ack-i2-ar-o0-ln-c0-fh,437122d351fb6e23bd444a727f4c81f897dd18c628d8199244c5bf2fcdc196ae,ee0547a59b98cf0f3bd7dbf914bdf440d39a50c547bf361b1b59dc5558cb6211
pc-pc_social_ack-i2-ro-o0-ln-c0-fx-c1c5bfbcaee9,pc-pc_social_ack-i2-ro-o0-ln-c0-fx,c1c5bfbcaee98c23eddcc416a41d42af8471aa69fb77f04a81f32192a3088b52,ee3b0921d20021d7baba04bbb432ee5e64c1b13b53f3dd3b4c9ea15f40e43382
pc-pc_social_ack-i2-ar-o0-ln-c1-fe-125f84d0dc87,pc-pc_social_ack-i2-ar-o0-ln-c1-fe,125f84d0dc875dad706a113bbaeec35f8e8b0abd44415b212c4104b7f7cabe43,d8961c7b434a003d7a8b7836f4bace7b9f867230b8ba8470d4da56ad26a3d4e3
pc-pc_social_ack-i2-ar-o0-ln-c1-fh-c879349e58c0,pc-pc_social_ack-i2-ar-o0-ln-c1-fh,c879349e58c0350904d6a74d6a522523ca02d09e8c903f5b34ab72c453b96848,555cb1586cdbec54c2463364fab85820154f8e3a6177e3d1a9445518c4179866
pc-pc_social_ack-i2-ro-o0-ln-c1-fx-1d31ae83716e,pc-pc_social_ack-i2-ro-o0-ln-c1-fx,1d31ae83716e619c4e6550281aeac7f27394497d93965acd9ee9ffc7d8d8bed0,e1fae72db756e825c1318c3e40e7f3e00ea34305ffc66166e1b1b5ae00d7e877
pc-pc_social_ack-i2-ar-o1-ll-c0-fe-dc581ed9166e,pc-pc_social_ack-i2-ar-o1-ll-c0-fe,dc581ed9166ea53212ac8434f224be2b1c118e5b8300f28e1c8cfe140d4447e2,1b5abad189054f63ac7386daae518d4ba6188af4d68dd45170d392afad0948ce
pc-pc_social_ack-i2-ar-o1-ll-c0-fh-487c5db8543c,pc-pc_social_ack-i2-ar-o1-ll-c0-fh,487c5db8543c2a694bb0f7d499de66a27075cef16b906700b18fb7c0c2783e23,fdb8a2d1e9c732c71fc7f068baf209d3c366b00908128ecedfaa0dfd430a3817
pc-pc_social_ack-i2-ro-o1-ll-c0-fx-96b85f1ad816,pc-pc_social_ack-i2-ro-o1-ll-c0-fx,96b85f1ad81667235a23a03f09a910c6596985816765cf1bed5a61167e0ab3cb,6903533c329843ac9f93d418bc78d25ecd88993b23d3189269ba54d2d177d4d5
pc-pc_social_ack-i2-ar-o1-ll-c1-fe-8c52d4040af5,pc-pc_social_ack-i2-ar-o1-ll-c1-fe,8c52d4040af5b52c9214cf411b6cb464e6117edc6fcfb6187e4686ef7e025c27,f2341b9ff0bc561fd0fc7e97c70f52a9bc3ce58bb43b5b08e27ce28886664fe3
pc-pc_social_ack-i2-ar-o1-ll-c1-fh-b52e8cf0b220,pc-pc_social_ack-i2-ar-o1-ll-c1-fh,b52e8cf0b220de15a3db8d826784917d3fe87176b88f7e1c7c78ee74d8072ec3,366b16c018761a7f3c27aea438f117e4d9fce7fe70ab1c6bb7a11e6f3c8ca3b1
pc-pc_social_ack-i2-ro-o1-ll-c1-fx-e91f09afa04f,pc-pc_social_ack-i2-ro-o1-ll-c1-fx,e91f09afa04faed96ecc1b82693737b5cb99bfc6a7a16998fc7aa0d9f64e70bf,c54de366c52e9f71092fb225e0435285eaed5f1509a11fc415b9fa4087aa4ab3
pc-pc_social_ack-i2-ar-o1-ln-c0-fe-54745e8af3df,pc-pc_social_ack-i2-ar-o1-ln-c0-fe,54745e8af3dffde8984832bacfacd94507592d151a4669fb540d6328cf84cfa7,6b37504a261d13e98de9c5e4e1b5c9249d340e1e7f88e757b537e0796a166ef3
pc-pc_social_ack-i2-ar-o1-ln-c0-fh-2ecfcc3cec37,pc-pc_social_ack-i2-ar-o1-ln-c0-fh,2ecfcc3cec371c358fcef3b0663f7674834c2da0af80d51f8512c510b50423ec,4ff27bf12d1239137a63674029405e0f5aae3e4c50f16b7083df57aded2e999d
pc-pc_social_ack-i2-ro-o1-ln-c0-fx-8b34f99f7fab,pc-pc_social_ack-i2-ro-o1-ln-c0-fx,8b34f99f7fab4c1ccfd04ffef0222a5fdad18e4c33c94db297272e0e057ab118,1da255fe63fcd7cbc0c75060e638cd94a3e4a803c1a144a7eba5f71dd1185d7f
pc-pc_social_ack-i2-ar-o1-ln-c1-fe-77733c7e8865,pc-pc_social_ack-i2-ar-o1-ln-c1-fe,77733c7e886557bfe4f2946b99e99a61d202f17bd591ffa65d53b723a8acda42,138167fc06f6c820d9346b657b084e16c54b356906817fb98c21c672448a7a4d
pc-pc_social_ack-i2-ar-o1-ln-c1-fh-0557c48507ea,pc-pc_social_ack-i2-ar-o1-ln-c1-fh,0557c48507ea4615359f0175c7b18cc63191e96d0be28865a708708f5c44d910,37695cf4ea9518cdd2019a9d246edf7de532820fd141f2f1ae84638e9c925524
pc-pc_social_ack-i2-ro-o1-ln-c1-fx-5ce6f585f8ab,pc-pc_social_ack-i2-ro-o1-ln-c1-fx,5ce6f585f8abd2ef75820bf7f34e9802adb3666ba57a99f284ee8414b154dc66,fa64dc27ecb1794d1b7887e4f8c37998b376d0b56e9beac1005117b8b78d73e3
pc-pc_social_ack-i3-ar-o0-ll-c0-fe-bdc483d63b5a,pc-pc_social_ack-i3-ar-o0-ll-c0-fe,bdc483d63b5a2f08d4c838f0ab564abbea8248f602bce8fe77eb76cc57638573,f7e6f1c3ae6d7dc759f9d24e1147ba35253cf9d92023312db6eb1d457d0621c2
pc-pc_social_ack-i3-ar-o0-ll-c0-fh-e413c7b2eafb,pc-pc_social_ack-i3-ar-o0-ll-c0-fh,e413c7b2eafb9b3f9ca2e7b583c4d26d4e302231811edae40d854e5e4416af61,d2d9fb01f7d27a094683981c01a46a95f7c9b60fb8afbb68d44aac6338ce5537
pc-pc_social_ack-i3-ro-o0-ll-c0-fx-0902714699f4,pc-pc_social_ack-i3-ro-o0-ll-c0-fx,0902714699f4c44a84f0a225eec5bc5b025ccba546b38e9d9331d1bdcea908e6,2f6c973ad6b0d84137181e53804f0c1fb6a3702cad712504904e7da4b43b8e5c
pc-pc_social_ack-i3-ar-o0-ll-c1-fe-38e6110cbce7,pc-pc_social_ack-i3-ar-o0-ll-c1-fe,38e6110cbce7c111fafd9303c2c56f9dfa5546f383247a21f1f31239d08ac4ae,3c4ab1c8650d66b848f7a05ed4e4b048d754b68412473f1cd2a9a5c542e12333
pc-pc_social_ack-i3-ar-o0-ll-c1-fh-f98c6cc2a1c9,pc-pc_social_ack-i3-ar-o0-ll-c1-fh,f98c6cc2a1c930aae416331f999ca0b6d1d8449b8f2fdcefe48a0128fb12aa74,96d847326619af4e31738924cb627b36f9288b0bc836ac41d5fb4c5e114ef2c0
pc-pc_social_ack-i3-ro-o0-ll-c1-fx-b22c5466785c,pc-pc_social_ack-i3-ro-o0-ll-c1-fx,b22c5466785c33b8e28ba76c292ee7c2682e16a373a470b0f6bae9495403865b,029efbb26ed3ac71cf382f37a8b05da86c1f1be7a4f938f84b68af98ce008dc8
pc-pc_social_ack-i3-ar-o0-ln-c0-fe-c8bcfcfe0692,pc-pc_social_ack-i3-ar-o0-ln-c0-fe,c8bcfcfe069273e705a6a2bd15ec0629e51c27d8e77ee11293c1a138ad2023cd,74438f200a61a267fded669fd080b2063b7646a482a4937eb93942c96416570f
pc-pc_social_ack-i3-ar-o0-ln-c0-fh-6c234c01ced2,pc-pc_social_ack-i3-ar-o0-ln-c0-fh,6c234c01ced2226e7aca5d063dcd9d5a8936c8ce00d9a219e4b7db89fa8d32e1,7cfaad5ebc446a6dd8b76e37897fe2e95cb98146871e0f0d9b58e954514059c7
pc-pc_social_ack-i3-ro-o0-ln-c0-fx-3eeb7307b94a,pc-pc_social_ack-i3-ro-o0-ln-c0-fx,3eeb7307b94a0edf787623963994261f5debf39bc41556a1a5841d6ad19a1c65,be5bdbe8c1a769d50245591d66d5f67864b3ba19804341ce4bf80246a6e0e1ab
pc-pc_social_ack-i3-ar-o0-ln-c1-fe-8ea19fb769f1,pc-pc_social_ack-i3-ar-o0-ln-c1-fe,8ea19fb769f1dcdb4aaad2b6c13a02c516041ae3032c8707641edb464099cc70,1e26014ef2dd9d64e14925ace8cf2c1a7ec91f7eefc4fec7ae5a4f09962977ee
pc-pc_social_ack-i3-ar-o0-ln-c1-fh-16a935810208,pc-pc_social_ack-i3-ar-o0-ln-c1-fh,16a9358102088867d141919c9a19548f09bd712b3ff01b1e50cc90fe919fb819,809414a97c72c664358a7a469972a7a3e382195831941a8ab3860c5f887fce8b
pc-pc_social_ack-i3-ro-o0-ln-c1-fx-7e2beff9b8b8,pc-pc_social_ack-i3-ro-o0-ln-c1-fx,7e2beff9b8b859d1a268ba908aba15a1c8d7cecd9f2d18bbc9ad8ce205249d16,4d6d15abf5fbdf5014c85060a011c811df571d311184c69e51eef2dac74272e8
pc-pc_social_ack-i3-ar-o1-ll-c0-fe-b5f26101989a,pc-pc_social_ack-i3-ar-o1-ll-c0-fe,b5f26101989ae95d56fef522d32a2bc970f3e4f1fffec59bc8c4b7d2030f73f0,c8c61cce6ff2592049e314f393905b493c37faa30bf2cfdded4c1ce9c726a005
pc-pc_social_ack-i3-ar-o1-ll-c0-fh-bf5a47005a9c,pc-pc_social_ack-i3-ar-o1-ll-c0-fh,bf5a47005a9ce1ece8600628676f2e22b724d5f122b5950aac21c533e3f4cd4a,51f446ac2b2b9f83d504a413350c1bc83059b656049ab36f4017ab2910bb0991
pc-pc_social_ack-i3-ro-o1-ll-c0-fx-bc3e880b97a1,pc-pc_social_ack-i3-ro-o1-ll-c0-fx,bc3e880b97a1c3a445de11fa9a65bdb4854006fa6819afe3b9a1a7f298fc1961,c38893858cde6fd5b014216401fc5ddf813bb74a7ece85ed26b1ae732316c8bd
pc-pc_social_ack-i3-ar-o1-ll-c1-fe-fcb74db6d132,pc-pc_social_ack-i3-ar-o1-ll-c1-fe,fcb74db6d132f9ed55af83bab3cfdd0ee91d61ceda0f3ec1151b826ffc659499,38166994edcfcc62a402cf15d86f4e3ad69eebda94dbfa1622b1f51e1d440b88
pc-pc_social_ack-i3-ar-o1-ll-c1-fh-8fea7c130d85,pc-pc_social_ack-i3-ar-o1-ll-c1-fh,8fea7c130d850b57f6b2939a7d0dc69fc0569c5cc6c94f8ab207e330c3dd6bf1,490222a96cc14abd6ddcb23e62a0a74d85b1bd80819cb125bf218a6ad7c428f1
pc-pc_social_ack-i3-ro-o1-ll-c1-fx-680a2dafa0b4,pc-pc_social_ack-i3-ro-o1-ll-c1-fx,680a2dafa0b435543a8195d874a4ff5b82beb29ee5cc777843ea097908e95ecb,a139a11e457727eb26eefda66fade729a853d7bbe264ec2a695ea139fe2e9b1f
pc-pc_social_ack-i3-ar-o1-ln-c0-fe-9a80d98e27af,pc-pc_social_ack-i3-ar-o1-ln-c0-fe,9a80d98e27afa791b36172ea5a2e7cbfc7191de4ef36e9838d3dffbb6ecbab58,5909e1e94388fc325f6b9da896d4bee7e7329ecfa69955f4443d2354ad1a57c6
pc-pc_social_ack-i3-ar-o1-ln-c0-fh-5442cfb527e3,pc-pc_social_ack-i3-ar-o1-ln-c0-fh,5442cfb527e38a274a0448dc98289edcbe9010fd2f454d944e88b3893df5550d,cee70627613943fc3406bf260d146d36c713e08200580341fbb535d7c197eb35
pc-pc_social_ack-i3-ro-o1-ln-c0-fx-cfb1671717f7,pc-pc_social_ack-i3-ro-o1-ln-c0-fx,cfb1671717f7ae0f2bc0a95f1fed171fb9ead381cbffa989359d0a55d65a80b2,acd8661c63dbbaa9a9111db5296962fab5ca76701dd4b65de0c2331b5192fb3f
pc-pc_social_ack-i3-ar-o1-ln-c1-fe-e4c5c72d5633,pc-pc_social_ack-i3-ar-o1-ln-c1-fe,e4c5c72d5633ff851c0630df85be1c1ca33281350447c22a1b8a2e0a8bc16895,ab0d850c19b1eda4771cc8585464ff11707cfaf902734ed728881318c042c7d8
pc-pc_social_ack-i3-ar-o1-ln-c1-fh-c5db98b8cb26,pc-pc_social_ack-i3-ar-o1-ln-c1-fh,c5db98b8cb263582000a21792bb7b6d3997d1d25fc620d8159ad0d74a94f8fb6,be5db2ef2dc8b02933c08af34273942d87e42acb12dc786ab50895ad2c4eb3dd
pc-pc_social_ack-i3-ro-o1-ln-c1-fx-8a1de0fc1440,pc-pc_social_ack-i3-ro-o1-ln-c1-fx,8a1de0fc14400bc9aa4d8b5bb3847c1d9b8615b1a54060ab1b663fd8366614ba,77d962d2060f70891b2e11e68adf2ad9ad9d3b4a3aaf751cb89356d36cfc43df
pc-pc_social_ack-i4-ar-o0-ll-c0-fe-ab1796d39cd4,pc-pc_social_ack-i4-ar-o0-ll-c0-fe,ab1796d39cd41258491248b5f749eec6ae2bb4cabf6560f6a93e7230276bf12e,6909fbcaa7ff68d9934a360c067244d9a465ba1d56abe16dfdbc2a5b9ce86012
pc-pc_social_ack-i4-ar-o0-ll-c0-fh-d51163ce2eda,pc-pc_social_ack-i4-ar-o0-ll-c0-fh,d51163ce2eda2927c0e04a31848b2ea615fe5903e33182a5c42ebf25c5405665,94c5eb3a75dd2c6c1c2a20ff84774c536af27968826051031b0d0db916cc5321
pc-pc_social_ack-i4-ro-o0-ll-c0-fx-789ba1505304,pc-pc_social_ack-i4-ro-o0-ll-c0-fx,789ba1505304f0ed77bdc8e03b7c89c68a14d239d151de4bb79b19d9b0a93bce,49c1e4c31707c19d98e2f2eb06c74b8d8edc70cb84deaa3503f5ebbe6187ad0a
pc-pc_social_ack-i4-ar-o0-ll-c1-fe-ac5b378e2964,pc-pc_social_ack-i4-ar-o0-ll-c1-fe,ac5b378e296474e2b8e466bf782b6d60bf920d2ea45e608c60f27f4aa05419b1,182c6c37f3e862598467623afef2f54be081e15a0c36a6ecb973ab3cf0096a89
pc-pc_social_ack-i4-ar-o0-ll-c1-fh-388df6f4ad5c,pc-pc_social_ack-i4-ar-o0-ll-c1-fh,388df6f4ad5cf57b2515244aa46678609eb80c1f266ef9834dd4fcad8453d7bb,6e7bf2461bd55372c2873727efa0c71c8e4ce06b7058f6d7c44a52eb8defacc9
pc-pc_social_ack-i4-ro-o0-ll-c1-fx-d9e5d05c70c4,pc-pc_social_ack-i4-ro-o0-ll-c1-fx,d9e5d05c70c4d0c4aed21f6c5a14a87378a8e1b0c61459896bc796cf59b4ee13,5dee5887fcc2befd9aad7dcf9c67d1358fd52783e6642cb6e25108a5f3dd4cf3
pc-pc_social_ack-i4-ar-o0-ln-c0-fe-388a48198cca,pc-pc_social_ack-i4-ar-o0-ln-c0-fe,388a48198cca0b8b97d08eddaed1baaa1e846afae462bbd4e44916fa7f5910fb,c196ebe97375870f4d8da218c686e4c6228dc6efcf57583ec028889d16c3104f
pc-pc_social_ack-i4-ar-o0-ln-c0-fh-fd7ff2cfffc1,pc-pc_social_ack-i4-ar-o0-ln-c0-fh,fd7ff2cfffc10e34fb2cd71c6fb34f7caf510ae313c82cfdc5ca649f14d9923b,29c779c16e4060f4b7b3fe46b1e9dd917f6346f172230c11c8755f8c2c87d1d7
pc-pc_social_ack-i4-ro-o0-ln-c0-fx-8cdb3b878765,pc-pc_social_ack-i4-ro-o0-ln-c0-fx,8cdb3b878765f740203ad88f5cfc9837ff0eca0d036bd9f89c71f15433c955e2,474340bbb17f8bde563ca1c006c9dfb6c386b91d672de27e2215901549ebd0d1
pc-pc_social_ack-i4-ar-o0-ln-c1-fe-07af9bd75f14,pc-pc_social_ack-i4-ar-o0-ln-c1-fe,07af9bd75f14ab10fe3bb202411a34983c813bd4a955488d2ef41c1b4c0f256b,ab2a2bb0a0b8c238f61ce4c3407ea67c6262567643a6be968374cbbfe3051cce
pc-pc_social_ack-i4-ar-o0-ln-c1-fh-73839cbcd8d2,pc-pc_social_ack-i4-ar-o0-ln-c1-fh,73839cbcd8d2ce382daecead781c3134ad32c448d28500226288e74dc7c4fb34,e4721e826319ac94c9d9db21737304f4cd05a41d6fa183fc77b8cf5c458e72f6
pc-pc_social_ack-i4-ro-o0-ln-c1-fx-f8934886fb43,pc-pc_social_ack-i4-ro-o0-ln-c1-fx,f8934886fb43ee8c51311e12a3a6bd2698d202b3f2940ed574b79003fcc0f505,54a7a12a78f3a5595b5c1bbce1e46d29c2b7f730d0bb188506b3e5fdd889816e
pc-pc_social_ack-i4-ar-o1-ll-c0-fe-808dcf9f3be6,pc-pc_social_ack-i4-ar-o1-ll-c0-fe,808dcf9f3be6d2c08cf08cc4dc324f43bab340c470a479141a45542790ddbaa5,33a4a530dc0f10447afffac89fbebce82b0240c1c24d668f3c42ec882de62ffa
pc-pc_social_ack-i4-ar-o1-ll-c0-fh-1e24aaaae241,pc-pc_social_ack-i4-ar-o1-ll-c0-fh,1e24aaaae241215ad7ccd2a355843752e2d94a95b6e0861a64ba2746349cb1af,921d6771bd33369bc71bf539291a0cb2fa79adc4e6b09cf6fc6c91ae57eadb05
pc-pc_social_ack-i4-ro-o1-ll-c0-fx-6124029fa1ca,pc-pc_social_ack-i4-ro-o1-ll-c0-fx,6124029fa1ca6c20ed2c3814d96185b555cbf08cd49ed40bd531f01fa05b3243,225158c805cca5ebb039f43e8806780240832c65e531a6c98a5227560f6dcab8
pc-pc_social_ack-i4-ar-o1-ll-c1-fe-4d252ac8ddc7,pc-pc_social_ack-i4-ar-o1-ll-c1-fe,4d252ac8ddc7618f05c8ec95c9e3ad610cf84721b96f7b42ad82e8a26d7a52c5,0403141deb143c90b3cd1a9b56011d5ff5dba6173f719610cad480460cccacad
pc-pc_social_ack-i4-ar-o1-ll-c1-fh-00279130f6d7,pc-pc_social_ack-i4-ar-o1-ll-c1-fh,00279130f6d7f809bb745efb9ba3600c6d12beb3ef50d8c8b12b5296f343cf65,4bead65e6a9c9802dd91f598599342f6212bf571670e4481a8882d0c8c41a2e1
pc-pc_social_ack-i4-ro-o1-ll-c1-fx-ef761ac67c63,pc-pc_social_ack-i4-ro-o1-ll-c1-fx,ef761ac67c63256be8414e745c9ee1c15462f0094688434864b5d9f5787785be,4665068b44b693f3c5e6c1cbbe367790ee99cf448e35deba543097195a6e028e
pc-pc_social_ack-i4-ar-o1-ln-c0-fe-a27c82739bd4,pc-pc_social_ack-i4-ar-o1-ln-c0-fe,a27c82739bd475d18aa73bd3aae2aa0d59bd3f098d934eff1c88a0e04564c5b2,ca3d685b9b0fb32ebed7ae877a30ab48f189032c71bb53c52046867c092b4e2a
pc-pc_social_ack-i4-ar-o1-ln-c0-fh-f1dccbfb1705,pc-pc_social_ack-i4-ar-o1-ln-c0-fh,f1dccbfb1705899996ac776332a3f130bab42590ccd95ff060a62b5e3a90e9cc,01723415b404ed3aa8cc25fc9eb7e65539fd48048c561d34379c9b7c1d7d99ce
pc-pc_social_ack-i4-ro-o1-ln-c0-fx-76c79687d10e,pc-pc_social_ack-i4-ro-o1-ln-c0-fx,76c79687d10ed1fe1f0dd856d2733ee3221904c538963e32177b3de3ff9d6992,be9b1cdb5aad1888e997f8c53caab809c62d11e4492a7f2ec6f97fafcf3d56a5
pc-pc_social_ack-i4-ar-o1-ln-c1-fe-eccfe3bba108,pc-pc_social_ack-i4-ar-o1-ln-c1-fe,eccfe3bba108566c8955d2ab675cdf44595ec1fe92f2b772e93536eb95ec24e7,63a7681807104bc303ac06ec2bac3f3abaca406b4bb2c97c8e3a474b3f45af93
pc-pc_social_ack-i4-ar-o1-ln-c1-fh-49fdef56e899,pc-pc_social_ack-i4-ar-o1-ln-c1-fh,49fdef56e89951ff3f4392c44ee7f53d9f27f726e6798f0ef660bb653e52e891,f1a93a387b5fa3a4f16c912e5870208e15fa08946b82819be00460b9d29f16b7
pc-pc_social_ack-i4-ro-o1-ln-c1-fx-3cbb1516dc6a,pc-pc_social_ack-i4-ro-o1-ln-c1-fx,3cbb1516dc6a03244ecf3cec5f54de95935c555d9fdac1ccf089660d9f8a06e6,2e7ccc1379b3a083115fa027f21edcf30c01101488eb4b93ac65df5d1157dc19
pc-pc_social_review-i0-ar-o0-ll-c0-fe-6e0f1494211a,pc-pc_social_review-i0-ar-o0-ll-c0-fe,6e0f1494211a49844112d8350b2c8f623ee5ea2108d304baa5404461003f7779,7017bdeef7261471863aee8b5a77b4999b9da1a8f17ac32f734a5a2cbdf0f90a
pc-pc_social_review-i0-ar-o0-ll-c0-fh-6ad82160799c,pc-pc_social_review-i0-ar-o0-ll-c0-fh,6ad82160799c2d11102cf8faeb898a88ae406a12a2e2896d577947a5a3933aed,ad1519f9162d017afea7a86351a15f92e70ed6e7e1b8bdeeed638537dfb52304
pc-pc_social_review-i0-ro-o0-ll-c0-fx-fa78ea177eaf,pc-pc_social_review-i0-ro-o0-ll-c0-fx,fa78ea177eaf269a3b04b61b753784a9424721bb131215556106602254e8aca1,c501e8c505fcc905033c06b3227835605d10b0740223d1de61449f642cb7010c
pc-pc_social_review-i0-ar-o0-ll-c1-fe-cc37bfca0d66,pc-pc_social_review-i0-ar-o0-ll-c1-fe,cc37bfca0d66055d8f4ca457b0d3a2fe9182d1cb69419371b6dec2d5b90fc4a1,f23282a5726a00b0e54bd4244919919d41a9e47758be85b6369923dc86107970
pc-pc_social_review-i0-ar-o0-ll-c1-fh-a9f5407afc4e,pc-pc_social_review-i0-ar-o0-ll-c1-fh,a9f5407afc4e0d4a3f7b95855f4883ae14623a88daf0ce33260f7e759dcbaeea,1150e53f653451ede48dda4d76c7c733d0e2afaf889f669025841295c6ad3726
pc-pc_social_review-i0-ro-o0-ll-c1-fx-c12d06bf043b,pc-pc_social_review-i0-ro-o0-ll-c1-fx,c12d06bf043ba3da06b8b3dff8ad251e1a83fffd47d7247b64cda25c0b5a7a4b,df2782b41fd08acba2a13b9eb5abbc8142c20214cde87c7417afb05f5f9e6d1c
pc-pc_social_review-i0-ar-o0-ln-c0-fe-1f349a2e7d0b,pc-pc_social_review-i0-ar-o0-ln-c0-fe,1f349a2e7d0bd53171f7066ab9e5f776573353de034477bde6de0ab0e08eb0a7,a4df8af6c9c3a3bba1c0ac0d1a3d7302e1e3c8c92de736623552b8ad24308e82
pc-pc_social_review-i0-ar-o0-ln-c0-fh-124c59be616b,pc-pc_social_review-i0-ar-o0-ln-c0-fh,124c59be616b0eac43708f735635b2f2b9c3f7cf5700ad8f2f17ff2fe78d66b3,12f87705528839685c1f3aa1e3d1b6114f2fa620de982e17acca91713fc2479f
pc-pc_social_review-i0-ro-o0-ln-c0-fx-3def82bfcdd5,pc-pc_social_review-i0-ro-o0-ln-c0-fx,3def82bfcdd5ae83d48921ee86f0e56e0eac178d7981d534e99e10f8135453e1,9f4f07346bea30120dbf72ec38e64be59926f63d1fc49c5921c12d3ee4d30f17
pc-pc_social_review-i0-ar-o0-ln-c1-fe-aeb7a25903c3,pc-pc_social_review-i0-ar-o0-ln-c1-fe,aeb7a25903c35ba119c76209b6081dac4696dafef5a5686673c982a8190f2241,7aa45538bd62e6d14b61ca02d71a8aecb2f5cbf2de84dc83ae1aec509bd3fc7e
pc-pc_social_review-i0-ar-o0-ln-c1-fh-e570d660e9cb,pc-pc_social_review-i0-ar-o0-ln-c1-fh,e570d660e9cbd64a25d4cf4c00d59f8a3432a39de8e9958e0049ebc3e764d5b2,01ac98a00e649e98529ef161ee167af3aa5141f34135fb589cc31ae77ce6b7c6
pc-pc_social_review-i0-ro-o0-ln-c1-fx-69d87e611c2b,pc-pc_social_review-i0-ro-o0-ln-c1-fx,69d87e611c2b6abb795f2a7d3113c6e6f8ef856354ab21065bbc0295a0cf3f09,806b899bab0f1242eb32a11a669d1907568b0f48f6a1ea223258d226c8171f66
pc-pc_social_review-i0-ar-o1-ll-c0-fe-d6eda1f282c6,pc-pc_social_review-i0-ar-o1-ll-c0-fe,d6eda1f282c60addcdf6cbe6ad200a3eb02176c73a3d9b79a4e089b15217bb73,933e5ba83e23bebac88a612b2954acb5dca778da5aabe089e400686ba5ba5595
pc-pc_social_review-i0-ar-o1-ll-c0-fh-d68bdaf20cbb,pc-pc_social_review-i0-ar-o1-ll-c0-fh,d68bdaf20cbbd37a117cf5ee29b63c0028b3f871738d651fb83bb8e9bfff3323,b9991edca9f1739a99caa42dcfe9824c866bee391f05392a68abc9593266dfa9
pc-pc_social_review-i0-ro-o1-ll-c0-fx-3310cb135d45,pc-pc_social_review-i0-ro-o1-ll-c0-fx,3310cb135d4523cef9f7a94eb643340070a22653b27f9f03bd147f701be86128,1d5b49d5f39c2be3b681a45502a5301e5fec14dd906609807f566413414359ed
pc-pc_social_review-i0-ar-o1-ll-c1-fe-7fffa5556299,pc-pc_social_review-i0-ar-o1-ll-c1-fe,7fffa55562997147b794da24c4936c3c51b514bb5c68443a0384301d0d31cc15,1f9e8dbebdc4d7642c8fc77942e3c5b2ee9fa4153435fafd152cd98c249fb956
pc-pc_social_review-i0-ar-o1-ll-c1-fh-93b7765aed85,pc-pc_social_review-i0-ar-o1-ll-c1-fh,93b7765aed8551acb2d50a0d8f4769ce58ee6261263f4a5108044875013b2caf,3c0177fecc88491f63c651d146a57a69df52f88ef099aebeeee7f645394c5f19
pc-pc_social_review-i0-ro-o1-ll-c1-fx-0e3e9d9e5b1e,pc-pc_social_review-i0-ro-o1-ll-c1-fx,0e3e9d9e5b1e80ce17e3b34b17e370724a1e246993a6a5214749778f988a3205,3c2162f5f23544df5a17749d841908977a4d45a1c149ab7f6c44db7978d15f04
pc-pc_social_review-i0-ar-o1-ln-c0-fe-1b97d6dc768e,pc-pc_social_review-i0-ar-o1-ln-c0-fe,1b97d6dc768e2ffdff4b6fe79f5df9c4fe4bb05c09674f08253060fd0bad84cb,76439c59bf4c21fd9ee948d0affa0616f13993341f6da6192084cbc57b410677
pc-pc_social_review-i0-ar-o1-ln-c0-fh-98f0e2845d48,pc-pc_social_review-i0-ar-o1-ln-c0-fh,98f0e2845d480fd6f862c081c2dcdc1035047319d1aee1dbc567b26708dbf1b9,4461b602515d8dc71de61fb658362d83a4109e55d7ab83ffc99d8f420959491a
pc-pc_social_review-i0-ro-o1-ln-c0-fx-2179221b6c95,pc-pc_social_review-i0-ro-o1-ln-c0-fx,2179221b6c95398d32716b45f9dce73d5b792818b8011124beea67bb427249db,25688694e3fceea7aaad15ba717ae985631dc277ad22ac8b42cebd1e075e5eca
pc-pc_social_review-i0-ar-o1-ln-c1-fe-e587bbd33fa4,pc-pc_social_review-i0-ar-o1-ln-c1-fe,e587bbd33fa438c97adaca1a69d2e40df143df4ba5a74b6d7603fc7982dccf6c,cb62fc7abe14d64d186aa24a3acf54b0826f8de052f5eba940c26c7bec808597
pc-pc_social_review-i0-ar-o1-ln-c1-fh-89c047951b8b,pc-pc_social_review-i0-ar-o1-ln-c1-fh,89c047951b8b9ee477a4af45af0782c79ca03181c50a0bac3688c0d82c05cb55,201a98601d1318381385bbeffef1765679019b554482a112a7bd44217a8d7ae8
pc-pc_social_review-i0-ro-o1-ln-c1-fx-9acdef47a81b,pc-pc_social_review-i0-ro-o1-ln-c1-fx,9acdef47a81ba830be640c0ca43d8b97b2a240d226a260bc5a90395120ce9156,fa2128e89ce4c8be7fbc91b27c92a593bf720deee5dd647b27baf1bbb06f2d75
pc-pc_social_review-i1-ar-o0-ll-c0-fe-262f9f1a9171,pc-pc_social_review-i1-ar-o0-ll-c0-fe,262f9f1a917145d81515f7ce291644f1668310d0af6466b4d79ca4d1029bb7f8,2ad1d0cf9e797117939f89574003c1fb1561d6ab70d3aefbe7884d0ab629abbb
pc-pc_social_review-i1-ar-o0-ll-c0-fh-73798a8a905a,pc-pc_social_review-i1-ar-o0-ll-c0-fh,73798a8a905a6ccb01b11bc8f8d11ef536c6e80cb6782bfed9c74c66b1b6bf1f,7cf63b554da6a6732fb1fa4d83f000490224cee31b130b8654557c739e587060
pc-pc_social_review-i1-ro-o0-ll-c0-fx-11147b92c316,pc-pc_social_review-i1-ro-o0-ll-c0-fx,11147b92c316ddc8d7150673f796eec346f16207cc4b5fdebb40e5192c555a15,422308413939f87885921605c80aa920fc603fa00755e7b0244228b51b41d4af
pc-pc_social_review-i1-ar-o0-ll-c1-fe-799a04121b8d,pc-pc_social_review-i1-ar-o0-ll-c1-fe,799a04121b8dde0ebaffe479de6441d57af1f8d5f6aa06367f909b891f64337a,c93017245df85c4907943d94019bc2fe2274846a359d7648c98e7530c996c43d
pc-pc_social_review-i1-ar-o0-ll-c1-fh-08cbc0077b60,pc-pc_social_review-i1-ar-o0-ll-c1-fh,08cbc0077b60d9ee914e4e52beb6baf3da24b1fb77304b948b479636ad015e7b,557e51f8d5f66e715c776f2354d91e9c899aeb609e2c98d74208b1d5eb9aec7c
pc-pc_social_review-i1-ro-o0-ll-c1-fx-97aa746fe018,pc-pc_social_review-i1-ro-o0-ll-c1-fx,97aa746fe01850e5551c30ede61f8fb2c533692c268ec8a7d13adf42d8244195,4afcaee5d21ca823708df232162f8e0fae35c495f0ae0c9985eed9d1203a0347
pc-pc_social_review-i1-ar-o0-ln-c0-fe-a6f02fa84f1c,pc-pc_social_review-i1-ar-o0-ln-c0-fe,a6f02fa84f1cbd97f403b41386e4c416c374fcd724fbdd7517a536f3a6d88162,23469efc73d02105f56f4a72f69d2f19757111111b8259f1d2a8a42f7ea83c10
pc-pc_social_review-i1-ar-o0-ln-c0-fh-cd970e809cda,pc-pc_social_review-i1-ar-o0-ln-c0-fh,cd970e809cda9d8728812adcb9e7509c36f3319d318ac52ec30a7f708c47e471,8df15e0e649825fb1d499d3089f021af5c97b45903f203cbb3dc9219b91a7f8e
pc-pc_social_review-i1-ro-o0-ln-c0-fx-f729b873cc20,pc-pc_social_review-i1-ro-o0-ln-c0-fx,f729b873cc2016fe52ea6f39a2a1656139cde288b02f0c41e0af42c58da22adf,a273f5d325e1206a94e891723ad1efacd99caed78bbaaf6e8a9cd41d61714a35
pc-pc_social_review-i1-ar-o0-ln-c1-fe-cc84f200e179,pc-pc_social_review-i1-ar-o0-ln-c1-fe,cc84f200e179d24d495288841fbc4eab15d283fd3ef1891e68c87b8d15735d9c,1534ecdedb30b2f319935fc2d62569d5f5b58d4020c28f2d63bb2666dda61f46
pc-pc_social_review-i1-ar-o0-ln-c1-fh-4de8882f77d8,pc-pc_social_review-i1-ar-o0-ln-c1-fh,4de8882f77d8c051d4ec8b74ccd49be6d080b31ac50a3936ee722b1752fd6929,0596ab206700b0cf51d73a4fe8823777248e3019d9960fee4c329fad6cee4799
pc-pc_social_review-i1-ro-o0-ln-c1-fx-fb8c5d787a79,pc-pc_social_review-i1-ro-o0-ln-c1-fx,fb8c5d787a7910bfdd06452df09539034e1e53010d1d7dffa66cc3b5340cf14f,66ef69c2328689d0ec9ab84b48cb64794586acbdbf2cbfc26446dfa36041d32a
pc-pc_social_review-i1-ar-o1-ll-c0-fe-afbd541d9b67,pc-pc_social_review-i1-ar-o1-ll-c0-fe,afbd541d9b67fd94acb034d62918745c0c5c52284dc7148e4408a5974e039b03,8955e329aafbe6e60f3813166ced5ea9c488809549647f15794e56f35833a36d
pc-pc_social_review-i1-ar-o1-ll-c0-fh-ca48a36e0abc,pc-pc_social_review-i1-ar-o1-ll-c0-fh,ca48a36e0abc61e28ac7a9b9a660e3521006cc024c87bb603f9cf29072816380,946a0a27df6ac62461ac834a40f103654ad13b8715166310b2b11731e6a24383
pc-pc_social_review-i1-ro-o1-ll-c0-fx-a181813e7c0f,pc-pc_social_review-i1-ro-o1-ll-c0-fx,a181813e7c0fafd89d0cfd41ea6f3923c5a7a77502bac07bcca4126b387e0dd5,d3f2d84e1124f6589a2201f56f603d1ec6f729b66048d3090c3509f475819d96
pc-pc_social_review-i1-ar-o1-ll-c1-fe-9cbc78b609e9,pc-pc_social_review-i1-ar-o1-ll-c1-fe,9cbc78b609e988d6815462ed4c7d5150c7d30975db2af3e156b54cce988abaa1,5e45e929775cd06aaf79e869b1af03a2abbe7a9144f8240249e74ec7c08751ff
pc-pc_social_review-i1-ar-o1-ll-c1-fh-e341a720a363,pc-pc_social_review-i1-ar-o1-ll-c1-fh,e341a720a3636b53dc12b231b8330190cd456ddd57adaba7a4c89f7731ab142f,e0ce453aa83718483f7a913a824a847a193e3e21d10fc28ec8775818bcc2a2b0
pc-pc_social_review-i1-ro-o1-ll-c1-fx-fd6e12f259c0,pc-pc_social_review-i1-ro-o1-ll-c1-fx,fd6e12f259c0a821bf64e9066323540e9c70a9899a672ba5e15c4507e05f11cc,dbbe4a274bab7b0fceb94486d559768f0dd8d93588a61489f535685de5feb51b
pc-pc_social_review-i1-ar-o1-ln-c0-fe-c2c2908a4b56,pc-pc_social_review-i1-ar-o1-ln-c0-fe,c2c2908a4b569820b6d4578dc66424f90ef14cdb844869141eb22ec365a1adf3,8dcbd62437f9537112ad34e81b90a4add6e77f0ab675acb6fdbfe26fca8a72f0
pc-pc_social_review-i1-ar-o1-ln-c0-fh-33ce7ba7be67,pc-pc_social_review-i1-ar-o1-ln-c0-fh,33ce7ba7be678668680337a89863a79eaf9f73049ca7353248e37a81a49675c4,c4f2178a3fe6b90083e584e4f54782960946b7ee71615217c220936d387e8d9e
pc-pc_social_review-i1-ro-o1-ln-c0-fx-98dd7a5d4238,pc-pc_social_review-i1-ro-o1-ln-c0-fx,98dd7a5d4238b903b06bbd7066cfbd8d695d51d80e16c05e97c62918c8f722c7,08eb8f1f55d086c92c6151dddc43857b17740c065e12256e97cf60a6371ac9ca
pc-pc_social_review-i1-ar-o1-ln-c1-fe-f7fcbeeabb6b,pc-pc_social_review-i1-ar-o1-ln-c1-fe,f7fcbeeabb6b1a0e6a57f318f25e3f505a88339c1f1c5b6cffe47e6879e0785a,f147c63cbef0e70b92bf9d7922b3007c94c14a34a3d9716e73be6387074d471a
pc-pc_social_review-i1-ar-o1-ln-c1-fh-fb82a4556414,pc-pc_social_review-i1-ar-o1-ln-c1-fh,fb82a45564140acf3060aca65e7d4b4030cb739a30dbd9b1c6be6c75ac280aeb,6c0d05f5b49fe082c3179462386229b7e26b2f4e45d302a5d88fecfc3250ecac
pc-pc_social_review-i1-ro-o1-ln-c1-fx-d30eaeaa2276,pc-pc_social_review-i1-ro-o1-ln-c1-fx,d30eaeaa22767ba0781b7c31bcb9fec01e57e6612ab5930d8e00ed545eac744f,e627796817ef203b67a04a9317b25e3b04fca2a49eb29d3b253f9532fc097863
pc-pc_social_review-i2-ar-o0-ll-c0-fe-486357346359,pc-pc_social_review-i2-ar-o0-ll-c0-fe,486357346359e0df8fec6838eb5449030d9e9c2e35721c61a302cce3da528203,161682a09b1ad3c32ffedeacbe62ca9eabe9e9e67c97420b1448590a2dea9a2b
pc-pc_social_review-i2-ar-o0-ll-c0-fh-40f00742282b,pc-pc_social_review-i2-ar-o0-ll-c0-fh,40f00742282ba37c61529870490fb4065267493a9053026593c90a8e385c390f,c33824307a4560eeb7ce4477d66f6d102640ad3d87a2fa6b4fb37b8fcb99ea9a
pc-pc_social_review-i2-ro-o0-ll-c0-fx-5471ca640808,pc-pc_social_review-i2-ro-o0-ll-c0-fx,5471ca640808e5c978f3619008a5970aed0040a86cc24855eea8b09124c24af5,9228f4ce4b5bf1d36c6b24c40777e351f45a60ac60d145dcf154bc97dadec11f
pc-pc_social_review-i2-ar-o0-ll-c1-fe-ee88dce4831d,pc-pc_social_review-i2-ar-o0-ll-c1-fe,ee88dce4831d4616bcf8f4260f7a8bc01bcf21d15e9bed10fefa3b9adba6f7e4,b436c62c3b9ade42bf7bced1679a2298d713078503c61bd90a17de324e531bba
pc-pc_social_review-i2-ar-o0-ll-c1-fh-174c40f8d69a,pc-pc_social_review-i2-ar-o0-ll-c1-fh,174c40f8d69a3e4b559a5e0cf842f0d1696742fb68196e7061a174a05964aff1,740fdd0376ff0d9cff7720e5b4435e4aed96e4318aa739dc21c834cd292d51c4
pc-pc_social_review-i2-ro-o0-ll-c1-fx-71e77411749a,pc-pc_social_review-i2-ro-o0-ll-c1-fx,71e77411749a087de1305387e94e99ae75b6f5b366537f5c2afeed39a7851c44,949322bac35e701e802772c221272d670100077ffe59c24ce4e886ac56a21da0
pc-pc_social_review-i2-ar-o0-ln-c0-fe-a31bbb062228,pc-pc_social_review-i2-ar-o0-ln-c0-fe,a31bbb06222813249a48e099fc65892b433461b899fb90a064020171ee695cab,e1e03ce669e91204d4bbba750a40992477df14dca10fa19a6c90aed87210103a
pc-pc_social_review-i2-ar-o0-ln-c0-fh-07ff59dcca0f,pc-pc_social_review-i2-ar-o0-ln-c0-fh,07ff59dcca0fab1d0bdbfe8a41b4dee9525f490086e323daffd4c1da91120f9a,26a801aff74bcad1467d0812c5bdc82eea6a8870eb5e25caec47019faf9d57ca
pc-pc_social_review-i2-ro-o0-ln-c0-fx-f6d7da0bf2f4,pc-pc_social_review-i2-ro-o0-ln-c0-fx,f6d7da0bf2f412c6b2a5540061ec82d2f17e86d374dcd749f3c5018168339066,5dc92f22a350297ee8c114855d7324c7733d270ab31524ff9f36fd74297ecd9e
pc-pc_social_review-i2-ar-o0-ln-c1-fe-3ffd19385ea6,pc-pc_social_review-i2-ar-o0-ln-c1-fe,3ffd19385ea6adf75f65f9f1728fd96c3f001efd325bc8ab12157a29a1c01b77,cd3dd544be2ea8bdca782fb64675c38472ee642d93cf2f0eece660de087e59b3
pc-pc_social_review-i2-ar-o0-ln-c1-fh-28af24804113,pc-pc_social_review-i2-ar-o0-ln-c1-fh,28af24804113a1495d337fb4701a519b3b216cad18523ed1c616a652c96dd6d1,4c9a00e08796eb38de24815cb392c4336f21760f7be39f8f3372761a0b652e26
pc-pc_social_review-i2-ro-o0-ln-c1-fx-59c9c1a71f02,pc-pc_social_review-i2-ro-o0-ln-c1-fx,59c9c1a71f02dadf0e6520ebd7c1afbaa646e48573dfae4f4d852386ca483b68,f6d407085bb2719f03539887447f5deaaaf7c6b2d74f41563065a1c7e6eb70f4
pc-pc_social_review-i2-ar-o1-ll-c0-fe-a61efb1926b9,pc-pc_social_review-i2-ar-o1-ll-c0-fe,a61efb1926b97d0b7c5d0454fd1d3cf63932b2603bb8e3d484e8a5a5cf8625bf,812ec3ddf42eec529ffee11b2dd8d1c7fedef33625bd45c4d2935d8f443fff0a
pc-pc_social_review-i2-ar-o1-ll-c0-fh-2f4da507b557,pc-pc_social_review-i2-ar-o1-ll-c0-fh,2f4da507b55737d4fd65422f3539c522ecbb79a56594345c81180c965ac60093,1ccdd40d6ac282554acb6e1d7dd0b34915f86e7bfe4881bf1c49b3e104643fbe
pc-pc_social_review-i2-ro-o1-ll-c0-fx-e6d9f3b138e8,pc-pc_social_review-i2-ro-o1-ll-c0-fx,e6d9f3b138e8ca6496401ebea2ee08054641b0c84c0ad26f15f5a6bbedd28fed,3edbedb3ff90a6bdecf1d4f9738d5d072cd459a2faf768f8088a730b24e0c0dc
pc-pc_social_review-i2-ar-o1-ll-c1-fe-aaab850af33b,pc-pc_social_review-i2-ar-o1-ll-c1-fe,aaab850af33b9f8dfa4762ec858b98dd44eb14476be33dfd0161b2ddd17b87c9,90c7d2cf3a0d7cc273d312de95c3a8c798e8861b26fffe9c8763e500e3de98ba
pc-pc_social_review-i2-ar-o1-ll-c1-fh-33bd31e017d6,pc-pc_social_review-i2-ar-o1-ll-c1-fh,33bd31e017d695b6f232656e81ef633c5985782d5a69f6df47eec6e46cd95408,1f28858b7e469d89eb8f8547ff2672b44928dda8b61791477a8fb42f1ce7598f
pc-pc_social_review-i2-ro-o1-ll-c1-fx-1f6806ed0f5e,pc-pc_social_review-i2-ro-o1-ll-c1-fx,1f6806ed0f5e2a33782d107b4607f496dcc5eefafcdaec65a76b1f3a0feb4e32,44e4101cf8e8f01788bd2116efb22fcabdf21faebfa0825dfe2853cb093584d9
pc-pc_social_review-i2-ar-o1-ln-c0-fe-c1ba964d4d0a,pc-pc_social_review-i2-ar-o1-ln-c0-fe,c1ba964d4d0a55bdd103c0e05356bc95763f0bca6d1e62ae1b1e6b682242ba22,301d02d16267555e8d1d05399556b212e3ae630b648ec9b40f89dfe0c0e8cd8b
pc-pc_social_review-i2-ar-o1-ln-c0-fh-edab5317e3ce,pc-pc_social_review-i2-ar-o1-ln-c0-fh,edab5317e3cecf8b5c938ff09237ff2b2d2b3c5a5693b2da2aa7ce9e370760bb,e59c2803933b0fd063f56c769ca4c64f209eeede15ba1912ee5c5c3cc3bb5e49
pc-pc_social_review-i2-ro-o1-ln-c0-fx-b97f339e7b83,pc-pc_social_review-i2-ro-o1-ln-c0-fx,b97f339e7b839d54da284a9861e9b7691c831c5650dcfd1fd536649263fcca53,539d4d165cc7839f4be1078423d31c6cb232fa6a1fea3c2db872628d0ff27b35
pc-pc_social_review-i2-ar-o1-ln-c1-fe-e8429bc8d285,pc-pc_social_review-i2-ar-o1-ln-c1-fe,e8429bc8d2853e8b90cb71a6ebc0936f953251d8b681f4e1231803c5f960137e,9efa9535d64cb216c92aaca0af39bc10c1fd0603f31f60d147ada7202b664252
pc-pc_social_review-i2-ar-o1-ln-c1-fh-07d9a9725025,pc-pc_social_review-i2-ar-o1-ln-c1-fh,07d9a972502513b10be4ab8d7fdeb17d545aa99a8c698893a28a2fea2b70734f,b311de179862639a621662ce5084137924bb1532f1960422b008c6e05fa848fd
pc-pc_social_review-i2-ro-o1-ln-c1-fx-24bf592f69b6,pc-pc_social_review-i2-ro-o1-ln-c1-fx,24bf592f69b658cdc91479c5b8144c8bebd40f8188255f7a8e840191f0b7084b,ce2f581b2d19061e3b4d7e43cc0cf7fbde7ea07949071476f59c7edaf166f1e8
pc-pc_social_review-i3-ar-o0-ll-c0-fe-360da722c6fd,pc-pc_social_review-i3-ar-o0-ll-c0-fe,360da722c6fdf222304ca6035562a2b3627ceed00f2d45f2dc5b9a7180660e01,bcfec5a18b227c450dafffd3e0b0dbf2a6bdf4e7f401abf3eb119214fd2d373f
pc-pc_social_review-i3-ar-o0-ll-c0-fh-ff1908734c50,pc-pc_social_review-i3-ar-o0-ll-c0-fh,ff1908734c5013e30122743a8268b30986cb5f1133a3eae0c0869aad02f6d4c5,123093013c92d35de7fa0b12efd0c055c4c4c5cf7aa8a00927d3f780aeb828f9
pc-pc_social_review-i3-ro-o0-ll-c0-fx-98806ae35031,pc-pc_social_review-i3-ro-o0-ll-c0-fx,98806ae3503169954927d50a6fc632df23059f59c028665f32c9e359395c2981,0fbdc1e2e51ae2b1b3b93db0ea24c531dcebd57db102f91b01548cdd57a39aaf
pc-pc_social_review-i3-ar-o0-ll-c1-fe-f4b4564a570a,pc-pc_social_review-i3-ar-o0-ll-c1-fe,f4b4564a570a5978294aad2882e4a9116bf4d69cc568d78cb428152c8188c026,320b412d8beef9ada22c6d6ea1ec57f04753577f3afaaf7fd066588a8b905d58
pc-pc_social_review-i3-ar-o0-ll-c1-fh-1c4c8f3a0504,pc-pc_social_review-i3-ar-o0-ll-c1-fh,1c4c8f3a0504474dcfe403298c48b9e166270d9afc870dd7f453120e472937d4,29b9803297ef79afdab0b0398a48f48fddd17bc163e66ed5a2b19a3b082f6d78
pc-pc_social_review-i3-ro-o0-ll-c1-fx-56bd6c32a45b,pc-pc_social_review-i3-ro-o0-ll-c1-fx,56bd6c32a45b402b0c4025841159c87fea712ac909f0cd8656ab243c04fbbc3d,3150f808072cd28c6b62f940f89ae9b248e50dd86e246f2f55eb26e8920d8607
pc-pc_social_review-i3-ar-o0-ln-c0-fe-48feed154716,pc-pc_social_review-i3-ar-o0-ln-c0-fe,48feed1547165e98014c4cea856895b647c7039425579e46163743d3bf0e09b3,2030fe07fd0b0d76c7f9c3166be9c93fc79bc9d51e39951600afcb2175b394ad
pc-pc_social_review-i3-ar-o0-ln-c0-fh-8ccfeb2035f7,pc-pc_social_review-i3-ar-o0-ln-c0-fh,8ccfeb2035f75c0aa9d83ad2133247a17be744c3fadb289bb9bf0dade5ee3ce8,4bf642bffd44a5b790b6252f42f2f38eec819b77cb488a45f9cefb3b4d3833bf
pc-pc_social_review-i3-ro-o0-ln-c0-fx-33a039f1b228,pc-pc_social_review-i3-ro-o0-ln-c0-fx,33a039f1b228030028fe773375bac42ce8774bcaca476af35b183fa049609707,d02b0ca65b5b854aba634829f3ce964e85b3bf04d4fcb310643fc96130a58104
pc-pc_social_review-i3-ar-o0-ln-c1-fe-295caf371a38,pc-pc_social_review-i3-ar-o0-ln-c1-fe,295caf371a387eeb8996d1b70878e11c64925eab843a04e1c033887b9de24ff7,9cfe3761354a5d076268ca2ed523f0307380491563847223224255b6cd46a45a
pc-pc_social_review-i3-ar-o0-ln-c1-fh-12721b0ce106,pc-pc_social_review-i3-ar-o0-ln-c1-fh,12721b0ce106bf3daf1c467725e8525bff4c43ca382a13ad056876bbfcee631a,1c7a3966f4b9111b97a38749c3a0f718c8446f1945e3f87d915e5d5c1cd3cfad
pc-pc_social_review-i3-ro-o0-ln-c1-fx-b682b79f222c,pc-pc_social_review-i3-ro-o0-ln-c1-fx,b682b79f222cdc1674bd68d7c58a8cb4afbfe2272fbdc8cdd14c27d399bc9ade,781a6986ee5b42382947b7c3f03104201c7b36c3ae764d03c997a759933d149a
pc-pc_social_review-i3-ar-o1-ll-c0-fe-b602e659035b,pc-pc_social_review-i3-ar-o1-ll-c0-fe,b602e659035bf2aa68a294dbe531225eb318cba74a05c426a5159f62ce026958,9280477a1b9d00b43cc59e48151a27a5ab22371469be15e2118a4dbd78524b54
pc-pc_social_review-i3-ar-o1-ll-c0-fh-d3754bf73f35,pc-pc_social_review-i3-ar-o1-ll-c0-fh,d3754bf73f35ea26d55b0ee8dc8d2c6955831505a916e6b2ea6bb8765d8d1773,dff19a46827742602fba0abbb09964192a890bb9fbd818a6bb7b164d0c66f647
pc-pc_social_review-i3-ro-o1-ll-c0-fx-188da27a76e7,pc-pc_social_review-i3-ro-o1-ll-c0-fx,188da27a76e75d7f393fb100393c2391a9fed262884a125df4f7feca4685359b,2a447aa14d3c4869ba9dac6f691b2d6361039aa98ef58c8c2ad5efb75289ec5f
pc-pc_social_review-i3-ar-o1-ll-c1-fe-1d6c38ddf13d,pc-pc_social_review-i3-ar-o1-ll-c1-fe,1d6c38ddf13d956e7d1fd21156ed52cdda1d2ecee2ef003b2ecb9457f815a694,afe50f44f6726abf75016674876b226cca758cdfaccc3e373eb7f52f40c0693a
pc-pc_social_review-i3-ar-o1-ll-c1-fh-0bb2b885aced,pc-pc_social_review-i3-ar-o1-ll-c1-fh,0bb2b885aceda5228e813bdd9d77e69cdcc7917ccdba4b99f18caf3e3df8f0d6,009752c6e9723f3fd8158194625db7abc32d346ced51e7c9dec4777adb4f6f72
pc-pc_social_review-i3-ro-o1-ll-c1-fx-f26743da6a66,pc-pc_social_review-i3-ro-o1-ll-c1-fx,f26743da6a66b7b6d36f535d9d932e20a56766b8d14f56546c60e33a04a73722,c3399c9af875a21699ce77705def9f5fccd51773d549c55e7976fbdfe8b7233e
pc-pc_social_review-i3-ar-o1-ln-c0-fe-94b4f9ae0186,pc-pc_social_review-i3-ar-o1-ln-c0-fe,94b4f9ae0186a8ce38f026aca7340411d8a024371d0da7cd23bab9b3cabac574,3d213586af1d75160a8e904064573d7248a791f97c49bb9228da41bcaf9d5ed6
pc-pc_social_review-i3-ar-o1-ln-c0-fh-0bf7ea9ebb1d,pc-pc_social_review-i3-ar-o1-ln-c0-fh,0bf7ea9ebb1dc06174f710deabdc32547e840dd8d64279c1ee3cff80ecfa2ee8,10bd80074700caceade05612ce3b8f71746e97ea2921851d8c7ff0b588422953
pc-pc_social_review-i3-ro-o1-ln-c0-fx-1adbf8ffedbb,pc-pc_social_review-i3-ro-o1-ln-c0-fx,1adbf8ffedbb431d4d628b6ec7b4c518bb44aad3f90cef766878f60b8e0436da,86c22a0faf55072900e7247b8a730bb1149ec6def4e6fb34c44ca5222e0ec051
pc-pc_social_review-i3-ar-o1-ln-c1-fe-6e845dcdf8af,pc-pc_social_review-i3-ar-o1-ln-c1-fe,6e845dcdf8af88d7a53f4911be807ac09344f3231e0be09219ac4f8b83ffc49f,ee3272328c7239437b00f652c530141ad88466b4d436c2bc86f9fa2f940d435c
pc-pc_social_review-i3-ar-o1-ln-c1-fh-23fdbad38a21,pc-pc_social_review-i3-ar-o1-ln-c1-fh,23fdbad38a212747bbd98936e6ef470be666ac0db1d55a3ef31efecbdec77bca,598512bcd13957716f54bc6816509ed6ad6d9ce2fe78a9c47f0bbbc045853e19
pc-pc_social_review-i3-ro-o1-ln-c1-fx-547a28e21492,pc-pc_social_review-i3-ro-o1-ln-c1-fx,547a28e214921cf91d48d9023435344602b7fa0d7733ac15e17bee3348738ab0,63597fef4771f1b52f55661c28749e05dbea5f4093f5518589f286ce37c9228e
pc-pc_social_review-i4-ar-o0-ll-c0-fe-5e3c34f30c7f,pc-pc_social_review-i4-ar-o0-ll-c0-fe,5e3c34f30c7ff3770a893bbb8638f69b626293bcceaaf59d528420d1da17b2db,004b5971511b498ace5e4c59f5993bd7d2c9af8f590dcc94b496c837c965cc12
pc-pc_social_review-i4-ar-o0-ll-c0-fh-235d4fcb34b8,pc-pc_social_review-i4-ar-o0-ll-c0-fh,235d4fcb34b8a1c2729d4c6ae713eea29cb0d5ec36fad596e1fea108a2dc7016,1d1bfb866b2d6f5b212db67a6f410445ab2c668d3d1a3a88c66ee21f015f9201
pc-pc_social_review-i4-ro-o0-ll-c0-fx-490b5b73a892,pc-pc_social_review-i4-ro-o0-ll-c0-fx,490b5b73a89238c991de4f0e575aba7473ab6a54386f33a512d362e57e6372ea,ea54c4a87db768591dfca6a1ee2ed1186047913feb7e036f7bea401906ebd00c
pc-pc_social_review-i4-ar-o0-ll-c1-fe-4e53ccca0c6e,pc-pc_social_review-i4-ar-o0-ll-c1-fe,4e53ccca0c6ea79e19553b38cbb2803382cb16d746f7ba81903311cda2fbf16f,3e7015f012a29ea389c826d69aef68d75f5b2b447cf493da156f972e1379dbe5
pc-pc_social_review-i4-ar-o0-ll-c1-fh-967de27fc67e,pc-pc_social_review-i4-ar-o0-ll-c1-fh,967de27fc67e300a4c7542a18d1152d781e6dbd680e157a11e91eb5ca1772ddf,6df012378a0aa62f6198b14c1776fa9859146105cfc00decdc9d19267f350c8c
pc-pc_social_review-i4-ro-o0-ll-c1-fx-050e5fc82f6c,pc-pc_social_review-i4-ro-o0-ll-c1-fx,050e5fc82f6ca6b5c7bc7d35bbbf7922dadb240c9f961473a8fcfae1f6852ee9,53df3c6f6bae036c75ff9e7d51bbfdf8b21035dfd81b46b0203c82bb5361708f
pc-pc_social_review-i4-ar-o0-ln-c0-fe-16355bb31a7a,pc-pc_social_review-i4-ar-o0-ln-c0-fe,16355bb31a7a5bb3215c9c802142d1fafe5159bf6bbdf0b8f79144b3c87aa53b,9d7ff478bdecc2ed3e647f0fead969493d34fd3177fdc03d9001dd3b91734954
pc-pc_social_review-i4-ar-o0-ln-c0-fh-646294570c50,pc-pc_social_review-i4-ar-o0-ln-c0-fh,646294570c5049ceea9879e01e218b829bf9d8f3dbe2de690d17c359cb2c14fa,be24a1cff75af6de92c37e0cb23a9b0fbcdb26399be6dc263c60d12f26e18734
pc-pc_social_review-i4-ro-o0-ln-c0-fx-36c9407b940e,pc-pc_social_review-i4-ro-o0-ln-c0-fx,36c9407b940e882bd996997a42950bfdde5d11b39bf73e789b3a635b8685678b,59c352c4abc25490166054f27dbd37e9b7dec468e5bea509cfea2c3dcebff60e
pc-pc_social_review-i4-ar-o0-ln-c1-fe-26a4b46c295f,pc-pc_social_review-i4-ar-o0-ln-c1-fe,26a4b46c295fd7515234ae67351174c76e1c423f3c781b054722c1fd5e17cd6f,346891ce284c97aad131f59748787a1c8d0df8a1d4442548a40245609f901cbe
pc-pc_social_review-i4-ar-o0-ln-c1-fh-804a9a626ba8,pc-pc_social_review-i4-ar-o0-ln-c1-fh,804a9a626ba88cd65482e093b40e38e1e369afd1a03416c72f42140cf84cc27a,fba755fa27620c4a9830814cbbe0e67700c67860487846b1565cbc5d9818afb9
pc-pc_social_review-i4-ro-o0-ln-c1-fx-8529f9eb0c55,pc-pc_social_review-i4-ro-o0-ln-c1-fx,8529f9eb0c55029409e8c33acd1f6101afd1bd3373d8a80e37a9e48815bb4ca1,6b48551103f15dba903931735f61422cce5646ec7f13818f2173c10e174263ba
pc-pc_social_review-i4-ar-o1-ll-c0-fe-ad8d6106b9a6,pc-pc_social_review-i4-ar-o1-ll-c0-fe,ad8d6106b9a6f82e234be22f3bb9d90071a118c4da1e310e99533959987f2ac4,e1b3b1cc0132bfcbf80b9fc8aaf42d7bddae99ca12643f5972998bd335bec9e6
pc-pc_social_review-i4-ar-o1-ll-c0-fh-6ca85fab7560,pc-pc_social_review-i4-ar-o1-ll-c0-fh,6ca85fab75603b06106f1167bdfeaab21c1ba1d188d499c90aa9c55eb1a10455,1361821690d0ea0c8cd655ae2da23445aca559bd1e75bccd5b7baaffad74f46c
pc-pc_social_review-i4-ro-o1-ll-c0-fx-d73633a5239e,pc-pc_social_review-i4-ro-o1-ll-c0-fx,d73633a5239ef666b99260de25b621baa6a5cabbaeb8cf8887c96722b232a4db,bc48a2ae2a4cc09b0de87ca98ef707cefa8698e24da04f4c90816631c0bfa3b5
pc-pc_social_review-i4-ar-o1-ll-c1-fe-996a916bb8f2,pc-pc_social_review-i4-ar-o1-ll-c1-fe,996a916bb8f292eaf9f35bb8a8a365b2a8ebbdc7cfd530bb32270e6464fee0b0,d978c109caf2e24d241189bf006128fd78d0f6bf9c654d50fb974998acc6e863
pc-pc_social_review-i4-ar-o1-ll-c1-fh-de74232fdc00,pc-pc_social_review-i4-ar-o1-ll-c1-fh,de74232fdc000a68ee4f43a69ad3e6911545587c97b0262aeffea03f13950b2e,4f78dfa2262c9b68b49420170c950aa34eb6d457ce8f46afb60d8efbe10a8871
pc-pc_social_review-i4-ro-o1-ll-c1-fx-5c5a7b6b6759,pc-pc_social_review-i4-ro-o1-ll-c1-fx,5c5a7b6b6759e650e1a1146b1475820fc224594a4d3c44d981a152598badd077,8fa03c566fd5bdf5e9dc219555d9e5f7bacf0b2b00afb69e9e38eaf1deba586d
pc-pc_social_review-i4-ar-o1-ln-c0-fe-c626a212ab41,pc-pc_social_review-i4-ar-o1-ln-c0-fe,c626a212ab415c5943087f9e61c8ca815d83767e2c60c7664acc101e4a81d4c7,c332f6d3ae53fef9ba1c6dd3b7581a7322e272bb9e28b54c153887c2e3de90f8
pc-pc_social_review-i4-ar-o1-ln-c0-fh-1e72d687bdf6,pc-pc_social_review-i4-ar-o1-ln-c0-fh,1e72d687bdf6534bb8f254fffd5372919564ceae0a31032168bbe2316a1c5a2c,4fbac0cb400a7b0571186b967f1b4cca6895981d415baa92ea222634fa7861ce
pc-pc_social_review-i4-ro-o1-ln-c0-fx-36e2b363537a,pc-pc_social_review-i4-ro-o1-ln-c0-fx,36e2b363537a83754aebebca8737e1106148e764d549848781d61792dee273c4,cc8eb307e088fb1eef31afc1b110fd80c4565663f19e5ecd0fcceafbacd3ca5e
pc-pc_social_review-i4-ar-o1-ln-c1-fe-99a994470f14,pc-pc_social_review-i4-ar-o1-ln-c1-fe,99a994470f1497078f5cb73a4d0a5829da372af0665767ca45daa5d1fa7be6c8,f806d5c403a45231cebc429f19788c61df4fa4fec37aba22a5b0d304ca3982ee
pc-pc_social_review-i4-ar-o1-ln-c1-fh-04fb9856f2df,pc-pc_social_review-i4-ar-o1-ln-c1-fh,04fb9856f2dfbc23d04b63bdb0ba22483e9637fdf8522e38d8ab5376a045c504,c6e71586c80438fbda46d8daf4845a931c5c2a4216821cec958aedf3c709a3aa
pc-pc_social_review-i4-ro-o1-ln-c1-fx-3fca9e522204,pc-pc_social_review-i4-ro-o1-ln-c1-fx,3fca9e5222048e02cfb5a03cc660565d556e1b3c46f3c75da0a1974a13002b06,51a01bcaf1336fa902b77bbdf687147320519056ad0befb534583ca35be84d50
pc-pc_safety_creds-i0-ar-o0-ll-c0-fe-fcd4242c0c46,pc-pc_safety_creds-i0-ar-o0-ll-c0-fe,fcd4242c0c46fa9215effe5391b498ddbedfa5db47b67462edf245d528ef24b5,9fb1c80f5d8a5755d062f7c70e504f00b14b74671758bc933bdbee411b5d9c74
pc-pc_safety_creds-i0-ar-o0-ll-c0-fh-cd60f45d8501,pc-pc_safety_creds-i0-ar-o0-ll-c0-fh,cd60f45d850195cc4989dc99a06df3b5caec9c54a0bfc88899ed329427368a7d,59a64a46224a0e6c2de50cca7dc0b1397dafd954ab60198aeb4244a4995fc678
pc-pc_safety_creds-i0-ro-o0-ll-c0-fx-095120213a4a,pc-pc_safety_creds-i0-ro-o0-ll-c0-fx,095120213a4a22d012d3e34ccf0a96e7f9cd19398d286791e66734f5e7a97466,83f354ac3d59c76c5c24a79c3c7e51270ad7238ee9d6381fd7074cadb0452985
pc-pc_safety_creds-i0-ar-o0-ll-c1-fe-5b70fbff9c71,pc-pc_safety_creds-i0-ar-o0-ll-c1-fe,5b70fbff9c71c56f4d432aff571738b202ab490210917c3b1417fc815076ffa8,4205bba84f481b2f00d0c27adc343aaa6f1926ec779ef97a802b8775e44d1ea1
pc-pc_safety_creds-i0-ar-o0-ll-c1-fh-d337914c92fc,pc-pc_safety_creds-i0-ar-o0-ll-c1-fh,d337914c92fc27fb918b535ff8d95ac1f302675220351b200e0fd0fbf7511a72,cfd890d17bc3bad6777085d38bf9e879462af90a061590b5ce165b58ccc57188
pc-pc_safety_creds-i0-ro-o0-ll-c1-fx-cb016b92242c,pc-pc_safety_creds-i0-ro-o0-ll-c1-fx,cb016b92242c4797f3fca7a8cafbddafdb44ff66f5c53f5a82c193b1b83a2f7d,05d4e00aa9fc2fd773d573b2f0ba69e6f2f132fb93ae0c9ca0ca3c1520d15806
pc-pc_safety_creds-i0-ar-o0-ln-c0-fe-3359e2e27d52,pc-pc_safety_creds-i0-ar-o0-ln-c0-fe,3359e2e27d5207d286af8100d069fa5eba678a9b022fd098a9900216e92c942a,e6a8f75364af68e7d385af657aec58bc7d92faee6a072fe11c04905a2ffa3f10
pc-pc_safety_creds-i0-ar-o0-ln-c0-fh-84a9216e3447,pc-pc_safety_creds-i0-ar-o0-ln-c0-fh,84a9216e3447a2f67c0a897b4c72239c02ad29062be7e1154fd1e87ba2197145,6c430901b539b3233d77a1c3c85ee7acad9dfda4a9e4290acbf2cb749bf63843
pc-pc_safety_creds-i0-ro-o0-ln-c0-fx-9595833ab6f5,pc-pc_safety_creds-i0-ro-o0-ln-c0-fx,9595833ab6f5ef2f791f66062f3b3f229a0e34742477420659cc74abd5f54e5b,bb5faa2214d3f828e5daeb42210cb2c6edac1b5e50287a2e41110566ed6cd531
pc-pc_safety_creds-i0-ar-o0-ln-c1-fe-25529f5f58cc,pc-pc_safety_creds-i0-ar-o0-ln-c1-fe,25529f5f58ccd50ec3ce3c525222faf9663c47aa62e833e0e30a8364553be38d,4754ae484b809799eefd196cdd0b0b2692c84e12631f1c9af482d3f63338950d
pc-pc_safety_creds-i0-ar-o0-ln-c1-fh-01f136ba2891,pc-pc_safety_creds-i0-ar-o0-ln-c1-fh,01f136ba289177ff86776196611ba6c43633cbab67063d39a47821dabb37feb2,5b9464e05139abe31b70ef9aa9d3ff69fdbedb751ded85c7c577387640e856a6
pc-pc_safety_creds-i0-ro-o0-ln-c1-fx-8f1bebcddf45,pc-pc_safety_creds-i0-ro-o0-ln-c1-fx,8f1bebcddf45b7310b90033fd638d341e850795d8cdf84a7598ddfed6d061a89,c5105b026b05893f5e40a9871ad2f302f98c2e311f5f3f083fae33c32d58564b
pc-pc_safety_creds-i0-ar-o1-ll-c0-fe-27dcda549022,pc-pc_safety_creds-i0-ar-o1-ll-c0-fe,27dcda54902247e4e5bebedce59539eb6a7a1bd70e9c76f99493e6afae6ee9a8,23cfdc9fbd99d59c8c4cfc29596ad545258f086ddcbee8b5377f616963a0022f
pc-pc_safety_creds-i0-ar-o1-ll-c0-fh-01ed59b42529,pc-pc_safety_creds-i0-ar-o1-ll-c0-fh,01ed59b42529f5114825189ce7f0d02a80db7a7ca47b7f54b8be84f842a9152f,864baed197089cb9a7bc167faffdbc72fe052346d3cb3fad71b8fa215127b894
pc-pc_safety_creds-i0-ro-o1-ll-c0-fx-5e4e80a4c6c2,pc-pc_safety_creds-i0-ro-o1-ll-c0-fx,5e4e80a4c6c213e7cb6156987c2642b45acfb4d2d17e20247514f50adf9bf8f0,79e42c3bc7641597ae08918a18fad3bdae1c025336859334bc4a21ce5a5179bd
pc-pc_safety_creds-i0-ar-o1-ll-c1-fe-5e5228c0ec5b,pc-pc_safety_creds-i0-ar-o1-ll-c1-fe,5e5228c0ec5b683d8a2954c381a30cf261a75a4227ac993b78d9b7803ce3ed2e,7bf802e6b78fb52238a7aa6c192e143ef6d6d3a9cd7f04090f3b8cf9453d9bca
pc-pc_safety_creds-i0-ar-o1-ll-c1-fh-56c9b2bc6548,pc-pc_safety_creds-i0-ar-o1-ll-c1-fh,56c9b2bc654858b84d6334758183e3c5ecf53e69b79e0fef43011cc78ad9dec7,285eb7bc3af052ff1a995bed34efb27070d7177ac1c1a6d2faf5b68bc3a63e96
pc-pc_safety_creds-i0-ro-o1-ll-c1-fx-8a089249da03,pc-pc_safety_creds-i0-ro-o1-ll-c1-fx,8a089249da037c8d1a071488bd6c9cce9cfa2c2d4e46179f623afa575d0a2684,9bfe6714e3c444d751f8d59503009111fc51a14bba809cb82e26f0df3d7c67ae
pc-pc_safety_creds-i0-ar-o1-ln-c0-fe-a32143b19ee3,pc-pc_safety_creds-i0-ar-o1-ln-c0-fe,a32143b19ee3438e00385c3d84ad4b24fefb073f89db3838c89d07a0969ecc99,f991f105555d23fc7d3c62aef1f779bd94f6b3e2d5bedb12b86268f62f6bd24f
pc-pc_safety_creds-i0-ar-o1-ln-c0-fh-c4423f1ffc1c,pc-pc_safety_creds-i0-ar-o1-ln-c0-fh,c4423f1ffc1c0837e2c59f18c3c60890d17df50429e11c7beddc4dfe33a0a697,dccdc4da01357a75fcb3c5831bfa5549702b8a1e04bc2a1d954934bca7e85ebc
pc-pc_safety_creds-i0-ro-o1-ln-c0-fx-6890fb60499a,pc-pc_safety_creds-i0-ro-o1-ln-c0-fx,6890fb60499a3f35f7cf564c829505e9e5872f2fe7ef6bf3f6791b457a3fd289,b837a7a8209acc5a0b83c4aba075e3a7dc230750216dcb04b110b2e4146ef23c
pc-pc_safety_creds-i0-ar-o1-ln-c1-fe-740e8b7e3e77,pc-pc_safety_creds-i0-ar-o1-ln-c1-fe,740e8b7e3e779b3bcc8bfefc3eb8094ecf08a30fd0c0eccbb09a4a917e887e0f,df21040f48d7ac805fa81ef2de53c351459718989b396891aee7c1afe93bd93b
pc-pc_safety_creds-i0-ar-o1-ln-c1-fh-5bfb26818d86,pc-pc_safety_creds-i0-ar-o1-ln-c1-fh,5bfb26818d8689d57765da7e67ad8460d00322d108165107767ed6cd71834777,baac2928e423a78db00beb3da2638e8ab4e3c2da60ec40d7d9ffa0e8f69b4cb5
pc-pc_safety_creds-i0-ro-o1-ln-c1-fx-81b4b11816f4,pc-pc_safety_creds-i0-ro-o1-ln-c1-fx,81b4b11816f4a18ad1829e2f8fa376f4527c95429d0879ca6d950b93c01dc11e,bb05c31d34a00cb925e121f84f85fd3361c9b7cc769584669e17fae0b7309ccf
pc-pc_safety_creds-i1-ar-o0-ll-c0-fe-62e70b69b76c,pc-pc_safety_creds-i1-ar-o0-ll-c0-fe,62e70b69b76c21775fcad7e73f36f56de9ff11f0f74995cac01c26ca980b93b3,db43d70534d78572227c6817b0e77bce09bf08a84ea8d19d89994b3ce5027b01
pc-pc_safety_creds-i1-ar-o0-ll-c0-fh-357013e43b42,pc-pc_safety_creds-i1-ar-o0-ll-c0-fh,357013e43b422780512cbf684c4a054be7c27381bc2725d604543ff580383d14,b324c97c0614c61ca4ab5dc31e5d8d21d5328dde80d5c66def7fed38afbb6a84
pc-pc_safety_creds-i1-ro-o0-ll-c0-fx-2089062ea684,pc-pc_safety_creds-i1-ro-o0-ll-c0-fx,2089062ea684b945b5c0b4994c7ebd81bfc1408e874bed8e815e597c6f2ac976,8a430b13db2c7a7fff21c6b0db5a770d045031078fc5845cc042f0bdbecd3177
pc-pc_safety_creds-i1-ar-o0-ll-c1-fe-bebe0ea16c44,pc-pc_safety_creds-i1-ar-o0-ll-c1-fe,bebe0ea16c44c366c5ad2879568d88894dc0f91149a1e3208bc497d82e4dcd07,974c184f1ffba2b8b6e40b536d5a83f3a4b779f62abdf2e76091e1a4728b43ca
pc-pc_safety_creds-i1-ar-o0-ll-c1-fh-8dc6767b650a,pc-pc_safety_creds-i1-ar-o0-ll-c1-fh,8dc6767b650adbd76471305df5ef74a683037245e88d08da54f6cdb974ec265f,74402c9b1ec28b77a03fe71b78ce3367bcda8ef584104fc8989fe52f46596972
pc-pc_safety_creds-i1-ro-o0-ll-c1-fx-8f36b97150c9,pc-pc_safety_creds-i1-ro-o0-ll-c1-fx,8f36b97150c98e7a14eadac275bacc1f16dc79246417a8dbbc43ada87b19a7e4,da76a2d0b07c0fa5bf10b1da4ba8fd632ec988c4b081ba1e625c19fd7e24cfca
pc-pc_safety_creds-i1-ar-o0-ln-c0-fe-0144809a04f2,pc-pc_safety_creds-i1-ar-o0-ln-c0-fe,0144809a04f258a511fa3a5a59c01cda8f6676d0798764576e00bb8e22b0c0f6,3a3e05c31287ea6244b3a037de46945726d1e3badcb31c6eca9844bbc124310a
pc-pc_safety_creds-i1-ar-o0-ln-c0-fh-c3320c2767d5,pc-pc_safety_creds-i1-ar-o0-ln-c0-fh,c3320c2767d59c5e885d81ecf49313c4f6cd972e806c31cfd1b72fe2f8c154a6,dc35d89f984798eec48d3131c69c6c84e035863b16b715b94cb0129611165076
pc-pc_safety_creds-i1-ro-o0-ln-c0-fx-4665845e730d,pc-pc_safety_creds-i1-ro-o0-ln-c0-fx,4665845e730d8563530817364186548d4c800a40d0520b4588a71f7f4f56abd9,41cfbf5a4f46d061b031c88c27d9719e1151e85d02472f74b49923efec4328c2
pc-pc_safety_creds-i1-ar-o0-ln-c1-fe-c215ca5ab543,pc-pc_safety_creds-i1-ar-o0-ln-c1-fe,c215ca5ab5439d5b1dbf67e74b3b865dab73b31e7993d3e2dd8589af6547cf02,d2c6a7da426b505d91f3033241651c1f50e5933111905598140b6b986beed0f4
pc-pc_safety_creds-i1-ar-o0-ln-c1-fh-45955258287a,pc-pc_safety_creds-i1-ar-o0-ln-c1-fh,45955258287abdc2c464e307b3fdc303b980d659d72bb5d64321c1c6cdba36e9,8775f481746a4613c788fddef9275bdb0c66faeca2bda80e90625cdb922fba82
pc-pc_safety_creds-i1-ro-o0-ln-c1-fx-285bd2a9fc22,pc-pc_safety_creds-i1-ro-o0-ln-c1-fx,285bd2a9fc221b5eb5f8e8f6c66a11631acea1bc034e6d9da2f7c3cf7872745a,216292e828e462262129aea89fc4a622926bc9777c8b1a58c48a3a28328a1205
pc-pc_safety_creds-i1-ar-o1-ll-c0-fe-84ad12b6c786,pc-pc_safety_creds-i1-ar-o1-ll-c0-fe,84ad12b6c78636a7bc259d1330dc26d67ee1cc7e745b1428bf3342f7fabd3930,b2889f2058a829057b95f25a532d2c0d24c808772a2f3546f053a8f7945e1fcb
pc-pc_safety_creds-i1-ar-o1-ll-c0-fh-0d03c9bd6b47,pc-pc_safety_creds-i1-ar-o1-ll-c0-fh,0d03c9bd6b4732ca48be4bbea42599bb1d76977c3dfe6fe7eec2333a67df3ff1,983aef41c3344c361413dbe2492a05655ff5df46eec30094f03f7d18e5b83071
pc-pc_safety_creds-i1-ro-o1-ll-c0-fx-02dbd046bcb1,pc-pc_safety_creds-i1-ro-o1-ll-c0-fx,02dbd046bcb123c63a0469eec45a894a1e4340daccb57b88451232e4ffa0e158,2c4d486873da629b91b9699dd59ce5e7825aaacb84d00cfbe3fe2ead48e3b86d
pc-pc_safety_creds-i1-ar-o1-ll-c1-fe-bd822b4724bd,pc-pc_safety_creds-i1-ar-o1-ll-c1-fe,bd822b4724bdd42f1dadd2be74ae36292ea09323d5e2f8afc422d948d71ece40,7da2b84eaad6719b9f1c95c2e9df6f43647e583d87b0cf33f95ca398755b5bea
pc-pc_safety_creds-i1-ar-o1-ll-c1-fh-4bf65554da60,pc-pc_safety_creds-i1-ar-o1-ll-c1-fh,4bf65554da601791e57aa47c5d799e437ce7f7be3f99dcf32f6d9d869f94c0ce,90216aae058bcc751f2037b6017b13ee8a9c751ef0a23c498026c9d98d581112
pc-pc_safety_creds-i1-ro-o1-ll-c1-fx-d44d9a5f0d2f,pc-pc_safety_creds-i1-ro-o1-ll-c1-fx,d44d9a5f0d2fadbc1c5177796094c17cc93592d7c483553ab615c163fe8fc6d2,72f2772e202f9af8b6b0e0c6ddb7c1be72743ae449911cdbf6dbf238c50a8af2
pc-pc_safety_creds-i1-ar-o1-ln-c0-fe-e6284e5e9831,pc-pc_safety_creds-i1-ar-o1-ln-c0-fe,e6284e5e98316a8e37d7b56582273918b44f0110f6c6dd4720bb8711e4bd5e94,c3a0a6bfc6d6a6292a203deb7f90eecd5ae9ed9e4b86404debb72cb689999c0c
pc-pc_safety_creds-i1-ar-o1-ln-c0-fh-20b1b17650e4,pc-pc_safety_creds-i1-ar-o1-ln-c0-fh,20b1b17650e4189804131f8e5fbc1c7520edbfc0d43b0a67fb7a6ffa9b61d45f,a89d15f8a860624bcad5f10970cd13453724e0f4d255daac1c0f498c7eddede7
pc-pc_safety_creds-i1-ro-o1-ln-c0-fx-4eeda21369d2,pc-pc_safety_creds-i1-ro-o1-ln-c0-fx,4eeda21369d2daccf1e86af5b8167e90fff4df54796211c04826e6f83c855ac8,c697756217fb9f4dcfe25a504a27a298a4a5ba30d7edbfe244a040541195bf1a
pc-pc_safety_creds-i1-ar-o1-ln-c1-fe-fd5ffde9868c,pc-pc_safety_creds-i1-ar-o1-ln-c1-fe,fd5ffde9868c98424cdaeb06c55f0f298781d4037256c50322981be3d788939c,e6d9d096021e22a5a2af101f332b375fb955aca6ab78888778933d67d40e6ed5
pc-pc_safety_creds-i1-ar-o1-ln-c1-fh-a8d625389acf,pc-pc_safety_creds-i1-ar-o1-ln-c1-fh,a8d625389acf6f6e4750c0af928d569032728ae91ecefa1cbc8947aacc9ad971,6faad7755b60dc6d8a3953bd613cf24fbd4e9d84074670d98817e0950f26f3d9
pc-pc_safety_creds-i1-ro-o1-ln-c1-fx-2006eaecdb3f,pc-pc_safety_creds-i1-ro-o1-ln-c1-fx,2006eaecdb3f31b98e42f2b303c7032c8ba5ac2afa2c91e9d7c657d6363da5ec,835d4f5e38564aa9d2d31ce4aca0d76dd918764ed4bf3f545c2496c3379995ef
pc-pc_safety_creds-i2-ar-o0-ll-c0-fe-09c8164833b4,pc-pc_safety_creds-i2-ar-o0-ll-c0-fe,09c8164833b4be6acc11f74be252ac0664af412d59cdc29d21059e631fc6743c,e4e0c7b40f2ed6e1ab9ada55ca864ad9763baa727e4b11366f972ffa34f57d5b
pc-pc_safety_creds-i2-ar-o0-ll-c0-fh-53561ac4b8de,pc-pc_safety_creds-i2-ar-o0-ll-c0-fh,53561ac4b8dedf7ebee44fc6be87add134da343051a5f3d90efa51b26eeff701,c7d8ff9cbd2f0173e41f8a92db023e1c972597c6b3d6084dd069248954ea685b
pc-pc_safety_creds-i2-ro-o0-ll-c0-fx-71e864784674,pc-pc_safety_creds-i2-ro-o0-ll-c0-fx,71e864784674e9e3eaabcc67e0c20eea6c624c62e78d29e0719309ecfd782fbe,f818f9881f1852f6545ec6df01083a6c08b2ecffce82685163bf421d70ae1064
pc-pc_safety_creds-i2-ar-o0-ll-c1-fe-3f31a05b24fc,pc-pc_safety_creds-i2-ar-o0-ll-c1-fe,3f31a05b24fc4e12b0bdcf7cf0bbc80fa9b918f28fdbaf76dd0531256aa28800,85172ccd0ac6048385cd28ae017b09e2c82bd1b19410796af9c0ed7722e5a03d
pc-pc_safety_creds-i2-ar-o0-ll-c1-fh-042d1c941bf8,pc-pc_safety_creds-i2-ar-o0-ll-c1-fh,042d1c941bf87de896503efa84c4a09887b8aa38de08bf313d26fbf212c67f1f,be0782553dbfe1dd1b24fd09dd0d92bd15439fc4c6a71b0b4988b40d830fa1ee
pc-pc_safety_creds-i2-ro-o0-ll-c1-fx-3c7da7d1497e,pc-pc_safety_creds-i2-ro-o0-ll-c1-fx,3c7da7d1497e913a3edfe5b50adb84aa3847261b83ccd5c0a12be74e67fa3426,17c6635199a7691280d2f433c4f25888a7fdc3a0bc8c0fb2404e21422e165624
pc-pc_safety_creds-i2-ar-o0-ln-c0-fe-021453c0d8e5,pc-pc_safety_creds-i2-ar-o0-ln-c0-fe,021453c0d8e5fc37a7a95c3fb691382615451e02f56cbe729b67b64b1e8ff5d5,aab6049453d5fb0236d125586049c3b875c703e0623beddea8382e3084794715
pc-pc_safety_creds-i2-ar-o0-ln-c0-fh-263c2bb4c128,pc-pc_safety_creds-i2-ar-o0-ln-c0-fh,263c2bb4c128a137272028158ec72a9d56a7a1d691b61542cfbcfa5381421ded,65ed4f97d6054523a6a38bffafa90c64806ff300acf038492c70099943f51fbf
pc-pc_safety_creds-i2-ro-o0-ln-c0-fx-f03681f4ea97,pc-pc_safety_creds-i2-ro-o0-ln-c0-fx,f03681f4ea975af18de7f56f5240200bb714ee14cec454920d95b2793655c9b7,99d3400237268ba716e3261c99c82883cb260e497f8fddad697f9a13431c2e3f
pc-pc_safety_creds-i2-ar-o0-ln-c1-fe-acd9023d8273,pc-pc_safety_creds-i2-ar-o0-ln-c1-fe,acd9023d8273c31a55be4bffbc17b0b4d7d03d63929ebdceb3f412c92e0ee7c1,27aea9cae98830ecaa5020499985ca8ddfd3233ffeed5ff32230068776fbb12c
pc-pc_safety_creds-i2-ar-o0-ln-c1-fh-5b200162cc4d,pc-pc_safety_creds-i2-ar-o0-ln-c1-fh,5b200162cc4d18d0d51cb2d321b9fd3ce235e0cee75dba2a700ca5aab3d8bf15,9a0df18bf38147b0efec31e1c9c6578f3950f7063eb15a64ac5a75be52fcec85
pc-pc_safety_creds-i2-ro-o0-ln-c1-fx-dd6e513d19c5,pc-pc_safety_creds-i2-ro-o0-ln-c1-fx,dd6e513d19c55349a475c8040d01bde48443b0392b4963c1ae0ad1841a8fa653,5273ac711b9be277f6b97713afc5993c7cd7385be335367df884edbbdf91f93d
pc-pc_safety_creds-i2-ar-o1-ll-c0-fe-7685819075b5,pc-pc_safety_creds-i2-ar-o1-ll-c0-fe,7685819075b523eb018da61008d9cdb0fcc34834660757590d604e353068e30c,c1b4392409ff3506dead8f0dfff587479173fbab575b71e8e853fb157d393612
pc-pc_safety_creds-i2-ar-o1-ll-c0-fh-1ea27e3cbdc0,pc-pc_safety_creds-i2-ar-o1-ll-c0-fh,1ea27e3cbdc07b3fa58cffbd4e00291957c54b59be3dd4d31df230a86cff48a0,4983d9b8b9565d77144dbe304a6ee9d1ce4971a17dd589c0ff618e3624533ebb
pc-pc_safety_creds-i2-ro-o1-ll-c0-fx-483db0ff2314,pc-pc_safety_creds-i2-ro-o1-ll-c0-fx,483db0ff2314bee8974230180bf62f0ce57927a0fcc5323c0023ba1f40187c6c,526bbc0f8e3e82513360abeae77b41da0b7bf880de4460a48647102028ff5b90
pc-pc_safety_creds-i2-ar-o1-ll-c1-fe-7bbb6f656f31,pc-pc_safety_creds-i2-ar-o1-ll-c1-fe,7bbb6f656f31959b92fcd247d10b40926cd2b042e4a59d47de821612b77b6715,4a253230339a50bd3fa823a97334c0db92bf4f74deeb0f8f5f324ee59a7c97d7
pc-pc_safety_creds-i2-ar-o1-ll-c1-fh-8c01c4179af6,pc-pc_safety_creds-i2-ar-o1-ll-c1-fh,8c01c4179af66e76fd80b6566d34b3cc1e06574bbda4e281dc1b42e94e9439b0,a128ecfeb3307155af102810fe3822038500664b17ec04129377cb8291ecf3ff
pc-pc_safety_creds-i2-ro-o1-ll-c1-fx-486b31787e1c,pc-pc_safety_creds-i2-ro-o1-ll-c1-fx,486b31787e1cabc35e9f8fb0d7c85359a4bffef247c5bba523c0cfe797a50c82,03db4f382973deaebac119b680a9de12341ab456373029278082d19b22079c25
pc-pc_safety_creds-i2-ar-o1-ln-c0-fe-eb810570942b,pc-pc_safety_creds-i2-ar-o1-ln-c0-fe,eb810570942bfe26dd1becf0153efc13cfd53679628e916cd5f2bc2a5eeb6151,382313272a1562ba35649b7b99db2d4c34ff6c9ffc0b43513c6e9c01dada5401
pc-pc_safety_creds-i2-ar-o1-ln-c0-fh-99dadb4d6975,pc-pc_safety_creds-i2-ar-o1-ln-c0-fh,99dadb4d697508062b4b6b59a21c686fef7b524ecd479d28118432b6f078a63d,1d4e32e4f1a484dc0d4125d587b8f380c6847cf907ac9a0510e0441726f4eaa5
pc-pc_safety_creds-i2-ro-o1-ln-c0-fx-15b1cfc916e5,pc-pc_safety_creds-i2-ro-o1-ln-c0-fx,15b1cfc916e5414a49807def61460699e57ff16aae947c13e714bb1bae4cd39f,9148a7c73546635d5a539ecd4ea987e78982027d434eb55ed96f01f50e1aecdb
pc-pc_safety_creds-i2-ar-o1-ln-c1-fe-92047078a0d2,pc-pc_safety_creds-i2-ar-o1-ln-c1-fe,92047078a0d201ab8ff2e1069e7a13ad3dbee76c2c0783468d03d96d6f141a08,8fccfaaa830241b1ab4ddb1159001541e9928ac4fe863c1211c899b866d2a4ad
pc-pc_safety_creds-i2-ar-o1-ln-c1-fh-f85450277c64,pc-pc_safety_creds-i2-ar-o1-ln-c1-fh,f85450277c6442b7c113110584f966974e7ab8689ade5679fef606985bd395ff,4ee113dbe8fab042fd32c8dcc1d8d0fc917eb0ba79044f1a487ffc66bc3da791
pc-pc_safety_creds-i2-ro-o1-ln-c1-fx-cdf2e03c2c0f,pc-pc_safety_creds-i2-ro-o1-ln-c1-fx,cdf2e03c2c0fd918bfa8fea4ff1ae850792824eb0628e1db4cb18888bb10fd06,8a679408cae1fc3fac5b1c07965942faf1a6ea8227832feb00792ae5bacbcbd6
pc-pc_safety_creds-i3-ar-o0-ll-c0-fe-7521effc8f5a,pc-pc_safety_creds-i3-ar-o0-ll-c0-fe,7521effc8f5aef8b7d29ee6514dc8cc8d881cecaa49433a95d26b4ca74438fab,1b83934a386ea827da8e666067c8616953a8d8200d9fcd14c58f0cda2fad93da
pc-pc_safety_creds-i3-ar-o0-ll-c0-fh-fad95c65628e,pc-pc_safety_creds-i3-ar-o0-ll-c0-fh,fad95c65628e5cf8d766ca060cd1633324c5b9abf9c95f0f7128f5e3f43c7583,6f3c0f1413af4d95a0ef5f50fc145d354b230ff2091615eda33d1e50a5e84102
pc-pc_safety_creds-i3-ro-o0-ll-c0-fx-f727d716d069,pc-pc_safety_creds-i3-ro-o0-ll-c0-fx,f727d716d069d2361e6985c9ee847865715950f3fd8f4751655d170797c6de10,ee1944b2be0da2b6f33d4cffe721fd6e898524954df7c507a7d0e80972d157a1
pc-pc_safety_creds-i3-ar-o0-ll-c1-fe-2f37263f54e8,pc-pc_safety_creds-i3-ar-o0-ll-c1-fe,2f37263f54e83a4ee2cb7afeb995bfd935576dac098681296108e5b67095206f,bc761a9e631789884de5ea44f83af60d75871791a16410fefd8b4d14f873f9d9
pc-pc_safety_creds-i3-ar-o0-ll-c1-fh-9cf416e56619,pc-pc_safety_creds-i3-ar-o0-ll-c1-fh,9cf416e566196876ee45d8881fd29cb2cb31dc10fa162ab6cb554a0533252c6f,0ae4d429865ff4c5ec49f5900c9d3888b9232b4a7c5b204e191328decc464e75
pc-pc_safety_creds-i3-ro-o0-ll-c1-fx-21a8c8465129,pc-pc_safety_creds-i3-ro-o0-ll-c1-fx,21a8c846512902ae603d069aca98346fd84cb35ec0268cb73513e045ad54e707,44db1466205bd50789b8a5670f87b4d011bb84c7e283ad301a6b31de2f59d676
pc-pc_safety_creds-i3-ar-o0-ln-c0-fe-baea579e3686,pc-pc_safety_creds-i3-ar-o0-ln-c0-fe,baea579e368640f98e6db5f91337156b9ec8a0cb62f7982dc248db82ce4e18aa,7bac89f39d80142ea81e6384857ec2c6cb20f7ec2a5a99ad339c0ac8a04dd47d
pc-pc_safety_creds-i3-ar-o0-ln-c0-fh-a43daee25f2e,pc-pc_safety_creds-i3-ar-o0-ln-c0-fh,a43daee25f2e25c1835f5e5e98daf4815a347983b3fa2835f560f84d7843fa23,799ebd20c6f13e7a36db58435961e52a5b54bed41ebd9c4c0b0edd6b6a734bfc
pc-pc_safety_creds-i3-ro-o0-ln-c0-fx-83f003ba0367,pc-pc_safety_creds-i3-ro-o0-ln-c0-fx,83f003ba0367da208e2953da865403f7015ee162b0ce465192f143aefe7d31a3,f29ad8e5ca4ac930821644f705b61f1af99c6e1d9f7e088540fd86e1c09f620b
pc-pc_safety_creds-i3-ar-o0-ln-c1-fe-a1ce8b1b91da,pc-pc_safety_creds-i3-ar-o0-ln-c1-fe,a1ce8b1b91da888f6489edfa560d42846293f07c053d430b617b12ffcf719fab,ce9e706ec20a5833ad1af9d1dce219079749b3753064f53ada0d56dd61d65d32
pc-pc_safety_creds-i3-ar-o0-ln-c1-fh-3e7b305d37bf,pc-pc_safety_creds-i3-ar-o0-ln-c1-fh,3e7b305d37bf59a59da403dc60da38b3870bf0dc2c8d74b7439e0278d3ac3a24,7cbe9aee61f1abbb9cd666fc793b90d091ad6f98568f1412038b02329f2ee521
pc-pc_safety_creds-i3-ro-o0-ln-c1-fx-c326a2c17aa6,pc-pc_safety_creds-i3-ro-o0-ln-c1-fx,c326a2c17aa6560cdaa880d9e72131a3a49255c3abd23a28f0f8d144df5750cf,58a3b8959269556574eb52e3afaead7ce4e56660213aac7f23fcc351bbd210b2
pc-pc_safety_creds-i3-ar-o1-ll-c0-fe-dfb1ddce8fe7,pc-pc_safety_creds-i3-ar-o1-ll-c0-fe,dfb1ddce8fe78066822c039f568f7144624dfabf3d392b7d931b0f1d8028fd63,44059bdfee3b4dbfe54813f016f1eebce29f9e17306b8a57de3c3ff6c45e2fe4
pc-pc_safety_creds-i3-ar-o1-ll-c0-fh-9036dbe288fc,pc-pc_safety_creds-i3-ar-o1-ll-c0-fh,9036dbe288fc55514247d38d67f6da731f9e221b2a909f5444496a8ee873f3a7,d642c28db430b46dbcca5a16c72a51beac1212c378774da3b2d7a5eda63b3043
pc-pc_safety_creds-i3-ro-o1-ll-c0-fx-0e23678ca1e6,pc-pc_safety_creds-i3-ro-o1-ll-c0-fx,0e23678ca1e6a3fdbb7ee6b60205f482c3515ca0ba6aaa2e393e4372b2aeb815,9ab72a16c4ad4c3f15125859d2a739881b723b6c72fb463e4c536e2904e59920
pc-pc_safety_creds-i3-ar-o1-ll-c1-fe-5e79230e299a,pc-pc_safety_creds-i3-ar-o1-ll-c1-fe,5e79230e299ab9bfac64b19d1af942838698b7d231a853920e1bfaf0b1d3eaaa,df70c9c948d887f8eb934fa40544a1ffe8a62aafc0598d5d3aec1f3eb8c6f912
pc-pc_safety_creds-i3-ar-o1-ll-c1-fh-0397a15c750e,pc-pc_safety_creds-i3-ar-o1-ll-c1-fh,0397a15c750e12cd576069f070eea587b590de81fe5a6d71ff6c4ef6c2407721,a55bd5b5b55e7163cf68149fe545a57a3c1f35191584f9512015c1bd219b1d05
pc-pc_safety_creds-i3-ro-o1-ll-c1-fx-6da3402537c7,pc-pc_safety_creds-i3-ro-o1-ll-c1-fx,6da3402537c772cf5481e02d28ac3eaed6dd5b1db0582613f1008891ca21d399,9628a852900f78882e74dc804d7f70c5ac15bd6c514ce89ac6a07e5089614a11
pc-pc_safety_creds-i3-ar-o1-ln-c0-fe-68730ef432de,pc-pc_safety_creds-i3-ar-o1-ln-c0-fe,68730ef432dea7a8208af66850d7c22a997ff132cb8aa7cc8618192d3cd00614,9054baa01ebc1c8463af3b44b12e54ce0606e992f4d02ad7c42a482c0681201a
pc-pc_safety_creds-i3-ar-o1-ln-c0-fh-a8623cdc9a39,pc-pc_safety_creds-i3-ar-o1-ln-c0-fh,a8623cdc9a3990a66517d5594bd26f3b2fafea8b8ed4e8e7444c8b8b5bf109a2,f9d4a49c59f89987d2e8d7a6b4e04fdb03b672c00bba83d449be651376b28733
pc-pc_safety_creds-i3-ro-o1-ln-c0-fx-9169116713a9,pc-pc_safety_creds-i3-ro-o1-ln-c0-fx,9169116713a934832038b32888198eaf89659615ff43267e39e748c93648e591,73ab3492159a9c4653079eb87d89be9f0a1d3039240017c9090542e8c1406cf2
pc-pc_safety_creds-i3-ar-o1-ln-c1-fe-59b3ded6a760,pc-pc_safety_creds-i3-ar-o1-ln-c1-fe,59b3ded6a7600342410349f672d0563eecf626183d33656c03dd7809b105229b,16e745907bff491fb3d530784cfc73883d6e4c3d2760944a739638b2742e6b1d
pc-pc_safety_creds-i3-ar-o1-ln-c1-fh-c17ba0c0bb52,pc-pc_safety_creds-i3-ar-o1-ln-c1-fh,c17ba0c0bb52bb383127b392189810c713250538b0b547106057e43a3eac059b,166efdbae71fa7f825476be87e3ad2978b9a53ab4f41e5058a254d379cb2d313
pc-pc_safety_creds-i3-ro-o1-ln-c1-fx-12acf4a41a1c,pc-pc_safety_creds-i3-ro-o1-ln-c1-fx,12acf4a41a1cd6b16cb44a5887a747c381f95f022a76038ed727aef7c8e0acc8,3d2fb55c32001e388ced3984df7207e931c325a849cb3c6c27b35933b77b3ace
pc-pc_safety_creds-i4-ar-o0-ll-c0-fe-882c88b0775f,pc-pc_safety_creds-i4-ar-o0-ll-c0-fe,882c88b0775f64daef0ec95760cad315af9223fc50cbf12ff3a3ef0abbba7dc3,71c560d6ecd016a1d43b5dbc8faef5bbed87fe728d4bf21ef0e1d43b37922de2
pc-pc_safety_creds-i4-ar-o0-ll-c0-fh-facbecd9f463,pc-pc_safety_creds-i4-ar-o0-ll-c0-fh,facbecd9f46329ff4934bae19f9c48eb253b099acd7cf76e9e96e28a574a85b4,4436f70909902769693f081fac5fd28380681181debb441a4ac6613edff2b95c
pc-pc_safety_creds-i4-ro-o0-ll-c0-fx-78f6cfe8aaf0,pc-pc_safety_creds-i4-ro-o0-ll-c0-fx,78f6cfe8aaf0fdb7dd3691e1b23ee3c4ba881228a07f12a53f225bda1655404b,0af16c03389c20fe2de02eeec2ff2a1db4e7d817ad217bcc062405677c86b1c8
pc-pc_safety_creds-i4-ar-o0-ll-c1-fe-bfa8ab464df3,pc-pc_safety_creds-i4-ar-o0-ll-c1-fe,bfa8ab464df38648a988f71e0a1d2303e759f3c483369e83157dc632115d2457,6aff895bd4a5c558a5dffc3eb9a1ac8777f6081f2776660f2256ab21c0ee74c2
pc-pc_safety_creds-i4-ar-o0-ll-c1-fh-f2f4ef7394c6,pc-pc_safety_creds-i4-ar-o0-ll-c1-fh,f2f4ef7394c6b8bbb3bee8ce9bd173f09ae5a213c24403da95ae16563377e83f,bf5bf95a6f560de206d81df5f316679524f9e35c404957e5dbcc3db9f26dc841
pc-pc_safety_creds-i4-ro-o0-ll-c1-fx-c7a9f5dabc57,pc-pc_safety_creds-i4-ro-o0-ll-c1-fx,c7a9f5dabc57e14e37ed79d9979d9cec772e6a97709922122058a20ee5b4fa44,381d53731b1d758e27d6f84bed9d2a23d73b3bcde569f80df8021cd1ab5c69ed
pc-pc_safety_creds-i4-ar-o0-ln-c0-fe-b1a11f0d5671,pc-pc_safety_creds-i4-ar-o0-ln-c0-fe,b1a11f0d56713370c7e0b74ba232aad8761726bd68a1e6f0e5567e9f5c0cbee5,50993f00a1c453f5cb9d01ef845878670e6982a8d7becd4d2ace3d64435621d6
pc-pc_safety_creds-i4-ar-o0-ln-c0-fh-40faafd94372,pc-pc_safety_creds-i4-ar-o0-ln-c0-fh,40faafd943727a2cb68612998b1358ac3ae90dadc8eef96ac2c4ff6014d58cb6,c7256de57ef66ca36e27dea61e6b55e6fbed5e6f3e7bf968d02200b9441ac682
pc-pc_safety_creds-i4-ro-o0-ln-c0-fx-19912c0cb2f0,pc-pc_safety_creds-i4-ro-o0-ln-c0-fx,19912c0cb2f03a39f482dd974eec23c402e883ddf49e7d85aa8d4401786970e6,7687aae18a03777c7629b16376b1c4c464d393719f5388214563af0777b78fa0
pc-pc_safety_creds-i4-ar-o0-ln-c1-fe-2be75b547fda,pc-pc_safety_creds-i4-ar-o0-ln-c1-fe,2be75b547fdac6d9d3a36ab64f5d29777a311e793eee58132476c0f78c499c69,307736d3cee22aa87e29f1d8b7ceb95edde3390dce3615fd3530d8e3d4079c3f
pc-pc_safety_creds-i4-ar-o0-ln-c1-fh-32d62a1c7b86,pc-pc_safety_creds-i4-ar-o0-ln-c1-fh,32d62a1c7b86491792de32889a998ba34179bc4c77d46109fe950476b42bdfcc,69d0b56cb98d2ba0af132723ea2796d32f119d5919dc7af0d377b219bff77de0
pc-pc_safety_creds-i4-ro-o0-ln-c1-fx-fbbc288cb54e,pc-pc_safety_creds-i4-ro-o0-ln-c1-fx,fbbc288cb54e9ea75a97802f7fd53dabe03a3a70527bec55248993786323b24e,bf3b62c4c7382dfdf27e44d351fb369a9590528ac6aef605d0f546c949333dfe
pc-pc_safety_creds-i4-ar-o1-ll-c0-fe-a811bab61aef,pc-pc_safety_creds-i4-ar-o1-ll-c0-fe,a811bab61aef32ba5ceac7ec849064b3e2ed94f35b40f5740582d5c184ae433e,a1d73086df755a34ccdc7b89b2fcfddc1dc4bf7fc74d58cfbbeac9875051e0b5
pc-pc_safety_creds-i4-ar-o1-ll-c0-fh-bc06460e21f9,pc-pc_safety_creds-i4-ar-o1-ll-c0-fh,bc06460e21f99b398704a16b8f028418022257367bd0d82eb92203157dea2793,886d71d8112427a96d32d074bb1deb07e35a2d35aba350ab357aeb02c4769770
pc-pc_safety_creds-i4-ro-o1-ll-c0-fx-6c11ab3017c8,pc-pc_safety_creds-i4-ro-o1-ll-c0-fx,6c11ab3017c87761a4062720616b36ff8bf56c9ef32e21967d99dbf1e75797c0,a3e6ed01209a4d58d4c18a693a60ab73e6430cf6ee79a5b8583449e592e70fbe
pc-pc_safety_creds-i4-ar-o1-ll-c1-fe-9012452d5660,pc-pc_safety_creds-i4-ar-o1-ll-c1-fe,9012452d5660748eed37c597906ec70a7b614c2cbd2cb6d6d10035937a59a7b8,12c7c1a51ee26e08816fac4ee965aeb193380bdd793efbcc1381f63b00c0a391
pc-pc_safety_creds-i4-ar-o1-ll-c1-fh-a23a4693442f,pc-pc_safety_creds-i4-ar-o1-ll-c1-fh,a23a4693442f0b8313e935b118b49f153139c4d4f00c28a108e439de0fddb1fa,615a805862742fc0e27af33529411baaf46059ff0f6b277b92d9a7c32d313b7f
pc-pc_safety_creds-i4-ro-o1-ll-c1-fx-d73cec5c136a,pc-pc_safety_creds-i4-ro-o1-ll-c1-fx,d73cec5c136a2531cb82f492c1d3c25b611dd9b339a5284d582774f1be7b50be,bc71ce4e34869ef9d08e981cc58fbc76cbaf8f1757d1b36a54150af4b7f8d3cc
pc-pc_safety_creds-i4-ar-o1-ln-c0-fe-0d25c7b8702f,pc-pc_safety_creds-i4-ar-o1-ln-c0-fe,0d25c7b8702f090f5159df4817e92fbdc661c0836be32922a56382ad6f859a79,fdf6ce9b13590c8d2120c6cccd2b783b55370690914fa66973400ca9c9fd27c2
pc-pc_safety_creds-i4-ar-o1-ln-c0-fh-7dc02b2a1954,pc-pc_safety_creds-i4-ar-o1-ln-c0-fh,7dc02b2a195487d9f9e5cb5d7476f97233a670eaa7707fc2bdf686742b4a5ff9,a78eff22509c80e91f078b8a2e10820258f5453a94fa22028f6abea12b887ce8
pc-pc_safety_creds-i4-ro-o1-ln-c0-fx-56213914d502,pc-pc_safety_creds-i4-ro-o1-ln-c0-fx,56213914d50220d8339d71be22f00ef6337117637bf6cba5b60dd3589f5aac56,ca7344d624967bac3e712c2403213b7b25f5edb15024bc75f0524c2c56a0217e
pc-pc_safety_creds-i4-ar-o1-ln-c1-fe-d346fa34ad7c,pc-pc_safety_creds-i4-ar-o1-ln-c1-fe,d346fa34ad7c815b96e997631bbaae585faacbcff8c9c2a39f7d8115966f4317,8ca7efcd59636d65fc1ff64d417354825d5e2664ee195a35de3e26c8b22f1c57
pc-pc_safety_creds-i4-ar-o1-ln-c1-fh-d4d93b9af191,pc-pc_safety_creds-i4-ar-o1-ln-c1-fh,d4d93b9af1917da70f8cafb9f63e3451812f5164287befcc86d2aaef0107fdbd,e836150e35b548ffcfbaa4ecbe80ea900ede556c025ac3dd42f8efa32d824f57
pc-pc_safety_creds-i4-ro-o1-ln-c1-fx-4faed4dce76d,pc-pc_safety_creds-i4-ro-o1-ln-c1-fx,4faed4dce76de39793cef5fc1a0ac2ea3c796991b57492c5fb63cfa5ab13a208,4f565e92a5a2f90b02726f2a5e26b43b5faeb9f35dbed7b89bd0f0a20f3ab3a8
pc-pc_safety_cleanup-i0-ar-o0-ll-c0-fe-1d22e26683f3,pc-pc_safety_cleanup-i0-ar-o0-ll-c0-fe,1d22e26683f356a40cd49236f78c97dc4a296f4379c8867ee17681eb6897c93b,f7ff04b4c4f0dee2e81cb80458ba143cc81f0df1b70ad8f1717aa4a8a631a2d5
pc-pc_safety_cleanup-i0-ar-o0-ll-c0-fh-5f6b6f0e6592,pc-pc_safety_cleanup-i0-ar-o0-ll-c0-fh,5f6b6f0e6592131529291295436107d2323a5a0a61cec938ea1044979816fb2d,f4bb3ecd4f5f3f51c169fbf64e6414ed9b4225a16087799f61887744a784220b
pc-pc_safety_cleanup-i0-ro-o0-ll-c0-fx-3043a6f43a4a,pc-pc_safety_cleanup-i0-ro-o0-ll-c0-fx,3043a6f43a4a69b9decde1463afbdb9e97df50195ed5b0e30f24b861919962d0,679ad04fd6f606b5ccd9b0deb2488a87a5926192ecb4fa30c161f8338935bbfd
pc-pc_safety_cleanup-i0-ar-o0-ll-c1-fe-d9006197b7d4,pc-pc_safety_cleanup-i0-ar-o0-ll-c1-fe,d9006197b7d44cf9157afae9765a560299c2e3abdaf88469b2b5b598d31f3e07,b2d0dbf0218b279deb0d5e50cf33e6c1e6c004a34e03e21d3e2ce83abe05eef2
pc-pc_safety_cleanup-i0-ar-o0-ll-c1-fh-8a3eceeddbc3,pc-pc_safety_cleanup-i0-ar-o0-ll-c1-fh,8a3eceeddbc3ca8f397db4ea937cb45b6becceed56779baff50008d38548289f,001e04df218ad0c53269c025a2330093a47ae1799b62723bc57800c34c41ecf2
pc-pc_safety_cleanup-i0-ro-o0-ll-c1-fx-9f59af942e19,pc-pc_safety_cleanup-i0-ro-o0-ll-c1-fx,9f59af942e19877994e191d2f146f7fd5b03b8b150c907316a869ff44173b7f3,250be86a86c84860f72759caebb981db6089d42e2cb3e4237d9adbac455c65b0
pc-pc_safety_cleanup-i0-ar-o0-ln-c0-fe-3aeec1379e7b,pc-pc_safety_cleanup-i0-ar-o0-ln-c0-fe,3aeec1379e7b7a90ce30b06c310d1757b7f0da717bfa14f31fa1bd1e77420013,f9c513d03a7cde2428ff6bb420b04a24b17a7239db3882935187edd263f952c9
pc-pc_safety_cleanup-i0-ar-o0-ln-c0-fh-f202b34a0256,pc-pc_safety_cleanup-i0-ar-o0-ln-c0-fh,f202b34a0256be6500b67830c6374c62d7b39e2509a8ec2479cc893fabb57a6b,691ca2bb985699b0cade0c91568ef2f19037ff24de356cf2120b9757ebd9879c
pc-pc_safety_cleanup-i0-ro-o0-ln-c0-fx-5b4767b610e2,pc-pc_safety_cleanup-i0-ro-o0-ln-c0-fx,5b4767b610e2c30320b535297cc3946b1070f32753c5a3eeb9cd408820352b17,9bc5e3a3375dd67461e203d2af4eec7e65d16d13476ecadee33b0fb2d07413f7
pc-pc_safety_cleanup-i0-ar-o0-ln-c1-fe-f0554220b53e,pc-pc_safety_cleanup-i0-ar-o0-ln-c1-fe,f0554220b53e28200d2d83c628064c20ceac8ce305a369a7ab20987c2f4ef50f,b1b88b565eecd6b2db3eb43e6b4280df68a9ba5724c5fc936eb46962eebc0375
pc-pc_safety_cleanup-i0-ar-o0-ln-c1-fh-14dc751b4f79,pc-pc_safety_cleanup-i0-ar-o0-ln-c1-fh,14dc751b4f7935dc20ab241169008255939db5889b436049b3945fdeeed03ec2,bfaec2e4ab546c3af0be8131371897bc0d42d94f9a25bb5d9a84dda56148c1c0
pc-pc_safety_cleanup-i0-ro-o0-ln-c1-fx-54fb3294baa9,pc-pc_safety_cleanup-i0-ro-o0-ln-c1-fx,54fb3294baa95dc22f1c3d271ebb6a4ea1e17bc42216af50f6bc9fb0a719228e,de07816446dadba1e9c16b720edb8073c31716e106574ad25e2838aad7bd39ff
pc-pc_safety_cleanup-i0-ar-o1-ll-c0-fe-0d6ce387c671,pc-pc_safety_cleanup-i0-ar-o1-ll-c0-fe,0d6ce387c671b410902b273921ea3f6a867e8e5dbf2552f171062b252a68165d,4f7da65f6954aa7b79ad94581d7966176fec0d51e5c438271c5d5386f17a972a
pc-pc_safety_cleanup-i0-ar-o1-ll-c0-fh-b1b59a2d926c,pc-pc_safety_cleanup-i0-ar-o1-ll-c0-fh,b1b59a2d926c2ea446f8adc86045bc45ac0110669b11481821561eb9823289a3,86eceede1ecf0427bd778616994afca69ceb0fe5bab637758be91aafdfd297c3
pc-pc_safety_cleanup-i0-ro-o1-ll-c0-fx-26c0a4f370d6,pc-pc_safety_cleanup-i0-ro-o1-ll-c0-fx,26c0a4f370d607424ee990ffd008b61584c025462a3ace2376d5047403f67b70,a12079aabd44f3538b3740510df94e45c6c1a5f58b345f418e4324adfc1bb535
pc-pc_safety_cleanup-i0-ar-o1-ll-c1-fe-5eec1bc3978f,pc-pc_safety_cleanup-i0-ar-o1-ll-c1-fe,5eec1bc3978f65210d69b115e2e848b564e79630f63ecbcf710d9c3ac728f1e4,6bd15105cef2c902b638fd54622323a4a6cb0e3c3376351e0b3d00a1b60dbe4a
pc-pc_safety_cleanup-i0-ar-o1-ll-c1-fh-2ffd4f02acdd,pc-pc_safety_cleanup-i0-ar-o1-ll-c1-fh,2ffd4f02acdd3a74987dedc1fa5aa4ac018fb1e2442960e994f3fd8b7a62d46c,06c8d21ac25ed51a6a8524e07ec08803f341737e66188a647b38aa7674cdd041
pc-pc_safety_cleanup-i0-ro-o1-ll-c1-fx-d25d80365ddd,pc-pc_safety_cleanup-i0-ro-o1-ll-c1-fx,d25d80365ddd01cdad4a992b296f676f12b2f9b6ca78838e306286031bde7e10,82eb050feb70c5b12dcffbe7aee8ac3377732e47d2d0c2469d88e33002c3412d
pc-pc_safety_cleanup-i0-ar-o1-ln-c0-fe-6253b9fd89aa,pc-pc_safety_cleanup-i0-ar-o1-ln-c0-fe,6253b9fd89aa74ce55153ac72a6c2c0aaa0d6fd101f975cc8c255f45dd4b834d,d2b9cc9bb435b9dc007117dd0c5f0ff2b80369bc36061a9986c97fc164c25c48
pc-pc_safety_cleanup-i0-ar-o1-ln-c0-fh-254734ba309b,pc-pc_safety_cleanup-i0-ar-o1-ln-c0-fh,254734ba309b8c5f2b9c48d9d8f7f68edce6858cf6ee69729ff6dcce0586f3f5,02a5478019c41ba12b9f63f0c4dfbc7dee54673e5d9a80591f59d1a2f7a030db
pc-pc_safety_cleanup-i0-ro-o1-ln-c0-fx-7b8be9702320,pc-pc_safety_cleanup-i0-ro-o1-ln-c0-fx,7b8be97023209cef4e9764b541d2ee2bf727c48f2b84a08532ade41c562e4d0d,7ef8cc221ab5d76415b9850be8a7e2b55fb92b3a8c366c52a8673ed944476646
pc-pc_safety_cleanup-i0-ar-o1-ln-c1-fe-d0c409748d22,pc-pc_safety_cleanup-i0-ar-o1-ln-c1-fe,d0c409748d221ab44dd02c95a6290593f4d54f2fcfe703d6db2248b789b0b874,4f441bf8ff9fb0d8d6a4841fda63311b07cca009cffcb163cfff25001a1abc71
pc-pc_safety_cleanup-i0-ar-o1-ln-c1-fh-d65d3bb382e7,pc-pc_safety_cleanup-i0-ar-o1-ln-c1-fh,d65d3bb382e74bf6c98deb17940ae471a3126abf2f5e0f4fdb6142a03f9b2ff6,751f848b50e964528e130ca05af35ce7fb2d736e82638fa6482815be897df5fd
pc-pc_safety_cleanup-i0-ro-o1-ln-c1-fx-5b20f90eea0e,pc-pc_safety_cleanup-i0-ro-o1-ln-c1-fx,5b20f90eea0ee2ae8a321d0a8cc5fa7a4821464bb633511d7fb7d3b8a9c825e4,48f8de4e9028776dcbff0c0009ad19765d80ed1e40cfb06cfa087c24dd395ee9
pc-pc_safety_cleanup-i1-ar-o0-ll-c0-fe-ec03cbf05ea5,pc-pc_safety_cleanup-i1-ar-o0-ll-c0-fe,ec03cbf05ea5185cc19e5b6b30b9151dd9dd044c757dc65aa4bdfc5233e35b1a,332706614a0c8c5159aca92361070fb6b57a2ec6d32133ffaa11b57b98ec5090
pc-pc_safety_cleanup-i1-ar-o0-ll-c0-fh-497f66e9aaba,pc-pc_safety_cleanup-i1-ar-o0-ll-c0-fh,497f66e9aaba07c05804fa9f9f43949be12dd01269c1212c5f6ebc82dd8b54c6,3180709873f2bcdd86537b458e5b517590b005506918486540de59d7d92c9a9f
pc-pc_safety_cleanup-i1-ro-o0-ll-c0-fx-ecfa1c7864dd,pc-pc_safety_cleanup-i1-ro-o0-ll-c0-fx,ecfa1c7864dd864e09643e6bb47aa93c94d1fa7bdee1c7916b8f28c34cb0972d,7df526652edd913a95aad3926f6d192844e9cab61ba68bf7f371801ba4b2b6f0
pc-pc_safety_cleanup-i1-ar-o0-ll-c1-fe-54c23604aeaa,pc-pc_safety_cleanup-i1-ar-o0-ll-c1-fe,54c23604aeaa95152e274b7b6cf1f619938b7b489d9c4ab37dd11525f51c5592,8a6a1fc5215fa7c702368277040a2913ae3c9f6d36245150c27842631ae7152d
pc-pc_safety_cleanup-i1-ar-o0-ll-c1-fh-95ffdc6846f2,pc-pc_safety_cleanup-i1-ar-o0-ll-c1-fh,95ffdc6846f260ac5b06b60a1f4216c7ddbfcf644b17ea4ce4a601b1f0eba5be,1830be0112ee0be094f7de30c9209c6dd8332ea36e116f4e06b1b7719ba46ee1
pc-pc_safety_cleanup-i1-ro-o0-ll-c1-fx-7c9b609001bb,pc-pc_safety_cleanup-i1-ro-o0-ll-c1-fx,7c9b609001bbb023a1d231c0d0c88762cc96c81be667942a08bd98ac46e9e0a9,9b168593c8987b82f333d51173ce6071c37e8183dd90f79ded0fb5cd1301a929
pc-pc_safety_cleanup-i1-ar-o0-ln-c0-fe-9186f19aa099,pc-pc_safety_cleanup-i1-ar-o0-ln-c0-fe,9186f19aa099b32e3c02b5fd61854469ca2699cfc6f53a70c737b49416f3ba1f,98ad0fe15f08f80cd2359755132fd0576508eb54552f7b301a5c7b8ec1c82f22
pc-pc_safety_cleanup-i1-ar-o0-ln-c0-fh-c69a2d11acbe,pc-pc_safety_cleanup-i1-ar-o0-ln-c0-fh,c69a2d11acbe3225e7581640f7503e9e9c6220fc627abb2e0a864ee283417ecf,f87f4bbcdc754f1ade7f820cc0fad67314a0ed7f284384d3f8bd95db0e899614
pc-pc_safety_cleanup-i1-ro-o0-ln-c0-fx-e18ead03fa13,pc-pc_safety_cleanup-i1-ro-o0-ln-c0-fx,e18ead03fa138433b5bb0fef74062008dae93ac667bc70514d6609821c4fe27f,7b87491243edcfde73d46087f63317d2b588511cf3d8947ba3b7c5b6be5c5dc8
pc-pc_safety_cleanup-i1-ar-o0-ln-c1-fe-a33c18587fa4,pc-pc_safety_cleanup-i1-ar-o0-ln-c1-fe,a33c18587fa4665be8615608583d1b67d9fe925f26407222495e882967358ea6,1cc16cef6023106f46328feb92ddc1fd227034fb04471584b1f5c4872d556f11
pc-pc_safety_cleanup-i1-ar-o0-ln-c1-fh-f4d61b501b83,pc-pc_safety_cleanup-i1-ar-o0-ln-c1-fh,f4d61b501b83a35b04383c8e6c03acca2a8f1f6b023d6919ce89ff9083c81f59,5520031b6f572aed1cf2208d355041b6c156eff8f1e970ebce77336f25192fd1
pc-pc_safety_cleanup-i1-ro-o0-ln-c1-fx-3a18143af4ad,pc-pc_safety_cleanup-i1-ro-o0-ln-c1-fx,3a18143af4ad19f0f6cc0d4bc306f4722508ef99b75b751233c1f5a125202462,649517070721605605e5b0127104c1b1cf8d7de10441cbbeabc42175287442c2
pc-pc_safety_cleanup-i1-ar-o1-ll-c0-fe-679b34f75df9,pc-pc_safety_cleanup-i1-ar-o1-ll-c0-fe,679b34f75df964adbd062a5da388abb462039ec417fd7d8c7e754e7d0e2fbe50,e0455db8c4c49bbfb4ce46984fc484f30a11b8079d44931e62b3ced732e0ee9b
pc-pc_safety_cleanup-i1-ar-o1-ll-c0-fh-276e633d5884,pc-pc_safety_cleanup-i1-ar-o1-ll-c0-fh,276e633d588446da3507acf48a26acfb73b946f8b2cfa8148160452a0ba9f330,15be513e419b0c51ad7dbc122e18b065b308feacacb74481790b037d4a5c287e
pc-pc_safety_cleanup-i1-ro-o1-ll-c0-fx-85f5a1f60fd3,pc-pc_safety_cleanup-i1-ro-o1-ll-c0-fx,85f5a1f60fd3785bea3ff4aa0bec332c5027963fd08066a9bfa98def70ed0097,f803496bc87bdce5e091277645b86bb9e55c77e8d2dea005738006bca607bb69
pc-pc_safety_cleanup-i1-ar-o1-ll-c1-fe-c506be6750e7,pc-pc_safety_cleanup-i1-ar-o1-ll-c1-fe,c506be6750e7ca29959fe003601d2814196ae6d1b10c680e8fe5dac49d8b64b3,082f623f2e305cd3611f30af595425747cd1c3d4ef43462501b7894476d225ed
pc-pc_safety_cleanup-i1-ar-o1-ll-c1-fh-67383c4cece6,pc-pc_safety_cleanup-i1-ar-o1-ll-c1-fh,67383c4cece68860f93b75183b18eacf4d700f7a50a5201541ec8be4ac77747b,c363a46a6013bd7a966559ae8ad815f1e80afe53c39a4d4240f43e68b7cee5c7
pc-pc_safety_cleanup-i1-ro-o1-ll-c1-fx-9c824bbd7e88,pc-pc_safety_cleanup-i1-ro-o1-ll-c1-fx,9c824bbd7e88774d6c0326401b3250a78f2c9c8b5b144ed142c50ed4a8aad28d,a90196f692c30948099e28eb2cfa718df7f160d50b51af54bf41f5b2d38a5871
pc-pc_safety_cleanup-i1-ar-o1-ln-c0-fe-eebd33e7c1a3,pc-pc_safety_cleanup-i1-ar-o1-ln-c0-fe,eebd33e7c1a3e118d91f4a6400731bb2a4e18b999fbdee58a3cb6838ed456fda,fa2894c5c32c151d7e5c1a38560ea9f58cf067a91cb9d8ed346d1c8b5fd2fe84
pc-pc_safety_cleanup-i1-ar-o1-ln-c0-fh-19dff08229c1,pc-pc_safety_cleanup-i1-ar-o1-ln-c0-fh,19dff08229c129f2ef9775b8ec50f7522caede626c430aaf2c0d37bf1f63e73d,ed72dee311bf96aca30fbd60b720384134e0ab606692b90200c083b668ed5f2a
pc-pc_safety_cleanup-i1-ro-o1-ln-c0-fx-fd9634930b8b,pc-pc_safety_cleanup-i1-ro-o1-ln-c0-fx,fd9634930b8bb079304f6617ed2cd31f34ff81b1424f6b7a0de0b2d6cd7955b1,b5b4aa76562334c321b7607d277dfd63038c481d74aaab9ce3700d114b2d0b8e
pc-pc_safety_cleanup-i1-ar-o1-ln-c1-fe-5c94bc3b997f,pc-pc_safety_cleanup-i1-ar-o1-ln-c1-fe,5c94bc3b997f9daf08c35e5a92de774c8d146ca77fbb5c44c5cf766e37c2eb04,ffa351ce6cc189b9eb71ad7e79b41d8f1a9744f9cb73b13783ff410745eaafa1
pc-pc_safety_cleanup-i1-ar-o1-ln-c1-fh-77c205a1941b,pc-pc_safety_cleanup-i1-ar-o1-ln-c1-fh,77c205a1941b24f3229e3996cf01e36a44617660fcce00cef7c8bd10a70cbbee,de6bb7475d82120e7316418f222258b23d76c8e65b4ef0462f334cd0bedd2379
pc-pc_safety_cleanup-i1-ro-o1-ln-c1-fx-ff12ea6599df,pc-pc_safety_cleanup-i1-ro-o1-ln-c1-fx,ff12ea6599dfd1f1b0e867399270f101d05087e0e5cf89fdac408dc8fdb3a39c,0ae2e964d08a6a3a8f322791ed23a320bdaf8dd099363bcad43147d48afbf014
pc-pc_safety_cleanup-i2-ar-o0-ll-c0-fe-a365d932d4f6,pc-pc_safety_cleanup-i2-ar-o0-ll-c0-fe,a365d932d4f64a7f822c4e2a9e8a92615e49616f3c133f260d5c10a034938666,8ed5d79dace00f75c9da2b2e9d5637c809c6cd5e8883132c2629408d76e8b035
pc-pc_safety_cleanup-i2-ar-o0-ll-c0-fh-a394326fd12e,pc-pc_safety_cleanup-i2-ar-o0-ll-c0-fh,a394326fd12eaaba23268b5bef164d6308118bb62ee8bab491544e024752cec8,f3763ffdcc4ea836b2504b3f661f64b9e5f4dd9cb35312bf09347b32452654a5
pc-pc_safety_cleanup-i2-ro-o0-ll-c0-fx-8b614fb7f287,pc-pc_safety_cleanup-i2-ro-o0-ll-c0-fx,8b614fb7f28740fe53b1a34b530ab26e4d618dcf5b8ed3c26cf3db8527c5dc3b,3a1ac678c057c85116e636415c14328d69ebe1adc7eab0de7fea78adba13735e
pc-pc_safety_cleanup-i2-ar-o0-ll-c1-fe-4031d6e1f363,pc-pc_safety_cleanup-i2-ar-o0-ll-c1-fe,4031d6e1f36385a8ce29293c72b02a25337817b56c6f624d15553342b55c5fe0,20023f5bf9e824ddb907c57842cefc340c392c0ecf4e0bbbc7865759d5c0c702
pc-pc_safety_cleanup-i2-ar-o0-ll-c1-fh-134a7bb6cdb1,pc-pc_safety_cleanup-i2-ar-o0-ll-c1-fh,134a7bb6cdb1c245007235c12f21f5c2b9457896a9ab1c359c85a5b1889374dc,2db03fb322a4a9bb73522168b6999e953e03303d170393f9a7a6cf16e81d0e23
pc-pc_safety_cleanup-i2-ro-o0-ll-c1-fx-0612f9375184,pc-pc_safety_cleanup-i2-ro-o0-ll-c1-fx,0612f9375184a42670759f9603f5bdd1ad8c8a5f6864db9fb608e349454906e7,f6809da566e47b999a322b9b205b00d97842ba6d0e3cdb5621332c49f12d71dd
pc-pc_safety_cleanup-i2-ar-o0-ln-c0-fe-338a6c09942c,pc-pc_safety_cleanup-i2-ar-o0-ln-c0-fe,338a6c09942c9f695f59f7eb502fc7d4b3f02333b777753f5092af87dcd8dd01,f0319d910acca933514a8705174924e784c5132fe0fe4027485017c076113d1c
pc-pc_safety_cleanup-i2-ar-o0-ln-c0-fh-2f55b5e7e7b6,pc-pc_safety_cleanup-i2-ar-o0-ln-c0-fh,2f55b5e7e7b636c257e3699aa38003afc63469403d50f885ed9d9a4532e3fa0e,5aa1c948f349e006a783d273e50285f4ebb24f7f035a6b3e571c64f6c5905b11
pc-pc_safety_cleanup-i2-ro-o0-ln-c0-fx-cd33186cfe5b,pc-pc_safety_cleanup-i2-ro-o0-ln-c0-fx,cd33186cfe5b667d2999b8c04c4af15e944f1b6217c491fac2407baa5b72c597,bf3dc7a4cbb711f8b674e3e68bb88992c5e47b6d182e5bd6642d0a60189fcd94
pc-pc_safety_cleanup-i2-ar-o0-ln-c1-fe-505fc2247430,pc-pc_safety_cleanup-i2-ar-o0-ln-c1-fe,505fc2247430d9368e9bda081700394b213777ce2a37969e1dc71cc311aa45e5,9d0a91f6e6d1ba05244a03e4f9d250f2e7644d0802a536a3c69622d7eab9a65f
pc-pc_safety_cleanup-i2-ar-o0-ln-c1-fh-46b5f4e44a71,pc-pc_safety_cleanup-i2-ar-o0-ln-c1-fh,46b5f4e44a716cc55a2769cd6a29195682f51e6ce98e440affcb80eb529ab948,8356fe3a1961d74891792505b643cf0825c8323dbe670b0f658e0f35381c3c28
pc-pc_safety_cleanup-i2-ro-o0-ln-c1-fx-0307ad3b5891,pc-pc_safety_cleanup-i2-ro-o0-ln-c1-fx,0307ad3b58918870d2779bd3da049441286c39cdb00c75422b2f3ffafff7e898,3194955249b7e3c0820f1a0daa64a78afb83eaf0dcc19e7bd88bb632af077311
pc-pc_safety_cleanup-i2-ar-o1-ll-c0-fe-a412f0fa5c3e,pc-pc_safety_cleanup-i2-ar-o1-ll-c0-fe,a412f0fa5c3ead34e25333361abfcace53410fb93d4ac9c7611d402d03808387,63fb1e6cdaf6df55998ac6356fa38d0f45609ec600c6cde4cc6bd880779d8d56
pc-pc_safety_cleanup-i2-ar-o1-ll-c0-fh-e3f20bc08ac3,pc-pc_safety_cleanup-i2-ar-o1-ll-c0-fh,e3f20bc08ac39999c56607d86539ccd102519c8254e5b5c5e9f810e57778739e,17695a18cee4135297678c9bbb86537138fb51d2960e47e4d7c2ad63ebc32adf
pc-pc_safety_cleanup-i2-ro-o1-ll-c0-fx-c96ae8688e8d,pc-pc_safety_cleanup-i2-ro-o1-ll-c0-fx,c96ae8688e8d933ee6548186cfb38abed57f0d6072d03967372b2622c9a8a70e,c49ad19be1cd0fc63d7a092465ebe956b3fb4d2ead26a15cd3e527240d6b829b
pc-pc_safety_cleanup-i2-ar-o1-ll-c1-fe-2ee5304a3096,pc-pc_safety_cleanup-i2-ar-o1-ll-c1-fe,2ee5304a3096bad704caef74a666881c22ab1fbdfdf9f85c3c758c44d90a2c38,2abed9d22f037c91f041068b08081133f09720dea6d34a697ff0bf673bf48440
pc-pc_safety_cleanup-i2-ar-o1-ll-c1-fh-967408792a2a,pc-pc_safety_cleanup-i2-ar-o1-ll-c1-fh,967408792a2ac00a5297f47c7d212bde47cd1b821e9806a6554d9be5ce042000,8f9201d22d2a592083e7a9e092261d2a295d1917f07628a81eb2d75589cb7f79
pc-pc_safety_cleanup-i2-ro-o1-ll-c1-fx-a3905b9e94f6,pc-pc_safety_cleanup-i2-ro-o1-ll-c1-fx,a3905b9e94f6215be1f368cd8057827b3057e4c779326b24b83aed8587fb5202,63dd9d8b32685b0bacd712374c17c9467224790ac43a0c5e3cd9fcd04eb0b1d2
pc-pc_safety_cleanup-i2-ar-o1-ln-c0-fe-5f18852c33db,pc-pc_safety_cleanup-i2-ar-o1-ln-c0-fe,5f18852c33db97b0b2875bff9aeaebdfd44b8241d374665f4f1ead637834a2a7,8d31d5947b5ee460951b03184c3fe4b991f2156842551cdf18411c3d744272e7
pc-pc_safety_cleanup-i2-ar-o1-ln-c0-fh-c939633d20df,pc-pc_safety_cleanup-i2-ar-o1-ln-c0-fh,c939633d20df571a313a6feadfb039c393d045261957c9353cf8906aa305b7be,c0d72534e22bbedc261a6b59b7e3dcec188930e47def46644d3f28751f5571bd
pc-pc_safety_cleanup-i2-ro-o1-ln-c0-fx-f9954df79939,pc-pc_safety_cleanup-i2-ro-o1-ln-c0-fx,f9954df79939003d80b224fd5653e101dc12e8cd8816dba9b8aa7497bbae4bd6,1b6cfef1563770105358ebe43b83036d4398acbce60ca08b1a1f5e79cce2b472
pc-pc_safety_cleanup-i2-ar-o1-ln-c1-fe-51c208fafc85,pc-pc_safety_cleanup-i2-ar-o1-ln-c1-fe,51c208fafc85c26e1fc2533d675ae3e77b95d593d6ab4db8342bbb6a5c1afdb2,8f5e348777abef276f896634bfa2df42b322defd9d2dde2f8a662c6ebada5533
pc-pc_safety_cleanup-i2-ar-o1-ln-c1-fh-6a8778862255,pc-pc_safety_cleanup-i2-ar-o1-ln-c1-fh,6a8778862255a254f49fe1e9621f784180f7f86743aff0435335d7053a6a4608,32e67d6ae22b0e4d508c797a83a7b2ecc390ba8cf0ab5833ca6e7214e69a6309
pc-pc_safety_cleanup-i2-ro-o1-ln-c1-fx-477b785f8916,pc-pc_safety_cleanup-i2-ro-o1-ln-c1-fx,477b785f8916827d8025b8ab52c65bf1508e56e1605323c2ca35c7f7a5dec676,cd9b5a70ac32ecc75d173fad1e2488ef47fb8de1ae5ae2570fe4cdb938cbb600
pc-pc_safety_cleanup-i3-ar-o0-ll-c0-fe-b8561cb74273,pc-pc_safety_cleanup-i3-ar-o0-ll-c0-fe,b8561cb742733eab95fd94b3aa7f5b29765523c7d15fcb3e81f5246abe9fbaf2,b14d6379fd484ca1ba9ba21b7fd443c89f65a5583e2947527109ab5d808ed80c
pc-pc_safety_cleanup-i3-ar-o0-ll-c0-fh-a5736907d369,pc-pc_safety_cleanup-i3-ar-o0-ll-c0-fh,a5736907d36962540fc9349e8d6781e50edb1ec163ec6e725d49935b7b3ece82,4273cf6a9d5e6ca49074d9db1eb3edebf89a1af2e293749d529abe9125a45043
pc-pc_safety_cleanup-i3-ro-o0-ll-c0-fx-39d57b913da6,pc-pc_safety_cleanup-i3-ro-o0-ll-c0-fx,39d57b913da6e6573cd801434dc223acbef110deaa98a54993769f6464d9ebf5,63c2a5689d4047f57a7c77e81d5dbb2e3f9d71390ebbc89cf895982f8275aed0
pc-pc_safety_cleanup-i3-ar-o0-ll-c1-fe-a1c452c487fe,pc-pc_safety_cleanup-i3-ar-o0-ll-c1-fe,a1c452c487fe5dc789c0892df8822a6412d5325db0729fb5368482551c95e9b1,a1036547585b24b1080fdda10d9ac5122d2b34dfc60880c1103b169fc6e153f3
pc-pc_safety_cleanup-i3-ar-o0-ll-c1-fh-f394d0c1797a,pc-pc_safety_cleanup-i3-ar-o0-ll-c1-fh,f394d0c1797a47e52127d97b640f8e6a3efdf711c518a20e22af5622d07e3bed,1eeed06f31c136a8b74ea84c0f592889bb52874c0b7c1c1a6f77baf782fe1163
pc-pc_safety_cleanup-i3-ro-o0-ll-c1-fx-7d23abe58724,pc-pc_safety_cleanup-i3-ro-o0-ll-c1-fx,7d23abe58724b9a46c4b91b07c19c8bcd0991b4e5be3f2010d5469a3f272afa4,7d520e553d766be96d5f5580347ec5c1b21faccaba94ab879baf94d2082d2673
pc-pc_safety_cleanup-i3-ar-o0-ln-c0-fe-769f8a537c30,pc-pc_safety_cleanup-i3-ar-o0-ln-c0-fe,769f8a537c300bc625252c6e267c8f70bbf66183b94e7c6324661974e4e5ef7c,9f38e91a17ac7198d1bf6b09e4e87dd281b0a4752a0cdf41e912515df7df7811
pc-pc_safety_cleanup-i3-ar-o0-ln-c0-fh-9e98122903e7,pc-pc_safety_cleanup-i3-ar-o0-ln-c0-fh,9e98122903e7625725ad851a7f295c4d12c77bbf57c3cffbd0272d55951d45b6,14f73c623d6e6304a2f014caac22148fc5397c55eb34e7391cc25c7bdba0836a
pc-pc_safety_cleanup-i3-ro-o0-ln-c0-fx-51e7bad027ec,pc-pc_safety_cleanup-i3-ro-o0-ln-c0-fx,51e7bad027ecce9dea99b42a72f6901ea022c22ddd8b5704a4a37fd4fb13a1e8,9549e72c324bf56062ac4ce8e23b785bfc15908a10a894e81bfdcde7c6eb2ab3
pc-pc_safety_cleanup-i3-ar-o0-ln-c1-fe-3c37e9b3ca0e,pc-pc_safety_cleanup-i3-ar-o0-ln-c1-fe,3c37e9b3ca0ea071de824e5f3e1b0f981dafc25fb0835dabfc2d58700b6bbbc1,ace297b5817df2202227118623227877e6a1937c37fc0b018bcce8c69eadb8bd
pc-pc_safety_cleanup-i3-ar-o0-ln-c1-fh-a6547ba774c5,pc-pc_safety_cleanup-i3-ar-o0-ln-c1-fh,a6547ba774c56f4bc624fab2731d5d6ce883804461a57bec1b2195f900b87357,bdc0ba45cc4310277a69a95c955d98275d9393fe002b4e64d6d72f30ec8f7bc9
pc-pc_safety_cleanup-i3-ro-o0-ln-c1-fx-aeff2e159914,pc-pc_safety_cleanup-i3-ro-o0-ln-c1-fx,aeff2e159914bfba837373255ba62765932fc9220e7a71c46d038c0db55c439d,e5f7cb4e40e5e3d9b08d22da1e63a944c28618d2b25751306bfd4022cc936a6c
pc-pc_safety_cleanup-i3-ar-o1-ll-c0-fe-acacc2717b6c,pc-pc_safety_cleanup-i3-ar-o1-ll-c0-fe,acacc2717b6c7d2048d3184c4599cbc4d853a5f179f4029703db5ac976ff31a5,83b45dc2fef84211140748c25fdfff9dfdc7eda66fa037a85902d90eac4d9755
pc-pc_safety_cleanup-i3-ar-o1-ll-c0-fh-4971c99c43dc,pc-pc_safety_cleanup-i3-ar-o1-ll-c0-fh,4971c99c43dcff30fa1553786849c695a55bd0bcd0cab54d411e3eba36a2e60b,15354f75513d7df76220d6b9287eb092a498529177040c5e57b753522b4c1fed
pc-pc_safety_cleanup-i3-ro-o1-ll-c0-fx-da8f55c3467c,pc-pc_safety_cleanup-i3-ro-o1-ll-c0-fx,da8f55c3467cbeb25faae91f031d38901c29e024db569ae6e0fd575188966ea4,27ad38765e9fdb4be1c57333e7454042fc4e6e0f5406b866bb4070b37b4c4d87
pc-pc_safety_cleanup-i3-ar-o1-ll-c1-fe-6edec95dfa70,pc-pc_safety_cleanup-i3-ar-o1-ll-c1-fe,6edec95dfa707fd59c3946f8d5aba24462bf7b639602e50223a96013e75c1f15,3f9430499547f78e7e0dbda6c260812e31c032c21540d42909868acb060f928b
pc-pc_safety_cleanup-i3-ar-o1-ll-c1-fh-39c6bdb2658b,pc-pc_safety_cleanup-i3-ar-o1-ll-c1-fh,39c6bdb2658bfeff9d3d59c36c8aeb9efd5891f74355bf0875a6245386910e6b,ff101a89b7dcdd61126c3203b08e52bb2744f866845b35a3278072c47fa22211
pc-pc_safety_cleanup-i3-ro-o1-ll-c1-fx-f299282415ca,pc-pc_safety_cleanup-i3-ro-o1-ll-c1-fx,f299282415ca5d86e946fa5241b3b6dd45ec8944a8649fd51379621bd9e0e0da,daafa917588b1a5ef7585a197bc7be3542776f95963fd3d8d2f17f4b7d07fc9f
pc-pc_safety_cleanup-i3-ar-o1-ln-c0-fe-f791178e93b3,pc-pc_safety_cleanup-i3-ar-o1-ln-c0-fe,f791178e93b3bceed19591963fd75f9644bfdc37b66a4215dddf943c32d10103,75876c60a61b53b93bad980629786195d42a7d30045bf653d1693d59211db24e
pc-pc_safety_cleanup-i3-ar-o1-ln-c0-fh-0dd96caccab2,pc-pc_safety_cleanup-i3-ar-o1-ln-c0-fh,0dd96caccab29a452a51e4a7f44c93ddb6696eb67173b6b5153235cfc90d19fe,467253254504149b226b3327fd90abb43a1857c7095419f61c5a7d1cf2c91f04
pc-pc_safety_cleanup-i3-ro-o1-ln-c0-fx-77d2424b7c8a,pc-pc_safety_cleanup-i3-ro-o1-ln-c0-fx,77d2424b7c8a3afbd955ef2b928b6385c71abb7eecb01f86b115e99396b7451c,cafa9d8722dfd6fc5fc853a8bafda6fc704a8c971a306c207602e99b2205d047
pc-pc_safety_cleanup-i3-ar-o1-ln-c1-fe-091dc174acf6,pc-pc_safety_cleanup-i3-ar-o1-ln-c1-fe,091dc174acf63f8258f9bb6755a8de2dc6c370fe90b6a4d02e3e21c2b81a31f0,1ca948ebf7d97605a41eabcd764c875b682db3c456fdcb9e0068de4be1567d28
pc-pc_safety_cleanup-i3-ar-o1-ln-c1-fh-19967b559ee8,pc-pc_safety_cleanup-i3-ar-o1-ln-c1-fh,19967b559ee814bdc1f1b128811432665ce972de23a2cd75b8da5c4a816ecd5f,3e80e4d940a17e15e36b6eea9e8698a43f50932607285804bc69328c8b7e8633
pc-pc_safety_cleanup-i3-ro-o1-ln-c1-fx-7f84e99e6579,pc-pc_safety_cleanup-i3-ro-o1-ln-c1-fx,7f84e99e6579a77786ba061a59e82e8ed0387eac469c5ffd1c0c6a556aec5b30,5c51917e971dc3f6461b3fe63d5bce7e5eae384ec76acabde335da471fd89f3f
pc-pc_safety_cleanup-i4-ar-o0-ll-c0-fe-41f5ddd6243e,pc-pc_safety_cleanup-i4-ar-o0-ll-c0-fe,41f5ddd6243e3068b1450b95b4fbe5e8a5495cdff49dfc1463b858bd794b95cf,40f78b3431af9e71f5da85d9bc5184b3dadbf44afe4bedc04274c120c572cf87
pc-pc_safety_cleanup-i4-ar-o0-ll-c0-fh-587fd7cafc06,pc-pc_safety_cleanup-i4-ar-o0-ll-c0-fh,587fd7cafc06bbc70b438a9efe8155cee18cb012dbf77a069ec5b7d4573d0940,f23e6aa47a6d6ed689a2c4e6595064899f07782b9630f4218596159cd46590ab
pc-pc_safety_cleanup-i4-ro-o0-ll-c0-fx-70bd38d5b004,pc-pc_safety_cleanup-i4-ro-o0-ll-c0-fx,70bd38d5b0040023fc471ea9dc0cb523508f4926748a7153de495d29cb1fab4d,940cf519aa1cc939705656a0a991286f299fa439489adf926d4566977b66c7c7
pc-pc_safety_cleanup-i4-ar-o0-ll-c1-fe-ec6fde1060cc,pc-pc_safety_cleanup-i4-ar-o0-ll-c1-fe,ec6fde1060cc654545dc5b771d4302e28578605d4dbfa1de8f46636880c447f7,ce18e0215c647adc569fa5f47dcf4f2a4bd50d03199d2cac137922071eca1bb9
pc-pc_safety_cleanup-i4-ar-o0-ll-c1-fh-3d854486a285,pc-pc_safety_cleanup-i4-ar-o0-ll-c1-fh,3d854486a2852ed523807543909e739eb622683c79d9571225ae7bd137493990,afe841e81c31779facf02f45a666dc669162560a1c115cd42cb9089bae74f8f2
pc-pc_safety_cleanup-i4-ro-o0-ll-c1-fx-1102c1ec24fc,pc-pc_safety_cleanup-i4-ro-o0-ll-c1-fx,1102c1ec24fc6fb73bf1edb61d1d4c28021f282fe1f9515fa7946aafc8cae5c7,7083b7fe45c80cca5d81417020a2be019f4a995c06649630534c520d1545f7f9
pc-pc_safety_cleanup-i4-ar-o0-ln-c0-fe-9972a2d611f1,pc-pc_safety_cleanup-i4-ar-o0-ln-c0-fe,9972a2d611f195500720560077cb45c6fa9acbc82a63aa38cfa587c1f04e8bea,a0b390785b6b5e8d72f203982f4761dfa9bcf393a6ebd2cf6f6ed050161ad218
pc-pc_safety_cleanup-i4-ar-o0-ln-c0-fh-eb8e7bdcc161,pc-pc_safety_cleanup-i4-ar-o0-ln-c0-fh,eb8e7bdcc161dcefbbe92b9ebc14c3c3083c443a0ee896ba2386be87dd1b7681,5e4939f94f5ffb588f7a43314b1a350058a50452c191bc398d563029c6195e63
pc-pc_safety_cleanup-i4-ro-o0-ln-c0-fx-4b40e7ee4cef,pc-pc_safety_cleanup-i4-ro-o0-ln-c0-fx,4b40e7ee4cefaa0bfbf59354b334d2d2c9db8c539c7711fcb7342e491b1d18f1,b7bc4cc445b2c6b8e177d3436605756fd13ad5aa82b6bd0676d4494f71ad4cca
pc-pc_safety_cleanup-i4-ar-o0-ln-c1-fe-3e0252872003,pc-pc_safety_cleanup-i4-ar-o0-ln-c1-fe,3e025287200396840838fc7788da229ca3809a9f895ddc53bc95ac8c18ae5797,f3a4630628160bde807ed08e12ad20cf17d1f877b1a3f7b5144d6bdee9b869ad
pc-pc_safety_cleanup-i4-ar-o0-ln-c1-fh-b9843701dbc7,pc-pc_safety_cleanup-i4-ar-o0-ln-c1-fh,b9843701dbc7118f54cb176a7ba8feb1ab98ec88a51fc98076c0124d40536965,036ac4e7d2ef6148e9d4e26fcf36836aaef75f84cf2d409d8a6f7141383ea240
pc-pc_safety_cleanup-i4-ro-o0-ln-c1-fx-54e55b426e9b,pc-pc_safety_cleanup-i4-ro-o0-ln-c1-fx,54e55b426e9b9e01967439bb65320413bc51df743da866d32444a8414e6df48b,b61c6db682694653ecd475724ebaa546dd2c9a7058d347933d03e9fc77766877
pc-pc_safety_cleanup-i4-ar-o1-ll-c0-fe-8a42312577c1,pc-pc_safety_cleanup-i4-ar-o1-ll-c0-fe,8a42312577c10422493d2759bc37191ae08d465aeaffdb8115f7fba053cad7a6,f70dc97c5f0776b79a4b74adfcd75200e53ce5e9c72bd7530a66e333bee1caad
pc-pc_safety_cleanup-i4-ar-o1-ll-c0-fh-a277906e9c41,pc-pc_safety_cleanup-i4-ar-o1-ll-c0-fh,a277906e9c41a78d656d07f77bdacb2f68bb0b07aae2af069717472b996786af,8aed0395eb53d6cdbb4e68bb349923f30429c6dca2cc74163afb143252438d85
pc-pc_safety_cleanup-i4-ro-o1-ll-c0-fx-0dd887cbe2b2,pc-pc_safety_cleanup-i4-ro-o1-ll-c0-fx,0dd887cbe2b2298f5bdd50a781aec3aab5f25747d2e3ecaa53b28550eb2af90c,41d0aee317e6ac6ed6d092e8427afde4cfa2c0b9595c1119894d7981120715bb
pc-pc_safety_cleanup-i4-ar-o1-ll-c1-fe-c50153a8dc1e,pc-pc_safety_cleanup-i4-ar-o1-ll-c1-fe,c50153a8dc1e6d3b8091af6afc38033df6e87088c4db167d27818a619f52832c,06db96b2710ba43664fc60d8fec760643c6162282f42426a7364aee2732aa27e
pc-pc_safety_cleanup-i4-ar-o1-ll-c1-fh-591b9ce1bdee,pc-pc_safety_cleanup-i4-ar-o1-ll-c1-fh,591b9ce1bdee915d34ece47dbe26d24af3c9c2a569cfb5b4467ce546721bec76,66bbff4e44710d46db7d3ce3babc23c60634ed13f6b01a4d73e808bd2a657253
pc-pc_safety_cleanup-i4-ro-o1-ll-c1-fx-01550b3ab150,pc-pc_safety_cleanup-i4-ro-o1-ll-c1-fx,01550b3ab15078302b87622d759fa7dbf8298d9a9c7cf0cbec5b628e40cea125,1fc1cd84717938b41367eeb5bf2acac8b91918a76bd498330d8703e400e60bac
pc-pc_safety_cleanup-i4-ar-o1-ln-c0-fe-84bec5be9f9e,pc-pc_safety_cleanup-i4-ar-o1-ln-c0-fe,84bec5be9f9e153cc76bb7b8d80729fbe83d9a6be9ba4a912883347bb9110f72,44e9d9bafe0eb5932c3501c34c5e5bfc810ccd8da4a3f30398a731a25715f436
pc-pc_safety_cleanup-i4-ar-o1-ln-c0-fh-4f225313b73f,pc-pc_safety_cleanup-i4-ar-o1-ln-c0-fh,4f225313b73f97aa8c526431b56d8b4e2e03a99bc96b251317a06ce6f96d8071,080cf6b4520879c9d56492724e7dc35cb413c3e2288387bb954baeb2c53e547c
pc-pc_safety_cleanup-i4-ro-o1-ln-c0-fx-91721fdf1851,pc-pc_safety_cleanup-i4-ro-o1-ln-c0-fx,91721fdf1851db67055576583722552d5edb08b27ed2374e0d0d1a30d8a566fc,22eafe7afbadb065c329061e6d5598a93da49a3afc4c9e437d58f142826d2168
pc-pc_safety_cleanup-i4-ar-o1-ln-c1-fe-64b161adc7c8,pc-pc_safety_cleanup-i4-ar-o1-ln-c1-fe,64b161adc7c81156038415dc2cc0a676cf2277cb108b21841af6a089bed126a3,c4d92bcb61ade5d100ad39a57843b4d67782298acde6c77c0a8be949712e1787
pc-pc_safety_cleanup-i4-ar-o1-ln-c1-fh-33ac85823839,pc-pc_safety_cleanup-i4-ar-o1-ln-c1-fh,33ac858238396ac7c3a958a80dc827d865e17c70d5f8686c7433cd1696fa8b9a,a8d9e586d880e7d06eb277d71efbda45bee2f53a82b2b476614f3b14448a5931
pc-pc_safety_cleanup-i4-ro-o1-ln-c1-fx-5b71659206bd,pc-pc_safety_cleanup-i4-ro-o1-ln-c1-fx,5b71659206bdaffd9d238c59af5c67b80a9674dff876a6e3c15cb9dcacc9b495,eb076fb60832619099b91fe54d7c272e6c8b99df193b1f30daf8de9d67177f92
nc-nc_null_deploy-i0-ar-o0-ll-c0-fe-3e88fa109849,nc-nc_null_deploy-i0-ar-o0-ll-c0-fe,3e88fa109849e41d18916da8fc382bbd941cd6607c5cca5764b078325318d22e,c78e67bcccde05d98d3faae645b49b4848f6016fd97c91cce05d358eebc3e6b1
nc-nc_null_deploy-i0-ar-o0-ll-c0-fh-5d1f37ac2357,nc-nc_null_deploy-i0-ar-o0-ll-c0-fh,5d1f37ac2357a1494eb03acbd122b4bc837bc0370f649349383ceec645b9e937,266fd1f6f7a36fe58eae18f7f42415b70ffa990698909b16a7ce842b75020604
nc-nc_null_deploy-i0-ar-o0-ll-c1-fe-59166a5a2264,nc-nc_null_deploy-i0-ar-o0-ll-c1-fe,59166a5a22640ae1918a6044208baa534a3993a929ac8c41b2e2542cbe5a738c,bc86938985fa7053d40c88f011a0b0633b12dc1cdd6840c4e5cb23ba456f89f3
nc-nc_null_deploy-i0-ar-o0-ll-c1-fh-9c1fcef93e82,nc-nc_null_deploy-i0-ar-o0-ll-c1-fh,9c1fcef93e82bc235edad84df64b6f5f9864e0cea4e6c81b1806a8818faa59d2,06187da52e7d7f98fa529c672a826f77fb3501fdd458ed98734efa34c9e387ae
nc-nc_null_deploy-i0-ar-o0-ln-c0-fe-c1c2ecaa4914,nc-nc_null_deploy-i0-ar-o0-ln-c0-fe,c1c2ecaa4914fbf7aa4dc664e2d256eec1c07e1e32aa90a622f3d90eacf51b5e,df6b6317a24cb13ea0cd8621bc4310dc439b7b190ed2ed577a358b5ddc8061e5
nc-nc_null_deploy-i0-ar-o0-ln-c0-fh-d5ac7c4a2889,nc-nc_null_deploy-i0-ar-o0-ln-c0-fh,d5ac7c4a2889b465d4bfb29fffa5c70d3867b891bba58553d040d90312d76699,c330998ba95541788e57932f232f503c0a806b1bf4cab31218440d3ce6aa8575
nc-nc_null_deploy-i0-ar-o0-ln-c1-fe-19d29e5771ab,nc-nc_null_deploy-i0-ar-o0-ln-c1-fe,19d29e5771ab3a8cdd3d9ddf30c1b29b718a58288cd35939a0cfba3fd22ba0a7,7c1698bc0ea5732bc4cb2c22a54131cd44f42f75242f9d7f2790b8b9a56a98a8
nc-nc_null_deploy-i0-ar-o0-ln-c1-fh-f3be947f4d75,nc-nc_null_deploy-i0-ar-o0-ln-c1-fh,f3be947f4d755eee6c007b408016f28ef98d18939f22df55d886bb95adf9ae34,a93777f2a9a8b73a6d83c56b917ed8ce240e8b2d8e4fe6a5ecda9258ae86def5
nc-nc_null_deploy-i0-ar-o1-ll-c0-fe-8a0f6b6f6ae7,nc-nc_null_deploy-i0-ar-o1-ll-c0-fe,8a0f6b6f6ae74e8ea4758d036de36fc42735536c0f75434ef38156a5b02fc5b1,bc86938985fa7053d40c88f011a0b0633b12dc1cdd6840c4e5cb23ba456f89f3
nc-nc_null_deploy-i0-ar-o1-ll-c0-fh-e71c5d542a34,nc-nc_null_deploy-i0-ar-o1-ll-c0-fh,e71c5d542a3450caf217fa350d5a593e2efc142054b234ad0e0d4470550eb88e,06187da52e7d7f98fa529c672a826f77fb3501fdd458ed98734efa34c9e387ae
nc-nc_null_deploy-i0-ar-o1-ll-c1-fe-c8dee575a80a,nc-nc_null_deploy-i0-ar-o1-ll-c1-fe,c8dee575a80a92e6fa180b5ac4bf45166b0d9a454ebb0652ecf22b1a7245d04b,c78e67bcccde05d98d3faae645b49b4848f6016fd97c91cce05d358eebc3e6b1
nc-nc_null_deploy-i0-ar-o1-ll-c1-fh-095ff8d7be75,nc-nc_null_deploy-i0-ar-o1-ll-c1-fh,095ff8d7be75be9e3ef3272238fd56eccd0eb773f49ae3c0799b3aab63ca516d,266fd1f6f7a36fe58eae18f7f42415b70ffa990698909b16a7ce842b75020604
nc-nc_null_deploy-i0-ar-o1-ln-c0-fe-309f870da3b8,nc-nc_null_deploy-i0-ar-o1-ln-c0-fe,309f870da3b8787559798fff79ffb6246edab0f5f3daa10ec0a55e8555f37cfa,7c1698bc0ea5732bc4cb2c22a54131cd44f42f75242f9d7f2790b8b9a56a98a8
nc-nc_null_deploy-i0-ar-o1-ln-c0-fh-e96bce4ac01f,nc-nc_null_deploy-i0-ar-o1-ln-c0-fh,e96bce4ac01f78054c57ce9d1814db5bdc40feb33612326b6d1dcac398253468,a93777f2a9a8b73a6d83c56b917ed8ce240e8b2d8e4fe6a5ecda9258ae86def5
nc-nc_null_deploy-i0-ar-o1-ln-c1-fe-ecaa584dc7d5,nc-nc_null_deploy-i0-ar-o1-ln-c1-fe,ecaa584dc7d594b173384480201777ad8d7284bad33200041fae378407ebbeef,df6b6317a24cb13ea0cd8621bc4310dc439b7b190ed2ed577a358b5ddc8061e5
nc-nc_null_deploy-i0-ar-o1-ln-c1-fh-320e95126009,nc-nc_null_deploy-i0-ar-o1-ln-c1-fh,320e951260099d8a4727edb733b8650c5c89d3484d81264e4ecc6a5b69edae4e,c330998ba95541788e57932f232f503c0a806b1bf4cab31218440d3ce6aa8575
nc-nc_null_deploy-i1-ar-o0-ll-c0-fe-cec5ae309f76,nc-nc_null_deploy-i1-ar-o0-ll-c0-fe,cec5ae309f7641c16e8a9d759b80769f8582c7c690bd7789bbfcf77c1d6f9acf,2c84146e2070a7070192678226f24b006087fee78425e090e9e945694fbf81ff
nc-nc_null_deploy-i1-ar-o0-ll-c0-fh-457e7e639271,nc-nc_null_deploy-i1-ar-o0-ll-c0-fh,457e7e6392717b325587ac3d98bb6afb28e6ca9e603e8567adac48843585c8b0,32b9b967607f7a57bd6d0fb3a02753411d3cdf7d34f3c833356bcec44658749f
nc-nc_null_deploy-i1-ar-o0-ll-c1-fe-7c7e0cd2c603,nc-nc_null_deploy-i1-ar-o0-ll-c1-fe,7c7e0cd2c6032810e781b165f04d72936c29667655d7cac0ddcf77fe1203094c,fb560fafb56c1f0853dc13a163a99ddbb4f01bf714c7f04fe572c0cbb9866297
nc-nc_null_deploy-i1-ar-o0-ll-c1-fh-7e6c355c45d8,nc-nc_null_deploy-i1-ar-o0-ll-c1-fh,7e6c355c45d87d982258cd31ff67ce1f95e11624ff8d6f9b96ab634fbb30b3e4,98591a2b1a8c982a8934985929574b6fc6a544b076addcf2a7fb6b34735fa2e4
nc-nc_null_deploy-i1-ar-o0-ln-c0-fe-e491d0088608,nc-nc_null_deploy-i1-ar-o0-ln-c0-fe,e491d0088608bc1f26d4480b12fb7222d1f112e30b7319e3f03fd9d390880398,284c8a4d81059dd4a02803ac50cfae2e43b3d982dd42045cc759d75a92b90060
nc-nc_null_deploy-i1-ar-o0-ln-c0-fh-bc50eccaeeb8,nc-nc_null_deploy-i1-ar-o0-ln-c0-fh,bc50eccaeeb81e8fe1d08d999a41b106637fdc5105e772f67f3b61eb7832658f,5bec3646f5d86e5b010032063529dc8146ee30243fbbbbc106266a52731eb1db
nc-nc_null_deploy-i1-ar-o0-ln-c1-fe-18eb9fcd3ae1,nc-nc_null_deploy-i1-ar-o0-ln-c1-fe,18eb9fcd3ae11c4a0c400e8beb4a92d690085ea430b21f3562d26c3ae5bea404,f4ce2771aaa20a3c265a4b0f46ffcbd9d78b0b0e1b7fde8ed48135617c9d49ea
nc-nc_null_deploy-i1-ar-o0-ln-c1-fh-247745082184,nc-nc_null_deploy-i1-ar-o0-ln-c1-fh,24774508218440e41fe1dd75e1521f7cd9348cc153fda0691cfe404f00cc1eec,4ad06dcd2a8927c22afea2f30901f59bc04dbb77c3ff0b135c5ce31afbe77d43
nc-nc_null_deploy-i1-ar-o1-ll-c0-fe-1c6f66094a45,nc-nc_null_deploy-i1-ar-o1-ll-c0-fe,1c6f66094a455dce501e0379cc522bbabbe9c15908143f152143946d734920a1,fb560fafb56c1f0853dc13a163a99ddbb4f01bf714c7f04fe572c0cbb9866297
nc-nc_null_deploy-i1-ar-o1-ll-c0-fh-401a7aae281e,nc-nc_null_deploy-i1-ar-o1-ll-c0-fh,401a7aae281ef930b59f8d3f0933bd6d64a07192fc906925fc15977ec2f0934b,98591a2b1a8c982a8934985929574b6fc6a544b076addcf2a7fb6b34735fa2e4
nc-nc_null_deploy-i1-ar-o1-ll-c1-fe-8af36dd6ac62,nc-nc_null_deploy-i1-ar-o1-ll-c1-fe,8af36dd6ac626879fb86429b19e0b7b39d3dd2da719460c763d435d6876ecb5e,2c84146e2070a7070192678226f24b006087fee78425e090e9e945694fbf81ff
nc-nc_null_deploy-i1-ar-o1-ll-c1-fh-bee2f710751e,nc-nc_null_deploy-i1-ar-o1-ll-c1-fh,bee2f710751e40bcd4f139fde8775f8bde48700b2c29b424f093b62b44e149c2,32b9b967607f7a57bd6d0fb3a02753411d3cdf7d34f3c833356bcec44658749f
nc-nc_null_deploy-i1-ar-o1-ln-c0-fe-840ac92f9503,nc-nc_null_deploy-i1-ar-o1-ln-c0-fe,840ac92f95030a5418044dfd452b84d37afa4bece4bb33b76f953dc2a13b474e,f4ce2771aaa20a3c265a4b0f46ffcbd9d78b0b0e1b7fde8ed48135617c9d49ea
nc-nc_null_deploy-i1-ar-o1-ln-c0-fh-20df8eb6b41d,nc-nc_null_deploy-i1-ar-o1-ln-c0-fh,20df8eb6b41d02b86628ff411aa1ecb5e6e11462e5aeac68c44bcd5e58c84ef5,4ad06dcd2a8927c22afea2f30901f59bc04dbb77c3ff0b135c5ce31afbe77d43
nc-nc_null_deploy-i1-ar-o1-ln-c1-fe-648f0ebae0ca,nc-nc_null_deploy-i1-ar-o1-ln-c1-fe,648f0ebae0ca8b27e01ab6d2a91190751c675d95d284f489d64d23c7a2e42253,284c8a4d81059dd4a02803ac50cfae2e43b3d982dd42045cc759d75a92b90060
nc-nc_null_deploy-i1-ar-o1-ln-c1-fh-0d1aeec07d27,nc-nc_null_deploy-i1-ar-o1-ln-c1-fh,0d1aeec07d27873059d4d86cb4dba515a253b51d601d2e5291052ee2d591072a,5bec3646f5d86e5b010032063529dc8146ee30243fbbbbc106266a52731eb1db
nc-nc_null_deploy-i2-ar-o0-ll-c0-fe-865d7fd410fb,nc-nc_null_deploy-i2-ar-o0-ll-c0-fe,865d7fd410fbffe492fbaae6ca2efc21b802c32decba18302868bcc58ea1f358,f549b8cd4ab036bda7aa37782a18d60613c32476b8401c79082917b597322b5a
nc-nc_null_deploy-i2-ar-o0-ll-c0-fh-3596c0755608,nc-nc_null_deploy-i2-ar-o0-ll-c0-fh,3596c0755608cf71d59b7f0b4c6e7546c7ed22253eb49830392b1c9999c78641,4ac9aeccca11b21410775e7f079a59180411ebedcab39bbf1ead775bc6f2aab1
nc-nc_null_deploy-i2-ar-o0-ll-c1-fe-bdff75d99d83,nc-nc_null_deploy-i2-ar-o0-ll-c1-fe,bdff75d99d837d168654c3442df62942f3c7af328eba490fc0f3e216921dc5e1,e315ba7ca03ebb759c414f5d5b12f7339036971281f6a142139b3f9084a7d5ee
nc-nc_null_deploy-i2-ar-o0-ll-c1-fh-aaf886a5cf76,nc-nc_null_deploy-i2-ar-o0-ll-c1-fh,aaf886a5cf76555591c0b4446a9c48eb840095816bc32cbace73e6e3143cd9e3,cf6241c0728f859a71e16acfbe8f22f08c2eb0d7a17999e96522bd4476c2783d
nc-nc_null_deploy-i2-ar-o0-ln-c0-fe-7a965fd302f6,nc-nc_null_deploy-i2-ar-o0-ln-c0-fe,7a965fd302f6212877ca876b7d6f75afb0190ea44b70fd04feba9c3e5d2aba63,c7882cb3824e2886008fa7c24a4bf45280d815a3dc0b819eb2bdd0ed126c07ad
nc-nc_null_deploy-i2-ar-o0-ln-c0-fh-b48c9691291c,nc-nc_null_deploy-i2-ar-o0-ln-c0-fh,b48c9691291c46943f1e5027902fe9b107b598986ff0724a423f7ad48796589a,f2104be01076203003c840d877232cae5287181471f09edd7b8b26a5bbe4cc3a
nc-nc_null_deploy-i2-ar-o0-ln-c1-fe-f7f3dcbce77b,nc-nc_null_deploy-i2-ar-o0-ln-c1-fe,f7f3dcbce77b1bd70f9eb64e4d1fa25187773e5c5c4a41c85479f9305afd5109,3656f169aa9cafe9af0f759fefa613163fe1353b7924f620752e7fb9168ea99b
nc-nc_null_deploy-i2-ar-o0-ln-c1-fh-9a2f315cb0d1,nc-nc_null_deploy-i2-ar-o0-ln-c1-fh,9a2f315cb0d103db7524691c5bf665e9a51c7431fe0a3a6ba1fac1a2d53c6f47,4a9bc0f04bf1949fcdc31c81e1a1b1bbb5f2d6c74a8699e2b2edaaec934adbed
nc-nc_null_deploy-i2-ar-o1-ll-c0-fe-9ca362bbaf81,nc-nc_null_deploy-i2-ar-o1-ll-c0-fe,9ca362bbaf819b5fe59ab2b6091040e6e229ba6f05fa3167c0680b04f0b9a119,e315ba7ca03ebb759c414f5d5b12f7339036971281f6a142139b3f9084a7d5ee
nc-nc_null_deploy-i2-ar-o1-ll-c0-fh-7e04c3ddec45,nc-nc_null_deploy-i2-ar-o1-ll-c0-fh,7e04c3ddec45ee075e797a077d5ad951c9b5c7a055de5411f55e523b5c1e1a2c,cf6241c0728f859a71e16acfbe8f22f08c2eb0d7a17999e96522bd4476c2783d
nc-nc_null_deploy-i2-ar-o1-ll-c1-fe-2545a925f3d4,nc-nc_null_deploy-i2-ar-o1-ll-c1-fe,2545a925f3d4e0bffb6564cc4ed6a9d2467012988d5049cdc7ee58570941aa53,f549b8cd4ab036bda7aa37782a18d60613c32476b8401c79082917b597322b5a
nc-nc_null_deploy-i2-ar-o1-ll-c1-fh-4c69c04dd2ef,nc-nc_null_deploy-i2-ar-o1-ll-c1-fh,4c69c04dd2efc9b7f8f1e66af9eb07d5e4d9c72a19fdf1bca47f814408ca3933,4ac9aeccca11b21410775e7f079a59180411ebedcab39bbf1ead775bc6f2aab1
nc-nc_null_deploy-i2-ar-o1-ln-c0-fe-7c426e7dc451,nc-nc_null_deploy-i2-ar-o1-ln-c0-fe,7c426e7dc451db294331be8e8dadaee74b7b452d132cca627ab69c4d4757009a,3656f169aa9cafe9af0f759fefa613163fe1353b7924f620752e7fb9168ea99b
nc-nc_null_deploy-i2-ar-o1-ln-c0-fh-b12542446c36,nc-nc_null_deploy-i2-ar-o1-ln-c0-fh,b12542446c36d74e2ac559df7768ce9ead5071ad2e983126422efa8eb65d8e9b,4a9bc0f04bf1949fcdc31c81e1a1b1bbb5f2d6c74a8699e2b2edaaec934adbed
nc-nc_null_deploy-i2-ar-o1-ln-c1-fe-ab5b4fe0646e,nc-nc_null_deploy-i2-ar-o1-ln-c1-fe,ab5b4fe0646e266329e3a2c43f86c5ad241ed08dc01f38bd5742c3de83209a6e,c7882cb3824e2886008fa7c24a4bf45280d815a3dc0b819eb2bdd0ed126c07ad
nc-nc_null_deploy-i2-ar-o1-ln-c1-fh-0f1102a5fef3,nc-nc_null_deploy-i2-ar-o1-ln-c1-fh,0f1102a5fef3d26595d648620c9aaf2316188394b5956c4d6c427351f38b7ee5,f2104be01076203003c840d877232cae5287181471f09edd7b8b26a5bbe4cc3a
nc-nc_null_deploy-i3-ar-o0-ll-c0-fe-7068d27a461e,nc-nc_null_deploy-i3-ar-o0-ll-c0-fe,7068d27a461eae8232352d910f6ab1fd4a86dabf96525074cfff09176c58002b,bb8ec4569aa54797c7d8db31feac6b31e78ed2cdfd9861fd0ed6f4fae80252ce
nc-nc_null_deploy-i3-ar-o0-ll-c0-fh-88260a93e9a7,nc-nc_null_deploy-i3-ar-o0-ll-c0-fh,88260a93e9a73ccae917b56b9eb4031b7f791aa2d15d061777f8b003b514874b,5f1401cd67e4aa83f5b05394ea5a0f7a89387f25a5ae3c03d6cb52d9ee9cc948
nc-nc_null_deploy-i3-ar-o0-ll-c1-fe-e1db5c3fd4d2,nc-nc_null_deploy-i3-ar-o0-ll-c1-fe,e1db5c3fd4d2643ad1a59c47a563160e6d11a92c28be476c802d6e516372a1ca,1bd0d6a7507513199d6964c9ed898f4f0f3590a0061814b69ed8fbb118304767
nc-nc_null_deploy-i3-ar-o0-ll-c1-fh-d8b8ff497d0f,nc-nc_null_deploy-i3-ar-o0-ll-c1-fh,d8b8ff497d0fba4c1134c52f9d1a5af070c96ff23ee5d7df41470a6314959d14,e1cf675acacdff4aa98db7b0f19d1cceea33d1f7f8cc74ff7854c1b5541f388a
nc-nc_null_deploy-i3-ar-o0-ln-c0-fe-e346632ba200,nc-nc_null_deploy-i3-ar-o0-ln-c0-fe,e346632ba20043be75450fe62082b8be0ee00f99d066869469f7e6b6bd7f01fb,d2d12286f906ceabeb183576f33b3554b3e6158d72759377ce733a55d34ab3d2
nc-nc_null_deploy-i3-ar-o0-ln-c0-fh-6199cc0e1f71,nc-nc_null_deploy-i3-ar-o0-ln-c0-fh,6199cc0e1f717e436ef109e82fc3d1395f254f5f46cfecee779eca490be1b1c6,c18eede3286202ab3d1e25a9d53bfdd90893a3796b7a029ad93cc6a07d1b6e02
nc-nc_null_deploy-i3-ar-o0-ln-c1-fe-76db2322bf39,nc-nc_null_deploy-i3-ar-o0-ln-c1-fe,76db2322bf398fca665224328a7e93d99af868273a260bf2a7eb4a0dcc81838e,fbd67fd3ea726a607107ecf7956def2ee54188bb6e28a4c4351fa9cf98288c23
nc-nc_null_deploy-i3-ar-o0-ln-c1-fh-8ac76c92d840,nc-nc_null_deploy-i3-ar-o0-ln-c1-fh,8ac76c92d840b61f25382149ec7732164335dfded4d1b6fb461f2846aec00484,90a9daca3233f6de202688fafea5d4f95d4446891138b0e1895772c78f58eb69
nc-nc_null_deploy-i3-ar-o1-ll-c0-fe-9aff8591784c,nc-nc_null_deploy-i3-ar-o1-ll-c0-fe,9aff8591784cd3a7e29255314861a65e96dda14e7a8c5f69fe3ebbf935722a78,1bd0d6a7507513199d6964c9ed898f4f0f3590a0061814b69ed8fbb118304767
nc-nc_null_deploy-i3-ar-o1-ll-c0-fh-174f3db0904d,nc-nc_null_deploy-i3-ar-o1-ll-c0-fh,174f3db0904dbc67e858a8914e55d25cf37c9d5ea50fe616895b8deb1bd4f453,e1cf675acacdff4aa98db7b0f19d1cceea33d1f7f8cc74ff7854c1b5541f388a
nc-nc_null_deploy-i3-ar-o1-ll-c1-fe-ca38b90fb59c,nc-nc_null_deploy-i3-ar-o1-ll-c1-fe,ca38b90fb59c48c56d285a719ddb55cdcccc481c75b43d91c5c66a7e4d064428,bb8ec4569aa54797c7d8db31feac6b31e78ed2cdfd9861fd0ed6f4fae80252ce
nc-nc_null_deploy-i3-ar-o1-ll-c1-fh-5c63853095e0,nc-nc_null_deploy-i3-ar-o1-ll-c1-fh,5c63853095e043113015e9398a917acbd061d8d1568bad638bf8a1fb75d17c4e,5f1401cd67e4aa83f5b05394ea5a0f7a89387f25a5ae3c03d6cb52d9ee9cc948
nc-nc_null_deploy-i3-ar-o1-ln-c0-fe-b17483e9f547,nc-nc_null_deploy-i3-ar-o1-ln-c0-fe,b17483e9f54796906ed61ba845911f1ffe376239e72db74de11a79bc3cbc90c9,fbd67fd3ea726a607107ecf7956def2ee54188bb6e28a4c4351fa9cf98288c23
nc-nc_null_deploy-i3-ar-o1-ln-c0-fh-34681002cd13,nc-nc_null_deploy-i3-ar-o1-ln-c0-fh,34681002cd1342a93460428e96585ea6ec397ee67e8c8361f088e7ea0f6ed00c,90a9daca3233f6de202688fafea5d4f95d4446891138b0e1895772c78f58eb69
nc-nc_null_deploy-i3-ar-o1-ln-c1-fe-d60ff337285b,nc-nc_null_deploy-i3-ar-o1-ln-c1-fe,d60ff337285b24196b8eb65211bc4215298a358e3ac8ff4541f684719e14593f,d2d12286f906ceabeb183576f33b3554b3e6158d72759377ce733a55d34ab3d2
nc-nc_null_deploy-i3-ar-o1-ln-c1-fh-3828560cdf91,nc-nc_null_deploy-i3-ar-o1-ln-c1-fh,3828560cdf91a610c4239d0cd3b453d3b3f12a02771370cff575a4f733fac47b,c18eede3286202ab3d1e25a9d53bfdd90893a3796b7a029ad93cc6a07d1b6e02
nc-nc_null_deploy-i4-ar-o0-ll-c0-fe-e20f8429258e,nc-nc_null_deploy-i4-ar-o0-ll-c0-fe,e20f8429258ef4d4a6975090e2934b699108f7f5be8f714ab0d8dcc6108f83e6,a4770fe9d2fad22bc3c155007a98ef91cb2213570dd8ec3709b8981f53264cd5
nc-nc_null_deploy-i4-ar-o0-ll-c0-fh-6c6970d98490,nc-nc_null_deploy-i4-ar-o0-ll-c0-fh,6c6970d98490c52890d4c6567e74288511298b4d88c57c23368327db264d4a67,b0b9ac57267bd89e7aef66fba77bfd430f94bfc7d6a24f3294f3567dc775a160
nc-nc_null_deploy-i4-ar-o0-ll-c1-fe-2405f0899e03,nc-nc_null_deploy-i4-ar-o0-ll-c1-fe,2405f0899e037bc8c2c36aad6543c1d0734e5cc0844e9cd49110911e04175c08,8cdd4a418c24fdfb7c6a1c76c89028e5d710d8f57ca3294459a0fcf95ee3e5e4
nc-nc_null_deploy-i4-ar-o0-ll-c1-fh-cc142d01ce2c,nc-nc_null_deploy-i4-ar-o0-ll-c1-fh,cc142d01ce2c435e4dcfdd50b2b2864b30d138411956f3e46f2cc8ff67ecffb9,7fc04e5eaa10850fd482d7814ebabae8b77912d8532faf614e52fc6c23cda621
nc-nc_null_deploy-i4-ar-o0-ln-c0-fe-effd6def8a2c,nc-nc_null_deploy-i4-ar-o0-ln-c0-fe,effd6def8a2c7f6185f330ed1e117be28ad027219bf31c7d93e58f04884fdb6a,60501e26b0d97ecfa21bf93e4041a027e8ffc224850fc3e7d7c4d12436dea3eb
nc-nc_null_deploy-i4-ar-o0-ln-c0-fh-7b9faf4d71cb,nc-nc_null_deploy-i4-ar-o0-ln-c0-fh,7b9faf4d71cb6e7fde86295b27685bc0b947aa48ae7834e87ee077162e0e0add,d37ae83ff0f2a631e9c4c266a82e48d36060998b035ec42edf0d05d3e0a8a641
nc-nc_null_deploy-i4-ar-o0-ln-c1-fe-d74ea0352ed7,nc-nc_null_deploy-i4-ar-o0-ln-c1-fe,d74ea0352ed7ba2c3df8153ea1832771f93406d0aecf1aaa7de76b75a4ba84b9,bb4e239b97a189934a6e8a44f174684f5ff5a6b58d0619d6b8fa4bff45651720
nc-nc_null_deploy-i4-ar-o0-ln-c1-fh-e0b321a1ad02,nc-nc_null_deploy-i4-ar-o0-ln-c1-fh,e0b321a1ad022bb4af7384c38ee15fbf4b362b0d21a843187ee4a311f4982732,4d2bb6e3d09ed24a7f8b2f2f179a3e608b2c677b1d075dbe82c9ca0f1a2bfb16
nc-nc_null_deploy-i4-ar-o1-ll-c0-fe-274f7cb0cd7a,nc-nc_null_deploy-i4-ar-o1-ll-c0-fe,274f7cb0cd7a15dbd2300595f5ef80e0135f52c947bc90f5d5a5cf4f95e7491d,8cdd4a418c24fdfb7c6a1c76c89028e5d710d8f57ca3294459a0fcf95ee3e5e4
nc-nc_null_deploy-i4-ar-o1-ll-c0-fh-2c5aa6d38c16,nc-nc_null_deploy-i4-ar-o1-ll-c0-fh,2c5aa6d38c160d3534af9106f8db531e6199d33e858c38895100b453832d643e,7fc04e5eaa10850fd482d7814ebabae8b77912d8532faf614e52fc6c23cda621
nc-nc_null_deploy-i4-ar-o1-ll-c1-fe-b72acdbc63d9,nc-nc_null_deploy-i4-ar-o1-ll-c1-fe,b72acdbc63d96f1fe7a69e7983a28b986f545161c0e9d1ae7eebab8617579a47,a4770fe9d2fad22bc3c155007a98ef91cb2213570dd8ec3709b8981f53264cd5
nc-nc_null_deploy-i4-ar-o1-ll-c1-fh-b4cf25ded66b,nc-nc_null_deploy-i4-ar-o1-ll-c1-fh,b4cf25ded66bc157433788e1f647a1b48d755bc814a467b5e8f7149c66f6b7d9,b0b9ac57267bd89e7aef66fba77bfd430f94bfc7d6a24f3294f3567dc775a160
nc-nc_null_deploy-i4-ar-o1-ln-c0-fe-ca4f076d5ea0,nc-nc_null_deploy-i4-ar-o1-ln-c0-fe,ca4f076d5ea0c0a98b06334611723280bf19247f7c02aa9e7f58d52219d78afb,bb4e239b97a189934a6e8a44f174684f5ff5a6b58d0619d6b8fa4bff45651720
nc-nc_null_deploy-i4-ar-o1-ln-c0-fh-bb7013acaf06,nc-nc_null_deploy-i4-ar-o1-ln-c0-fh,bb7013acaf0644fd9488b6cd3a2aee4f25e3519461c638145194fc83552ab457,4d2bb6e3d09ed24a7f8b2f2f179a3e608b2c677b1d075dbe82c9ca0f1a2bfb16
nc-nc_null_deploy-i4-ar-o1-ln-c1-fe-52e2691c7f55,nc-nc_null_deploy-i4-ar-o1-ln-c1-fe,52e2691c7f553deff1fd946bc60b8e9baf58aae2dd77a0da24eecbfb7b2e0b8d,60501e26b0d97ecfa21bf93e4041a027e8ffc224850fc3e7d7c4d12436dea3eb
nc-nc_null_deploy-i4-ar-o1-ln-c1-fh-2ac7ca9faf99,nc-nc_null_deploy-i4-ar-o1-ln-c1-fh,2ac7ca9faf9955f64c6bb723e638b8d664faf708bdd1b5acef062eb07436e3da,d37ae83ff0f2a631e9c4c266a82e48d36060998b035ec42edf0d05d3e0a8a641
nc-nc_null_archive-i0-ar-o0-ll-c0-fe-28d6c4882c2f,nc-nc_null_archive-i0-ar-o0-ll-c0-fe,28d6c4882c2f4bf0a28426a99a0d6963d9557d8f4161469e8d2d48ae11494a77,ac7b6964d338ff94a58a88a8d3c9ea9d1b1275ab1ecd91f801fdd27d1caa0364
nc-nc_null_archive-i0-ar-o0-ll-c0-fh-b0f041e3771b,nc-nc_null_archive-i0-ar-o0-ll-c0-fh,b0f041e3771bc6aa0b924bc3f5cd8f0637853f97ce36cd24bf2d19bb245c8b9e,433eb239cac461da2d47880f3558021c17eeb455f4b6a2c0234e2e6e113790b8
nc-nc_null_archive-i0-ar-o0-ll-c1-fe-e7d5604557b5,nc-nc_null_archive-i0-ar-o0-ll-c1-fe,e7d5604557b522fc822f51505d44480384351d17a271095c6c9af3c4725a563d,31948a43d660dfe1bf920b4158b904928152cf40747aa754c00c65c002dfbd27
nc-nc_null_archive-i0-ar-o0-ll-c1-fh-5ff7b7646fe9,nc-nc_null_archive-i0-ar-o0-ll-c1-fh,5ff7b7646fe9919f7f525885ddaa6c589c25c1f54726441eee8f548bc9f32814,659feb3053bc863a5cad57254e51d06f61bd4d35978058b4a661bdb094f3472f
nc-nc_null_archive-i0-ar-o0-ln-c0-fe-7b24669d14b7,nc-nc_null_archive-i0-ar-o0-ln-c0-fe,7b24669d14b7701f96c06e641573e055dc8b2dcdafb9e8e28094515f8f7cee7e,e6cd416d6b5566a4739ba403a2e38c34e87c9fd961bd429ab5477f49d9c7b257
nc-nc_null_archive-i0-ar-o0-ln-c0-fh-cf762d2d5bed,nc-nc_null_archive-i0-ar-o0-ln-c0-fh,cf762d2d5bed300b2c92a821b6042070d8e80f673bdb665944f308f7e209bcf2,53c3e540f36fdf1d7b5e619c4561b5802515edaf546a6e088749740f91f37790
nc-nc_null_archive-i0-ar-o0-ln-c1-fe-876cf78cbf7b,nc-nc_null_archive-i0-ar-o0-ln-c1-fe,876cf78cbf7be7d1d7d3e88070e924510a64ead0a457594dd36a94bf34908349,54368d12f3a90772203b05d0f5cbab127ee300b879750609873f46143f230e97
nc-nc_null_archive-i0-ar-o0-ln-c1-fh-22b5d8dfb8f2,nc-nc_null_archive-i0-ar-o0-ln-c1-fh,22b5d8dfb8f202f682f19c786b627ed5b472d44752b5aa6eaa3285feb478539e,8503c20bc1cbcf76a302e46becccdb98c0d6c90de2713d9518b044a72c574c7f
nc-nc_null_archive-i0-ar-o1-ll-c0-fe-584020d80130,nc-nc_null_archive-i0-ar-o1-ll-c0-fe,584020d8013014b7450ec7c8f787f2774c8d6daf8b40650f03e63738a21c38c5,31948a43d660dfe1bf920b4158b904928152cf40747aa754c00c65c002dfbd27
nc-nc_null_archive-i0-ar-o1-ll-c0-fh-dd15c7533c8a,nc-nc_null_archive-i0-ar-o1-ll-c0-fh,dd15c7533c8a9094bcbba09de68b64952b13e1ca48b2a4d5aca222c6ace273e3,659feb3053bc863a5cad57254e51d06f61bd4d35978058b4a661bdb094f3472f
nc-nc_null_archive-i0-ar-o1-ll-c1-fe-987f9164b490,nc-nc_null_archive-i0-ar-o1-ll-c1-fe,987f9164b4902cd40cbbcecb40f20159a15a8db261df7869e55878592c54ce0a,ac7b6964d338ff94a58a88a8d3c9ea9d1b1275ab1ecd91f801fdd27d1caa0364
nc-nc_null_archive-i0-ar-o1-ll-c1-fh-fd3686d509b9,nc-nc_null_archive-i0-ar-o1-ll-c1-fh,fd3686d509b9b657722e05d7529ef01d9f686dc2bd698a94b0df1fb0b9ec3f2b,433eb239cac461da2d47880f3558021c17eeb455f4b6a2c0234e2e6e113790b8
nc-nc_null_archive-i0-ar-o1-ln-c0-fe-07d44a1e0ad3,nc-nc_null_archive-i0-ar-o1-ln-c0-fe,07d44a1e0ad3fc73efc0a2206f68d42ea570108896caaa9ba25f5c318e3428cd,54368d12f3a90772203b05d0f5cbab127ee300b879750609873f46143f230e97
nc-nc_null_archive-i0-ar-o1-ln-c0-fh-705655b9946e,nc-nc_null_archive-i0-ar-o1-ln-c0-fh,705655b9946e10342132bf36db4ea1fabe76d07fac9a60d65570127c00665a3a,8503c20bc1cbcf76a302e46becccdb98c0d6c90de2713d9518b044a72c574c7f
nc-nc_null_archive-i0-ar-o1-ln-c1-fe-ce65aed3e081,nc-nc_null_archive-i0-ar-o1-ln-c1-fe,ce65aed3e0813843a895e70313789151725bb5b852682400a1c644473c2d5ed8,e6cd416d6b5566a4739ba403a2e38c34e87c9fd961bd429ab5477f49d9c7b257
nc-nc_null_archive-i0-ar-o1-ln-c1-fh-33c11102bfac,nc-nc_null_archive-i0-ar-o1-ln-c1-fh,33c11102bfacddc8fbaeb500cf05870b316d2916df9742443f83566efb896a31,53c3e540f36fdf1d7b5e619c4561b5802515edaf546a6e088749740f91f37790
nc-nc_null_archive-i1-ar-o0-ll-c0-fe-28daefdaecd1,nc-nc_null_archive-i1-ar-o0-ll-c0-fe,28daefdaecd18edf87ed6c8717207c1ff5009bf027105264ddd5c44ef66bc00e,6ed9c5738a08c0dc41610a4bba31d614134503242bdd7a675c79d57baa318061
nc-nc_null_archive-i1-ar-o0-ll-c0-fh-324bdaebbb9c,nc-nc_null_archive-i1-ar-o0-ll-c0-fh,324bdaebbb9c1704274556220fec8de2212dcc7c187778c30f09c3d54abd4761,760b3c6a4bc2ae0436ed4055663ac0c51dce9dbed7824dc340eebe24f218682d
nc-nc_null_archive-i1-ar-o0-ll-c1-fe-07e8a0d211be,nc-nc_null_archive-i1-ar-o0-ll-c1-fe,07e8a0d211be8b9a8519a0ba239ab237970e72698c9ec20a2f8cabb88ee3fb40,232f4e4b3adb5e41fcc9e938e5fd3707b7c138a0e58c723ac7266ecc19b10d7e
nc-nc_null_archive-i1-ar-o0-ll-c1-fh-7e08c628023a,nc-nc_null_archive-i1-ar-o0-ll-c1-fh,7e08c628023a261a445edd1df24de4eb2288f3d69da7a0c7324221a713672307,803203dcd4e5502c8c56f711c94d987ca55a5e65ac3871def32d29f096075540
nc-nc_null_archive-i1-ar-o0-ln-c0-fe-092dc938717a,nc-nc_null_archive-i1-ar-o0-ln-c0-fe,092dc938717a0b77b1f5669096aee8fe994a352bf4e847c63bd2bd376a2a4183,91252bd23433090e6279778d4cfe60c5b012765b05e62e7571f6eaeba2159f88
nc-nc_null_archive-i1-ar-o0-ln-c0-fh-164e9c6360d2,nc-nc_null_archive-i1-ar-o0-ln-c0-fh,164e9c6360d2408265ff7f42e2ec1d4e7f2a815fcbb1ab808387b91064836f13,1bd2533952ee1671e7bad912e8068b9906d78a283d740750616ed6c05fc3ac28
nc-nc_null_archive-i1-ar-o0-ln-c1-fe-e906b5bc2e72,nc-nc_null_archive-i1-ar-o0-ln-c1-fe,e906b5bc2e72064080aa8f4cd25a5c902ba8cd840fc67fec5cf29dd1f8a9d6e2,549eecfbccacb2e27d96cdb60295627c32ccf9d6c37a1bc7f9a129886e739f2f
nc-nc_null_archive-i1-ar-o0-ln-c1-fh-4a12bf1cd62a,nc-nc_null_archive-i1-ar-o0-ln-c1-fh,4a12bf1cd62a57798704090d05fcbca89c5f8283b6c76064f320ca74dd0babf7,c561a48c8e9554a9c4b632374fd5ed8bab7413e7532d9c9f191b143820195ab4
nc-nc_null_archive-i1-ar-o1-ll-c0-fe-a225fa813ab4,nc-nc_null_archive-i1-ar-o1-ll-c0-fe,a225fa813ab4bed16038ee8d40e5e87708410e68c00735bfddff4f4b18468c8f,232f4e4b3adb5e41fcc9e938e5fd3707b7c138a0e58c723ac7266ecc19b10d7e
nc-nc_null_archive-i1-ar-o1-ll-c0-fh-5d45ebffdf85,nc-nc_null_archive-i1-ar-o1-ll-c0-fh,5d45ebffdf8516cc9792749f6679f9e8056c1d0bd62992e59206877985523e08,803203dcd4e5502c8c56f711c94d987ca55a5e65ac3871def32d29f096075540
nc-nc_null_archive-i1-ar-o1-ll-c1-fe-32fd1a3cd227,nc-nc_null_archive-i1-ar-o1-ll-c1-fe,32fd1a3cd227f9dc5433f7693ed8237a6056a851c8201d632cae05512ec62a80,6ed9c5738a08c0dc41610a4bba31d614134503242bdd7a675c79d57baa318061
nc-nc_null_archive-i1-ar-o1-ll-c1-fh-639025219536,nc-nc_null_archive-i1-ar-o1-ll-c1-fh,639025219536812e1b1d842f4e817a4d7ef280fdb0fc8dad7dd4a18ccdf85b6c,760b3c6a4bc2ae0436ed4055663ac0c51dce9dbed7824dc340eebe24f218682d
nc-nc_null_archive-i1-ar-o1-ln-c0-fe-ddc356a537e7,nc-nc_null_archive-i1-ar-o1-ln-c0-fe,ddc356a537e7f558b73a63656532742ac2005134f32d4d4d3a49765dbd776ea0,549eecfbccacb2e27d96cdb60295627c32ccf9d6c37a1bc7f9a129886e739f2f
nc-nc_null_archive-i1-ar-o1-ln-c0-fh-6896e2013b08,nc-nc_null_archive-i1-ar-o1-ln-c0-fh,6896e2013b08cdedf3f634a3e462be79ef441413036eb3555de2bb7834507396,c561a48c8e9554a9c4b632374fd5ed8bab7413e7532d9c9f191b143820195ab4
nc-nc_null_archive-i1-ar-o1-ln-c1-fe-9f6c058ec34b,nc-nc_null_archive-i1-ar-o1-ln-c1-fe,9f6c058ec34bf727de75cee8a4a27f56c5c52b8f64b7ff1d11ee6f8d452d994c,91252bd23433090e6279778d4cfe60c5b012765b05e62e7571f6eaeba2159f88
nc-nc_null_archive-i1-ar-o1-ln-c1-fh-921bb8ee79f3,nc-nc_null_archive-i1-ar-o1-ln-c1-fh,921bb8ee79f36ccb84d892bcce2662ccf233c2d36396d5bb128d598d796c1bbb,1bd2533952ee1671e7bad912e8068b9906d78a283d740750616ed6c05fc3ac28
nc-nc_null_archive-i2-ar-o0-ll-c0-fe-64966b7106c6,nc-nc_null_archive-i2-ar-o0-ll-c0-fe,64966b7106c6d104b3e1590b3022d48ab4916da140165091604bc35890af7aa1,ffb97bb71f00b25d77a858091e08f0c2cc04d5339a8e1782dd35578ad3292842
nc-nc_null_archive-i2-ar-o0-ll-c0-fh-653e37e26241,nc-nc_null_archive-i2-ar-o0-ll-c0-fh,653e37e26241d75282b3e23136056752de1fa0a761df251b0c2b46f8130e2f30,c2b3704a6a905846c9554baa6023a9dc648828848ca72e0ee4bda04c65cc12cd
nc-nc_null_archive-i2-ar-o0-ll-c1-fe-1acfd3d40ab0,nc-nc_null_archive-i2-ar-o0-ll-c1-fe,1acfd3d40ab0d7bdaab70692bea3ed4d1d9915bf6b145e02bf359170b8711ad4,e0e09dd8d9b65690918178160e176c525369a9b8db7af1d32019082437fc79f7
nc-nc_null_archive-i2-ar-o0-ll-c1-fh-6181a1e49b53,nc-nc_null_archive-i2-ar-o0-ll-c1-fh,6181a1e49b53223499805cc05bbe0e14cda9828f058ea7245547c39f8072d35e,eedba77fafed2c63266b80852c5db5a9ae4e15cf6289c1c94ae9a1e78968b2c2
nc-nc_null_archive-i2-ar-o0-ln-c0-fe-57771cdaba3d,nc-nc_null_archive-i2-ar-o0-ln-c0-fe,57771cdaba3d00e95eb3196a4addceb3fe903a97f4d961034b2c8490f48d7dd4,5d08fca0183e48bfc951fb7e9a9c4c9856e0dfedf8fbd55d66ed5fde4f32d15d
nc-nc_null_archive-i2-ar-o0-ln-c0-fh-2a613afc61c7,nc-nc_null_archive-i2-ar-o0-ln-c0-fh,2a613afc61c7e64f3abe26722425d1f7ab930f61e664235527b7111f5faad0e7,2c995aea29e44c26f2c029e97220d894c6aee1e93392b376d22f16ac38889afc
nc-nc_null_archive-i2-ar-o0-ln-c1-fe-209b2783d895,nc-nc_null_archive-i2-ar-o0-ln-c1-fe,209b2783d895a5f4f053cc9fc5cad03019f7a7b7400ada927a25703ce6f8f32b,9b153ff5c3917198bda2b8c2b3a600c1e9bef36292ba5d6e73d72603f699f004
nc-nc_null_archive-i2-ar-o0-ln-c1-fh-a1530664abe8,nc-nc_null_archive-i2-ar-o0-ln-c1-fh,a1530664abe8d707415943bacbd2e7d1b7037158e1c8def51de7ea8b5813033c,4f05d857fac2f92d5fdfd7d8fdfb6430ec1f6e0fb91cd994edde3f13c2b4dc07
nc-nc_null_archive-i2-ar-o1-ll-c0-fe-64c5fc7acfb2,nc-nc_null_archive-i2-ar-o1-ll-c0-fe,64c5fc7acfb20bc8aa2a97a85309ae1933caf47e50751361c8802994a7114a0e,e0e09dd8d9b65690918178160e176c525369a9b8db7af1d32019082437fc79f7
nc-nc_null_archive-i2-ar-o1-ll-c0-fh-42b9f8e38d16,nc-nc_null_archive-i2-ar-o1-ll-c0-fh,42b9f8e38d16b1d46e19a87b97f53f18647d8ea786e780d02af1844efc6a8dfa,eedba77fafed2c63266b80852c5db5a9ae4e15cf6289c1c94ae9a1e78968b2c2
nc-nc_null_archive-i2-ar-o1-ll-c1-fe-8c0cad041351,nc-nc_null_archive-i2-ar-o1-ll-c1-fe,8c0cad041351a16584c7a8e192e842a9c4a31a72298df32072bdfb674399a18c,ffb97bb71f00b25d77a858091e08f0c2cc04d5339a8e1782dd35578ad3292842
nc-nc_null_archive-i2-ar-o1-ll-c1-fh-9d389bea5f31,nc-nc_null_archive-i2-ar-o1-ll-c1-fh,9d389bea5f31442e4b339c23e0f6a206f2f2a662a096de01c1e3c17bdee7a165,c2b3704a6a905846c9554baa6023a9dc648828848ca72e0ee4bda04c65cc12cd
nc-nc_null_archive-i2-ar-o1-ln-c0-fe-7ade78418b01,nc-nc_null_archive-i2-ar-o1-ln-c0-fe,7ade78418b01c58e390b5c96499e8a8e6bbcb62bdc5161b78c607bea23bdd9ef,9b153ff5c3917198bda2b8c2b3a600c1e9bef36292ba5d6e73d72603f699f004
nc-nc_null_archive-i2-ar-o1-ln-c0-fh-c6e95a03516a,nc-nc_null_archive-i2-ar-o1-ln-c0-fh,c6e95a03516a8d44378abb46cd3a0a9ee3a34d02a344745b991306c20e5048a5,4f05d857fac2f92d5fdfd7d8fdfb6430ec1f6e0fb91cd994edde3f13c2b4dc07
nc-nc_null_archive-i2-ar-o1-ln-c1-fe-fbaa0fa88e95,nc-nc_null_archive-i2-ar-o1-ln-c1-fe,fbaa0fa88e95eb9a0e40d22dd9be85d0482790e76286f36fea304908a3d921bf,5d08fca0183e48bfc951fb7e9a9c4c9856e0dfedf8fbd55d66ed5fde4f32d15d
nc-nc_null_archive-i2-ar-o1-ln-c1-fh-9545f5ad4651,nc-nc_null_archive-i2-ar-o1-ln-c1-fh,9545f5ad4651cce67b7365d5d2dae4b1f703079a41a9570d00b2a0c37f05974f,2c995aea29e44c26f2c029e97220d894c6aee1e93392b376d22f16ac38889afc
nc-nc_null_archive-i3-ar-o0-ll-c0-fe-aa7b0a4d7b80,nc-nc_null_archive-i3-ar-o0-ll-c0-fe,aa7b0a4d7b80dd1a326e63212b74474fc531d69bc61f656cda72f9e37243dcf4,c6ea8f661ed07e6fee00753cd19b246e80bdbf205fc041522b42bb2754f47e23
nc-nc_null_archive-i3-ar-o0-ll-c0-fh-ec2538ffad0e,nc-nc_null_archive-i3-ar-o0-ll-c0-fh,ec2538ffad0ea820eef164c2f9ac5b65650c774206a9d7165251081849e7ed77,bec6883d4204db6dac3d59da72b16f33e0952f2a4e31eaf129e7dfe3e2a64945
nc-nc_null_archive-i3-ar-o0-ll-c1-fe-7e920d33d384,nc-nc_null_archive-i3-ar-o0-ll-c1-fe,7e920d33d3845b88b3131b8963486d812f3547d84376af6770734f26906536a5,c5784c86f3153146137f671919efebd573b4c58618f5ed4ffbb69f1861f56f4b
nc-nc_null_archive-i3-ar-o0-ll-c1-fh-40801ad65935,nc-nc_null_archive-i3-ar-o0-ll-c1-fh,40801ad65935bf746a080ad3e5e3c859a05edcc9e1471d1179c10856bb34bd69,518d74688a4275fcc9fc7add7f2d2c11961b150bdca1491510d4c5f56f9a2f4e
nc-nc_null_archive-i3-ar-o0-ln-c0-fe-6b03a4371d89,nc-nc_null_archive-i3-ar-o0-ln-c0-fe,6b03a4371d89ebebe6defb407369ffdd9b7b07db3f6e9f870a1ed9a11992d509,180c801946f19e8c358dbd37d616c448cb0b566c16dfa3f9de54923a4dcdd33c
nc-nc_null_archive-i3-ar-o0-ln-c0-fh-7c8419c28821,nc-nc_null_archive-i3-ar-o0-ln-c0-fh,7c8419c2882115395309d437c3c6e3aa9394211fc574616a82cb591650934dad,31052c28cce01dcf5ea080046a8bd24abd79947af1b6580c25cbd241a146b0e9
nc-nc_null_archive-i3-ar-o0-ln-c1-fe-78aac0677345,nc-nc_null_archive-i3-ar-o0-ln-c1-fe,78aac067734543899135543795f3a97328f5c7594af5a4ac6e38ae7055b785e3,ffe77de96a6ebba06885ed3200359fa1c3ff418f7f808ccd618e5adb7c794a26
nc-nc_null_archive-i3-ar-o0-ln-c1-fh-35a4dd5553aa,nc-nc_null_archive-i3-ar-o0-ln-c1-fh,35a4dd5553aa64d26ecd3d6f0cbc9d7b753c8088492127a21eab17f128ca0842,0bada3e843279c2154061d4196781f4841710b33ef67f246308b7fe6379524ab
nc-nc_null_archive-i3-ar-o1-ll-c0-fe-ab058a6a2caf,nc-nc_null_archive-i3-ar-o1-ll-c0-fe,ab058a6a2cafc7201e6078d1ff273f42c5ccea6f931f9f91ab26da871f6ea8fd,c5784c86f3153146137f671919efebd573b4c58618f5ed4ffbb69f1861f56f4b
nc-nc_null_archive-i3-ar-o1-ll-c0-fh-088eaf108632,nc-nc_null_archive-i3-ar-o1-ll-c0-fh,088eaf108632aa0d4e57b2df2b1ce4bf888f628161d5a2c50163b40a9277f1b2,518d74688a4275fcc9fc7add7f2d2c11961b150bdca1491510d4c5f56f9a2f4e
nc-nc_null_archive-i3-ar-o1-ll-c1-fe-d189dad3420d,nc-nc_null_archive-i3-ar-o1-ll-c1-fe,d189dad3420d6d8e1cde2e084a481021de332ab3cf98cb2b1fe37edd881d5bda,c6ea8f661ed07e6fee00753cd19b246e80bdbf205fc041522b42bb2754f47e23
nc-nc_null_archive-i3-ar-o1-ll-c1-fh-e1631d8346cb,nc-nc_null_archive-i3-ar-o1-ll-c1-fh,e1631d8346cb908cefa3928ff5ed248af77ab44d7688a8016abadce1e9270abe,bec6883d4204db6dac3d59da72b16f33e0952f2a4e31eaf129e7dfe3e2a64945
nc-nc_null_archive-i3-ar-o1-ln-c0-fe-13335ac114d6,nc-nc_null_archive-i3-ar-o1-ln-c0-fe,13335ac114d674b9675c18e3a6d79db5bad95ebd92d10f1e7c68e2f60bb0e817,ffe77de96a6ebba06885ed3200359fa1c3ff418f7f808ccd618e5adb7c794a26
nc-nc_null_archive-i3-ar-o1-ln-c0-fh-2ab0e791f265,nc-nc_null_archive-i3-ar-o1-ln-c0-fh,2ab0e791f26535fbfb9a1cf9bbddee963ac2c8d78bab73e7e997fd674aa6082b,0bada3e843279c2154061d4196781f4841710b33ef67f246308b7fe6379524ab
nc-nc_null_archive-i3-ar-o1-ln-c1-fe-332ce91cdf53,nc-nc_null_archive-i3-ar-o1-ln-c1-fe,332ce91cdf53394f28b3f1241a82ed516c3d833cf6959997f8437d770f59da3f,180c801946f19e8c358dbd37d616c448cb0b566c16dfa3f9de54923a4dcdd33c
nc-nc_null_archive-i3-ar-o1-ln-c1-fh-0976e15266dd,nc-nc_null_archive-i3-ar-o1-ln-c1-fh,0976e15266ddea870609f213f14d52eedd07b5338d29971e85362cf81fa54dc2,31052c28cce01dcf5ea080046a8bd24abd79947af1b6580c25cbd241a146b0e9
nc-nc_null_archive-i4-ar-o0-ll-c0-fe-ed648a1ec9b2,nc-nc_null_archive-i4-ar-o0-ll-c0-fe,ed648a1ec9b2ddfdd08d74af17ff5bd9ddb5fe1fc94d35608977232c57e07cda,eb8aca546e9d3db10a6c7a530faf1a6af5df7e8d5b7c0bbfad1967c6294468ba
nc-nc_null_archive-i4-ar-o0-ll-c0-fh-ea2bae9ad4e4,nc-nc_null_archive-i4-ar-o0-ll-c0-fh,ea2bae9ad4e43636ea9120ae3bfe5eec2f3c2bfb41db4c2ec4c4b3af6b2bc568,05b48071f963ce93df769b6ab00cc8e05dff9781ab6d9d4b88b1d04b40b3d06c
nc-nc_null_archive-i4-ar-o0-ll-c1-fe-95db7d81b680,nc-nc_null_archive-i4-ar-o0-ll-c1-fe,95db7d81b68007605d3853524a9fb67cee545accb6767b793b0fcd3872e3545a,f3ce93e8d510a03c5cdd229cc0543d263369ec38c69cf86dbb1c32bcb6ff3ade
nc-nc_null_archive-i4-ar-o0-ll-c1-fh-928828ceeac4,nc-nc_null_archive-i4-ar-o0-ll-c1-fh,928828ceeac470a1e4f079add0813f3be10227bf7c9c140dc31a47316dfebb65,cdaf329157d81b01cbddea39825b5f8f5d6598ff3a411246a7f9b9db0b1f42b7
nc-nc_null_archive-i4-ar-o0-ln-c0-fe-03891afa51fa,nc-nc_null_archive-i4-ar-o0-ln-c0-fe,03891afa51fa4f81339fd5d97d0537f3525f4802200099885f5949bc345c5138,b6dd65ec7d64dbdc55e72267d673a9216fc183f66afae0f04ee29af04e3d7ec0
nc-nc_null_archive-i4-ar-o0-ln-c0-fh-fef27ea44fcd,nc-nc_null_archive-i4-ar-o0-ln-c0-fh,fef27ea44fcd698fbda06cde9e5ad8e988e71f33b58cf8baf18611f0be18f9fe,9fc5799b7c154026b453ae7e76c89590370bea7ffddd8e570d16aff017471296
nc-nc_null_archive-i4-ar-o0-ln-c1-fe-892b002e7611,nc-nc_null_archive-i4-ar-o0-ln-c1-fe,892b002e76114488c913120a84d7ddc4ce2769a588409ad4ee488ad2e1f2a4f3,210e0c59d84f6ab83c067f5ecd88073ff82ec02ee9ed3368025d71449acb515e
nc-nc_null_archive-i4-ar-o0-ln-c1-fh-656523f2710c,nc-nc_null_archive-i4-ar-o0-ln-c1-fh,656523f2710ccf64d762cdbccce1d2f62cb01921e5444429803a3fa6a110ed09,da7a71f5336e854afb9c91d1e5100dfeae168f732ff439807b3df0a4f49426f8
nc-nc_null_archive-i4-ar-o1-ll-c0-fe-450bc7d42e1c,nc-nc_null_archive-i4-ar-o1-ll-c0-fe,450bc7d42e1cad0cd4dd985ca0434c00fdeff9781c6ac060479823d017aa3954,f3ce93e8d510a03c5cdd229cc0543d263369ec38c69cf86dbb1c32bcb6ff3ade
nc-nc_null_archive-i4-ar-o1-ll-c0-fh-4c6e04660a6e,nc-nc_null_archive-i4-ar-o1-ll-c0-fh,4c6e04660a6e5f575f66a46923e2f479a0857333d5b323a3e8bb40da196b20ee,cdaf329157d81b01cbddea39825b5f8f5d6598ff3a411246a7f9b9db0b1f42b7
nc-nc_null_archive-i4-ar-o1-ll-c1-fe-dc7d1f79616c,nc-nc_null_archive-i4-ar-o1-ll-c1-fe,dc7d1f79616c7fe6080e68f61a87a9bc907db8e84b0046d031e56ad596863534,eb8aca546e9d3db10a6c7a530faf1a6af5df7e8d5b7c0bbfad1967c6294468ba
nc-nc_null_archive-i4-ar-o1-ll-c1-fh-ab34a665bae5,nc-nc_null_archive-i4-ar-o1-ll-c1-fh,ab34a665bae599d90deadbc9080d26b1adf1ec50048a0dfc55229a85cd9350e4,05b48071f963ce93df769b6ab00cc8e05dff9781ab6d9d4b88b1d04b40b3d06c
nc-nc_null_archive-i4-ar-o1-ln-c0-fe-a9e8d28c4d5c,nc-nc_null_archive-i4-ar-o1-ln-c0-fe,a9e8d28c4d5c9f2d5d0152721d65ab802f66ccf54662390e4b91df7c9adfe65e,210e0c59d84f6ab83c067f5ecd88073ff82ec02ee9ed3368025d71449acb515e
nc-nc_null_archive-i4-ar-o1-ln-c0-fh-48f5222d3f75,nc-nc_null_archive-i4-ar-o1-ln-c0-fh,48f5222d3f75698a21ba5b6c95615a8f93d6476b3b41e736b1271e4f88bbbff5,da7a71f5336e854afb9c91d1e5100dfeae168f732ff439807b3df0a4f49426f8
nc-nc_null_archive-i4-ar-o1-ln-c1-fe-f6a937242f8a,nc-nc_null_archive-i4-ar-o1-ln-c1-fe,f6a937242f8a836d69faffc810d567af43c539559b5b8e610249e424e6e76208,b6dd65ec7d64dbdc55e72267d673a9216fc183f66afae0f04ee29af04e3d7ec0
nc-nc_null_archive-i4-ar-o1-ln-c1-fh-79df76addaba,nc-nc_null_archive-i4-ar-o1-ln-c1-fh,79df76addabab6dbff05c7e13b6f2ea160d1555b14b836656818575e10df618f,9fc5799b7c154026b453ae7e76c89590370bea7ffddd8e570d16aff017471296
